appid;name;developer;publisher;release_date;price;is_free;owners_lower_bound;ccu;rating_porcentaje;positive;negative;hub_followers;total_achievements;total_dlcs;supported_languages;controller_support;platform_windows;platform_mac;platform_linux;min_ram_gb;dev_game_count;dev_experience;short_desc_len;genre_action;genre_adventure;genre_casual;genre_free_to_play;genre_indie;genre_massively_multiplayer;genre_rpg;genre_racing;genre_simulation;genre_sports;genre_strategy;genre_violent;genre_gore;genre_early_access;cat_single_player;cat_multi_player;cat_co_op;cat_online_co_op;cat_local_co_op;cat_full_controller_support;cat_partial_controller_support;cat_steam_achievements;cat_steam_cloud;cat_steam_workshop;cat_in_app_purchases;cat_steam_trading_cards;cat_remote_play_together;cat_shared_split_screen_co_op;tag_pixel_art;tag_first_person;tag_open_world;tag_crafting;tag_permadeath;tag_story_rich;tag_roguelike;tag_roguelite;tag_survival;tag_horror;tag_rpg;tag_action_rpg;tag_turn_based;tag_strategy;tag_tower_defense;tag_platformer;tag_metroidvania;tag_soulslike;tag_co_op;tag_multiplayer;tag_local_co_op;tag_pvp;tag_battle_royale;tag_sandbox;tag_simulation;tag_management;tag_city_builder;tag_sports;tag_racing;tag_puzzle;tag_point_&_click;tag_visual_novel;tag_anime;tag_2d;tag_3d;tag_realistic;tag_low_poly;tag_cartoon;tag_dark;tag_atmospheric;tag_relaxing;tag_difficult;tag_casual;tag_indie;tag_early_access;tag_free_to_play;tag_vr;tag_moba;tag_fps;tag_stealth;ts_total_reviews;ts_positive;ts_negative;ts_steam_purchase;ts_early_access;ts_months_active;ts_avg_playtime_hrs;ts_positive_ratio;label
730;Counter-Strike 2;Valve;Valve;21 Aug, 2012;0.0;1;100000000;1013936;86.69;7642084;1173003;0;1;1;29;none;1;0;1;8.0;27;AAA;224;1;0;0;0;0;0;0;0;0;0;0;0;0;0;0;1;0;0;0;0;0;0;0;1;1;1;0;0;0;1;0;0;0;0;0;0;0;0;0;0;0;1;0;0;0;0;1;1;0;1;0;0;0;0;0;0;0;0;0;0;0;0;0;1;0;0;0;0;0;1;0;0;0;0;0;0;1;0;1000;828;172;1000;0;1;443.46;0.828;1
1172470;Apex Legends™;Respawn;Electronic Arts;4 Nov, 2020;0.0;1;100000000;124262;67.14;668053;326926;0;12;0;14;full;1;0;0;6.0;2;Novato;284;1;1;0;0;0;0;0;0;0;0;0;0;0;0;0;1;1;1;0;1;0;1;0;0;1;1;0;0;0;1;0;0;0;0;0;0;1;0;0;0;0;0;0;0;0;0;1;1;0;1;1;0;0;0;0;0;0;0;0;0;0;0;0;0;0;0;0;0;0;0;0;0;0;1;0;0;1;0;1000;593;407;1000;0;1;374.08;0.593;1
578080;PUBG: BATTLEGROUNDS;PUBG Corporation;KRAFTON, Inc.;21 Dec, 2017;0.0;1;100000000;314682;59.44;1520457;1037487;0;37;0;17;none;1;0;0;8.0;1;Novato;248;1;1;0;0;0;1;0;0;0;0;0;0;0;0;0;1;0;0;0;0;0;0;0;0;0;0;0;0;0;1;0;0;0;0;0;0;1;0;0;0;0;1;0;0;0;0;1;1;0;1;1;0;1;0;0;0;0;0;0;0;0;0;0;0;0;0;0;0;0;1;0;0;1;0;0;0;1;1;1000;703;297;1000;0;1;377.48;0.703;1
1623730;Palworld;Pocketpair;Pocketpair;18 Jan, 2024;28.99;0;50000000;18028;94.1;358266;22443;0;57;1;17;full;1;0;0;16.0;2;Novato;157;1;1;0;0;1;0;1;0;0;0;0;0;0;1;1;1;1;1;0;1;0;1;1;1;0;1;0;0;0;0;1;1;0;0;0;0;1;0;1;0;0;0;0;0;0;0;1;1;0;0;0;1;0;0;0;0;0;0;0;0;1;0;0;0;0;0;0;0;0;0;0;0;1;0;0;0;0;0;1000;942;58;811;1000;1;131.98;0.942;1
440;Team Fortress 2;Valve;Valve;10 Oct, 2007;0.0;1;50000000;43819;89.91;1044264;117208;0;520;1;27;none;1;0;1;0.5;27;AAA;169;1;0;0;0;0;0;0;0;0;0;0;0;0;0;0;1;0;0;0;0;1;1;0;1;1;1;0;0;0;1;0;1;0;0;0;0;0;0;0;0;0;0;0;0;0;0;1;1;0;0;0;0;0;0;0;0;0;0;0;0;0;0;0;0;0;1;0;0;0;0;0;0;0;1;0;0;1;0;1000;903;97;1000;0;1;202.3;0.903;1
1938090;Call of Duty®;Treyarch, Raven Software, Beenox, High Moon Studios, Sledgehammer Games, Infinity Ward, Activision Shanghai, Demonware;Activision;27 Oct, 2022;0.0;0;50000000;67419;58.76;419594;294520;0;157;46;14;none;1;0;0;8.0;1;Novato;122;1;0;0;0;0;0;0;0;0;0;0;0;0;0;1;1;1;1;0;0;1;1;0;0;1;0;0;0;0;1;0;0;0;1;0;0;0;0;0;0;0;0;0;0;0;0;1;1;0;0;0;0;0;0;0;0;0;0;0;0;0;0;0;1;0;0;0;1;0;0;0;0;0;0;0;0;1;0;999;601;398;383;0;1;179.3;0.602;1
1063730;New World: Aeternum;Amazon Game Studios;Amazon Game Studios;28 Sep, 2021;0.0;0;50000000;5583;68.6;196798;90080;0;133;0;8;none;1;0;0;8.0;1;Novato;148;1;1;0;0;0;1;1;0;0;0;0;0;0;0;0;1;1;1;0;0;1;1;0;0;1;0;0;0;0;0;1;1;0;0;0;0;0;0;1;0;0;0;0;0;0;0;1;1;0;1;0;1;0;0;0;0;0;0;0;0;0;0;0;0;0;0;0;0;0;0;0;0;0;0;0;0;0;0;1000;340;660;823;0;5;549.88;0.34;1
2358720;Black Myth: Wukong;Game Science;Game Science;19 Aug, 2024;59.99;0;50000000;15004;96.66;1111720;38378;0;81;2;15;full;1;0;0;16.0;2;Novato;235;1;1;0;0;0;0;1;0;0;0;0;0;0;0;1;0;0;0;0;1;0;1;1;0;0;1;0;0;0;0;0;0;0;1;0;0;0;0;1;1;0;0;0;0;0;0;0;0;0;0;0;0;0;0;0;0;0;0;0;0;0;0;1;0;0;0;0;1;0;1;0;0;0;0;0;0;0;0;999;917;82;683;0;1;74.71;0.918;1
271590;Grand Theft Auto V Legacy;Rockstar North;Rockstar Games;13 Apr, 2015;0.0;0;50000000;67851;87.41;1739980;250576;0;77;0;13;full;1;0;0;4.0;2;Novato;235;1;1;0;0;0;0;0;0;0;0;0;0;0;0;1;1;1;1;0;1;0;1;0;0;0;0;0;0;0;1;1;0;0;0;0;0;0;0;0;0;0;0;0;0;0;0;1;1;0;0;0;1;0;0;0;0;1;0;0;0;0;0;0;0;0;0;0;1;0;0;0;0;0;0;0;0;0;0;1000;934;66;853;0;1;292.31;0.934;1
550;Left 4 Dead 2;Valve;Valve;16 Nov, 2009;9.75;0;50000000;25122;97.54;940221;23762;0;101;1;28;full;1;0;1;2.0;27;AAA;229;1;0;0;0;0;0;0;0;0;0;0;0;0;0;1;1;1;1;0;1;0;1;1;1;0;1;1;0;0;1;0;0;0;0;0;0;1;1;0;0;0;0;0;0;0;0;1;1;1;0;0;0;0;0;0;0;0;0;0;0;0;0;0;0;0;0;0;0;0;0;0;0;0;0;0;0;1;0;1000;968;32;849;0;1;132.38;0.968;1
304930;Unturned;Smartly Dressed Games;Smartly Dressed Games;7 Jul, 2017;0.0;1;50000000;10408;91.2;506516;48852;0;95;1;1;none;1;1;1;8.0;1;Novato;138;1;1;1;0;1;0;0;0;0;0;0;0;0;0;1;1;1;1;0;0;0;1;1;1;1;1;0;0;0;1;1;1;0;0;0;0;1;0;0;0;0;0;0;0;0;0;1;1;0;0;0;1;0;0;0;0;0;0;0;0;0;0;0;0;0;0;0;1;0;0;1;1;0;1;0;0;1;0;1000;844;156;1000;0;1;243.86;0.844;1
1599340;Lost Ark;Smilegate RPG;Amazon Game Studios;11 Feb, 2022;0.0;1;50000000;17355;71.02;143481;58540;0;156;7;2;none;1;0;0;16.0;1;Novato;192;1;1;0;0;0;1;1;0;0;0;0;0;0;0;1;1;1;1;0;0;1;1;0;0;1;0;0;0;0;0;0;0;0;0;0;0;0;0;1;1;0;0;0;0;0;0;0;1;0;1;0;0;0;0;0;0;0;0;0;0;0;0;0;0;0;0;0;0;0;0;0;0;0;1;0;0;0;0;1000;401;599;1000;0;6;1103.8;0.401;1
236390;War Thunder;Gaijin Entertainment;Gaijin Network Ltd;15 Aug, 2013;0.0;1;20000000;50478;63.99;484469;272617;0;91;37;18;full;1;1;1;4.0;1;Novato;287;1;0;0;0;0;1;0;0;1;0;0;0;0;0;1;1;1;1;0;1;0;1;0;0;1;1;0;0;0;0;0;0;0;0;0;0;0;0;0;0;0;0;0;0;0;0;0;1;0;0;0;0;1;0;0;0;0;0;0;0;0;0;0;1;0;0;0;0;0;0;0;0;0;1;1;0;0;0;1000;721;279;1000;0;1;314.85;0.721;1
2246340;Monster Hunter Wilds;CAPCOM Co., Ltd.;CAPCOM Co., Ltd.;27 Feb, 2025;52.49;0;20000000;12494;58.27;127273;91142;0;50;191;15;full;1;0;0;16.0;18;AAA;228;1;1;0;0;0;0;1;0;0;0;0;0;0;0;1;1;1;1;0;1;0;1;1;0;0;1;0;0;0;0;1;0;0;0;0;0;0;0;1;1;0;0;0;0;0;0;1;1;0;0;0;0;0;0;0;0;0;0;0;0;0;0;0;0;0;0;0;1;0;0;0;0;0;0;0;0;0;0;999;586;413;530;0;1;131.58;0.587;1
553850;HELLDIVERS™ 2;Arrowhead Game Studios;PlayStation Publishing LLC;8 Feb, 2024;39.99;0;20000000;53399;76.24;775883;241752;0;38;1;14;none;1;0;0;8.0;3;Establecido;170;1;0;0;0;0;0;0;0;0;0;0;0;0;0;0;1;1;1;0;0;1;1;0;0;1;0;0;0;0;0;1;0;0;0;0;0;0;0;0;0;0;0;0;0;0;0;1;1;0;0;0;0;0;0;0;0;0;0;0;0;0;0;0;0;0;0;0;0;0;1;0;0;0;0;0;0;0;0;1000;596;404;666;0;1;220.62;0.596;1
230410;Warframe;Digital Extremes;Digital Extremes;25 Mar, 2013;0.0;1;20000000;36195;87.05;545393;81110;0;193;18;15;full;1;0;0;4.0;2;Novato;119;1;0;0;0;0;0;1;0;0;0;0;0;0;0;1;1;1;1;0;1;0;1;0;1;1;1;0;0;0;0;0;0;0;0;0;0;0;0;1;1;0;0;0;0;0;0;1;0;0;0;0;0;0;0;0;0;0;0;0;0;0;0;0;0;0;0;0;0;0;0;0;0;0;1;0;0;0;0;1000;899;101;1000;0;1;517.19;0.899;1
1245620;ELDEN RING;FromSoftware, Inc.;FromSoftware, Inc., Bandai Namco Entertainment;24 Feb, 2022;200.0;0;20000000;29529;92.89;981540;75137;0;42;2;15;full;1;0;0;12.0;6;Establecido;171;1;0;0;0;0;0;1;0;0;0;0;0;0;0;1;1;1;1;0;1;0;1;1;0;0;1;0;0;0;0;1;0;0;0;0;0;0;0;1;1;0;0;0;0;0;0;1;1;0;1;0;0;0;0;0;0;0;0;0;0;0;0;1;0;0;0;0;1;0;1;0;0;0;0;0;0;0;0;1000;916;84;651;0;1;147.28;0.916;1
105600;Terraria;Re-Logic;Re-Logic;16 May, 2011;45.99;0;20000000;24580;97.48;1373979;35494;0;137;2;9;full;1;1;1;0.0;1;Novato;113;1;1;0;0;1;0;1;0;0;0;0;0;0;0;1;1;1;1;0;1;0;1;1;0;0;1;0;0;0;0;1;1;0;0;0;0;1;0;1;0;0;0;0;1;0;0;1;1;0;0;0;1;0;0;0;0;0;0;0;0;0;1;0;0;0;0;0;1;0;0;0;1;0;0;0;0;0;0;1000;951;49;790;0;1;194.15;0.951;1
2694490;Path of Exile 2;Grinding Gear Games;Grinding Gear Games;6 Dec, 2024;29.99;0;20000000;16727;70.12;118511;50510;0;0;9;9;full;1;0;0;8.0;2;Novato;253;1;1;0;0;0;1;1;0;0;0;0;0;0;1;1;1;1;1;0;1;0;0;0;0;0;0;0;0;0;0;0;1;0;0;0;0;0;1;1;1;0;0;0;0;0;0;0;1;0;0;0;0;0;0;0;0;0;0;0;0;0;0;0;0;0;0;1;0;0;0;0;0;1;1;0;0;0;0;1000;819;181;751;1000;1;322.33;0.819;1
431960;Wallpaper Engine;Wallpaper Engine Team;Wallpaper Engine Team;16 Nov, 2018;2.99;0;20000000;91184;98.04;876898;17560;0;17;1;23;none;1;0;0;1.0;1;Novato;158;0;0;1;0;1;0;0;0;0;0;0;0;0;0;0;0;0;0;0;0;0;1;0;1;0;1;0;0;0;1;0;0;0;0;0;0;0;1;0;0;0;0;0;0;0;0;0;0;0;0;0;1;0;0;0;0;0;0;0;0;1;0;0;0;0;0;0;0;0;0;0;1;1;0;0;0;0;0;1000;977;23;945;0;1;80.18;0.977;1
1086940;Baldur's Gate 3;Larian Studios;Larian Studios;3 Aug, 2023;186.75;0;20000000;54771;96.85;736688;23974;0;54;2;15;full;1;1;0;8.0;3;Establecido;211;0;1;0;0;0;0;1;0;0;0;1;0;0;0;1;1;1;1;0;1;0;1;1;0;0;1;1;0;0;0;0;0;0;1;0;0;0;0;1;0;0;1;0;0;0;0;0;1;0;0;0;0;0;0;0;0;0;0;0;0;0;0;0;0;0;0;0;0;0;0;0;0;0;0;0;0;0;0;1000;943;57;857;0;1;197.64;0.943;1
291550;Brawlhalla;Blue Mammoth Games;Ubisoft;17 Oct, 2017;0.0;1;20000000;14169;81.46;314809;71647;0;65;5;13;none;1;1;0;2.0;1;Novato;303;1;0;0;0;1;0;0;0;0;0;0;0;0;0;1;1;1;1;0;0;1;1;0;0;0;1;1;1;0;0;0;0;0;0;0;0;0;0;0;0;0;0;0;1;0;0;1;1;1;0;0;0;0;0;0;0;0;0;0;0;0;0;0;0;0;0;0;0;0;0;1;1;0;1;0;0;0;0;1000;573;427;1000;0;1;240.22;0.573;1
4000;Garry's Mod;Facepunch Studios;Valve;29 Nov, 2006;5.79;0;20000000;18400;96.8;1122546;37161;0;29;0;31;none;1;1;1;4.0;2;Novato;121;0;0;1;0;1;0;0;0;1;0;0;0;0;0;1;1;1;1;0;0;0;1;1;1;0;1;0;0;0;1;0;0;0;0;0;0;0;0;0;0;0;0;0;0;0;0;1;1;0;1;0;1;1;0;0;0;0;0;0;0;0;0;0;1;0;0;0;0;0;0;1;1;0;0;0;0;1;0;1000;971;29;890;0;1;180.89;0.971;1
1085660;Destiny 2;Bungie;Bungie;1 Oct, 2019;0.0;1;20000000;24619;79.58;497891;127725;0;23;16;13;none;1;0;0;6.0;1;Novato;126;1;1;0;0;0;0;0;0;0;0;0;0;0;0;1;1;1;1;0;0;1;1;0;0;1;0;0;0;0;1;1;0;0;0;0;0;0;0;0;0;0;0;0;0;0;0;1;1;0;1;0;0;0;0;0;0;0;0;0;0;0;0;0;0;0;0;0;1;0;0;0;0;0;1;0;0;1;0;1000;780;220;1000;0;1;1558.68;0.78;1
359550;Tom Clancy's Rainbow Six Siege;Ubisoft Montreal;Ubisoft;1 Dec, 2015;0.0;1;20000000;51847;83.86;1172854;225730;0;48;9;16;full;1;0;0;8.0;7;Establecido;207;1;0;0;0;0;0;0;0;0;0;0;0;0;0;1;1;1;1;0;1;0;0;0;0;1;1;0;0;0;1;0;0;0;0;0;0;0;0;0;0;0;1;0;0;0;0;1;1;0;1;0;0;0;0;0;0;0;0;0;0;0;0;1;1;0;0;0;0;0;1;0;0;0;0;0;0;1;0;1000;741;259;1000;0;1;241.51;0.741;1
252490;Rust;Facepunch Studios;Facepunch Studios;8 Feb, 2018;59.99;0;20000000;143870;87.24;1071135;156649;0;102;5;25;none;1;1;0;12.0;2;Novato;189;1;1;0;0;1;1;1;0;0;0;0;0;0;0;0;1;1;1;0;0;0;1;0;1;1;1;0;0;0;1;1;1;0;0;0;0;1;0;0;0;0;0;0;0;0;0;1;1;0;1;0;1;1;0;0;0;0;0;0;0;0;0;0;0;0;0;0;0;0;0;0;1;1;0;0;0;1;0;1000;820;180;843;0;1;559.52;0.82;1
552990;World of Warships;Wargaming Group Limited;Wargaming Group Limited;15 Nov, 2017;0.0;1;20000000;8518;77.03;112887;33665;0;43;25;18;none;1;0;0;6.0;2;Novato;286;1;0;0;0;0;1;0;0;1;0;1;0;0;0;0;1;1;1;0;0;0;1;1;0;1;1;0;0;0;0;0;0;0;0;0;0;0;0;0;0;0;0;0;0;0;0;1;1;0;1;0;0;1;0;0;0;0;0;0;0;0;0;0;1;0;0;0;0;0;0;0;0;0;1;0;0;0;0;1000;613;387;1000;0;2;315.6;0.613;1
346110;ARK: Survival Evolved;Studio Wildcard, Instinct Games, Efecto Studios, Virtual Basement LLC;Studio Wildcard, Snail Games USA;27 Aug, 2017;67.99;0;20000000;22170;83.84;612177;117993;0;32;18;21;full;1;1;0;8.0;2;Novato;211;1;1;0;0;1;1;1;0;0;0;0;0;0;0;1;1;1;0;0;1;0;1;1;1;0;0;0;0;0;1;1;1;0;0;0;0;1;0;1;0;0;0;0;0;0;0;1;1;0;0;0;1;0;0;0;0;0;0;0;0;0;0;0;0;0;0;0;0;0;0;0;1;1;0;0;0;0;0;1000;820;180;770;0;1;249.33;0.82;1
413150;Stardew Valley;ConcernedApe;ConcernedApe;26 Feb, 2016;4.99;0;20000000;50662;98.44;872384;13811;0;49;1;12;full;1;1;1;2.0;1;Novato;240;0;0;0;0;1;0;1;0;1;0;0;0;0;0;1;1;1;1;0;1;0;1;1;0;0;1;1;1;0;0;1;1;0;0;0;0;0;0;1;0;0;0;0;0;0;0;0;1;0;0;0;1;1;0;0;0;0;0;0;0;0;1;0;0;0;0;0;0;1;0;1;1;0;0;0;0;0;0;1000;984;16;915;0;1;83.94;0.984;1
242760;The Forest;Endnight Games Ltd;Endnight Games Ltd;30 Apr, 2018;10.49;0;20000000;2892;95.54;599805;27986;0;45;0;16;none;1;0;0;4.0;2;Novato;237;1;1;0;0;1;0;0;0;1;0;0;0;0;0;1;1;1;1;0;0;1;0;1;0;0;0;0;0;0;1;1;1;0;0;0;0;1;1;0;0;0;0;0;0;0;0;0;0;0;0;0;1;1;0;0;0;0;0;0;0;0;0;0;1;0;0;0;1;0;0;0;1;1;0;0;0;0;0;1000;955;45;844;0;1;31.04;0.955;1
1491000;War Robots: Frontiers;MY.GAMES;MY.GAMES;4 Mar, 2025;0.0;1;20000000;256;64.15;1977;1105;0;33;4;12;full;1;0;0;8.0;3;Establecido;212;1;0;0;0;0;0;0;0;1;0;0;0;0;0;0;1;0;0;0;1;0;1;0;0;1;0;0;0;0;0;0;0;0;0;0;0;0;0;0;0;0;0;0;0;0;0;0;1;0;1;0;0;1;0;0;0;0;0;0;0;0;0;1;0;0;0;0;0;0;0;0;0;0;1;0;0;0;0;1000;651;349;1000;0;10;92.59;0.651;1
238960;Path of Exile;Grinding Gear Games;Grinding Gear Games;23 Oct, 2013;0.0;1;20000000;4694;89.25;209822;25269;0;127;6;9;full;1;1;0;8.0;2;Novato;300;1;1;0;0;1;1;1;0;0;0;0;0;0;0;1;1;1;1;0;1;0;1;0;0;1;1;0;0;0;0;0;0;0;0;0;0;0;1;1;1;0;0;0;0;0;0;0;1;0;1;0;0;0;0;0;0;0;0;0;0;0;0;0;0;0;0;0;0;0;0;0;0;0;1;0;0;0;0;1000;878;122;1000;0;2;855.54;0.878;1
218620;PAYDAY 2;OVERKILL - a Starbreeze Studio.;Starbreeze Entertainment;13 Aug, 2013;29.99;0;20000000;27254;89.63;594327;68755;0;1328;81;12;full;1;0;1;4.0;2;Novato;219;1;0;0;0;0;0;1;0;0;0;0;0;0;0;1;1;1;1;0;1;0;1;1;0;1;1;0;0;0;1;0;0;0;0;0;0;0;0;0;0;0;1;0;0;0;0;1;1;0;0;0;0;1;0;0;0;0;0;0;0;0;0;0;0;0;0;0;0;0;0;0;0;0;0;0;0;1;1;1000;899;101;775;0;1;100.61;0.899;1
291480;Warface: Clutch;MY.GAMES;MY.GAMES;1 Jul, 2014;0.0;0;20000000;270;66.37;54554;27643;0;67;0;10;none;1;0;0;4.0;3;Establecido;247;1;0;0;0;0;1;0;0;0;0;0;0;0;0;0;1;1;1;0;0;0;1;0;0;1;1;0;0;0;1;0;0;0;0;0;0;0;0;0;0;0;0;0;0;0;0;1;1;0;1;0;0;0;0;0;0;0;0;0;0;0;0;0;1;0;0;0;0;0;0;0;0;0;1;0;0;1;0;1000;467;533;1000;0;16;362.18;0.467;1
901583;Grand Theft Auto IV: Complete Edition;Rockstar North, Rockstar Toronto;Rockstar Games;;0.0;0;20000000;0;82.48;144570;30702;0;55;0;5;none;1;0;0;0.0;2;Novato;337;1;1;0;0;0;0;0;0;0;0;0;0;0;0;1;1;0;0;0;0;1;0;0;0;0;0;0;0;0;0;1;0;0;0;0;0;0;0;0;0;0;0;0;0;0;0;1;1;0;0;0;1;0;0;0;0;0;0;0;0;0;0;0;0;0;0;0;1;0;0;0;0;0;0;0;0;0;0;1000;869;131;944;0;1;41.58;0.869;1
899770;Last Epoch;Eleventh Hour Games;Eleventh Hour Games;21 Feb, 2024;18.0;0;20000000;5831;79.57;88027;22596;0;0;8;10;full;1;0;0;8.0;1;Novato;292;1;1;0;0;1;0;1;0;0;0;0;0;0;0;1;1;1;1;0;1;0;0;1;0;1;0;0;0;0;0;0;0;0;0;0;0;0;0;1;1;0;0;0;0;0;0;1;1;0;0;0;0;0;0;0;0;0;0;0;0;0;0;0;0;0;0;0;0;0;0;0;1;0;0;0;0;0;0;1000;674;326;881;0;3;246.09;0.674;1
340;Half-Life 2: Lost Coast;Valve;Valve;27 Oct, 2005;0.0;0;20000000;2;89.25;12215;1471;0;0;0;9;none;1;0;1;1.0;27;AAA;184;1;0;0;0;0;0;0;0;0;0;0;0;0;0;1;0;0;0;0;0;0;0;0;0;0;0;0;0;0;1;0;0;0;1;0;0;0;0;0;0;0;0;0;0;0;0;0;1;0;0;0;0;0;0;0;0;0;0;0;0;0;0;0;0;0;0;0;1;0;0;0;0;0;1;0;0;1;0;1000;910;90;822;0;24;2.01;0.91;1
1091500;Cyberpunk 2077;CD PROJEKT RED;CD PROJEKT RED;9 Dec, 2020;199.0;0;20000000;22265;84.39;713071;131850;0;57;3;19;full;1;1;0;12.0;5;Establecido;178;0;0;0;0;0;0;1;0;0;0;0;0;0;0;1;0;0;0;0;1;0;1;1;0;0;1;0;0;0;1;1;0;0;1;0;0;0;0;1;1;0;0;0;0;0;0;0;0;0;0;0;0;0;0;0;0;0;0;0;0;0;0;0;0;0;0;0;1;0;0;0;0;0;0;0;0;1;0;1000;948;52;922;0;1;116.92;0.948;1
381210;Dead by Daylight;Behaviour Interactive Inc.;Behaviour Interactive Inc.;14 Jun, 2016;14.99;0;20000000;44886;79.05;630223;166993;0;297;39;15;full;1;0;0;8.0;1;Novato;276;1;0;0;0;0;0;0;0;0;0;0;0;0;0;0;1;1;1;0;1;0;1;1;0;0;1;0;0;0;1;0;0;0;0;0;0;1;1;0;0;0;1;0;0;0;0;1;1;0;0;0;0;0;0;0;0;0;0;0;0;0;0;0;0;0;0;0;1;0;1;0;0;0;0;0;0;0;1;1000;692;308;746;0;1;313.74;0.692;1
990080;Hogwarts Legacy;Avalanche Software;Warner Bros. Games;10 Feb, 2023;200.0;0;20000000;5716;90.22;289966;31429;0;45;1;14;full;1;0;0;16.0;1;Novato;161;1;1;0;0;0;0;1;0;0;0;0;0;0;0;1;0;0;0;0;1;0;1;1;0;1;0;0;0;0;0;1;0;0;1;0;0;0;0;1;1;0;0;0;0;0;0;0;0;0;0;0;0;0;0;0;0;0;1;0;0;0;0;0;0;0;0;1;1;0;0;0;0;0;0;0;0;0;0;1000;848;152;769;0;1;53.92;0.848;1
438100;VRChat;VRChat Inc.;VRChat Inc.;1 Feb, 2017;0.0;1;20000000;34699;75.56;181623;58732;0;0;0;11;full;1;0;0;4.0;1;Novato;141;0;1;1;0;0;1;0;0;1;1;0;0;0;1;0;1;1;1;0;1;0;0;0;0;1;0;0;0;0;1;1;0;0;0;0;0;0;0;0;0;0;0;0;0;0;0;0;1;0;0;0;1;1;0;0;0;0;0;0;0;1;0;0;0;0;0;0;1;0;0;1;0;1;1;1;0;0;0;1000;711;289;1000;1000;1;572.41;0.711;1
292030;The Witcher 3: Wild Hunt;CD PROJEKT RED;CD PROJEKT RED;18 May, 2015;99.99;0;20000000;15893;96.13;802993;32356;0;78;22;17;none;1;0;0;6.0;5;Establecido;254;0;0;0;0;0;0;1;0;0;0;0;0;0;0;1;0;0;0;0;0;1;1;1;1;0;1;0;0;0;0;1;0;0;1;0;0;0;0;1;1;0;0;0;0;0;0;0;0;0;0;0;1;0;0;0;0;0;0;0;0;0;0;0;0;0;0;1;1;0;0;0;0;0;0;0;0;0;0;1000;947;53;938;0;1;98.55;0.947;1
945360;Among Us;Innersloth;Innersloth;16 Nov, 2018;2.49;0;20000000;3832;91.85;643681;57104;0;33;0;14;full;1;0;0;1.0;1;Novato;84;0;0;1;0;0;0;0;0;0;0;0;0;0;0;0;1;1;1;0;1;0;1;0;0;1;1;0;0;0;0;0;0;0;0;0;0;1;0;0;0;0;0;0;0;0;0;1;1;0;1;0;0;0;0;0;0;0;0;0;0;0;1;0;0;0;0;0;0;0;0;1;0;0;0;0;0;0;0;1000;932;68;883;0;1;32.54;0.932;1
1097150;Fall Guys;Mediatonic;;3 Aug, 2020;0.0;0;20000000;664;81.3;385154;88589;0;34;0;11;none;1;0;0;8.0;1;Novato;200;1;0;1;0;1;1;0;0;0;1;0;0;0;0;0;1;1;1;0;0;1;1;0;0;1;0;0;0;0;0;0;0;0;0;0;0;0;0;0;0;0;0;0;1;0;0;1;1;0;1;1;0;0;0;0;0;0;0;0;0;0;0;0;0;0;0;0;0;0;1;1;1;0;0;0;0;0;0;1000;756;244;1000;0;6;93.39;0.756;1
49520;Borderlands 2;Gearbox Software, Aspyr (Mac), Aspyr (Linux);2K, Aspyr (Mac), Aspyr (Linux);20 Sep, 2012;19.99;0;10000000;8551;92.44;272900;22318;0;75;5;8;full;1;1;1;0.0;1;Novato;94;1;0;0;0;0;0;1;0;0;0;0;0;0;0;1;1;1;0;0;1;0;1;1;0;0;1;0;0;0;1;1;0;0;0;0;0;0;0;1;1;0;0;0;0;0;0;1;1;0;0;0;0;0;0;0;0;0;0;0;0;0;0;0;0;0;0;0;0;0;0;0;0;0;0;0;0;1;0;1000;867;133;484;0;2;128.16;0.867;1
227300;Euro Truck Simulator 2;SCS Software;SCS Software;12 Oct, 2012;10.09;0;10000000;17281;97.36;844480;22924;0;106;107;30;none;1;1;1;8.0;2;Novato;211;0;0;0;0;1;0;0;0;1;0;0;0;0;0;1;1;1;1;0;0;1;1;1;1;0;1;1;0;0;0;1;0;0;0;0;0;0;0;0;0;0;0;0;0;0;0;0;1;0;0;0;0;1;1;0;0;0;0;0;0;0;0;0;1;0;0;0;1;1;0;1;1;0;0;0;0;0;0;1000;961;39;881;0;1;90.05;0.961;1
892970;Valheim;Iron Gate AB;Coffee Stain Publishing;2 Feb, 2021;13.19;0;10000000;14439;94.32;471451;28377;0;0;1;14;full;1;1;1;8.0;1;Novato;200;1;1;0;0;1;0;1;0;0;0;0;0;0;1;1;1;1;1;0;1;0;0;1;0;0;0;0;0;0;0;1;1;0;0;0;0;1;0;0;0;0;0;0;0;0;0;1;1;0;0;0;1;0;0;0;0;0;0;0;0;0;0;0;0;0;0;0;0;0;1;0;1;1;0;0;0;0;0;1000;852;148;758;1000;1;190.94;0.852;1
739630;Phasmophobia;Kinetic Games;Kinetic Games;18 Sep, 2020;13.29;0;10000000;9978;95.82;736611;32168;0;54;0;26;full;1;0;0;8.0;1;Novato;233;1;0;0;0;1;0;0;0;0;0;0;0;0;1;1;1;1;1;0;1;0;1;1;0;0;1;0;0;0;1;0;0;0;0;0;0;0;1;0;0;0;0;0;0;0;0;1;1;0;0;0;0;0;0;0;0;0;0;0;0;0;0;1;0;0;0;1;0;0;0;0;1;1;0;1;0;0;0;1000;661;339;811;1000;1;87.1;0.661;1
444090;Paladins®;Evil Mojo Games;Hi-Rez Studios;8 May, 2018;0.0;1;10000000;1028;84.98;294373;52031;0;58;8;9;full;1;0;0;4.0;1;Novato;164;1;1;0;0;0;1;0;0;0;0;1;0;0;0;0;1;0;0;0;1;0;1;0;0;1;1;0;0;0;1;0;0;0;0;0;0;0;0;0;0;0;1;0;0;0;0;1;1;0;1;0;0;0;0;0;0;0;0;0;0;0;0;0;0;0;0;0;0;0;0;0;0;0;1;0;1;1;0;1000;823;177;1000;0;4;363.63;0.823;1
1203220;NARAKA: BLADEPOINT;24 Entertainment;NetEase Games ;11 Aug, 2021;0.0;1;10000000;66954;69.54;225960;98967;0;40;4;13;none;1;0;0;8.0;1;Novato;300;1;1;0;0;0;1;0;0;0;0;0;0;0;0;0;1;0;0;0;0;1;1;0;0;1;1;0;0;0;0;0;0;0;0;0;0;1;0;0;0;0;0;0;0;0;0;0;1;0;1;1;0;0;0;0;0;0;0;0;0;1;0;0;0;0;0;0;0;0;0;0;0;0;1;0;0;0;0;999;658;341;999;0;2;766.08;0.659;1
320;Half-Life 2: Deathmatch;Valve;Valve;1 Nov, 2004;0.0;0;10000000;159;90.67;12962;1334;0;0;0;1;none;1;0;1;0.25;27;AAA;212;1;0;0;0;0;0;0;0;0;0;0;0;0;0;0;1;0;0;0;0;0;0;0;0;0;0;0;0;0;1;0;0;0;0;0;0;0;0;0;0;0;0;0;0;0;0;1;1;0;1;0;0;0;0;0;0;0;0;0;0;0;0;0;0;0;0;0;1;0;0;0;0;0;0;0;0;1;0;999;898;101;656;0;10;156.38;0.899;1
70;Half-Life;Valve;Valve;19 Nov, 1998;5.79;0;10000000;634;96.54;143086;5135;0;0;1;8;full;1;1;1;0.09;27;AAA;317;1;0;0;0;0;0;0;0;0;0;0;0;0;0;1;1;0;0;0;1;0;0;1;0;0;0;0;0;0;1;0;0;0;1;0;0;0;0;0;0;0;0;0;0;0;0;0;1;0;1;0;0;0;0;0;0;0;0;0;0;0;0;0;0;0;0;0;1;0;1;0;0;0;0;0;0;1;0;1000;958;42;745;0;2;20.65;0.958;1
582010;Monster Hunter: World;CAPCOM Co., Ltd.;CAPCOM Co., Ltd.;8 Aug, 2018;23.0;0;10000000;11923;88.01;434239;59151;0;100;200;14;none;1;0;0;8.0;18;AAA;239;1;0;0;0;0;0;0;0;0;0;0;0;0;0;1;1;1;0;0;0;1;1;1;0;0;1;0;0;0;0;1;0;0;0;0;0;0;0;1;1;0;0;0;0;0;0;1;1;0;0;0;0;0;0;0;0;0;0;0;0;0;0;0;0;0;0;0;1;0;1;0;0;0;0;0;0;0;0;1000;892;108;590;0;1;204.77;0.892;1
227940;Heroes & Generals;TLM Partners;TLM Partners;18 Oct, 2016;0.0;0;10000000;0;67.59;96499;46264;0;0;0;12;none;1;0;0;4.0;1;Novato;241;1;0;0;0;1;1;0;0;0;0;1;0;0;0;0;1;1;1;0;0;0;0;0;0;1;0;0;0;0;1;1;0;0;0;0;0;0;0;0;0;0;1;0;0;0;0;1;1;0;0;0;0;1;0;0;0;0;0;0;0;0;0;0;0;0;0;0;1;0;0;0;1;1;1;0;0;1;0;1000;848;152;1000;0;16;188.89;0.848;1
252950;Rocket League®;Psyonix LLC;Psyonix LLC;6 Jul, 2015;0.0;0;10000000;21106;87.35;509445;73775;0;88;0;12;none;1;0;0;4.0;1;Novato;327;1;0;0;0;1;0;0;1;0;1;0;0;0;0;1;1;1;1;0;0;1;1;1;1;0;1;1;1;0;0;0;0;0;0;0;0;0;0;0;0;0;0;0;0;0;0;1;1;1;0;0;0;0;0;0;1;1;0;0;0;0;0;0;0;0;0;0;0;0;0;1;1;0;0;0;0;0;0;1000;624;376;686;0;2;1109.46;0.624;1
108600;Project Zomboid;The Indie Stone;The Indie Stone;8 Nov, 2013;10.49;0;10000000;22864;94.19;355171;21892;0;0;0;21;none;1;1;1;8.0;1;Novato;298;0;0;0;0;1;0;1;0;1;0;0;0;0;1;1;1;1;1;0;0;1;0;1;1;0;1;1;1;0;0;1;1;0;0;0;0;1;0;1;0;0;0;0;0;0;0;1;1;0;0;0;1;1;0;0;0;0;0;0;0;0;1;0;1;0;0;0;0;0;0;0;1;1;0;0;0;0;0;1000;908;92;723;1000;1;150.79;0.908;1
1966720;Lethal Company;Zeekerss;Zeekerss;23 Oct, 2023;5.79;0;10000000;6199;97.18;473422;13738;0;0;0;1;none;1;0;0;0.0;1;Novato;80;1;1;0;0;1;0;0;0;0;0;0;0;0;1;1;1;1;1;0;0;1;0;0;0;0;0;0;0;0;1;0;0;0;0;0;0;0;1;0;0;0;0;0;0;0;0;1;0;0;0;0;0;0;0;0;0;0;0;0;0;0;0;0;0;0;0;0;1;0;0;0;0;1;0;0;0;0;0;1000;919;81;788;1000;1;56.54;0.919;1
1174180;Red Dead Redemption 2;Rockstar Games;Rockstar Games;5 Dec, 2019;200.0;0;10000000;29885;92.25;676667;56875;0;51;0;13;none;1;0;0;8.0;5;Establecido;222;1;1;0;0;0;0;0;0;0;0;0;0;0;0;1;1;1;1;0;0;1;1;0;0;1;0;0;0;0;1;1;0;0;1;0;0;0;0;0;0;0;0;0;0;0;0;0;1;0;0;0;1;0;0;0;0;0;0;0;0;0;0;0;1;0;0;0;1;0;0;0;0;0;0;0;0;1;0;1000;921;79;938;0;1;63.31;0.921;1
1517290;Battlefield™ 2042;DICE;Electronic Arts;19 Nov, 2021;59.99;0;10000000;2774;46.74;139186;158588;0;34;2;14;full;1;0;0;8.0;8;Establecido;113;1;1;1;0;0;0;0;0;0;0;0;0;0;0;0;1;1;1;0;1;0;1;0;0;1;1;0;0;0;1;0;0;0;0;0;0;0;0;0;0;0;0;0;0;0;0;0;1;0;1;0;0;0;0;0;0;0;0;0;0;0;0;0;0;0;0;0;0;0;0;1;0;0;0;0;0;1;0;1000;544;456;914;0;2;36.48;0.544;1
1240440;Halo Infinite;343 Industries;Xbox Game Studios;15 Nov, 2021;0.0;1;10000000;2275;69.66;123333;53708;0;144;1;18;full;1;0;0;8.0;1;Novato;159;1;0;0;0;0;0;0;0;0;0;0;0;0;0;0;1;0;0;0;1;0;1;1;0;1;0;0;0;0;1;1;0;0;1;0;0;0;0;0;0;0;0;0;0;0;0;1;1;0;1;0;0;0;0;0;0;0;0;0;0;0;0;0;0;0;0;0;1;0;0;0;0;0;1;0;0;1;0;1000;625;375;1000;0;3;106.0;0.625;1
648800;Raft;Redbeet Interactive;Axolot Games;20 Jun, 2022;10.99;0;10000000;4701;93.31;323198;23161;0;104;0;12;none;1;0;0;6.0;1;Novato;249;0;1;0;0;1;0;0;0;1;0;0;0;0;0;1;1;1;1;0;0;0;1;1;0;0;0;0;0;0;1;1;1;0;0;0;0;1;0;0;0;0;1;0;0;0;0;1;1;0;0;0;1;1;0;0;0;0;0;0;0;0;0;0;0;0;0;0;0;0;0;0;1;1;0;0;0;0;0;1000;904;96;850;0;1;41.15;0.904;1
386360;SMITE®;Titan Forge Games;Hi-Rez Studios;8 Sep, 2015;0.0;1;10000000;1853;78.77;94368;25428;0;319;13;10;full;1;0;0;4.0;1;Novato;221;1;1;1;0;1;1;1;0;1;0;1;0;0;0;0;1;0;0;0;1;0;1;0;0;1;1;0;0;0;0;0;0;0;0;0;0;0;0;1;0;0;1;0;0;0;0;1;1;0;1;0;0;0;0;0;0;0;0;0;0;1;0;0;0;0;0;0;0;0;0;1;0;0;1;0;1;0;0;999;697;302;999;0;9;832.47;0.698;1
444200;World of Tanks Blitz;Wargaming Group Limited;Wargaming Group Limited;9 Nov, 2016;0.0;1;10000000;5707;78.57;116407;31754;0;0;15;20;none;1;1;0;2.0;2;Novato;306;1;0;0;0;0;1;0;0;1;0;1;0;0;0;0;1;1;1;0;0;0;0;0;0;1;1;0;0;0;0;0;0;0;0;0;0;0;0;0;0;0;1;0;0;0;0;0;1;0;1;0;0;0;0;0;0;0;0;0;0;0;0;0;1;0;0;0;0;0;0;0;0;0;1;0;0;1;0;999;664;335;999;0;3;361.02;0.665;1
10;Counter-Strike;Valve;Valve;1 Nov, 2000;5.79;0;10000000;7323;97.43;243818;6427;0;0;0;8;none;1;1;1;0.09;27;AAA;315;1;0;0;0;0;0;0;0;0;0;0;0;0;0;0;1;0;0;0;0;0;0;0;0;0;0;0;0;0;1;0;0;0;0;0;0;1;0;0;0;0;1;0;0;0;0;0;1;0;1;0;0;0;0;0;0;0;0;0;0;0;0;0;0;0;0;0;0;0;0;0;0;0;0;0;0;1;0;1000;962;38;820;0;2;294.51;0.962;1
240;Counter-Strike: Source;Valve;Valve;1 Nov, 2004;5.79;0;10000000;6187;96.26;175426;6808;0;147;0;12;none;1;0;1;0.5;27;AAA;128;1;0;0;0;0;0;0;0;0;0;0;0;0;0;0;1;0;0;0;0;0;1;1;0;0;0;0;0;0;1;0;0;0;0;0;0;1;0;0;0;0;1;0;0;0;0;0;1;0;1;0;1;1;0;0;0;0;0;0;0;0;0;0;0;0;0;0;1;0;1;0;0;0;0;0;0;1;0;1000;962;38;829;0;2;180.06;0.962;1
3164500;Schedule I;TVGS;TVGS;24 Mar, 2025;10.49;0;10000000;22757;98.41;200803;3238;0;13;0;1;none;1;0;0;8.0;1;Novato;196;1;0;0;0;1;0;0;0;1;0;1;0;0;1;1;1;1;1;0;0;0;1;1;0;0;0;0;0;0;1;1;1;0;0;0;0;0;0;0;0;0;1;0;0;0;0;1;1;0;0;0;0;1;1;0;0;0;0;0;0;0;0;0;0;0;0;0;0;0;0;0;0;1;0;0;0;1;1;1000;960;40;900;1000;1;42.0;0.96;1
755790;Ring of Elysium;Aurora Studio;TCH Scarlet Limited;24 Jun, 2019;0.0;0;10000000;0;74.47;74345;25492;0;0;0;5;none;1;0;0;4.0;1;Novato;102;1;0;0;0;0;1;0;0;0;0;0;0;0;0;0;1;0;0;0;0;0;0;0;0;0;0;0;0;0;1;1;0;0;0;0;0;1;0;0;0;0;0;0;0;0;0;1;1;0;1;1;0;0;0;0;0;0;0;0;0;0;0;1;0;0;0;0;0;0;0;0;0;1;1;0;1;1;0;1000;828;172;1000;0;27;168.53;0.828;1
400;Portal;Valve;Valve;10 Oct, 2007;5.79;0;10000000;638;98.47;175024;2717;0;15;2;27;full;1;0;1;0.5;27;AAA;223;1;0;0;0;0;0;0;0;0;0;0;0;0;0;1;0;0;0;0;1;0;1;0;0;0;0;0;0;0;1;0;0;0;1;0;0;0;0;0;0;0;0;0;1;0;0;0;0;0;0;0;0;0;0;0;0;0;1;0;0;0;0;0;0;0;0;0;1;0;0;0;0;0;0;0;0;1;0;1000;977;23;920;0;2;8.54;0.977;1
1222670;The Sims™ 4;Maxis;Electronic Arts;18 Jun, 2020;0.0;1;10000000;25276;87.31;149064;21663;0;0;109;18;none;1;0;0;4.0;1;Novato;189;0;1;1;0;0;0;0;0;1;0;0;0;0;0;1;0;0;0;0;0;0;0;0;0;1;1;0;0;0;0;0;0;0;0;0;0;0;0;0;0;0;0;0;0;0;0;0;0;0;0;0;1;1;0;0;0;0;0;0;0;0;0;0;1;0;0;0;0;1;0;1;0;0;1;0;0;0;0;1000;808;192;1000;0;1;172.11;0.808;1
550650;Black Squad;VALOFE, NS STUDIO;VALOFE;26 Jun, 2019;0.0;1;10000000;212;75.93;62042;19672;0;36;2;14;none;1;0;0;6.0;1;Novato;271;1;0;0;0;0;0;0;0;0;0;0;0;0;0;0;1;0;0;0;0;0;1;0;0;1;1;0;0;0;1;1;0;0;0;0;0;0;0;0;0;0;1;0;0;0;0;1;1;0;1;0;0;0;0;0;0;0;0;0;0;0;0;0;0;0;0;0;0;0;0;0;0;1;1;0;0;1;0;999;643;356;999;0;14;199.52;0.644;1
322330;Don't Starve Together;Klei Entertainment;Klei Entertainment;21 Apr, 2016;6.59;0;10000000;30542;95.26;475393;23668;0;0;49;12;full;1;1;1;1.0;4;Establecido;141;1;1;0;0;1;0;1;0;1;0;1;0;0;0;1;1;1;1;0;1;0;0;0;1;1;1;0;0;0;0;1;1;0;0;0;0;1;1;0;0;0;1;0;0;0;0;1;1;0;0;0;1;0;0;0;0;0;0;0;0;0;1;0;0;0;0;0;1;0;1;0;1;0;0;0;0;0;0;1000;900;100;739;0;1;175.46;0.9;1
239140;Dying Light;Techland;Techland;26 Jan, 2015;18.0;0;10000000;4953;95.2;435687;21945;0;78;41;17;full;1;1;1;4.0;4;Establecido;229;1;0;0;0;0;0;1;0;0;0;0;0;0;0;1;1;1;1;0;1;0;1;1;1;0;1;0;0;0;1;1;0;0;1;0;0;1;1;0;1;0;0;0;0;0;0;0;1;0;1;0;0;0;0;0;0;0;0;0;0;0;0;0;0;0;0;0;0;0;0;0;0;0;0;0;0;1;1;1000;934;66;802;0;1;35.92;0.934;1
477160;Human Fall Flat;No Brakes Games;Curve Games;22 Jul, 2016;3.14;0;10000000;950;94.67;202253;11387;0;151;1;16;full;1;1;0;1.0;1;Novato;193;0;1;1;0;1;0;0;0;1;0;0;0;0;0;1;1;1;0;0;1;0;1;1;1;0;1;1;1;0;0;1;0;0;0;0;0;0;0;0;0;0;0;0;0;0;0;1;1;1;0;0;1;1;0;0;0;0;1;0;0;0;0;0;0;0;0;0;0;0;0;1;1;0;0;0;0;0;0;1000;937;63;794;0;2;18.74;0.937;1
251570;7 Days to Die;The Fun Pimps;The Fun Pimps Entertainment LLC;25 Jul, 2024;200.0;0;10000000;17045;88.61;327889;42157;0;43;9;14;full;1;1;1;8.0;1;Novato;228;1;1;0;0;1;0;1;0;1;0;1;0;0;0;1;1;1;1;0;1;0;1;0;0;0;1;0;0;0;0;1;0;0;0;0;0;1;1;0;0;0;1;1;0;0;0;0;1;0;0;0;1;1;0;0;0;0;0;0;0;0;0;0;0;0;0;0;0;0;0;0;0;0;0;0;0;1;0;996;824;172;631;0;1;286.23;0.827;1
100;Counter-Strike: Condition Zero;Valve;Valve;1 Mar, 2004;5.79;0;10000000;83;89.75;13442;1535;0;0;0;8;none;1;1;1;0.09;27;AAA;300;1;0;0;0;0;0;0;0;0;0;0;0;0;0;1;1;0;0;0;0;0;0;0;0;0;0;0;0;0;1;1;0;0;0;0;0;1;0;0;0;0;1;0;0;0;0;0;1;0;0;0;0;1;0;0;0;0;0;0;0;0;0;0;0;0;0;1;1;0;0;0;0;0;0;0;0;1;0;1000;906;94;919;0;17;11.8;0.906;1
1665460;eFootball™;KONAMI;KONAMI;29 Sep, 2021;0.0;1;10000000;13404;47.73;44067;48266;0;0;0;17;none;1;0;0;8.0;4;Establecido;140;0;0;0;0;0;0;0;0;1;1;0;0;0;0;1;1;1;1;0;0;1;0;0;0;1;0;0;1;0;0;0;0;0;0;0;0;0;0;0;0;0;0;0;0;0;0;1;1;1;1;0;0;1;0;0;1;0;0;0;0;1;0;0;1;0;0;0;0;0;0;0;0;0;1;0;0;0;0;1000;605;395;1000;0;1;225.68;0.605;1
417910;Street Warriors Online;Crazy Rocks Studios;Crazy Rocks Studios;16 Dec, 2016;1.99;0;10000000;1;57.59;941;693;0;43;3;7;none;1;0;0;2.0;1;Novato;274;1;0;0;0;0;1;0;0;1;1;0;0;0;0;0;1;0;0;0;0;1;1;0;0;1;1;0;0;0;0;1;0;0;0;0;0;0;0;0;0;0;0;0;0;0;0;1;1;0;1;0;0;1;0;0;1;0;0;0;0;0;0;0;0;0;0;0;0;0;0;0;1;1;1;0;0;0;0;27;11;16;14;0;18;3.31;0.407;1
433850;Z1 Battle Royale;Daybreak Game Company;Daybreak Game Company;28 Feb, 2018;0.0;1;10000000;1010;55.75;113729;90284;0;0;0;8;none;1;0;0;6.0;2;Novato;310;1;1;0;0;0;1;0;0;0;0;0;0;0;0;0;1;0;0;0;0;0;0;0;0;1;0;0;0;0;1;1;0;0;0;0;0;1;0;0;0;0;0;0;0;0;0;1;1;0;1;1;0;0;0;0;0;0;0;0;0;0;0;0;0;0;0;0;0;0;0;0;0;1;1;0;0;1;0;1000;634;366;1000;0;21;254.62;0.634;1
594650;Hunt: Showdown 1896;Crytek;Crytek;27 Aug, 2019;14.99;0;10000000;6300;72.96;181110;67110;0;36;74;13;full;1;0;0;8.0;4;Establecido;247;1;0;0;0;0;0;0;0;0;0;0;0;0;0;0;1;1;1;0;1;0;1;0;0;1;1;0;0;0;0;1;0;0;0;0;0;0;1;0;0;0;0;0;0;0;0;1;1;0;1;1;0;0;0;0;0;0;0;0;0;0;0;0;0;0;0;0;1;0;1;0;0;0;0;0;0;1;0;999;638;361;649;0;1;399.51;0.639;1
814380;Sekiro™: Shadows Die Twice - GOTY Edition;FromSoftware, Inc.;Activision (Excluding Japan and Asia), FromSoftware, Inc. (Japan), 方块游戏 (Asia);21 Mar, 2019;59.99;0;10000000;6767;95.29;307041;15193;0;34;0;13;full;1;0;0;4.0;6;Establecido;272;1;1;0;0;0;0;0;0;0;0;0;0;0;0;1;0;0;0;0;1;0;1;1;0;0;1;0;0;0;0;1;0;0;1;0;0;0;0;1;0;0;0;0;0;0;0;0;0;0;0;0;0;0;0;0;0;0;0;0;0;0;0;0;0;0;0;1;1;0;1;0;0;0;0;0;0;0;1;1000;923;77;730;0;1;58.73;0.923;1
1116170;CyberCorp;Megame LLC;Megame LLC;22 Apr, 2025;4.99;0;10000000;3;82.61;266;56;0;31;0;14;none;1;0;0;4.0;1;Novato;174;1;1;0;0;1;0;1;0;0;0;0;0;0;0;1;1;1;1;0;0;1;1;1;0;0;1;0;0;0;0;0;0;0;0;0;0;0;0;1;0;0;0;0;0;0;0;1;0;0;0;0;0;0;0;0;0;0;0;0;0;0;0;0;0;0;0;0;0;0;0;0;1;0;0;0;0;0;0;418;332;86;332;191;22;9.9;0.794;1
220;Half-Life 2;Valve;Valve;16 Nov, 2004;5.79;0;10000000;1555;97.6;239721;5906;0;69;1;27;full;1;0;1;0.5;27;AAA;276;1;0;0;0;0;0;0;0;0;0;0;0;0;0;1;0;0;0;0;1;0;1;1;1;0;1;1;0;0;1;0;0;0;1;0;0;0;1;0;0;0;0;0;0;0;0;0;1;0;0;0;0;0;0;0;0;0;1;0;0;0;0;0;0;0;0;0;1;0;0;0;0;0;0;0;0;1;0;1000;955;45;699;0;1;30.12;0.955;1
107410;Arma 3;Bohemia Interactive;Bohemia Interactive;12 Sep, 2013;29.99;0;10000000;7181;90.42;256128;27136;0;123;22;14;none;1;1;0;8.0;6;Establecido;277;1;0;0;0;0;0;0;0;1;0;1;0;0;0;1;1;1;1;0;0;0;1;0;1;0;1;0;0;0;1;1;0;0;0;0;0;0;0;0;0;0;1;0;0;0;0;1;1;0;0;0;1;1;0;0;0;0;0;0;0;0;0;0;1;0;0;0;0;0;0;0;0;0;0;0;0;1;0;999;788;211;825;0;2;479.71;0.789;1
1326470;Sons Of The Forest;Endnight Games Ltd;Newnight ;22 Feb, 2024;14.99;0;10000000;4450;87.75;222495;31051;0;32;0;16;full;1;0;0;12.0;2;Novato;229;1;1;0;0;1;0;0;0;1;0;0;0;0;0;1;1;1;1;0;1;0;1;1;0;0;0;0;0;0;1;1;1;0;0;0;0;1;1;0;0;0;0;0;0;0;0;1;1;0;0;0;1;1;0;0;0;0;0;0;0;0;0;0;0;0;0;0;1;0;0;0;0;1;0;0;0;0;0;1000;908;92;892;0;1;42.1;0.908;1
219990;Grim Dawn;Crate Entertainment;Crate Entertainment;25 Feb, 2016;12.49;0;10000000;2376;93.74;93489;6241;0;185;7;13;full;1;0;0;2.0;2;Novato;259;1;1;0;0;1;0;1;0;0;0;0;0;0;0;1;1;1;1;0;1;0;1;1;0;0;1;0;0;0;0;0;1;0;0;0;0;0;0;1;1;0;0;0;0;0;0;1;1;0;0;0;0;0;0;0;0;0;0;0;0;0;0;0;0;0;0;1;1;0;0;0;0;0;0;0;0;0;0;1000;911;89;902;0;3;138.88;0.911;1
255710;Cities: Skylines;Colossal Order;Paradox Interactive;10 Mar, 2015;20.99;0;10000000;8842;92.96;256362;19408;0;135;76;10;none;1;1;1;8.0;1;Novato;266;0;0;0;0;0;0;0;0;1;0;1;0;0;0;1;0;0;0;0;0;0;1;1;1;0;1;0;0;0;0;0;0;0;0;0;0;0;0;0;0;0;1;0;0;0;0;0;0;0;0;0;1;1;1;1;0;0;0;0;0;0;0;0;1;0;0;0;0;0;0;1;0;0;0;0;0;0;0;1000;904;96;847;0;2;162.88;0.904;1
261550;Mount & Blade II: Bannerlord;TaleWorlds Entertainment;TaleWorlds Entertainment;25 Oct, 2022;49.99;0;10000000;14477;87.88;232360;32031;0;50;3;13;none;1;0;0;6.0;2;Novato;286;1;0;0;0;1;0;1;0;1;0;1;0;0;0;1;1;0;0;0;0;1;1;1;1;0;1;0;0;0;1;1;0;0;0;0;0;0;0;1;0;0;1;0;0;0;0;0;1;0;0;0;1;1;0;0;0;0;0;0;0;0;0;0;1;0;0;0;0;0;0;0;0;1;0;0;0;0;0;999;825;174;762;0;1;248.57;0.826;1
8930;Sid Meier's Civilization® V;Firaxis Games, Aspyr (Mac), Aspyr (Linux);2K, Aspyr (Mac), Aspyr (Linux);23 Sep, 2010;7.49;0;10000000;12206;95.82;195724;8541;0;286;15;10;none;1;1;1;2.0;3;Establecido;88;0;0;0;0;0;0;0;0;0;0;1;0;0;0;1;1;0;0;0;0;0;1;1;0;0;1;0;0;0;0;0;0;0;0;0;0;0;0;0;0;1;1;0;0;0;0;1;1;0;0;0;0;1;0;0;0;0;0;0;0;0;0;0;0;0;0;0;0;0;0;0;0;0;0;0;0;0;0;1000;948;52;652;0;3;711.08;0.948;1
304050;Trove;gamigo US Inc.;gamigo US Inc.;9 Jul, 2015;0.0;1;10000000;758;80.22;74103;18267;0;19;12;6;none;1;0;0;1.0;2;Novato;291;1;1;1;0;0;1;1;0;0;0;0;0;0;0;0;1;1;1;0;0;1;1;0;1;1;1;0;0;0;0;1;1;0;0;0;0;0;0;1;0;0;0;0;0;0;0;0;1;0;0;0;1;0;0;0;0;0;0;0;0;0;0;0;0;0;0;0;0;0;0;0;0;0;1;0;0;0;0;1000;669;331;1000;0;7;206.21;0.669;1
289070;Sid Meier’s Civilization® VI;Firaxis Games, Aspyr (Mac), Aspyr (Linux);2K, Aspyr (Mac), Aspyr (Linux);20 Oct, 2016;5.99;0;10000000;25420;86.89;304053;45867;0;320;10;12;none;1;1;1;4.0;3;Establecido;143;0;0;0;0;0;0;0;0;0;0;1;0;0;0;1;1;0;0;0;0;0;1;0;1;1;1;1;0;0;0;0;0;0;0;0;0;0;0;0;0;1;1;0;0;0;0;1;1;0;0;0;0;1;1;1;0;0;0;0;0;0;0;0;0;0;0;0;1;0;0;0;0;0;0;0;0;0;0;1000;892;108;689;0;1;301.63;0.892;1
377160;Fallout 4;Bethesda Game Studios;Bethesda Softworks;9 Nov, 2015;79.0;0;10000000;11179;83.12;326054;66233;0;84;10;10;full;1;0;0;8.0;9;Establecido;241;0;0;0;0;0;0;1;0;0;0;0;0;0;0;1;0;0;0;0;1;0;1;1;0;0;0;0;0;0;1;1;0;0;1;0;0;1;0;1;1;0;0;0;0;0;0;0;0;0;0;0;1;0;0;0;0;0;0;0;0;0;0;0;0;0;0;0;1;0;0;0;0;0;0;0;0;1;0;1000;847;153;772;0;1;211.19;0.847;1
532210;Life is Strange 2;DONTNOD Entertainment, Feral Interactive (Mac), Feral Interactive (Linux);Square Enix, Feral Interactive (Mac), Feral Interactive (Linux);26 Sep, 2018;0.0;1;10000000;153;86.3;31616;5018;0;46;6;10;full;1;1;1;4.0;2;Novato;234;0;1;0;0;0;0;0;0;0;0;0;0;0;0;1;0;0;0;0;1;0;1;1;0;0;1;0;0;0;0;0;0;0;1;0;0;0;0;0;0;0;0;0;0;0;0;0;0;0;0;0;0;0;0;0;0;0;1;1;0;0;0;0;0;0;0;0;1;0;0;0;0;0;0;0;0;0;0;1000;907;93;1000;0;3;19.44;0.907;1
2186680;Warhammer 40,000: Rogue Trader;Owlcat Games;Owlcat Games;7 Dec, 2023;24.99;0;10000000;3582;85.57;26360;4445;0;106;9;8;none;1;1;0;8.0;3;Establecido;209;1;1;0;0;1;0;1;0;0;0;1;0;0;0;1;1;1;1;0;0;1;1;1;1;0;1;0;0;0;0;0;0;0;1;0;0;0;0;1;0;1;1;0;0;0;0;0;1;0;0;0;0;0;0;0;0;0;0;0;0;0;0;0;0;0;0;0;0;0;0;0;0;0;0;0;0;0;0;1000;897;103;669;0;2;110.7;0.897;1
1238810;Battlefield™ V;DICE;Electronic Arts;22 Oct, 2020;49.99;0;10000000;6327;70.86;177352;72936;0;21;2;14;full;1;0;0;8.0;8;Establecido;193;1;0;0;0;0;0;0;0;0;0;0;0;0;0;1;1;0;0;0;1;0;1;0;0;0;1;0;0;0;1;1;0;0;0;0;0;0;0;0;0;0;0;0;0;0;0;0;1;0;1;1;0;0;0;0;0;0;0;0;0;0;0;0;0;0;0;0;1;0;0;0;0;0;0;0;0;1;0;1000;712;288;890;0;1;52.54;0.712;1
3241660;R.E.P.O.;semiwork;semiwork;26 Feb, 2025;3.49;0;10000000;32349;96.51;179154;6488;0;0;0;1;none;1;0;0;8.0;1;Novato;183;1;0;0;0;0;0;0;0;0;0;0;0;0;1;1;1;1;1;0;0;0;0;1;0;0;0;0;0;0;1;0;0;0;0;0;0;1;1;0;0;0;0;0;0;0;0;1;1;0;0;0;0;0;0;0;0;0;0;0;0;0;0;1;0;0;0;0;0;0;0;0;0;1;0;0;0;0;1;1000;941;59;792;1000;1;43.64;0.941;1
221100;DayZ;Bohemia Interactive;Bohemia Interactive;13 Dec, 2018;49.99;0;10000000;37066;76.78;330349;99903;0;13;3;12;none;1;0;0;8.0;6;Establecido;310;1;1;0;0;0;1;0;0;0;0;0;0;0;0;0;1;1;1;0;0;0;1;1;1;0;1;0;0;0;1;1;0;0;0;0;0;1;1;0;0;0;0;0;0;0;0;1;1;0;1;0;1;1;0;0;0;0;0;0;0;0;0;0;0;0;0;0;1;0;0;0;0;0;0;0;0;1;0;1000;843;157;764;0;1;517.53;0.843;1
526870;Satisfactory;Coffee Stain Studios;Coffee Stain Publishing;10 Sep, 2024;18.99;0;10000000;12596;97.16;225479;6585;0;44;1;13;none;1;0;0;8.0;3;Establecido;217;0;1;0;0;1;0;0;0;1;0;1;0;0;0;1;1;1;1;0;0;1;1;1;0;0;0;0;0;0;1;1;1;0;0;0;0;1;0;0;0;0;1;0;0;0;0;1;1;0;0;0;1;1;0;0;0;0;0;0;0;0;0;0;0;0;0;0;0;0;0;0;1;1;0;0;0;0;0;1000;975;25;811;0;1;212.01;0.975;1
1089350;NBA 2K20;Visual Concepts;2K;6 Sep, 2019;0.0;0;5000000;221;49.87;30260;30413;0;50;0;9;full;1;0;0;4.0;3;Establecido;163;0;0;0;0;0;0;0;0;1;1;0;0;0;0;1;1;1;1;0;1;0;1;1;0;1;0;1;1;0;0;0;0;0;0;0;0;0;0;0;0;0;0;0;0;0;0;0;1;0;0;0;0;1;0;0;1;0;0;0;0;0;0;0;1;0;0;0;0;0;0;1;0;0;0;0;0;0;0;519;224;295;519;0;29;217.27;0.432;1
632360;Risk of Rain 2;Hopoo Games;Gearbox Publishing;11 Aug, 2020;12.49;0;5000000;7902;93.48;293127;20450;0;171;7;11;full;1;0;0;4.0;1;Novato;241;1;0;0;0;1;0;0;0;0;0;0;0;0;0;1;1;1;1;0;1;0;0;1;0;0;1;0;0;0;0;0;0;0;0;0;0;1;0;0;0;0;0;0;0;0;0;1;1;0;0;0;0;0;0;0;0;0;0;0;0;0;0;0;0;0;0;0;0;0;1;0;1;1;0;0;0;0;0;1000;925;75;701;0;1;85.28;0.925;1
1811260;EA SPORTS™ FIFA 23;EA Canada, EA Romania;Electronic Arts;30 Sep, 2022;0.0;0;5000000;1280;56.92;86192;65227;0;39;0;21;full;1;0;0;8.0;3;Establecido;163;0;0;0;0;0;0;0;0;1;1;0;0;0;0;1;1;1;1;0;1;0;1;0;0;1;0;0;1;0;0;0;0;0;0;0;0;0;0;0;0;0;0;0;0;0;0;1;1;1;1;0;0;1;1;0;1;0;0;0;0;0;0;0;1;0;0;0;0;0;0;0;0;0;1;0;0;0;0;1000;683;317;899;0;11;300.72;0.683;1
204360;Castle Crashers®;The Behemoth;The Behemoth;26 Sep, 2012;7.99;0;5000000;443;96.13;120733;4865;0;12;3;11;full;1;1;0;8.0;2;Novato;103;1;1;1;0;1;0;1;0;0;0;0;0;0;0;1;1;1;1;0;1;0;1;1;1;0;1;1;1;0;0;0;0;0;0;0;0;0;0;1;0;0;0;0;0;0;0;1;1;1;0;0;0;0;0;0;0;0;0;0;0;0;1;0;0;0;0;0;0;0;0;1;0;0;0;0;0;0;0;1000;960;40;845;0;2;35.18;0.96;1
218230;PlanetSide 2;Rogue Planet Games;Daybreak Game Company;20 Nov, 2012;0.0;1;5000000;496;80.87;59598;14096;0;0;0;7;none;1;0;0;6.0;1;Novato;253;1;0;0;0;0;1;0;0;0;0;0;0;0;0;0;1;0;0;0;0;0;0;1;0;0;1;0;0;0;1;1;0;0;0;0;0;0;0;1;0;0;1;0;0;0;0;1;1;0;1;0;0;0;0;0;0;0;0;0;0;0;0;0;0;0;0;0;0;0;0;0;0;0;1;0;0;1;0;1000;662;338;1000;0;9;364.86;0.662;1
72850;The Elder Scrolls V: Skyrim;Bethesda Game Studios;Bethesda Softworks;10 Nov, 2011;89.99;0;5000000;1463;94.84;300915;16364;0;75;1;9;none;1;0;0;0.0;9;Establecido;320;0;0;0;0;0;0;1;0;0;0;0;0;0;0;1;0;0;0;0;0;1;1;1;1;0;1;0;0;0;1;1;0;0;1;0;0;0;0;1;1;0;0;0;0;0;0;0;0;0;0;0;1;0;0;0;0;0;0;0;0;0;0;0;0;0;0;0;1;0;0;0;0;0;0;0;0;0;0;1000;936;64;454;0;5;324.79;0.936;1
394360;Hearts of Iron IV;Paradox Development Studio;Paradox Interactive;6 Jun, 2016;10.49;0;5000000;32112;89.19;305168;36982;0;273;26;10;none;1;1;1;4.0;5;Establecido;221;0;0;0;0;0;0;0;0;1;0;1;0;0;0;1;1;1;0;0;0;0;1;1;1;0;1;0;0;0;0;1;0;0;0;0;0;0;0;0;0;0;1;0;0;0;0;1;1;0;0;0;1;1;0;0;0;0;0;0;0;0;0;0;0;0;0;0;0;0;0;0;0;0;0;0;0;0;0;1000;850;150;754;0;1;377.96;0.85;1
489830;The Elder Scrolls V: Skyrim Special Edition;Bethesda Game Studios;Bethesda Softworks;27 Oct, 2016;169.0;0;5000000;25085;92.02;310162;26896;0;75;2;9;none;1;0;0;8.0;9;Establecido;238;0;0;0;0;0;0;1;0;0;0;0;0;0;0;1;0;0;0;0;0;1;1;1;0;0;0;0;0;0;1;1;0;0;1;0;0;0;0;1;0;0;0;0;0;0;0;0;0;0;0;0;0;0;0;0;0;0;0;0;0;0;0;0;0;0;0;0;1;0;0;0;0;0;0;0;0;0;1;1000;954;46;679;0;1;192.05;0.954;1
322170;Geometry Dash;RobTop Games;RobTop Games;22 Dec, 2014;2.99;0;5000000;27850;93.28;401026;28895;0;547;0;1;none;1;1;0;0.5;1;Novato;76;1;0;0;0;1;0;0;0;0;0;0;0;0;0;1;0;0;0;0;0;1;1;0;0;0;1;0;0;0;0;0;0;0;0;0;0;0;0;0;0;0;1;0;1;0;0;0;0;0;0;0;0;0;0;0;0;0;0;0;0;0;1;0;0;0;0;0;0;0;1;1;1;0;0;0;0;0;0;1000;929;71;938;0;1;133.62;0.929;1
1446780;MONSTER HUNTER RISE;CAPCOM Co., Ltd.;CAPCOM Co., Ltd.;12 Jan, 2022;29.0;0;5000000;3658;82.15;92564;20108;0;100;252;14;full;1;0;0;8.0;18;AAA;287;1;0;0;0;0;0;0;0;0;0;0;0;0;0;1;1;1;1;0;1;0;1;1;0;0;1;0;0;0;0;1;0;0;0;0;0;0;0;1;1;0;0;0;0;0;0;1;1;0;0;0;0;0;0;0;0;0;0;0;0;1;0;1;0;0;0;0;1;0;0;0;0;0;0;0;0;0;0;1000;894;106;620;0;2;119.24;0.894;1
224260;No More Room in Hell;No More Room in Hell Team;Lever Games;31 Oct, 2013;0.0;1;5000000;473;89.9;66753;7500;0;115;1;17;none;1;0;1;2.0;1;Novato;291;1;0;0;0;1;0;0;0;0;0;0;0;0;0;0;1;1;0;0;0;1;1;1;1;0;0;0;0;0;1;1;0;0;0;0;0;1;1;0;0;0;0;0;0;0;0;1;1;0;0;0;0;0;0;0;0;0;0;0;0;0;0;0;1;0;0;0;1;0;0;0;1;0;1;0;0;1;0;998;886;112;998;0;5;47.63;0.888;1
203160;Tomb Raider Game of the Year;Crystal Dynamics, Eidos-Montréal, Feral Interactive (Mac), Nixxes;Crystal Dynamics, Feral Interactive (Mac);4 Mar, 2013;9.99;0;5000000;556;96.09;238239;9691;0;50;0;13;full;1;1;0;0.0;1;Novato;117;1;1;0;0;0;0;0;0;0;0;0;0;0;0;1;1;0;0;0;1;0;1;1;0;0;1;0;0;0;0;0;0;0;1;0;0;0;0;1;0;0;0;0;1;0;0;0;1;0;0;0;0;0;0;0;0;0;1;0;0;0;0;0;0;0;0;0;1;0;0;0;0;0;0;0;0;0;1;1000;932;68;661;0;2;17.61;0.932;1
275850;No Man's Sky;Hello Games;Hello Games;12 Aug, 2016;26.99;0;5000000;12291;83.13;293332;59526;0;27;1;14;full;1;1;0;8.0;1;Novato;101;1;1;0;0;0;0;0;0;0;0;0;0;0;0;1;1;1;1;0;1;0;1;1;0;0;1;0;0;0;1;1;1;0;0;0;0;1;0;0;0;0;0;0;0;0;0;0;1;0;0;0;1;1;0;0;0;0;0;0;0;0;0;0;0;0;0;0;1;0;0;0;1;0;0;1;0;1;0;1000;895;105;687;0;1;116.38;0.895;1
367520;Hollow Knight;Team Cherry;Team Cherry;24 Feb, 2017;4.99;0;5000000;4912;97.04;403641;12305;0;63;2;11;full;1;1;1;4.0;1;Novato;232;1;1;0;0;1;0;0;0;0;0;0;0;0;0;1;0;0;0;0;1;0;1;1;0;0;1;0;0;0;0;1;0;0;1;0;0;0;0;0;0;0;0;0;1;1;0;0;0;0;0;0;0;0;0;0;0;0;0;0;0;0;1;0;0;0;0;0;1;0;1;0;1;0;0;0;0;0;0;1000;962;38;900;0;1;63.43;0.962;1
301520;Robocraft;Freejam;Freejam;24 Aug, 2017;0.0;0;5000000;3;73.05;86240;31815;0;43;0;11;none;1;1;1;4.0;1;Novato;254;1;0;0;0;1;1;1;0;1;0;0;0;0;0;0;1;1;1;0;0;0;1;0;0;1;1;0;0;0;0;1;1;0;0;0;0;0;0;1;0;0;1;0;0;0;0;0;1;0;1;0;1;1;0;0;0;0;0;0;0;0;0;0;0;0;0;0;0;0;0;0;1;1;1;0;0;0;0;999;791;208;999;0;14;125.82;0.792;1
767560;War Robots;MY.GAMES;MY.GAMES;4 Apr, 2018;0.0;1;5000000;1280;60.02;15951;10624;0;0;0;15;none;1;0;0;2.0;3;Establecido;150;1;0;0;0;0;0;0;0;0;0;0;0;0;0;0;1;0;0;0;0;0;0;0;0;1;1;0;0;0;0;0;0;0;0;0;0;0;0;0;0;0;0;0;0;0;0;1;1;0;1;0;0;0;0;0;0;0;0;0;0;0;0;1;1;0;0;0;0;0;0;0;0;0;1;0;0;0;0;1000;620;380;1000;0;4;237.89;0.62;1
2050650;Resident Evil 4;CAPCOM Co., Ltd.;CAPCOM Co., Ltd.;23 Mar, 2023;39.99;0;5000000;3748;97.71;177539;4169;0;46;27;14;full;1;0;0;8.0;18;AAA;270;1;1;0;0;0;0;0;0;0;0;0;0;0;0;1;0;0;0;0;1;0;1;1;0;0;1;0;0;0;0;0;0;0;1;0;0;1;1;0;0;0;0;0;0;0;0;0;0;0;0;0;0;0;0;0;0;0;0;0;0;0;0;0;1;0;0;1;0;0;0;0;0;0;0;1;0;0;0;1000;975;25;654;0;1;47.24;0.975;1
466240;Deceit;World Makers;World Makers;3 Mar, 2017;0.0;0;5000000;155;79.12;73606;19421;0;14;0;16;none;1;0;0;8.0;1;Novato;288;1;0;0;0;1;0;0;0;0;0;0;0;0;0;0;1;0;0;0;0;1;1;0;0;1;1;0;0;0;1;0;0;0;0;0;0;1;1;0;0;0;1;0;0;0;0;1;1;0;1;0;0;0;0;0;0;0;0;0;0;0;0;0;0;0;0;0;1;0;0;0;0;0;1;0;0;1;0;1000;770;230;1000;0;10;84.99;0.77;1
284160;BeamNG.drive;BeamNG;BeamNG;29 May, 2015;9.99;0;5000000;15863;97.39;313873;8405;0;5;0;13;none;1;0;0;16.0;1;Novato;83;0;0;0;0;0;0;0;1;1;0;0;0;0;1;1;0;0;0;0;0;1;1;1;0;0;1;1;0;0;1;1;0;0;0;0;0;0;0;0;0;0;0;0;0;0;0;0;1;0;0;0;1;1;0;0;0;1;0;0;0;0;0;0;1;0;0;0;0;0;0;0;0;1;0;0;0;0;0;1000;966;34;933;1000;1;124.43;0.966;1
278360;A Story About My Uncle;Gone North Games;Coffee Stain Publishing;28 May, 2014;9.89;0;5000000;8;91.57;26479;2437;0;15;0;5;full;1;1;1;2.0;1;Novato;341;0;1;1;0;1;0;0;0;0;0;0;0;0;0;1;0;0;0;0;1;0;1;1;0;0;1;0;0;0;1;0;0;0;1;0;0;0;0;0;0;0;0;0;1;0;0;0;0;0;0;0;0;0;0;0;0;0;1;0;0;0;0;0;0;0;0;0;1;1;1;1;1;0;0;0;0;0;0;1000;864;136;354;0;20;21.02;0.864;1
264710;Subnautica;Unknown Worlds Entertainment;Unknown Worlds Entertainment;23 Jan, 2018;20.99;0;5000000;2719;97.05;304449;9258;0;17;1;27;full;1;1;0;4.0;3;Establecido;233;0;1;0;0;1;0;0;0;0;0;0;0;0;0;1;0;0;0;0;1;0;1;1;0;0;1;0;0;0;1;1;1;0;0;0;0;1;1;0;0;0;0;0;0;0;0;0;1;0;0;0;1;0;0;0;0;0;0;0;0;0;0;0;0;0;0;0;1;0;0;0;1;0;0;1;0;0;0;1000;965;35;921;0;1;25.4;0.965;1
80;Counter-Strike: Condition Zero;Valve;Valve;1 Mar, 2004;5.79;0;5000000;276;91.39;24271;2287;0;0;0;8;none;1;1;1;0.09;27;AAA;300;1;0;0;0;0;0;0;0;0;0;0;0;0;0;1;1;0;0;0;0;0;0;0;0;0;0;0;0;0;1;1;0;0;0;0;0;1;0;0;0;0;1;0;0;0;0;0;1;0;0;0;0;0;0;0;0;0;0;0;0;0;0;0;0;0;0;1;1;0;0;0;0;0;0;0;0;1;0;1000;900;100;877;0;6;67.83;0.9;1
370910;Kathy Rain;Clifftop Games;Raw Fury;5 May, 2016;5.79;0;5000000;10;92.06;3478;300;0;20;0;6;none;1;1;0;0.12;1;Novato;206;0;1;0;0;1;0;0;0;0;0;0;0;0;0;1;0;0;0;0;0;0;1;1;0;0;1;0;0;0;0;0;0;0;1;0;0;0;0;1;0;0;0;0;0;0;0;0;0;0;0;0;0;0;0;0;0;0;1;1;0;0;0;0;0;0;0;0;1;0;0;0;1;0;0;0;0;0;0;362;322;40;189;0;29;9.91;0.89;1
40;Deathmatch Classic;Valve;Valve;1 Jun, 2001;2.99;0;5000000;7;82.77;2618;545;0;0;0;9;none;1;1;1;0.09;27;AAA;243;1;0;0;0;0;0;0;0;0;0;0;0;0;0;0;1;0;0;0;0;0;0;0;0;0;0;1;0;0;1;0;0;0;0;0;0;0;0;0;0;0;0;0;0;0;0;1;1;0;1;0;0;0;0;0;0;0;0;0;0;0;0;0;0;0;0;0;0;0;1;0;0;0;0;0;0;1;0;602;516;86;526;0;29;17.82;0.857;1
275390;Guacamelee! Super Turbo Championship Edition;Drinkbox Studios;Drinkbox Studios, Kepler Ghost;21 Aug, 2014;8.55;0;5000000;5;92.59;6234;499;0;30;0;6;full;1;0;0;0.5;1;Novato;246;1;1;0;0;1;0;0;0;0;0;0;0;0;0;1;1;1;0;0;1;0;1;1;1;0;1;1;1;0;0;0;0;0;0;0;0;0;0;0;1;0;0;0;1;1;0;1;0;1;0;0;0;0;0;0;0;0;0;0;0;0;1;0;0;0;0;0;0;0;1;0;1;0;0;0;0;0;0;784;717;67;385;0;29;14.15;0.915;1
2881650;Content Warning;Zorro, Wilnyl, Philip, thePetHen, Skog;Evil Landfall?;1 Apr, 2024;3.99;0;5000000;722;94.76;137483;7608;0;48;0;12;none;1;0;0;8.0;1;Novato;99;1;1;0;0;1;0;0;0;0;0;0;0;0;0;0;1;1;1;0;0;1;0;1;0;0;0;0;0;0;1;0;0;0;0;0;0;0;1;0;0;0;0;0;0;0;0;1;1;0;0;0;0;0;0;0;0;0;0;0;0;0;0;1;0;0;0;0;1;0;0;0;0;0;0;0;0;0;0;1000;894;106;716;0;1;14.63;0.894;1
311210;Call of Duty®: Black Ops III;Treyarch, Aspyr (Mac);Activision, Aspyr (Mac);5 Nov, 2015;19.79;0;5000000;5414;84.32;181306;33720;0;98;7;11;full;1;1;0;6.0;1;Novato;130;1;1;0;0;0;0;0;0;0;0;0;0;0;0;1;1;1;0;0;1;0;1;0;1;0;1;1;0;0;1;0;0;0;1;0;0;0;0;0;0;0;0;0;0;0;0;1;1;0;0;0;0;0;0;0;0;0;0;0;0;0;0;0;0;0;0;0;1;0;0;0;0;0;0;0;0;1;0;1000;913;87;899;0;1;50.49;0.913;1
333930;Dirty Bomb®;Splash Damage;Warchest Ltd.;2 Jun, 2015;0.0;1;5000000;40;81.28;46464;10703;0;77;0;6;none;1;0;0;3.0;1;Novato;138;1;0;0;0;0;0;0;0;0;0;0;0;0;0;0;1;0;0;0;0;0;1;0;0;1;1;0;0;0;1;1;0;0;0;0;0;0;0;0;0;0;0;0;0;0;0;1;1;0;1;0;0;0;0;0;0;0;0;0;0;0;0;0;0;0;0;0;0;0;0;0;0;0;1;0;0;1;0;896;720;176;896;0;29;149.55;0.804;1
1172620;Sea of Thieves: 2026 Edition;Rare Ltd;Xbox Game Studios;3 Jun, 2020;27.99;0;5000000;5437;89.26;317074;38164;0;290;6;15;none;1;0;0;8.0;1;Novato;273;1;1;0;0;0;0;0;0;0;0;0;0;0;0;0;1;1;1;0;0;1;1;0;0;1;1;0;0;0;1;1;0;0;0;0;0;0;0;0;0;0;0;0;0;0;0;1;1;0;1;0;0;0;0;0;0;0;0;0;0;0;0;0;0;0;0;0;1;0;0;0;0;0;0;0;0;1;0;999;719;280;867;0;1;171.68;0.72;1
22380;Fallout: New Vegas;Obsidian Entertainment;Bethesda Softworks;19 Oct, 2010;5.99;0;5000000;3892;96.08;218763;8937;0;75;7;5;none;1;0;0;2.0;5;Establecido;45;1;0;0;0;0;0;1;0;0;0;0;0;0;0;1;0;0;0;0;0;1;1;0;0;0;0;0;0;0;1;1;0;0;1;0;0;1;0;1;1;0;0;0;0;0;0;0;0;0;0;0;1;0;0;0;0;0;0;0;0;0;0;0;0;0;0;0;1;0;0;0;0;0;0;0;0;1;0;1000;943;57;854;0;1;105.19;0.943;1
250900;The Binding of Isaac: Rebirth;Nicalis, Inc., Edmund McMillen;Nicalis, Inc.;4 Nov, 2014;14.99;0;5000000;14904;97.31;334165;9255;0;641;5;1;full;1;1;1;2.0;1;Novato;337;1;0;0;0;0;0;0;0;0;0;0;0;0;0;1;1;0;0;0;1;0;1;1;0;0;1;1;0;0;0;0;0;0;0;0;0;0;1;0;0;0;0;0;0;0;0;1;0;1;0;0;0;0;0;0;0;0;0;0;0;0;1;0;0;0;0;1;1;0;1;0;1;0;0;0;0;0;0;1000;959;41;903;0;1;173.46;0.959;1
700330;SCP: Secret Laboratory;Northwood Studios;Northwood Studios;29 Dec, 2017;0.0;1;5000000;4696;91.42;195923;18386;0;52;0;18;none;1;0;0;4.0;1;Novato;291;1;0;1;0;1;0;1;0;0;0;0;0;0;0;0;1;0;0;0;0;0;1;1;0;0;0;0;0;0;1;0;0;0;0;0;0;1;1;0;0;0;1;0;0;0;0;1;1;0;0;0;0;0;0;0;0;0;0;0;0;0;0;0;0;0;0;0;1;0;1;0;1;0;1;0;0;1;0;1000;892;108;1000;0;1;223.13;0.892;1
10180;Call of Duty®: Modern Warfare® 2 (2009);Infinity Ward;Activision;11 Nov, 2009;14.99;0;5000000;399;93.16;54145;3973;0;50;2;5;none;1;1;0;1.0;7;Establecido;273;1;0;0;0;0;0;0;0;0;0;0;0;0;0;1;1;1;0;0;0;0;1;1;0;0;0;0;0;0;1;0;0;0;1;0;0;0;0;0;0;0;1;0;0;0;0;1;1;0;1;0;0;0;0;0;0;0;0;0;0;0;0;0;0;0;0;0;1;0;0;0;0;0;0;0;0;1;0;1000;953;47;824;0;4;46.54;0.953;1
582660;Black Desert;Pearl Abyss;Pearl Abyss;15 Nov, 2017;3.59;0;5000000;14345;74.11;64416;22503;0;0;3;11;none;1;0;0;8.0;1;Novato;297;1;1;0;0;0;1;1;0;0;0;1;0;0;0;0;1;1;1;0;0;1;0;0;0;1;1;0;0;0;0;1;1;0;0;0;0;0;0;1;0;0;1;0;0;0;0;0;1;0;1;0;0;1;0;0;0;0;0;0;0;0;0;1;0;0;0;0;1;0;0;0;0;0;0;0;0;0;0;998;680;318;591;0;3;991.87;0.681;1
1229490;ULTRAKILL;"Arsi ""Hakita"" Patala";New Blood Interactive;3 Sep, 2020;9.99;0;5000000;3122;97.71;165867;3884;0;0;0;1;full;1;0;0;4.0;1;Novato;295;1;0;0;0;1;0;0;0;0;0;0;0;0;1;1;0;0;0;0;1;0;0;1;0;0;0;0;0;0;1;0;0;0;0;0;0;0;0;0;0;0;0;0;0;0;0;0;0;0;0;0;0;0;0;0;0;0;0;0;0;0;0;0;0;0;0;0;0;0;1;0;0;1;0;0;0;1;0;1000;962;38;861;1000;1;40.01;0.962;1
1046930;Dota Underlords;Valve;Valve;20 Jun, 2019;0.0;1;5000000;1008;82.24;74753;16141;0;0;0;28;none;1;1;1;4.0;27;AAA;295;0;0;1;0;0;0;0;0;0;0;1;0;0;0;1;1;0;0;0;0;1;0;1;0;0;0;0;0;0;0;0;0;0;0;0;0;0;0;0;0;1;1;0;0;0;0;1;1;0;1;0;0;0;0;0;0;0;0;0;0;0;0;0;0;0;0;0;0;0;0;1;0;0;1;0;1;0;0;1000;762;238;1000;0;13;183.29;0.762;1
1426210;It Takes Two;Hazelight Studios;Electronic Arts;25 Mar, 2021;39.99;0;5000000;5018;95.26;208042;10341;0;20;1;12;full;1;0;0;8.0;3;Establecido;249;1;1;0;0;0;0;0;0;0;0;0;0;0;0;0;1;1;1;0;1;0;1;1;0;0;1;1;1;0;0;0;0;0;1;0;0;0;0;0;0;0;0;0;1;0;0;1;1;1;0;0;0;0;0;0;0;0;1;0;0;0;0;0;0;0;0;0;1;0;0;0;0;0;0;0;0;0;0;1000;949;51;684;0;1;15.96;0.949;1
2195250;EA SPORTS FC™ 24;EA Canada, EA Romania;Electronic Arts;28 Sep, 2023;0.0;0;5000000;5110;57.75;63281;46293;0;40;0;21;full;1;0;0;8.0;3;Establecido;176;0;0;0;0;0;0;0;0;1;1;0;0;0;0;1;1;1;1;0;1;0;1;0;0;1;0;1;1;0;1;0;0;0;0;0;0;0;0;0;0;0;0;0;0;0;0;1;1;1;1;0;0;1;0;0;1;0;0;0;0;0;0;1;1;0;0;0;0;0;0;0;0;1;0;0;0;0;0;1000;583;417;886;0;6;205.96;0.583;1
2183900;Warhammer 40,000: Space Marine 2;Saber Interactive;Focus Entertainment;9 Sep, 2024;34.99;0;5000000;6851;82.87;134739;27846;0;50;22;17;full;1;0;0;8.0;2;Novato;240;1;1;0;0;0;0;1;0;0;0;0;0;0;0;1;1;1;1;0;1;0;1;1;0;0;1;0;0;0;0;0;0;0;0;0;0;0;0;0;0;0;0;0;0;0;0;1;1;0;0;0;0;0;0;0;0;0;0;0;0;0;0;1;1;0;0;0;0;0;0;0;0;0;0;0;0;0;0;1000;808;192;799;0;1;84.69;0.808;1
883710;Resident Evil 2;CAPCOM Co., Ltd.;CAPCOM Co., Ltd.;24 Jan, 2019;29.0;0;5000000;1123;96.99;167647;5210;0;44;13;15;full;1;0;0;8.0;18;AAA;287;1;0;0;0;0;0;0;0;0;0;0;0;0;0;1;0;0;0;0;1;0;1;1;0;0;1;0;0;0;0;0;0;0;1;0;0;1;1;0;0;0;0;0;0;0;0;0;1;0;0;0;0;0;0;0;0;0;1;0;0;0;0;0;0;0;0;1;1;0;1;0;0;0;0;0;0;0;0;1000;963;37;703;0;1;36.01;0.963;1
219640;Chivalry: Medieval Warfare;Torn Banner Studios;Torn Banner Studios;16 Oct, 2012;24.99;0;5000000;32;82.54;54016;11428;0;49;2;9;full;1;1;1;2.0;2;Novato;143;1;0;0;0;1;0;0;0;0;0;0;0;0;0;0;1;0;0;0;1;0;1;0;1;0;1;0;0;0;1;0;0;0;0;0;0;0;0;0;0;0;0;0;0;0;0;1;1;0;1;0;0;1;0;0;0;0;0;0;0;0;0;0;0;0;0;0;1;0;1;0;1;0;0;0;0;1;0;877;656;221;587;0;29;136.24;0.748;1
306130;The Elder Scrolls® Online;ZeniMax Online Studios;Bethesda Softworks;22 May, 2017;11.99;0;5000000;15987;81.43;125497;28616;0;0;6;7;none;1;1;0;4.0;1;Novato;175;1;1;0;0;0;1;1;0;0;0;0;0;0;0;0;1;1;1;0;0;1;0;0;0;1;1;0;0;0;0;1;0;0;1;0;0;0;0;1;1;0;0;0;0;0;0;0;1;0;1;0;0;0;0;0;0;0;0;0;0;0;0;0;0;0;0;0;1;0;0;0;0;0;0;0;0;0;0;1000;733;267;832;0;2;604.21;0.733;1
244210;Assetto Corsa;Kunos Simulazioni;Kunos Simulazioni;19 Dec, 2014;22.79;0;5000000;8961;92.63;140238;11153;0;709;11;4;none;1;0;0;2.0;2;Novato;196;0;0;0;0;1;0;0;1;1;1;0;0;0;0;1;1;0;0;0;0;1;1;0;0;0;0;0;0;0;1;1;0;0;0;0;0;0;0;0;0;0;0;0;0;0;0;0;1;0;0;0;0;1;0;0;1;1;0;0;0;0;0;0;1;0;0;0;0;0;0;0;1;0;0;1;0;0;0;1000;928;72;812;0;1;78.89;0.928;1
268500;XCOM® 2;Firaxis Games, Feral Interactive (Mac), Feral Interactive (Linux);2K, Feral Interactive (Mac), Feral Interactive (Linux);4 Feb, 2016;2.99;0;5000000;3123;84.75;86187;15514;0;88;7;11;none;1;1;1;4.0;1;Novato;258;0;0;0;0;0;0;0;0;0;0;1;0;0;0;1;0;0;0;0;0;0;1;1;1;0;1;0;0;0;0;0;0;0;0;0;0;0;0;1;0;1;0;0;0;0;0;0;0;0;0;0;0;0;0;0;0;0;0;0;0;0;0;0;0;0;0;0;0;0;0;0;0;0;0;0;0;0;0;1000;859;141;782;0;3;171.01;0.859;1
1794680;Vampire Survivors;poncle;poncle;20 Oct, 2022;3.49;0;5000000;2966;98.46;246479;3855;0;243;8;14;full;1;1;0;1.0;1;Novato;266;1;0;1;0;1;0;1;0;0;0;0;0;0;0;1;1;1;1;0;1;0;1;1;0;0;1;1;0;0;0;0;0;0;0;0;0;0;0;1;1;0;0;0;0;0;0;0;0;1;0;0;0;0;0;0;0;0;0;0;0;0;1;0;0;0;0;0;0;0;0;1;1;0;0;0;0;0;0;999;959;40;889;0;2;37.68;0.96;1
1818750;MultiVersus;Player First Games;Warner Bros. Games;19 Jul, 2022;0.0;0;5000000;55;76.4;90318;27894;0;28;0;13;full;1;0;0;8.0;1;Novato;144;1;0;0;0;0;0;0;0;0;0;0;0;0;0;1;1;1;1;0;1;0;1;0;0;1;0;1;0;0;0;0;0;0;0;0;0;0;0;0;0;0;0;0;0;0;0;1;1;0;0;0;0;0;0;0;0;0;0;0;0;0;1;0;0;0;1;0;0;0;0;0;0;0;1;0;0;0;0;1000;581;419;1000;0;11;52.08;0.581;1
242050;Assassin’s Creed® IV Black Flag™;Ubisoft Montreal;Ubisoft;;31.99;0;5000000;923;88.56;62942;8129;0;60;0;16;none;1;0;0;2.0;7;Establecido;209;1;1;0;0;0;0;0;0;0;0;0;0;0;0;1;1;0;0;0;0;0;1;0;0;1;0;0;0;0;0;1;0;0;1;0;0;0;0;1;1;0;0;0;0;0;0;0;1;0;0;0;0;0;0;0;0;0;0;0;0;0;0;0;0;0;0;0;1;0;0;0;0;0;0;0;0;0;1;1000;855;145;942;0;2;48.83;0.855;1
30;Day of Defeat;Valve;Valve;1 May, 2003;2.99;0;5000000;87;90.31;6414;688;0;0;0;5;none;1;1;1;0.09;27;AAA;309;1;0;0;0;0;0;0;0;0;0;0;0;0;0;0;1;0;0;0;0;0;0;0;0;0;0;0;0;0;1;0;0;0;0;0;0;0;0;0;0;0;1;0;0;0;0;1;1;0;0;0;0;0;0;0;0;0;0;0;0;0;0;0;0;0;0;0;0;0;1;0;0;0;0;0;0;1;0;985;894;91;746;0;29;181.2;0.908;1
236850;Europa Universalis IV;Paradox Development Studio, Paradox Tinto;Paradox Interactive;13 Aug, 2013;34.99;0;5000000;12445;86.61;116432;18004;0;373;33;4;none;1;1;1;4.0;1;Novato;162;0;0;0;0;0;0;0;0;1;0;1;0;0;0;1;1;1;1;0;0;0;1;1;1;0;1;0;0;0;0;0;0;0;0;0;0;0;0;0;0;0;1;0;0;0;0;1;1;0;0;0;1;1;1;0;0;0;0;0;0;0;0;0;0;0;0;0;0;0;0;0;0;0;0;0;0;0;0;1000;884;116;741;0;3;818.52;0.884;1
363970;Clicker Heroes;Playsaurus;Playsaurus;13 May, 2015;0.0;1;5000000;2019;89.7;54989;6315;0;111;6;26;none;1;1;0;1.0;1;Novato;246;0;1;1;0;1;0;1;0;1;0;1;0;0;0;1;0;0;0;0;0;0;1;1;0;1;1;0;0;0;0;0;0;0;0;0;0;0;0;1;0;0;1;0;0;0;0;0;1;0;0;0;0;1;1;0;0;0;0;0;0;0;1;0;0;0;0;0;0;0;0;1;1;0;1;0;0;0;0;1000;850;150;1000;0;9;431.41;0.85;1
253710;theHunter Classic;Expansive Worlds, Avalanche Studios;Expansive Worlds, Avalanche Studios;3 Jun, 2014;0.0;1;5000000;417;58.11;24959;17994;0;170;1;17;none;1;0;0;2.0;1;Novato;289;1;1;0;0;0;0;0;0;1;1;0;0;0;0;1;1;1;1;0;0;0;1;0;0;1;0;0;0;0;1;1;0;0;0;0;0;1;0;0;0;0;1;0;0;0;0;1;1;0;0;0;0;1;0;0;1;0;0;0;0;0;0;0;1;0;0;0;0;0;0;1;0;0;1;0;0;1;1;1000;650;350;1000;0;7;209.61;0.65;1
379720;DOOM;id Software;Bethesda Softworks;12 May, 2016;11.99;0;5000000;1590;95.52;198001;9278;0;54;1;10;none;1;0;0;8.0;4;Establecido;297;1;0;0;0;0;0;0;0;0;0;0;0;0;0;1;1;1;0;0;0;1;1;1;0;0;1;0;0;0;1;0;0;0;0;0;0;0;1;0;0;0;0;0;0;0;0;1;1;0;0;0;0;0;0;0;0;0;0;0;0;0;0;0;0;0;0;0;1;0;1;0;0;0;0;0;0;1;0;1000;948;52;877;0;1;19.24;0.948;1
273350;Evolve Stage 2;Turtle Rock Studios;2K;10 Feb, 2015;0.0;0;5000000;9;69.98;33844;14518;0;0;0;11;full;1;0;0;4.0;2;Novato;231;1;0;0;0;0;0;0;0;0;0;0;0;0;0;1;1;1;0;0;1;0;0;0;0;0;1;0;0;0;1;0;0;0;0;0;0;1;0;0;0;0;1;0;0;0;0;1;1;0;1;0;0;0;0;0;0;0;0;0;0;0;0;0;0;0;0;0;1;0;0;1;0;0;0;0;0;1;1;928;777;151;73;0;29;53.57;0.837;1
1782210;Crab Game;Dani;Dani;29 Oct, 2021;0.0;1;5000000;2921;91.54;139538;12895;0;0;0;1;none;1;1;1;2.0;1;Novato;163;1;0;1;0;1;0;0;1;0;0;0;0;0;0;0;1;1;1;0;0;0;0;0;0;0;0;0;0;0;1;0;0;0;0;0;0;0;0;0;0;0;0;0;1;0;0;0;1;0;1;1;0;0;0;0;0;1;0;0;0;0;0;1;0;0;0;0;0;0;0;1;0;0;1;0;0;1;0;998;789;209;998;0;5;21.27;0.791;1
844870;KurtzPel;KOG;KOG;30 Apr, 2019;0.0;1;5000000;30;60.83;20936;13480;0;85;0;18;full;1;0;0;8.0;1;Novato;338;1;0;0;0;0;0;0;0;0;0;0;0;0;1;0;1;1;1;0;1;0;1;0;0;1;0;0;0;0;0;0;0;0;0;0;0;0;0;0;0;0;0;0;0;0;0;1;1;0;1;0;0;0;0;0;0;0;0;0;0;1;0;0;0;0;0;0;0;0;0;0;0;1;1;0;0;0;0;825;335;490;825;825;29;178.9;0.406;1
601150;Devil May Cry 5;CAPCOM Co., Ltd.;CAPCOM Co., Ltd.;7 Mar, 2019;23.0;0;5000000;2248;95.98;140260;5873;0;55;32;12;full;1;0;0;8.0;18;AAA;90;1;0;0;0;0;0;0;0;0;0;0;0;0;0;1;1;1;1;0;1;0;1;1;0;0;1;0;0;0;0;0;0;0;1;0;0;0;0;0;0;0;0;0;0;0;0;0;1;0;0;0;0;0;0;0;0;0;0;0;0;1;0;0;0;0;0;0;0;0;1;0;0;0;0;0;0;0;0;1000;970;30;864;0;1;15.0;0.97;1
1286830;STAR WARS™: The Old Republic™;Broadsword;Electronic Arts;21 Jul, 2020;0.0;1;5000000;6625;89.57;60864;7088;0;191;4;3;none;1;0;0;6.0;1;Novato;274;0;0;0;0;0;1;1;0;0;0;0;0;0;0;0;1;1;0;0;0;0;1;0;0;1;1;0;0;0;0;1;0;0;1;0;0;0;0;1;1;0;0;0;0;0;0;0;1;0;1;0;0;0;0;0;0;0;0;0;0;0;0;0;0;0;0;0;1;0;0;0;0;0;1;0;0;0;0;1000;895;105;1000;0;2;191.78;0.895;1
365670;Blender;Blender Foundation;Blender Foundation;24 Apr, 2015;0.0;1;5000000;9640;96.3;70186;2695;0;0;0;12;none;1;1;1;8.0;1;Novato;97;0;0;0;0;0;0;0;0;0;0;0;0;0;0;0;0;0;0;0;0;0;0;0;0;0;0;0;0;0;0;0;0;0;1;0;0;0;0;0;0;0;0;0;0;0;0;0;0;0;0;0;1;0;0;0;0;0;0;0;0;0;1;1;0;0;0;0;0;0;1;0;0;0;1;0;0;0;0;1000;939;61;1000;0;1;275.27;0.939;1
319630;Life is Strange - Episode 1;DONTNOD Entertainment, Feral Interactive (Mac), Feral Interactive (Linux);Square Enix, Feral interactive (Mac), Feral Interactive (Linux);29 Jan, 2015;0.0;1;5000000;294;96.2;162769;6432;0;60;1;6;full;1;1;1;2.0;2;Novato;183;1;1;0;0;0;0;0;0;0;0;0;0;0;0;1;0;0;0;0;1;0;1;1;0;0;1;0;0;0;0;0;0;0;1;0;0;0;0;0;0;0;0;0;0;0;0;0;0;0;0;0;0;0;0;0;0;0;0;1;0;0;0;0;0;0;0;0;1;0;0;1;1;0;0;0;0;0;0;1000;974;26;1000;0;3;18.17;0.974;1
1293830;Forza Horizon 4;Playground Games;Xbox Game Studios;9 Mar, 2021;0.0;0;5000000;4864;90.73;263942;26975;0;178;0;16;full;1;0;0;8.0;2;Novato;179;0;0;0;0;0;0;0;1;0;0;0;0;0;0;1;1;1;1;0;1;0;1;1;0;0;1;0;0;0;1;1;0;0;0;0;0;0;0;0;0;0;0;0;0;0;0;0;1;0;1;0;0;1;0;0;1;1;0;0;0;0;0;0;1;0;0;0;1;0;0;0;0;0;0;0;0;0;0;1000;898;102;1000;0;2;78.84;0.898;1
1145360;Hades;Supergiant Games;Supergiant Games;17 Sep, 2020;4.99;0;5000000;2253;98.24;274829;4912;0;49;1;11;full;1;1;0;4.0;4;Establecido;155;1;0;0;0;1;0;1;0;0;0;0;0;0;0;1;0;0;0;0;1;0;1;1;0;0;1;0;0;0;0;0;0;0;1;0;0;0;0;1;1;0;0;0;0;0;0;0;0;0;0;0;0;0;0;0;0;0;0;0;0;0;0;0;0;0;0;0;1;0;1;0;1;0;0;0;0;0;0;1000;956;44;932;0;1;48.1;0.956;1
671860;BattleBit Remastered;SgtOkiDoki, Vilaskis, TheLiquidHorse;SgtOkiDoki;15 Jun, 2023;14.99;0;5000000;568;84.16;120458;22666;0;0;1;27;none;1;0;0;6.0;1;Novato;158;1;0;0;0;0;1;0;0;0;0;0;0;0;1;0;1;0;0;0;0;1;0;0;0;0;0;0;0;0;1;0;0;0;0;0;0;0;0;0;0;0;0;0;0;0;0;0;1;0;1;0;0;0;0;0;0;0;0;0;0;0;0;1;0;0;0;0;0;0;0;0;1;1;0;0;0;1;0;1000;590;410;850;1000;4;94.13;0.59;1
427520;Factorio;Wube Software LTD.;Wube Software LTD.;14 Aug, 2020;17.0;0;5000000;16426;97.01;208770;6439;0;88;3;30;none;1;1;1;8.0;1;Novato;303;0;0;1;0;1;0;0;0;1;0;1;0;0;0;1;1;1;1;0;0;1;1;1;0;0;0;0;0;0;0;1;1;0;0;0;0;1;0;0;0;0;1;0;0;0;0;1;1;0;0;0;1;1;1;1;0;0;0;0;0;0;1;0;0;0;0;0;0;0;0;0;1;0;0;0;0;0;0;1000;975;25;834;0;1;363.29;0.975;1
221380;Age of Empires II (Retired);Skybox Labs, Hidden Path Entertainment, Ensemble Studios, Forgotten Empires;Xbox Game Studios;9 Apr, 2013;9.99;0;5000000;2278;95.79;97083;4268;0;294;3;11;none;1;0;0;1.0;1;Novato;159;0;0;0;0;0;0;0;0;0;0;1;0;0;0;1;1;0;0;0;0;0;1;1;1;0;1;0;0;0;0;0;0;0;0;0;0;0;0;0;0;0;1;0;0;0;0;1;1;0;0;0;0;0;0;1;0;0;0;0;0;0;1;0;0;0;0;0;0;0;0;0;0;0;0;0;0;0;0;1000;969;31;857;0;7;399.27;0.969;1
231430;Company of Heroes 2;Relic Entertainment, Feral Interactive (Mac), Feral Interactive (Linux);Relic Entertainment, Feral Interactive (Mac), Feral Interactive (Linux);25 Jun, 2013;9.49;0;5000000;2330;78.96;86713;23112;0;452;5;8;none;1;1;1;2.0;2;Novato;290;0;0;0;0;0;0;0;0;0;0;1;0;0;0;1;1;1;1;0;0;0;1;1;1;0;1;0;0;0;0;0;0;0;0;0;0;0;0;0;0;0;1;0;0;0;0;1;1;0;0;0;0;1;0;0;0;0;0;0;0;0;0;0;0;0;0;0;1;0;0;0;0;0;0;0;0;0;0;1000;759;241;682;0;4;318.69;0.759;1
813820;Realm Royale Reforged;Heroic Leap Games;Hi-Rez Studios;5 Jun, 2018;0.0;0;5000000;2;76.17;43223;13520;0;22;0;8;none;1;0;0;4.0;1;Novato;288;1;0;0;0;0;0;0;0;0;0;0;0;0;1;0;1;0;0;0;0;1;0;0;0;0;0;0;0;0;0;1;0;0;0;0;0;1;0;0;0;0;0;0;0;0;0;1;1;0;1;1;0;0;0;0;0;0;0;0;0;0;0;0;0;0;0;0;0;0;0;0;0;1;1;0;0;1;0;1000;867;133;1000;1000;18;94.95;0.867;1
594570;Total War: WARHAMMER II;CREATIVE ASSEMBLY, Feral Interactive (Mac), Feral Interactive (Linux);SEGA, Feral Interactive (Mac), Feral Interactive (Linux);28 Sep, 2017;49.99;0;5000000;1464;92.37;114776;9476;0;152;22;13;none;1;1;1;5.0;6;Establecido;240;1;0;0;0;0;0;0;0;0;0;1;0;0;0;1;1;1;1;0;0;0;1;0;1;0;1;0;0;0;0;0;0;0;1;0;0;0;0;0;0;1;1;0;0;0;0;1;1;0;0;0;0;0;0;0;0;0;0;0;0;0;0;0;0;0;0;0;1;0;0;0;0;0;0;0;0;0;0;1000;785;215;748;0;9;296.45;0.785;1
391540;Undertale;tobyfox;tobyfox;15 Sep, 2015;5.79;0;5000000;3331;96.76;264082;8850;0;0;1;2;none;1;1;1;2.0;1;Novato;63;0;0;0;0;1;0;1;0;0;0;0;0;0;0;1;0;0;0;0;0;0;0;0;0;0;1;0;0;0;0;0;0;0;1;0;0;0;1;1;0;0;0;0;0;0;0;0;0;0;0;0;0;0;0;0;0;0;0;0;0;0;1;0;0;0;0;1;0;0;0;0;1;0;0;0;0;0;0;1000;965;35;925;0;1;19.55;0.965;1
976730;Halo: The Master Chief Collection;343 Industries, Splash Damage, Ruffian Games, Bungie, Saber Interactive;Xbox Game Studios;3 Dec, 2019;39.99;0;5000000;3362;92.39;223635;18432;0;700;6;12;full;1;0;0;0.0;1;Novato;259;1;0;0;0;0;0;0;0;0;0;0;0;0;0;1;1;1;1;0;1;0;1;0;1;0;1;0;0;0;1;0;0;0;1;0;0;0;1;0;0;0;0;0;0;0;0;1;1;0;0;0;0;0;0;0;0;0;0;0;0;0;0;0;0;0;0;0;1;0;0;0;0;0;0;0;0;1;0;1000;870;130;916;0;1;60.75;0.87;1
646570;Slay the Spire;Mega Crit;Mega Crit;23 Jan, 2019;2.87;0;5000000;15038;97.79;178250;4027;0;46;1;17;full;1;1;1;2.0;1;Novato;200;0;0;0;0;1;0;0;0;0;0;1;0;0;0;1;0;0;0;0;1;0;1;1;1;0;1;0;0;0;0;0;0;0;0;0;0;0;0;1;0;1;1;0;0;0;0;0;0;0;0;0;0;0;0;0;0;0;0;0;0;0;1;0;0;0;0;0;0;0;1;1;1;0;0;0;0;0;0;1000;922;78;951;0;2;75.42;0.922;1
588650;Dead Cells;Motion Twin;Motion Twin;6 Aug, 2018;12.49;0;5000000;2559;97.08;163549;4915;0;121;8;15;full;1;1;1;2.0;1;Novato;243;1;1;0;0;1;0;0;0;0;0;0;0;0;0;1;0;0;0;0;1;0;1;1;1;0;1;0;0;0;0;0;0;0;0;0;0;0;0;0;0;0;0;0;1;1;0;0;0;0;0;0;0;0;0;0;0;0;0;0;0;0;1;0;0;0;0;0;1;0;1;0;1;0;0;0;0;0;0;998;961;37;816;0;2;39.08;0.963;1
268910;Cuphead;Studio MDHR Entertainment Inc.;Studio MDHR Entertainment Inc.;29 Sep, 2017;19.99;0;5000000;2080;96.28;179894;6941;0;42;3;12;full;1;1;0;3.0;1;Novato;294;1;0;0;0;1;0;0;0;0;0;0;0;0;0;1;1;1;0;0;1;0;1;1;0;0;1;1;1;0;0;0;0;0;0;0;0;0;0;0;0;0;0;0;1;0;0;1;1;1;0;0;0;0;0;0;0;0;0;0;0;0;1;0;0;0;1;0;0;0;1;0;1;0;0;0;0;0;0;1000;953;47;901;0;1;32.91;0.953;1
439700;Z1 Battle Royale: Test Server;Daybreak Game Company;Daybreak Game Company;24 Feb, 2016;0.0;0;5000000;1;52.28;1341;1224;0;0;0;1;none;1;0;0;4.0;2;Novato;310;0;0;0;0;0;1;0;0;0;0;0;0;0;0;0;1;0;0;0;0;0;0;0;0;0;0;0;0;0;0;1;0;0;0;0;0;1;0;0;0;0;0;0;0;0;0;1;1;0;1;1;0;0;0;0;0;0;0;0;0;0;0;0;0;0;0;0;1;0;0;0;0;0;1;0;0;1;0;74;33;41;39;0;24;17.38;0.446;1
500;Left 4 Dead;Valve;Valve;17 Nov, 2008;5.79;0;5000000;774;96.33;59622;2272;0;73;0;28;full;1;0;0;0.0;27;AAA;259;1;0;0;0;0;0;0;0;0;0;0;0;0;0;1;1;1;0;0;1;0;1;1;0;0;0;0;0;0;1;0;0;0;0;0;0;1;1;0;0;0;0;0;0;0;0;1;1;0;0;0;0;0;0;0;0;0;0;0;0;0;0;0;0;0;0;0;1;0;0;0;0;0;0;0;0;1;0;1000;972;28;938;0;3;50.39;0.972;1
1118200;People Playground;mestiez;Studio Minus;23 Jul, 2019;5.79;0;5000000;4505;98.57;277746;4017;0;17;0;1;none;1;0;0;4.0;1;Novato;83;1;0;1;0;1;0;0;0;1;0;0;0;0;0;1;0;0;0;0;0;0;1;1;1;0;1;0;0;0;0;0;0;0;0;0;0;0;1;0;0;0;0;0;0;0;0;0;0;0;0;0;1;1;0;0;0;0;0;0;0;0;1;0;0;0;0;0;0;0;0;1;1;0;0;0;0;0;0;1000;985;15;932;0;1;117.86;0.985;1
620;Portal 2;Valve;Valve;18 Apr, 2011;5.79;0;5000000;1959;98.69;427835;5675;0;51;1;27;full;1;0;1;2.0;27;AAA;125;1;1;0;0;0;0;0;0;0;0;0;0;0;0;1;1;1;1;0;1;0;1;1;1;0;1;1;1;0;1;0;0;0;1;0;0;0;0;0;0;0;0;0;1;0;0;1;0;0;0;0;0;0;0;0;0;0;1;0;0;0;0;0;0;0;0;0;1;0;0;0;0;0;0;0;0;1;0;1000;981;19;900;0;1;24.83;0.981;1
1551360;Forza Horizon 5;Playground Games;Xbox Game Studios;8 Nov, 2021;32.78;0;5000000;10009;88.62;199950;25679;0;164;52;16;full;1;0;0;8.0;2;Novato;116;1;1;0;0;0;0;0;1;1;1;0;0;0;0;1;1;1;1;0;1;0;1;1;0;0;1;0;0;0;1;1;0;0;0;0;0;0;0;0;0;0;0;0;0;0;0;1;1;0;1;0;0;1;0;0;1;1;0;0;0;0;0;0;1;0;0;0;1;0;0;0;0;0;0;1;0;0;0;1000;883;117;908;0;1;82.53;0.883;1
1049590;Eternal Return;Nimble Neuron;Nimble Neuron, SapStaR Games;19 Jul, 2023;0.0;1;5000000;12341;79.47;51694;13352;0;0;2;14;none;1;0;0;8.0;1;Novato;208;0;0;0;0;1;0;0;0;0;0;1;0;0;0;0;1;0;0;0;0;0;0;0;0;1;1;0;0;0;0;0;1;0;0;0;0;1;0;0;0;0;1;0;0;0;0;0;1;0;1;0;0;0;0;0;0;0;0;1;0;1;0;1;0;0;0;0;0;0;0;0;1;0;1;0;1;0;0;1000;176;824;1000;0;1;320.85;0.176;1
380;Half-Life 2: Episode One;Valve;Valve;1 Jun, 2006;0.0;0;5000000;18;95.78;30478;1344;0;13;1;18;full;1;0;1;0.5;27;AAA;284;1;0;0;0;0;0;0;0;0;0;0;0;0;0;1;0;0;0;0;1;0;1;1;0;0;0;0;0;0;1;0;0;0;1;0;0;0;0;0;0;0;0;0;0;0;0;0;0;0;0;0;0;0;0;0;0;0;1;0;0;0;0;0;0;0;0;0;1;0;0;0;0;0;0;0;0;1;0;1000;942;58;809;0;19;14.32;0.942;1
360;Half-Life Deathmatch: Source;Valve;Valve;1 May, 2006;5.79;0;5000000;43;74.65;3657;1242;0;0;0;1;none;1;0;1;1.0;27;AAA;194;1;0;0;0;0;0;0;0;0;0;0;0;0;0;0;1;0;0;0;0;0;0;0;0;0;0;0;0;0;1;0;0;0;0;0;0;0;1;0;0;0;0;0;0;0;0;0;1;0;0;0;0;0;0;0;0;0;0;0;0;0;0;0;0;0;0;0;1;0;0;0;0;0;0;0;0;1;0;999;796;203;653;0;16;17.71;0.797;1
779340;Total War: THREE KINGDOMS;CREATIVE ASSEMBLY, Feral Interactive (Mac), Feral Interactive (Linux);SEGA, Feral Interactive (Mac), Feral Interactive (Linux);23 May, 2019;49.99;0;5000000;4507;72.25;74951;28794;0;99;12;13;none;1;1;1;4.0;6;Establecido;293;1;0;0;0;0;0;0;0;0;0;1;0;0;0;1;1;1;1;0;0;0;1;1;0;0;1;0;0;0;0;0;0;0;0;0;0;0;0;0;0;1;1;0;0;0;0;1;1;0;0;0;1;1;0;0;0;0;0;0;0;0;0;0;0;0;0;0;0;0;0;0;0;0;0;0;0;0;0;1000;793;207;716;0;4;254.91;0.793;1
233450;Prison Architect;Introversion Software, Double Eleven;Paradox Interactive;6 Oct, 2015;17.99;0;5000000;781;89.09;64439;7891;0;18;12;15;none;1;1;1;6.0;1;Novato;155;0;0;0;0;1;0;0;0;1;0;1;0;0;0;1;0;0;0;0;0;0;1;1;1;0;1;0;0;0;0;0;0;0;0;0;0;0;0;0;0;0;1;0;0;0;0;0;1;0;0;0;1;1;1;1;0;0;0;0;0;0;1;0;0;0;0;0;0;0;0;1;1;0;0;0;0;0;0;999;837;162;812;0;6;75.89;0.838;1
782330;DOOM Eternal;id Software;Bethesda Softworks;19 Mar, 2020;23.99;0;5000000;2262;91.16;187807;18219;0;50;13;13;none;1;0;0;8.0;4;Establecido;201;1;0;0;0;0;0;0;0;0;0;0;0;0;0;1;1;0;0;0;0;1;1;1;0;0;1;0;0;0;1;0;0;0;1;0;0;0;1;0;0;0;0;0;0;0;0;0;1;0;0;0;0;0;0;0;0;0;0;0;0;0;0;0;0;0;0;0;1;0;1;0;0;0;0;0;0;1;0;1000;905;95;773;0;2;30.1;0.905;1
223710;Cry of Fear;Team Psykskallar;Team Psykskallar;25 Apr, 2013;0.0;1;5000000;405;88.5;65852;8556;0;0;0;7;none;1;0;0;1.0;1;Novato;306;1;1;0;0;1;0;0;0;0;0;0;0;0;0;1;1;1;0;0;0;0;0;1;0;0;0;0;0;0;1;0;0;0;0;0;0;1;1;0;0;0;0;0;0;0;0;1;1;0;0;0;0;0;0;0;0;0;0;0;0;0;0;0;0;0;0;0;1;0;0;0;1;0;1;0;0;1;0;1000;893;107;1000;0;2;14.28;0.893;1
677620;Splitgate;1047 Games;1047 Games;24 May, 2019;0.0;1;5000000;185;91.58;102336;9404;0;30;0;15;full;1;0;1;6.0;2;Novato;236;1;0;0;0;1;0;0;0;0;0;0;0;0;0;1;1;0;0;0;1;0;1;0;0;1;0;0;0;0;1;0;0;0;0;0;0;0;0;0;0;0;1;0;0;0;0;1;1;0;1;0;0;0;0;0;0;0;0;0;0;0;0;0;0;0;0;0;0;0;0;0;1;0;1;0;0;1;0;1000;758;242;1000;0;12;41.31;0.758;1
513710;SCUM;Gamepires;Gamepires;17 Jun, 2025;29.99;0;5000000;8535;74.66;83704;28411;0;69;15;10;none;1;0;0;16.0;1;Novato;203;1;1;0;0;1;1;0;0;0;0;0;0;0;0;1;1;1;1;0;0;0;1;0;0;0;1;0;0;0;0;1;1;0;0;0;0;1;0;1;0;0;0;0;0;0;0;0;1;0;1;0;0;0;0;0;0;0;0;0;0;0;0;0;1;0;0;0;0;0;0;0;1;1;0;0;0;1;0;1000;712;288;667;0;2;473.4;0.712;1
1677740;Stumble Guys;Scopely;Scopely;7 Oct, 2021;0.0;1;5000000;2928;85.02;108841;19170;0;36;0;13;none;1;0;0;4.0;1;Novato;197;1;0;1;0;1;1;0;1;0;0;0;0;0;0;0;1;0;0;0;0;1;0;0;0;1;0;0;0;0;0;0;0;0;0;0;0;1;0;0;0;0;0;0;0;0;0;1;1;0;1;1;0;0;0;0;0;1;0;0;0;0;0;0;0;0;0;0;0;0;0;1;1;0;1;0;0;0;0;1000;840;160;1000;0;2;66.98;0.84;1
109600;Neverwinter;Cryptic Studios;Arc Games;5 Dec, 2013;0.0;1;5000000;665;77.61;29947;8638;0;0;0;5;none;1;0;0;4.0;2;Novato;242;1;1;0;0;0;1;1;0;0;0;0;0;0;0;1;1;1;1;0;0;0;0;0;0;1;1;0;0;0;0;1;0;0;0;0;0;0;0;1;1;0;0;0;0;0;0;1;1;0;1;0;0;0;0;0;0;0;0;0;0;0;0;0;0;0;0;0;1;0;0;0;0;0;1;0;0;0;0;1000;735;265;1000;0;10;248.02;0.735;1
420;Half-Life 2: Episode Two;Valve;Valve;10 Oct, 2007;0.0;0;5000000;20;97.07;40556;1226;0;23;1;17;full;1;0;1;0.5;27;AAA;288;1;0;0;0;0;0;0;0;0;0;0;0;0;0;1;0;0;0;0;1;0;1;1;0;0;0;0;0;0;1;0;0;0;1;0;0;0;1;0;0;0;0;0;0;0;0;0;1;0;0;0;0;0;0;0;0;0;1;0;0;0;0;0;0;0;0;0;1;0;0;0;0;0;0;0;0;1;0;1000;961;39;803;0;19;17.0;0.961;1
397900;Business Tour - Board Game with Online Multiplayer;8Floor;8Floor;27 Jul, 2017;0.0;1;5000000;809;60.66;46567;30205;0;19;10;23;full;1;1;0;0.0;1;Novato;236;0;1;1;0;1;1;0;0;1;0;1;0;0;0;1;1;1;1;0;1;0;1;0;1;1;1;1;1;0;0;0;0;0;0;0;0;0;0;0;0;0;1;0;0;0;0;1;1;0;0;0;0;1;1;0;0;0;0;0;0;0;0;0;0;0;0;0;0;0;0;1;1;0;1;0;0;0;0;1000;379;621;1000;0;3;22.92;0.379;1
698780;Doki Doki Literature Club!;Team Salvato;Team Salvato;6 Oct, 2017;0.0;1;5000000;427;96.45;203247;7470;0;0;1;1;none;1;1;0;4.0;1;Novato;157;0;0;1;0;1;0;0;0;0;0;0;0;0;0;1;0;0;0;0;0;0;0;0;0;0;0;0;0;0;1;0;0;0;1;0;0;0;1;0;0;0;0;0;0;0;0;0;0;0;0;0;0;0;0;0;0;0;0;0;1;1;0;0;0;0;0;1;0;0;0;1;1;0;1;0;0;0;0;1000;952;48;1000;0;1;20.14;0.952;1
435150;Divinity: Original Sin 2 - Definitive Edition;Larian Studios;Larian Studios;14 Sep, 2017;25.99;0;5000000;3510;95.81;182166;7958;0;97;3;13;full;1;1;0;4.0;3;Establecido;239;0;1;0;0;0;0;1;0;0;0;1;0;0;0;1;1;1;1;0;1;0;1;1;1;0;1;1;1;0;0;0;0;0;1;0;0;0;0;1;0;0;1;0;0;0;0;0;0;1;1;0;0;0;0;0;0;0;0;0;0;0;0;0;0;0;0;0;0;0;0;0;0;0;0;0;0;0;0;999;917;82;897;0;2;116.92;0.918;1
1100600;Football Manager 2020;Sports Interactive;SEGA;19 Nov, 2019;0.0;0;5000000;1012;89.29;28341;3401;0;97;1;17;none;1;1;0;2.0;6;Establecido;269;0;0;0;0;0;0;0;0;1;1;0;0;0;0;1;1;0;0;0;0;0;1;1;1;0;0;0;0;0;0;0;0;0;0;0;0;0;0;0;0;0;1;0;0;0;0;0;1;0;0;0;0;1;1;0;1;0;0;0;0;0;0;0;0;0;0;0;0;0;0;0;0;0;0;0;0;0;0;291;266;25;150;0;29;1440.36;0.914;1
1604030;V Rising;Stunlock Studios;Stunlock Studios;8 May, 2024;17.99;0;5000000;10961;88.91;106197;13243;0;49;6;16;none;1;0;0;12.0;2;Novato;254;1;1;0;0;0;1;0;0;0;0;0;0;0;0;1;1;1;1;0;0;1;1;1;0;0;0;0;0;0;0;1;1;0;0;0;0;1;0;0;0;0;0;0;0;0;0;1;1;0;1;0;1;0;0;0;0;0;0;0;0;0;0;0;0;0;0;0;0;0;0;0;0;0;0;0;0;0;0;999;819;180;472;0;1;47.88;0.82;1
534380;Dying Light 2 Stay Human: Reloaded Edition;Techland;Techland;3 Feb, 2022;39.99;0;5000000;4223;79.11;154122;40708;0;65;14;17;full;1;0;0;8.0;4;Establecido;276;1;1;0;0;0;0;1;0;0;0;0;0;0;0;1;1;1;1;0;1;0;1;1;0;0;1;0;0;0;1;1;0;0;0;0;0;1;1;0;1;0;0;0;0;0;0;1;1;0;0;0;0;0;0;0;0;0;0;0;0;0;0;0;0;0;0;0;0;0;0;0;0;0;0;0;0;0;0;1000;778;222;747;0;2;50.75;0.778;1
766570;Russian Fishing 4;FishSoft LLC;FishSoft LLC;10 Nov, 2021;0.0;1;5000000;14950;53.89;39598;33887;0;145;2;15;none;1;0;0;8.0;1;Novato;176;0;1;1;0;0;1;1;0;1;1;0;0;0;0;1;1;0;0;0;0;0;1;0;0;1;0;0;0;0;1;1;1;0;0;0;0;1;0;1;0;0;0;0;0;0;0;0;1;0;0;0;0;1;0;0;1;0;0;0;0;0;0;0;1;0;0;0;1;1;0;1;0;0;1;0;0;0;0;1000;862;138;1000;0;2;266.54;0.862;1
548430;Deep Rock Galactic;Ghost Ship Games;Coffee Stain Publishing;13 May, 2020;4.49;0;5000000;5216;97.26;333587;9413;0;69;14;17;full;1;0;0;6.0;1;Novato;235;1;0;0;0;0;0;0;0;0;0;0;0;0;0;1;1;1;1;0;1;0;1;1;0;0;1;0;0;0;1;0;0;0;0;0;0;1;1;0;0;0;0;0;0;0;0;1;0;0;0;0;0;0;0;0;0;0;0;0;0;0;0;0;0;0;0;1;1;0;0;0;0;0;0;0;0;1;0;1000;941;59;819;0;1;130.6;0.941;1
294100;RimWorld;Ludeon Studios;Ludeon Studios;17 Oct, 2018;17.99;0;5000000;19211;97.96;206216;4301;0;0;10;24;none;1;1;1;4.0;1;Novato;225;0;0;0;0;1;0;0;0;1;0;1;0;0;0;1;0;0;0;0;0;1;0;1;1;0;0;0;0;0;0;1;0;0;0;0;0;1;0;0;0;0;1;0;0;0;0;0;0;0;0;0;1;1;1;1;0;0;0;0;0;0;1;0;0;0;0;0;0;0;0;0;1;0;0;0;0;0;0;1000;969;31;821;0;1;511.57;0.969;1
273110;Counter-Strike Nexon;Valve, NEXON;NEXON;7 Oct, 2014;0.0;1;5000000;369;66.44;28373;14329;0;196;1;7;none;1;0;0;2.0;1;Novato;215;1;0;1;0;1;1;0;0;0;0;0;0;0;0;1;1;1;0;0;0;0;1;0;0;1;1;0;0;0;1;0;0;0;0;0;0;0;1;0;0;0;0;0;0;0;0;1;1;0;1;0;1;0;0;0;0;0;0;0;0;0;0;1;0;0;0;1;0;0;0;0;0;0;1;0;0;1;0;1000;704;296;1000;0;10;262.58;0.704;1
868270;The Cycle: Frontier;YAGER;YAGER;8 Jun, 2022;0.0;0;5000000;2;63.61;28893;16529;0;0;0;11;none;1;0;0;6.0;2;Novato;243;1;0;0;0;0;1;0;0;0;0;0;0;0;0;0;1;1;1;0;0;0;0;0;0;1;0;0;0;0;1;0;1;0;0;0;0;1;0;0;0;0;0;0;0;0;0;0;1;0;1;1;0;0;0;0;0;0;0;0;0;0;0;0;0;0;0;0;0;0;0;0;0;0;1;0;0;1;0;1000;901;99;1000;0;21;153.52;0.901;1
863550;HITMAN™ 2;IO Interactive A/S;IO Interactive A/S;13 Nov, 2018;0.0;0;5000000;187;90.96;68165;6778;0;146;0;11;full;1;0;0;8.0;2;Novato;248;1;0;0;0;0;0;0;0;0;0;0;0;0;0;1;1;1;1;0;1;0;1;1;0;0;1;0;0;0;0;1;0;0;0;0;0;0;0;0;0;0;1;0;0;0;0;1;1;0;0;0;1;0;0;0;0;0;1;0;0;0;0;0;0;0;0;0;1;0;0;0;0;0;0;0;0;0;1;1000;807;193;1000;0;12;39.58;0.807;1
1237970;Titanfall® 2;Respawn Entertainment;Electronic Arts;18 Jun, 2020;29.99;0;5000000;1173;95.45;244524;11664;0;50;5;10;full;1;0;0;8.0;2;Novato;313;1;0;0;0;0;0;0;0;0;0;0;0;0;0;1;1;0;0;0;1;0;1;0;0;0;1;0;0;0;1;0;0;0;0;0;0;0;0;0;0;0;0;0;0;0;0;1;1;0;1;0;0;0;0;0;0;0;0;0;0;0;0;0;0;0;0;0;0;0;0;0;0;0;0;0;0;1;0;1000;975;25;933;0;1;25.01;0.975;1
555570;Infestation: The New Z;Fredaikis AB;OP Productions LLC;22 Nov, 2016;0.0;1;5000000;70;53.82;18200;15615;0;69;0;14;none;1;0;0;4.0;1;Novato;203;1;0;0;0;1;1;1;0;0;0;0;0;0;0;0;1;1;1;0;0;0;1;0;0;1;1;0;0;0;0;1;0;0;0;0;0;1;1;1;0;0;0;0;0;0;0;1;1;0;1;0;0;0;0;0;0;0;0;0;0;0;0;0;0;0;0;0;0;0;0;0;1;0;1;0;0;1;0;1000;658;342;1000;0;24;216.91;0.658;1
10190;Call of Duty®: Modern Warfare® 2 (2009);Infinity Ward;Activision;11 Nov, 2009;14.99;0;5000000;190;91.61;31945;2927;0;50;2;5;none;1;1;0;1.0;7;Establecido;273;1;0;0;0;0;0;0;0;0;0;0;0;0;0;1;1;1;0;0;0;0;1;1;0;0;0;0;0;0;1;0;0;0;1;0;0;0;0;0;0;0;1;0;0;0;0;1;1;0;1;0;0;0;0;0;0;0;0;0;0;0;0;0;0;0;0;0;1;0;0;0;0;0;0;0;0;1;0;999;870;129;641;0;18;310.24;0.871;1
424840;Little Nightmares;Tarsier Studios;BANDAI NAMCO Entertainment;27 Apr, 2017;15.99;0;5000000;222;94.81;104472;5724;0;22;9;13;full;1;0;0;4.0;1;Novato;246;0;1;0;0;0;0;0;0;0;0;0;0;0;0;1;0;0;0;0;1;0;1;1;0;0;1;0;0;0;0;0;0;0;1;0;0;0;1;0;0;0;1;0;1;0;0;0;0;0;0;0;0;0;0;0;0;0;1;0;0;0;0;0;0;0;0;1;1;0;0;0;1;0;0;0;0;0;1;999;949;50;752;0;2;8.41;0.95;1
2669320;EA SPORTS FC™ 25;EA Canada, EA Romania;Electronic Arts;26 Sep, 2024;69.99;0;5000000;42032;49.81;37253;37543;0;39;1;21;full;1;0;0;8.0;3;Establecido;215;0;0;0;0;0;0;0;0;1;1;0;0;0;0;1;1;1;1;0;1;0;1;0;0;1;0;1;1;0;0;0;0;0;0;0;0;0;0;0;0;0;0;0;0;0;0;1;1;1;1;0;0;1;0;0;1;0;0;0;0;0;0;0;1;0;0;0;0;0;0;0;0;0;1;0;0;0;0;1000;695;305;852;0;2;146.0;0.695;1
518790;theHunter: Call of the Wild™;Expansive Worlds;Avalanche Studios;16 Feb, 2017;10.49;0;5000000;2207;88.76;157641;19969;0;160;59;10;full;1;0;0;4.0;1;Novato;249;0;1;0;0;0;0;0;0;1;1;0;0;0;0;1;1;1;1;0;1;0;1;1;0;1;0;0;0;0;1;1;0;0;0;0;0;1;0;0;0;0;0;0;0;0;0;1;1;0;0;0;1;1;0;0;1;0;0;0;0;0;0;0;1;0;0;0;0;1;0;0;0;0;0;0;0;1;1;1000;909;91;827;0;2;80.0;0.909;1
365590;Tom Clancy’s The Division™;Massive Entertainment;Ubisoft;7 Mar, 2016;23.99;0;5000000;774;70.44;65652;27546;0;60;11;15;full;1;0;0;6.0;1;Novato;199;1;1;0;0;0;0;1;0;0;0;0;0;0;0;1;1;1;1;0;1;0;1;0;0;1;1;0;0;0;0;1;0;0;0;0;0;1;0;1;0;0;0;0;0;0;0;1;1;0;0;0;0;0;0;0;0;0;0;0;0;0;0;0;0;0;0;0;1;0;0;0;0;0;0;0;0;1;1;1000;795;205;937;0;3;82.58;0.795;1
223470;POSTAL 2;Running With Scissors;Running With Scissors;2 Nov, 2012;0.57;0;5000000;320;96.86;112414;3644;0;89;2;5;full;1;0;1;0.12;2;Novato;224;1;1;0;0;1;0;0;0;0;0;0;0;0;0;1;0;0;0;0;1;0;1;1;1;0;1;0;0;0;1;1;0;0;0;0;0;0;0;0;0;0;0;0;0;0;0;0;1;0;0;0;1;0;0;0;0;0;0;0;0;0;0;0;0;0;0;0;0;0;0;0;0;0;0;0;0;1;0;1000;962;38;863;0;1;16.06;0.962;1
241930;Middle-earth™: Shadow of Mordor™;Monolith Productions;Warner Bros. Interactive Entertainment, Warner Bros. Games;30 Sep, 2014;10.0;0;5000000;441;92.43;83849;6866;0;74;16;8;full;1;0;0;3.0;2;Novato;218;0;0;0;0;0;0;0;0;0;0;0;0;0;0;1;0;0;0;0;1;0;1;1;0;0;1;0;0;0;0;1;0;0;1;0;0;0;0;1;1;0;0;0;0;0;0;0;0;0;0;0;1;0;0;0;0;0;0;0;0;0;0;0;0;0;0;0;1;0;0;0;0;0;0;0;0;0;1;1000;915;85;728;0;3;23.88;0.915;1
346900;AdVenture Capitalist;Hyper Hippo Games;Hyper Hippo Games;30 Mar, 2015;0.0;1;5000000;1109;87.83;51968;7198;0;31;1;1;none;1;1;1;0.5;1;Novato;107;0;0;1;0;1;0;0;0;0;0;0;0;0;0;1;0;0;0;0;0;0;1;1;0;0;1;0;0;0;0;0;0;0;0;0;0;0;0;0;0;0;1;0;0;0;0;0;0;0;0;0;0;1;1;0;0;0;0;1;0;0;1;0;0;0;0;0;0;1;0;1;0;0;1;0;0;0;0;1000;786;214;1000;0;7;95.09;0.786;1
3240220;Grand Theft Auto V Enhanced;Rockstar North;Rockstar Games;4 Mar, 2025;29.99;0;5000000;39502;69.07;38595;17286;0;77;0;13;none;1;0;0;8.0;2;Novato;226;1;1;0;0;0;0;0;1;0;0;0;0;0;0;1;1;1;1;0;0;1;1;0;0;1;0;0;0;0;1;1;0;0;0;0;0;0;0;0;0;0;0;0;0;0;0;1;1;0;1;0;1;0;0;0;0;1;0;0;0;0;0;0;0;0;0;0;1;0;0;0;0;0;0;0;0;0;0;1000;902;98;936;0;1;96.05;0.902;1
440900;Conan Exiles Enhanced;Funcom, Inflexion Games;Funcom;8 May, 2018;14.24;0;5000000;5677;78.7;84575;22890;0;36;12;12;full;1;0;0;8.0;1;Novato;263;1;1;0;0;0;1;1;0;1;0;1;0;0;0;1;1;1;1;0;1;0;1;0;1;0;1;0;0;0;0;1;1;0;0;0;0;1;0;1;0;0;0;0;0;0;0;1;1;0;1;0;1;0;0;0;0;0;0;0;0;0;0;0;0;0;0;0;0;0;0;0;0;0;0;0;0;0;0;998;714;284;692;0;1;346.88;0.715;1
374320;DARK SOULS™ III;FromSoftware, Inc.;FromSoftware, Inc., Bandai Namco Entertainment;11 Apr, 2016;47.99;0;5000000;4381;94.33;390326;23449;0;43;3;12;full;1;0;0;4.0;6;Establecido;176;1;0;0;0;0;0;0;0;0;0;0;0;0;0;1;1;1;0;0;1;0;1;0;0;0;1;0;0;0;0;1;0;0;1;0;0;0;0;1;1;0;0;0;0;0;0;1;1;0;1;0;0;0;0;0;0;0;0;0;0;0;0;0;0;0;0;0;1;0;1;0;0;0;0;0;0;0;0;1000;927;73;623;0;1;79.87;0.927;1
304390;FOR HONOR™;Ubisoft Montreal, Ubisoft Quebec, Ubisoft Toronto, Blue Byte;Ubisoft;13 Feb, 2017;23.99;0;5000000;2146;69.53;104468;45788;0;60;47;14;none;1;0;0;4.0;1;Novato;255;1;0;0;0;0;0;0;0;0;0;0;0;0;0;1;1;1;1;0;0;1;1;0;0;1;1;0;0;0;0;0;0;0;1;0;0;0;0;1;0;0;1;0;0;0;0;1;1;0;1;0;0;0;0;0;0;0;0;0;0;0;0;0;1;0;0;0;1;0;0;0;0;0;0;0;1;0;0;999;647;352;838;0;2;149.45;0.648;1
1868140;DAVE THE DIVER;MINTROCKET;MINTROCKET;28 Jun, 2023;12.99;0;5000000;3367;96.98;125422;3909;0;43;5;11;full;1;1;0;8.0;1;Novato;252;0;1;1;0;0;0;1;0;1;0;0;0;0;0;1;0;0;0;0;1;0;1;1;0;0;1;0;0;0;0;0;1;0;1;0;0;0;0;1;0;0;0;0;0;0;0;0;0;0;0;0;0;1;1;0;0;0;0;0;0;0;1;0;0;0;0;0;0;1;0;1;1;0;0;0;0;0;0;1000;942;58;788;0;1;35.83;0.942;1
208090;Loadout;Edge of Reality;Edge of Reality;31 Jan, 2014;0.0;0;5000000;1;87.04;34218;5094;0;28;5;11;none;1;0;0;2.0;1;Novato;221;1;0;0;0;1;0;0;0;0;0;0;0;0;0;0;1;1;0;0;0;1;1;1;0;0;1;0;0;0;0;0;1;0;0;0;0;0;0;0;0;0;0;0;0;0;0;1;1;0;0;0;0;0;0;0;0;0;0;0;0;0;0;0;0;0;0;0;0;0;0;0;1;0;1;0;0;0;0;473;447;26;473;0;29;35.91;0.945;1
48700;Mount & Blade: Warband;TaleWorlds Entertainment;TaleWorlds Entertainment;31 Mar, 2010;9.99;0;5000000;3055;97.73;162632;3773;0;80;2;10;none;1;1;1;0.5;2;Novato;222;1;0;0;0;0;0;1;0;0;0;0;0;0;0;1;1;0;0;0;0;0;1;0;1;0;1;0;0;0;1;1;0;0;0;0;0;0;0;1;0;0;1;0;0;0;0;0;1;0;0;0;1;1;0;0;0;0;0;0;0;0;0;0;1;0;0;0;0;0;0;0;1;0;0;0;0;0;0;1000;975;25;820;0;3;185.85;0.975;1
2630;Call of Duty® 2;Infinity Ward;Activision;13 Oct, 2006;14.99;0;5000000;162;93.6;9804;670;0;0;0;5;none;1;1;0;0.25;7;Establecido;339;1;0;0;0;0;0;0;0;0;0;0;0;0;0;1;1;0;0;0;0;0;0;0;0;0;0;0;0;0;1;0;0;0;1;0;0;0;0;0;0;0;0;0;0;0;0;1;1;0;0;0;0;1;0;0;0;0;0;0;0;0;0;0;0;0;0;0;1;0;0;1;0;0;0;0;0;1;0;1000;931;69;826;0;13;38.8;0.931;1
12210;Grand Theft Auto IV: The Complete Edition;Rockstar North, Rockstar Toronto;Rockstar Games;24 Mar, 2020;19.99;0;5000000;2122;82.48;144493;30691;0;55;0;5;none;1;0;0;0.0;2;Novato;235;1;1;0;0;0;0;0;0;0;0;0;0;0;0;1;1;0;0;0;0;1;0;0;0;0;0;0;0;0;0;1;0;0;0;0;0;0;0;0;0;0;0;0;0;0;0;1;1;0;0;0;1;0;0;0;0;0;0;0;0;0;0;0;0;0;0;0;1;0;0;0;0;0;0;0;0;0;0;1000;869;131;943;0;1;41.58;0.869;1
1144200;Ready or Not;VOID Interactive;VOID Interactive;13 Dec, 2023;32.99;0;5000000;4296;89.19;210654;25542;0;66;4;12;full;1;0;0;8.0;1;Novato;174;1;1;0;0;1;0;0;0;0;0;0;0;0;0;1;1;1;1;0;1;0;1;1;0;0;0;0;0;0;1;0;0;0;0;0;0;0;1;0;0;0;0;0;0;0;0;1;1;0;0;0;0;0;0;0;0;0;0;0;0;0;0;0;1;0;0;0;1;0;0;0;0;0;0;0;0;1;0;1000;852;148;667;0;1;44.0;0.852;1
113400;APB Reloaded;Little Orbit;Little Orbit;6 Dec, 2011;0.0;1;5000000;111;63.53;23693;13599;0;60;0;1;none;1;0;0;3.0;2;Novato;297;1;0;0;0;0;1;0;0;0;0;0;0;0;0;0;1;0;0;0;0;0;1;0;0;0;0;0;0;0;0;1;0;0;0;0;0;0;0;0;0;0;0;0;0;0;0;1;1;0;1;0;1;0;0;0;0;1;0;0;0;1;0;0;0;0;0;0;0;0;0;0;0;0;1;0;0;1;0;1000;547;453;1000;0;17;254.99;0.547;1
1332010;Stray;BlueTwelve Studio;Annapurna Interactive;19 Jul, 2022;13.99;0;5000000;498;97.26;152312;4295;0;24;1;16;full;1;1;0;8.0;1;Novato;145;0;1;0;0;1;0;0;0;0;0;0;0;0;0;1;0;0;0;0;1;0;1;1;0;0;1;0;0;0;0;1;0;0;0;0;0;0;1;0;0;0;0;0;0;0;0;0;0;0;0;0;0;0;0;0;0;0;1;0;0;0;0;0;0;0;0;0;1;0;0;0;1;0;0;0;0;0;1;1000;964;36;804;0;2;10.76;0.964;1
206420;Saints Row IV: Re-Elected;Deep Silver Volition;Deep Silver;19 Aug, 2013;14.99;0;5000000;117;87.85;67768;9376;0;73;0;8;full;1;0;1;4.0;1;Novato;253;1;1;0;0;0;0;0;0;0;0;0;0;0;0;1;1;1;1;0;1;0;1;1;1;0;1;0;0;0;0;1;0;0;0;0;0;0;0;0;0;0;0;0;0;0;0;1;1;0;0;0;1;0;0;0;0;0;0;0;0;0;0;0;0;0;0;0;0;0;0;0;0;0;0;0;0;0;0;1000;760;240;790;0;10;32.71;0.76;1
380600;Fishing Planet;Fishing Planet LLC;Fishing Planet LLC;28 Aug, 2017;0.0;1;5000000;2781;86.77;57004;8695;0;17;71;13;full;1;1;1;4.0;1;Novato;202;0;0;0;0;0;1;0;0;1;1;0;0;0;0;1;1;1;1;0;1;0;1;0;0;1;1;0;0;0;1;1;0;0;0;0;0;0;0;0;0;0;0;0;0;0;0;1;1;0;0;0;0;1;0;0;1;0;0;0;0;0;0;0;1;0;0;0;0;1;0;1;0;0;1;1;0;0;0;1000;862;138;1000;0;2;99.04;0.862;1
225540;Just Cause™ 3;Avalanche Studios;Square Enix;30 Nov, 2015;15.99;0;5000000;639;83.93;102532;19629;0;66;12;10;full;1;0;0;8.0;5;Establecido;150;1;1;0;0;0;0;0;0;0;0;0;0;0;0;1;0;0;0;0;1;0;1;1;0;0;1;0;0;0;0;1;0;0;0;0;0;0;0;1;0;0;0;0;0;0;0;1;1;0;0;0;1;0;0;0;0;0;0;0;0;0;0;0;0;0;0;0;1;0;0;0;0;0;0;0;0;0;0;1000;903;97;820;0;3;46.07;0.903;1
285800;Braveland;Tortuga Team;Tortuga Team;17 Mar, 2014;5.79;0;5000000;1;81.58;2555;577;0;21;0;12;full;1;1;1;2.0;1;Novato;215;0;1;1;0;1;0;1;0;0;0;1;0;0;0;1;0;0;0;0;1;0;1;1;0;0;1;0;0;0;0;0;0;0;0;0;0;0;0;0;0;1;1;0;0;0;0;0;0;0;0;0;0;0;0;0;0;0;0;0;0;0;1;0;0;0;0;0;1;0;0;1;0;0;0;0;0;0;0;243;191;52;129;0;29;13.06;0.786;1
286690;Metro 2033 Redux;4A Games;Deep Silver;25 Aug, 2014;14.99;0;5000000;1208;91.51;101543;9424;0;49;0;10;full;1;1;1;2.0;3;Establecido;290;1;0;0;0;0;0;0;0;0;0;0;0;0;0;1;0;0;0;0;1;0;1;1;0;0;1;0;0;0;1;1;0;0;1;0;0;1;1;0;0;0;0;0;0;0;0;0;1;0;0;0;0;0;0;0;0;0;0;0;0;0;0;0;0;0;0;0;1;0;0;0;0;0;0;0;0;1;1;1000;938;62;415;0;1;16.23;0.938;1
223750;DCS World Steam Edition;Eagle Dynamics SA;Eagle Dynamics SA;2 Aug, 2013;0.0;1;5000000;636;85.14;31661;5528;0;0;174;7;none;1;0;0;16.0;1;Novato;159;0;0;0;0;0;0;0;0;1;0;0;0;0;0;1;1;1;1;0;0;1;0;0;0;0;0;0;0;0;1;1;0;0;0;0;0;0;0;0;0;0;1;0;0;0;0;1;1;0;0;0;1;1;0;0;0;0;0;0;0;0;0;0;1;0;0;0;0;0;0;0;0;0;1;1;0;1;0;1000;839;161;1000;0;4;100.0;0.839;1
1593500;God of War;Santa Monica Studio, Jetpack Interactive;PlayStation Publishing LLC;14 Jan, 2022;49.99;0;5000000;1380;96.01;151706;6311;0;37;0;18;full;1;0;0;8.0;2;Novato;230;1;1;0;0;0;0;1;0;0;0;0;0;0;0;1;0;0;0;0;1;0;1;1;0;0;0;0;0;0;0;1;0;0;1;0;0;0;0;1;1;0;0;0;0;0;0;0;0;0;0;0;0;0;0;0;0;0;0;0;0;0;0;1;0;0;0;0;1;0;0;0;0;0;0;0;0;0;0;1000;941;59;609;0;2;38.24;0.941;1
386180;Crossout;Targem Games;Gaijin Network Ltd;26 Jul, 2017;0.0;1;5000000;2231;75.18;48219;15920;0;193;41;9;full;1;0;0;4.0;1;Novato;210;1;1;0;0;0;1;0;1;0;0;0;0;0;0;0;1;1;1;0;1;0;1;0;0;1;1;0;0;0;0;0;1;0;0;0;0;0;0;0;0;0;0;0;0;0;0;1;1;0;1;0;1;0;0;0;0;0;0;0;0;0;0;0;0;0;0;0;0;0;0;0;0;0;1;0;0;0;0;1000;774;226;1000;0;3;160.78;0.774;1
1238840;Battlefield™ 1;DICE;Electronic Arts;11 Jun, 2020;39.99;0;5000000;6308;86.49;166775;26046;0;50;7;13;full;1;0;0;8.0;8;Establecido;133;1;0;0;0;0;1;0;0;0;0;0;0;0;0;1;1;0;0;0;1;0;1;0;0;0;1;0;0;0;1;1;0;0;0;0;0;0;0;0;0;0;0;0;0;0;0;0;1;0;1;0;0;0;0;0;0;0;0;0;0;0;0;0;0;0;0;0;1;0;0;0;0;0;0;0;0;1;0;999;893;106;916;0;1;68.37;0.894;1
812140;Assassin's Creed® Odyssey;Ubisoft Quebec, Ubisoft Montreal, Ubisoft Bucharest, Ubisoft Singapore, Ubisoft Montpellier, Ubisoft Kiev, Ubisoft Shanghai;Ubisoft;5 Oct, 2018;47.99;0;5000000;2629;88.91;153091;19102;0;93;3;15;none;1;0;0;8.0;1;Novato;197;1;1;0;0;0;0;1;0;0;0;0;0;0;0;1;0;0;0;0;0;1;1;0;0;1;1;0;0;0;0;1;0;0;1;0;0;0;0;1;1;0;0;0;0;0;0;0;1;0;0;0;0;0;0;0;0;0;0;0;0;0;0;0;0;0;0;0;0;0;0;0;0;0;0;0;0;0;1;1000;829;171;944;0;2;89.68;0.829;1
1721470;Poppy Playtime;Mob Entertainment;Mob Entertainment;12 Oct, 2021;0.0;1;5000000;588;85.04;84113;14801;0;100;4;9;none;1;0;0;8.0;1;Novato;261;1;1;0;0;1;0;0;0;0;0;0;0;0;0;1;0;0;0;0;0;0;0;0;0;0;0;0;0;0;1;0;0;0;0;0;0;1;1;0;0;0;0;0;0;0;0;0;0;0;0;0;0;0;0;0;0;0;1;0;0;0;0;0;0;0;0;1;1;0;0;0;1;0;1;0;0;0;0;1000;919;81;1000;0;1;22.18;0.919;1
960090;Bloons TD 6;Ninja Kiwi;Ninja Kiwi;17 Dec, 2018;7.79;0;2000000;7489;97.26;344269;9691;0;156;3;21;none;1;1;0;4.0;2;Novato;163;0;0;0;0;0;0;0;0;0;0;1;0;0;0;1;1;1;1;0;0;0;1;0;0;1;0;0;0;0;0;0;0;0;0;0;0;1;0;0;0;0;1;1;0;0;0;1;1;0;0;0;1;0;0;0;0;0;0;0;0;0;1;1;0;0;0;0;0;0;1;1;0;0;0;0;0;0;0;1000;949;51;892;0;1;105.55;0.949;1
55230;Saints Row: The Third;Volition;Deep Silver;17 Nov, 2011;7.99;0;2000000;163;95.69;65644;2956;0;83;20;9;full;1;0;1;0.0;3;Establecido;113;1;0;0;0;0;0;0;0;0;0;0;0;0;0;1;1;1;0;0;1;0;1;1;0;0;1;0;0;0;0;1;0;0;0;0;0;0;0;1;0;0;0;0;0;0;0;1;1;0;0;0;1;0;0;0;0;0;0;0;0;0;0;0;0;0;0;0;0;0;0;0;0;0;0;0;0;0;0;999;921;78;829;0;7;34.86;0.922;1
262060;Darkest Dungeon®;Red Hook Studios;Red Hook Studios;19 Jan, 2016;11.99;0;2000000;3848;91.68;137026;12430;0;120;6;12;none;1;1;1;2.0;1;Novato;297;0;0;0;0;1;0;1;0;0;0;1;0;0;0;1;0;0;0;0;0;1;1;1;0;0;1;0;0;0;0;0;0;0;0;0;0;0;1;1;0;1;1;0;0;0;0;0;0;0;0;0;0;0;0;0;0;0;0;0;0;0;1;0;0;0;0;1;1;0;1;0;1;0;0;0;0;0;0;1000;889;111;837;0;2;89.12;0.889;1
761890;Albion Online;Sandbox Interactive GmbH;Sandbox Interactive GmbH;16 May, 2018;0.0;1;2000000;8184;78.95;65583;17491;0;154;0;17;none;1;1;1;4.0;1;Novato;263;0;0;0;0;0;1;1;0;0;0;0;0;0;0;0;1;0;0;0;0;1;1;0;0;1;0;0;0;0;0;1;1;0;0;0;0;1;0;1;0;0;1;0;0;0;0;1;1;0;1;0;1;0;0;0;0;0;0;0;0;0;0;0;0;0;0;0;0;0;1;0;0;0;1;0;0;0;0;1000;731;269;1000;0;2;317.32;0.731;1
2001120;Split Fiction;Hazelight Studios;Electronic Arts;6 Mar, 2025;49.99;0;2000000;5476;97.53;79546;2012;0;20;1;11;full;1;0;0;16.0;3;Establecido;125;1;1;0;0;0;0;0;0;0;0;0;0;0;0;0;1;1;1;0;1;0;1;1;0;0;1;1;1;0;0;0;0;0;1;0;0;0;0;0;0;0;0;0;1;0;0;1;1;1;0;0;0;0;0;0;0;0;0;0;0;0;0;0;0;0;0;0;0;0;0;0;0;0;0;0;0;0;0;1000;941;59;584;0;1;16.36;0.941;1
281990;Stellaris;Paradox Development Studio;Paradox Interactive;9 May, 2016;6.99;0;2000000;13727;86.03;159527;25906;0;211;38;10;none;1;1;1;4.0;5;Establecido;281;0;0;0;0;0;0;0;0;1;0;1;0;0;0;1;1;0;0;0;0;0;1;1;1;0;1;0;0;0;0;0;0;0;0;0;0;0;0;0;0;0;1;0;0;0;0;0;1;0;0;0;1;1;1;0;0;0;0;0;0;0;0;0;0;0;0;0;1;0;0;0;0;0;0;0;0;0;0;1000;728;272;766;0;1;343.9;0.728;1
252130;Divide By Sheep;Victor Solodilov, Denis Novikov;tinyBuild;2 Jul, 2015;2.99;0;2000000;0;90.62;2376;246;0;19;0;1;none;1;1;0;2.0;1;Novato;223;0;1;1;0;1;0;0;0;0;0;0;0;0;0;1;0;0;0;0;0;0;1;0;0;0;1;0;0;0;0;0;0;0;0;0;0;0;0;0;0;0;1;0;0;0;0;0;0;0;0;0;0;0;0;0;0;0;1;0;0;0;1;0;0;0;0;0;0;1;1;1;1;0;0;0;0;0;0;159;129;30;32;0;29;7.53;0.811;1
211820;Starbound;Chucklefish;Chucklefish;22 Jul, 2016;8.55;0;2000000;894;92.26;152150;12756;0;51;1;1;none;1;1;1;2.0;1;Novato;189;1;1;1;0;1;0;1;0;0;0;0;0;0;0;1;1;1;1;0;0;0;1;0;1;0;1;0;0;0;0;1;1;0;0;0;0;1;0;1;0;0;0;0;0;0;0;1;1;0;0;0;1;0;0;0;0;0;0;0;0;0;1;0;0;0;0;0;1;1;0;0;1;0;0;0;0;0;0;1000;827;173;748;0;6;174.85;0.827;1
8190;Just Cause 2;Avalanche Studios;Square Enix;23 Mar, 2010;11.99;0;2000000;90;90.66;46001;4738;0;50;8;7;full;1;0;0;0.0;5;Establecido;132;1;1;0;0;0;0;0;0;0;0;0;0;0;0;1;0;0;0;0;1;0;1;1;0;0;0;0;0;0;0;1;0;0;0;0;0;0;0;0;0;0;0;0;0;0;0;1;1;0;0;0;1;0;0;0;0;0;0;0;0;0;0;0;0;0;0;0;1;0;0;0;0;0;0;0;0;1;0;1000;855;145;854;0;10;35.91;0.855;1
6060;STAR WARS™ Battlefront II (Classic, 2005);Pandemic Studios;Lucasfilm, LucasArts, Disney;8 Jul, 2009;5.79;0;2000000;323;94.57;50396;2891;0;0;0;1;none;1;0;0;0.0;2;Novato;218;1;0;0;0;0;0;0;0;0;0;0;0;0;0;1;1;0;0;0;0;0;0;1;0;0;0;0;0;0;1;0;0;0;0;0;0;0;0;0;0;0;1;0;0;0;0;1;1;0;0;0;0;0;0;0;0;0;0;0;0;0;0;0;0;0;0;0;0;0;0;0;0;0;0;0;0;1;0;1000;931;69;858;0;10;33.27;0.931;1
508440;Totally Accurate Battle Simulator;Landfall;Landfall;1 Apr, 2021;8.99;0;2000000;1299;97.82;132974;2969;0;64;1;9;none;1;1;0;8.0;3;Establecido;269;0;0;0;0;1;0;0;0;1;0;1;0;0;0;1;1;0;0;0;0;1;1;0;0;0;0;1;0;0;0;0;0;0;0;0;0;0;0;0;0;0;1;0;0;0;0;0;0;0;0;0;1;1;0;0;0;0;0;0;0;0;0;1;1;0;0;0;0;0;0;0;1;0;0;0;0;0;0;1000;972;28;915;0;1;47.59;0.972;1
115300;Call of Duty®: Modern Warfare® 3 (2011);Infinity Ward, Sledgehammer Games;Activision;8 Nov, 2011;19.99;0;2000000;0;88.65;33647;4306;0;76;4;5;none;1;0;0;0.0;2;Novato;150;1;0;0;0;0;0;0;0;0;0;0;0;0;0;1;1;1;0;0;0;0;1;1;0;0;0;0;0;0;1;0;0;0;1;0;0;1;0;0;0;0;0;0;0;0;0;1;1;0;0;0;0;0;0;0;0;0;0;0;0;0;0;0;0;0;0;0;0;0;0;1;0;0;1;0;0;1;0;1000;932;68;759;0;7;49.63;0.932;1
42910;Magicka;Arrowhead Game Studios;Paradox Interactive;25 Jan, 2011;5.99;0;2000000;18;86.08;26997;4365;0;88;24;7;full;1;0;0;2.0;3;Establecido;284;1;0;0;0;0;0;1;0;0;0;0;0;0;0;1;1;1;0;0;1;0;1;0;0;0;1;1;0;0;0;0;0;0;0;0;0;0;0;1;1;0;1;0;0;0;0;1;1;1;0;0;0;0;0;0;0;0;0;0;0;0;0;0;0;0;0;0;0;0;1;0;1;0;0;0;0;0;0;1000;550;450;692;0;15;19.42;0.55;1
39210;FINAL FANTASY XIV Online;Square Enix;Square Enix;18 Feb, 2014;15.99;0;2000000;19824;87.78;70254;9782;0;0;38;4;none;1;0;0;8.0;5;Establecido;210;0;0;0;0;0;1;1;0;0;0;0;0;0;0;1;1;1;1;0;0;1;0;0;0;0;0;0;0;0;0;1;1;0;1;0;0;0;0;1;1;0;0;0;0;0;0;1;1;0;0;0;0;0;0;0;0;0;0;0;0;0;0;0;0;0;0;0;1;0;0;0;0;0;0;0;0;0;0;1000;811;189;909;0;3;1388.55;0.811;1
1222680;Need for Speed™ Heat;Ghost Games;Electronic Arts;4 Jun, 2020;69.99;0;2000000;1385;83.91;111482;21373;0;42;2;13;none;1;0;0;8.0;2;Novato;166;1;1;0;0;0;0;0;1;0;1;0;0;0;0;1;1;1;1;0;0;1;1;0;0;0;1;0;0;0;1;1;0;0;0;0;0;0;0;0;0;0;0;0;0;0;0;1;1;0;1;0;0;0;0;0;1;1;0;0;0;0;0;0;0;0;0;0;1;0;0;0;0;0;0;0;0;0;0;999;856;143;921;0;1;32.03;0.857;1
351940;The Descendant;Gaming Corps AB;Microids Indie, Microids;24 Mar, 2016;14.99;0;2000000;15;88.61;6312;811;0;50;0;5;full;1;1;0;4.0;1;Novato;235;0;1;1;0;1;0;0;0;0;0;0;0;0;0;1;0;0;0;0;1;0;1;0;0;0;1;0;0;0;0;0;0;0;1;0;0;0;1;0;0;0;0;0;0;0;0;0;0;0;0;0;0;0;0;0;0;0;0;1;0;0;0;0;0;0;0;0;1;0;0;1;1;0;1;0;0;0;0;916;808;108;82;0;29;16.05;0.882;1
1250;Killing Floor;Tripwire Interactive;Tripwire Interactive;14 May, 2009;19.99;0;2000000;224;94.89;64024;3448;0;285;21;8;none;1;1;1;1.0;3;Establecido;111;1;0;0;0;0;0;0;0;0;0;0;0;0;0;1;1;1;0;0;0;0;1;0;1;0;1;0;0;0;1;0;0;0;0;0;0;1;1;0;0;0;0;0;0;0;0;1;1;0;0;0;0;0;0;0;0;0;0;0;0;0;0;1;0;0;0;0;0;0;0;0;0;0;0;0;0;1;0;1000;922;78;738;0;7;93.95;0.922;1
2623190;The Elder Scrolls IV: Oblivion Remastered;Bethesda Game Studios, Virtuos;Bethesda Softworks;22 Apr, 2025;34.99;0;2000000;14420;80.51;42316;10242;0;60;1;9;none;1;0;0;16.0;1;Novato;128;0;0;0;0;0;0;1;0;0;0;0;0;0;0;1;0;0;0;0;0;1;1;1;0;0;1;0;0;0;1;1;0;0;1;0;0;0;0;1;1;0;0;0;0;0;0;0;1;0;0;0;0;0;0;0;0;0;0;0;0;0;0;0;0;0;0;0;1;0;0;0;0;0;0;0;0;0;0;1000;476;524;762;0;2;46.24;0.476;1
323190;Frostpunk;11 bit studios;11 bit studios;24 Apr, 2018;14.99;0;2000000;1699;92.53;114315;9231;0;115;7;12;none;1;1;0;4.0;2;Novato;297;0;0;0;0;0;0;0;0;1;0;1;0;0;0;1;0;0;0;0;0;0;1;1;0;0;1;0;0;0;0;0;0;0;0;0;0;1;0;0;0;0;1;0;0;0;0;0;0;0;0;0;0;1;1;1;0;0;0;0;0;0;0;0;0;0;0;1;1;0;1;0;0;0;0;0;0;0;0;1000;938;62;864;0;2;39.18;0.938;1
1716740;Starfield;Bethesda Game Studios;Bethesda Softworks;5 Sep, 2023;34.99;0;2000000;3725;56.75;93942;71585;0;82;5;9;full;1;0;0;16.0;9;Establecido;148;0;0;0;0;0;0;1;0;0;0;0;0;0;0;1;0;0;0;0;1;0;1;1;0;0;1;0;0;0;1;1;0;0;1;0;0;0;0;1;1;0;0;0;0;0;0;0;0;0;0;0;0;0;0;0;0;0;0;0;0;0;0;0;1;0;0;0;1;0;0;0;0;0;0;0;0;0;0;1000;625;375;648;0;2;171.15;0.625;1
813780;Age of Empires II: Definitive Edition;World's Edge, Forgotten Empires, CaptureAge, Tantalus Media, Wicked Witch, Feral Interactive;Xbox Game Studios;14 Nov, 2019;19.99;0;2000000;13465;94.83;154061;8401;0;357;15;17;none;1;1;0;4.0;1;Novato;136;0;0;0;0;0;0;0;0;0;0;1;0;0;0;1;1;1;1;0;0;0;1;1;0;0;1;0;0;0;0;0;0;0;0;0;0;0;0;0;0;0;1;0;0;0;0;1;1;0;0;0;0;0;0;1;0;0;0;0;0;0;1;0;0;0;0;0;0;0;0;0;0;0;0;0;0;0;0;1000;946;54;825;0;1;265.69;0.946;1
630;Alien Swarm;Valve;Valve;19 Jul, 2010;0.0;1;2000000;23;94.85;20179;1095;0;66;0;1;none;1;0;0;0.0;27;AAA;72;1;0;0;0;0;0;0;0;0;0;0;0;0;0;1;1;1;0;0;0;0;1;1;0;0;0;0;0;0;0;0;0;0;0;0;0;1;0;0;0;0;1;0;0;0;0;1;1;0;0;0;0;0;0;0;0;0;0;0;0;0;0;0;0;0;0;0;0;0;0;0;0;0;1;0;0;0;0;1000;909;91;1000;0;25;10.92;0.909;1
57300;Amnesia: The Dark Descent;Frictional Games;Frictional Games;8 Sep, 2010;10.49;0;2000000;60;94.58;32258;1850;0;18;0;7;full;1;1;1;0.0;2;Novato;171;1;1;0;0;1;0;0;0;0;0;0;0;0;0;1;0;0;0;0;1;0;1;0;0;0;0;1;0;0;1;0;0;0;1;0;0;0;1;0;0;0;0;0;0;0;0;0;0;0;0;0;0;0;0;0;0;0;1;0;0;0;0;0;0;0;0;1;1;0;0;0;1;0;0;0;0;0;1;1000;943;57;740;0;8;13.41;0.943;1
395170;DISTRAINT: Deluxe Edition;Jesse Makkonen;Jesse Makkonen;21 Oct, 2015;3.29;0;2000000;3;93.19;11408;834;0;16;0;12;full;1;0;0;2.0;1;Novato;223;0;1;1;0;1;0;0;0;0;0;0;0;0;0;1;0;0;0;0;1;0;1;1;0;0;1;0;0;0;0;0;0;0;1;0;0;0;1;0;0;0;0;0;0;0;0;0;0;0;0;0;0;0;0;0;0;0;1;1;0;0;1;0;0;0;0;1;1;0;0;0;1;0;0;0;0;0;0;1000;926;74;853;0;17;3.79;0.926;1
20920;The Witcher 2: Assassins of Kings Enhanced Edition;CD PROJEKT RED;CD PROJEKT RED, 1C-SoftClub;16 Apr, 2012;14.99;0;2000000;479;89.53;77950;9114;0;52;1;14;none;1;1;1;0.0;5;Establecido;219;0;0;0;0;0;0;1;0;0;0;0;0;0;0;1;0;0;0;0;0;1;1;1;0;0;1;0;0;0;0;1;0;0;1;0;0;0;0;1;0;0;0;0;0;0;0;0;0;0;0;0;0;0;0;0;0;0;0;0;0;0;0;0;0;0;0;1;1;0;1;0;0;0;0;0;0;0;0;1000;861;139;946;0;4;32.47;0.861;1
212680;FTL: Faster Than Light;Subset Games;Subset Games;14 Sep, 2012;5.79;0;2000000;1566;95.35;71561;3491;0;51;1;10;none;1;1;1;1.0;1;Novato;179;0;0;0;0;1;0;0;0;1;0;1;0;0;0;1;0;0;0;0;0;0;1;0;0;0;1;0;0;0;0;0;0;0;0;0;0;1;0;0;0;0;1;0;0;0;0;0;0;0;0;0;0;1;0;0;0;0;0;0;0;0;1;0;0;0;0;0;0;0;1;0;1;0;0;0;0;0;0;1000;905;95;863;0;5;95.2;0.905;1
504370;Battlerite;Stunlock Studios;Stunlock Studios;8 Nov, 2017;0.0;1;2000000;103;84.58;50196;9152;0;0;4;11;none;1;0;0;4.0;2;Novato;253;1;0;0;0;0;0;0;0;0;0;0;0;0;0;1;1;0;0;0;0;0;0;1;0;1;0;0;0;0;0;0;0;0;0;0;0;0;0;1;0;0;1;0;0;0;0;0;1;0;1;0;0;0;0;0;0;0;0;0;0;0;0;0;0;0;0;0;1;0;1;0;0;1;1;0;1;0;0;1000;876;124;1000;0;20;126.21;0.876;1
286160;Tabletop Simulator;Berserk Games;Berserk Games;5 Jun, 2015;10.49;0;2000000;5021;94.45;66735;3925;0;26;43;1;full;1;1;1;4.0;1;Novato;292;0;0;1;0;1;0;1;0;1;0;1;0;0;0;1;1;1;1;0;1;0;1;1;1;0;1;1;1;0;1;0;0;0;0;0;0;0;0;1;0;0;1;0;0;0;0;1;1;0;0;0;1;1;0;0;0;0;0;0;0;0;0;1;0;0;0;0;0;0;0;1;1;0;0;1;0;0;0;1000;960;40;634;0;3;154.65;0.96;1
311690;Enter the Gungeon;Dodge Roll;Devolver Digital;5 Apr, 2016;7.99;0;2000000;1165;95.45;81669;3893;0;54;0;11;full;1;0;1;2.0;1;Novato;248;1;1;0;0;1;0;0;0;0;0;0;0;0;0;1;1;0;0;0;1;0;1;1;0;0;0;1;0;0;0;0;0;0;0;0;0;0;0;0;0;0;0;0;0;0;0;1;1;1;0;0;0;0;0;0;0;0;0;0;0;0;1;0;0;0;0;0;0;0;1;0;1;0;0;0;0;0;0;1000;889;111;874;0;4;81.0;0.889;1
355840;Survarium;Vostok Games;Vostok Games;2 Apr, 2015;0.0;0;2000000;0;54.34;13832;11623;0;73;0;10;none;1;0;0;4.0;1;Novato;244;1;0;0;0;0;1;1;0;0;0;0;0;0;1;0;1;1;1;0;0;0;1;0;0;0;1;0;0;0;1;1;1;0;0;0;0;1;0;1;0;0;0;0;0;0;0;1;1;0;1;0;0;0;0;0;0;0;0;0;0;0;0;0;0;0;0;0;1;0;0;0;0;1;1;0;0;1;0;456;361;95;456;456;29;94.57;0.792;1
1145350;Hades II;Supergiant Games;Supergiant Games;25 Sep, 2025;14.99;0;2000000;1838;94.87;60844;3288;0;50;1;15;full;1;1;0;8.0;4;Establecido;151;1;0;0;0;1;0;1;0;0;0;0;0;0;0;1;0;0;0;0;1;0;1;1;0;0;1;0;0;0;0;0;0;0;1;0;0;0;0;1;1;0;0;0;0;0;0;0;0;0;0;0;0;0;0;0;0;0;0;0;0;0;0;0;0;0;0;0;1;0;0;0;1;1;0;0;0;0;0;1000;954;46;907;0;1;67.73;0.954;1
1366800;Crosshair X;CenterPoint Gaming;CenterPoint Gaming;17 Aug, 2020;5.99;0;2000000;41428;93.38;29275;2077;0;0;0;15;none;1;0;0;0.0;1;Novato;217;1;1;0;0;1;0;0;0;0;0;0;0;0;0;0;0;0;0;0;0;1;0;1;1;0;0;0;0;0;1;0;0;0;0;0;0;1;0;0;0;0;0;0;0;0;0;0;1;0;1;0;1;0;0;0;0;0;0;0;0;0;0;0;0;0;0;0;0;0;0;0;1;0;0;0;0;1;0;1000;929;71;942;0;2;1033.7;0.929;1
1196590;Resident Evil Village;CAPCOM Co., Ltd.;CAPCOM Co., Ltd.;6 May, 2021;29.0;0;2000000;1284;95.63;114131;5219;0;56;7;15;full;1;0;0;8.0;18;AAA;251;1;0;0;0;0;0;0;0;0;0;0;0;0;0;1;0;0;0;0;1;0;1;1;0;0;1;0;0;0;1;1;0;0;1;0;0;1;1;0;0;0;0;0;0;0;0;0;1;0;0;0;0;0;0;0;0;0;0;0;0;0;0;0;0;0;0;1;1;0;0;0;0;0;0;1;0;1;0;1000;950;50;662;0;1;24.1;0.95;1
613100;House Flipper;Empyrean;Frozen District, PlayWay S.A.;17 May, 2018;6.25;0;2000000;1311;94.17;89596;5548;0;96;10;22;full;1;1;0;4.0;1;Novato;163;0;0;0;0;1;0;0;0;1;0;0;0;0;0;1;0;0;0;0;1;0;1;1;1;0;1;0;0;0;1;0;0;0;0;0;0;0;0;0;0;0;0;0;0;0;0;0;1;0;0;0;1;1;1;0;0;0;0;0;0;0;0;1;1;0;0;0;0;1;0;1;1;0;0;0;0;0;0;1000;936;64;234;0;1;26.71;0.936;1
1172380;STAR WARS Jedi: Fallen Order™;Respawn Entertainment;Electronic Arts;14 Nov, 2019;39.99;0;2000000;1354;88.59;140485;18094;0;39;0;13;full;1;0;0;8.0;2;Novato;291;1;1;0;0;0;0;0;0;0;0;0;0;0;0;1;0;0;0;0;1;0;1;0;0;0;1;0;0;0;0;1;0;0;1;0;0;0;0;1;0;0;0;0;1;1;0;0;0;0;0;0;0;0;0;0;0;0;1;0;0;0;0;0;0;0;0;0;1;0;0;0;0;0;0;0;0;0;0;999;861;138;945;0;1;23.76;0.862;1
202970;Call of Duty®: Black Ops II;Treyarch;Activision;12 Nov, 2012;59.99;0;2000000;238;86.27;40563;6454;0;35;36;5;full;1;0;0;0.0;5;Establecido;176;1;0;0;0;0;0;0;0;0;0;0;0;0;0;1;1;1;0;0;1;0;1;1;0;0;1;0;0;0;1;0;0;0;0;0;0;1;1;0;0;0;0;0;0;0;0;1;1;0;0;0;0;0;0;0;0;0;0;0;0;0;0;0;0;0;0;0;1;0;0;0;0;0;0;0;0;1;0;999;843;156;804;0;6;20.32;0.844;1
304430;INSIDE;Playdead;Playdead;7 Jul, 2016;13.39;0;2000000;129;96.93;65954;2092;0;14;0;14;full;1;0;0;4.0;2;Novato;279;1;1;0;0;1;0;0;0;0;0;0;0;0;0;1;0;0;0;0;1;0;1;1;0;0;1;0;0;0;0;0;0;0;1;0;0;0;1;0;0;0;0;0;1;0;0;0;0;0;0;0;0;0;0;0;0;0;1;0;0;0;0;0;0;0;0;1;1;0;0;0;1;0;0;0;0;0;0;1000;964;36;970;0;3;5.86;0.964;1
3590;Plants vs. Zombies GOTY Edition;PopCap Games, Inc.;PopCap Games, Inc., Electronic Arts;5 May, 2009;4.99;0;2000000;2656;97.61;136574;3351;0;21;0;1;none;1;1;0;0.0;1;Novato;273;0;0;0;0;0;0;0;0;0;0;1;0;0;0;1;0;0;0;0;0;0;1;0;0;0;0;0;0;0;0;0;0;0;0;0;0;1;0;0;0;0;1;1;0;0;0;0;0;0;0;0;0;0;0;0;0;0;1;0;0;0;1;0;0;0;0;0;0;0;0;1;1;0;0;0;0;0;0;1000;980;20;927;0;2;29.3;0.98;1
1260320;Party Animals;Recreate Games;Source Technology;20 Sep, 2023;13.49;0;2000000;3070;78.4;50198;13834;0;116;1;10;full;1;0;0;8.0;1;Novato;259;1;0;1;0;1;0;0;0;0;0;0;0;0;0;1;1;1;1;0;1;0;1;0;0;1;0;1;1;0;0;0;0;0;0;0;0;0;0;0;0;0;0;0;0;0;0;1;1;1;1;0;0;0;0;0;0;0;0;0;0;0;0;0;0;0;0;0;0;0;0;1;1;0;0;0;0;0;0;1000;846;154;646;0;3;61.37;0.846;1
33930;Arma 2: Operation Arrowhead;Bohemia Interactive;Bohemia Interactive;29 Jun, 2010;9.99;0;2000000;113;92.41;20414;1676;0;0;3;8;none;1;0;0;0.0;6;Establecido;256;1;0;0;0;0;0;0;0;1;0;1;0;0;0;1;1;1;1;0;0;1;0;0;0;0;0;0;0;0;1;1;0;0;0;0;0;0;0;0;0;0;1;0;0;0;0;1;1;0;0;0;1;1;0;0;0;0;0;0;0;0;0;0;1;0;0;0;0;0;1;0;0;0;0;0;0;1;0;830;740;90;604;0;29;398.07;0.892;1
212500;The Lord of the Rings Online™;Standing Stone Games;Daybreak Game Company LLC;6 Jun, 2012;0.0;1;2000000;793;81.44;17099;3896;0;0;0;3;none;1;0;0;0.0;2;Novato;133;1;1;0;0;0;1;1;0;0;0;0;0;0;0;0;1;1;0;0;0;1;0;0;0;1;0;0;0;0;0;1;0;0;1;0;0;1;0;1;0;0;0;0;0;0;0;1;1;0;1;0;0;0;0;0;0;0;0;0;0;0;0;0;0;0;0;0;0;0;0;0;0;0;1;0;0;0;0;1000;809;191;1000;0;7;269.31;0.809;1
457140;Oxygen Not Included;Klei Entertainment;Klei Entertainment;30 Jul, 2019;7.99;0;2000000;7545;96.75;124220;4170;0;50;6;4;none;1;1;1;8.0;4;Establecido;237;0;0;0;0;1;0;0;0;1;0;0;0;0;0;1;0;0;0;0;0;0;0;0;0;0;1;0;0;0;0;1;0;0;0;0;0;1;0;0;0;0;1;0;0;0;0;0;1;0;0;0;1;1;1;0;0;0;0;0;0;0;1;0;0;0;0;0;0;0;1;0;1;0;0;0;0;0;0;1000;965;35;974;0;2;261.33;0.965;1
620980;Beat Saber;Beat Games;Beat Games;21 May, 2019;14.99;0;2000000;423;95.62;71341;3271;0;26;269;7;none;1;0;0;4.0;1;Novato;143;0;0;0;0;1;0;0;0;0;0;0;0;0;0;1;1;0;0;0;0;0;0;0;0;0;0;0;0;0;1;0;0;0;0;0;0;0;0;0;0;0;0;0;0;0;0;0;1;0;1;0;0;0;0;0;1;0;0;0;0;0;0;0;0;0;0;0;0;0;1;1;1;1;0;1;0;0;0;999;914;85;923;0;6;50.66;0.915;1
1222140;Detroit: Become Human;Quantic Dream;Quantic Dream;18 Jun, 2020;31.99;0;2000000;2344;95.77;162047;7152;0;48;0;24;full;1;0;0;8.0;1;Novato;290;1;1;0;0;0;0;0;0;0;0;0;0;0;0;1;0;0;0;0;1;0;1;1;0;0;0;0;0;0;0;0;0;0;1;0;0;0;0;0;0;0;0;0;0;0;0;0;0;0;0;0;0;0;0;0;0;0;0;0;0;0;0;0;0;0;0;0;1;0;0;0;0;0;0;0;0;0;0;1000;964;36;801;0;1;17.24;0.964;1
1817070;Marvel’s Spider-Man Remastered;Insomniac Games, Nixxes Software;PlayStation Publishing LLC;12 Aug, 2022;59.99;0;2000000;1190;95.9;107786;4606;0;78;0;21;none;1;0;0;8.0;1;Novato;299;1;1;1;0;0;0;0;0;0;0;0;0;0;0;1;0;0;0;0;0;1;1;1;0;0;0;0;0;0;0;1;0;0;1;0;0;0;0;0;0;0;0;0;0;0;0;0;1;0;0;0;0;0;0;0;0;0;0;0;0;0;0;0;0;0;0;0;1;0;0;0;0;0;0;0;0;0;1;1000;957;43;623;0;2;34.8;0.957;1
205100;Dishonored;Arkane Studios;Bethesda Softworks;8 Oct, 2012;5.99;0;2000000;288;97.64;80427;1943;0;80;5;5;none;1;0;0;0.0;3;Establecido;277;1;1;0;0;0;0;0;0;0;0;0;0;0;0;1;0;0;0;0;0;1;1;1;0;0;0;0;0;0;1;1;0;0;1;0;0;0;0;1;0;0;0;0;0;0;0;0;0;0;0;0;0;0;0;0;0;0;0;0;0;0;0;0;0;0;0;1;1;0;0;0;0;0;0;0;0;1;1;1000;982;18;813;0;3;35.25;0.982;1
24240;PAYDAY™ The Heist;OVERKILL - a Starbreeze Studio.;Starbreeze Entertainment;20 Oct, 2011;4.99;0;2000000;38;93.4;37570;2653;0;56;2;5;none;1;0;0;1.0;2;Novato;124;1;0;0;0;0;0;0;0;0;0;0;0;0;0;1;1;1;1;0;0;0;1;1;0;0;1;0;0;0;1;0;0;0;0;0;0;0;0;1;0;0;1;0;0;0;0;1;1;0;0;0;0;1;0;0;0;0;0;0;0;0;0;0;0;0;0;0;0;0;1;0;1;0;0;0;0;1;1;1000;905;95;817;0;12;26.66;0.905;1
1506830;FIFA 22;EA Canada & EA Romania;Electronic Arts;1 Oct, 2021;0.0;0;2000000;1319;80.49;97293;23578;0;37;0;21;none;1;0;0;8.0;1;Novato;171;0;0;0;0;0;0;0;0;1;1;0;0;0;0;1;1;1;1;0;0;1;1;0;0;1;0;0;1;0;0;0;0;0;0;0;0;0;0;0;0;0;0;0;0;0;0;1;1;1;1;0;0;1;0;0;1;0;0;0;0;0;0;0;1;0;0;0;0;0;0;0;0;0;0;0;0;0;0;1000;809;191;1000;0;14;382.41;0.809;1
871720;Ultimate Custom Night;Scott Cawthon;Scott Cawthon;27 Jun, 2018;0.0;1;2000000;200;95.06;55394;2879;0;0;0;1;none;1;0;0;2.0;3;Establecido;96;1;0;0;0;1;0;0;0;0;0;0;0;0;0;1;0;0;0;0;0;0;0;0;0;0;0;0;0;0;1;0;0;0;1;0;0;1;1;0;0;0;1;0;0;0;0;0;0;0;0;0;0;1;0;0;0;0;0;1;0;0;0;0;0;0;0;1;1;0;1;0;1;0;1;0;0;0;0;1000;890;110;1000;0;4;10.68;0.89;1
962130;Grounded;Obsidian Entertainment;Xbox Game Studios;27 Sep, 2022;39.99;0;2000000;2394;89.31;75482;9035;0;45;1;16;full;1;0;0;4.0;5;Establecido;214;1;1;0;0;0;0;0;0;0;0;0;0;0;0;1;1;1;1;0;1;0;0;1;0;0;1;0;0;0;1;1;1;0;0;0;0;1;1;1;0;0;0;0;0;0;0;1;1;0;0;0;1;0;0;0;0;0;0;0;0;0;0;0;0;0;0;0;0;0;0;0;0;1;0;0;0;0;0;1000;906;94;870;0;2;78.29;0.906;1
356190;Middle-earth™: Shadow of War™;Monolith Productions;WB Games;9 Oct, 2017;25.0;0;2000000;1405;88.65;95053;12165;0;72;8;13;full;1;0;0;6.0;2;Novato;229;1;1;0;0;0;0;1;0;0;0;0;0;0;0;1;0;0;0;0;1;0;1;1;0;1;1;0;0;0;0;1;0;0;1;0;0;0;0;1;1;0;1;0;0;0;0;0;1;0;0;0;0;0;0;0;0;0;0;0;0;0;0;0;0;0;0;0;1;0;0;0;0;0;0;0;0;0;1;1000;900;100;725;0;2;52.98;0.9;1
274190;Broforce;Free Lives;Devolver Digital;15 Oct, 2015;7.99;0;2000000;283;96.94;57080;1800;0;17;1;9;full;1;1;1;4.0;2;Novato;192;1;1;1;0;1;0;0;0;0;0;0;0;0;0;1;1;1;1;0;1;0;1;1;0;0;1;1;1;0;0;0;0;0;0;0;0;0;0;0;0;0;0;0;1;0;0;1;1;1;0;0;0;0;0;0;0;0;0;0;0;0;1;0;0;0;0;0;0;0;0;1;1;0;0;0;0;0;0;999;952;47;790;0;6;22.03;0.953;1
234140;Mad Max;Avalanche Studios;Warner Bros. Games, Warner Bros. Interactive Entertainment;1 Sep, 2015;10.0;0;2000000;563;92.22;76230;6430;0;49;0;9;full;1;0;0;6.0;5;Establecido;119;1;1;0;0;0;0;0;0;0;0;0;0;0;0;1;0;0;0;0;1;0;1;1;0;0;1;0;0;0;0;1;0;0;1;0;0;1;0;1;0;0;0;0;0;0;0;0;1;0;0;0;1;0;0;0;0;1;0;0;0;0;0;0;0;0;0;0;1;0;0;0;0;0;0;0;0;0;0;1000;932;68;620;0;3;37.28;0.932;1
8500;EVE Online;CCP;CCP;15 Dec, 2010;0.0;1;2000000;3705;73.69;26813;9575;0;0;22;8;none;1;1;0;0.0;1;Novato;244;1;0;0;0;0;1;1;0;0;0;1;0;0;0;0;1;1;1;0;0;0;0;0;0;0;1;0;0;0;0;1;0;0;0;0;0;0;0;1;0;0;1;0;0;0;0;0;1;0;1;0;1;0;0;0;0;0;0;0;0;0;0;0;0;0;0;0;0;0;0;0;0;0;1;0;0;0;0;1000;709;291;1000;0;5;441.37;0.709;1
552520;Far Cry® 5;Ubisoft Montreal, Red Storm, Ubisoft Shanghai, Ubisoft Toronto, Ubisoft Kiev;Ubisoft;26 Mar, 2018;47.99;0;2000000;1297;80.92;140377;33100;0;72;5;15;none;1;0;0;8.0;1;Novato;250;1;1;0;0;0;0;0;0;0;0;0;0;0;0;1;1;1;1;0;0;1;1;0;0;1;1;0;0;0;1;1;0;0;1;0;0;1;0;0;0;0;0;0;0;0;0;1;1;0;0;0;0;0;0;0;0;0;0;0;0;0;0;1;1;0;0;0;1;0;0;0;0;0;0;0;0;1;1;999;807;192;909;0;2;38.18;0.808;1
7670;BioShock™;2K Boston, 2K Australia;2K;21 Aug, 2007;85.9;0;2000000;44;94.17;29127;1804;0;0;0;5;none;1;0;0;0.12;1;Novato;310;1;0;0;0;0;0;1;0;0;0;0;0;0;0;1;0;0;0;0;0;1;0;0;0;0;0;0;0;0;1;0;0;0;1;0;0;0;1;1;0;0;0;0;0;0;0;0;0;0;0;0;0;0;0;0;0;0;0;0;0;0;0;0;0;0;0;1;1;0;0;0;0;0;0;0;0;1;0;1000;928;72;829;0;11;12.96;0.928;1
760160;Vampire: The Masquerade - Bloodhunt;Sharkmob AB;Sharkmob AB;27 Apr, 2022;0.0;0;2000000;362;76.09;43433;13651;0;35;0;13;full;1;0;0;8.0;1;Novato;214;1;0;0;0;0;0;0;0;0;0;0;0;0;0;0;1;0;0;0;1;0;1;0;0;1;0;0;0;0;0;0;0;0;0;0;0;1;0;0;0;0;0;0;0;0;0;0;1;0;1;1;0;0;0;0;0;0;0;0;0;0;0;1;1;0;0;1;0;0;0;0;0;0;1;0;0;0;0;1000;955;45;1000;0;4;79.84;0.955;1
1203620;Enshrouded;Keen Games GmbH;Keen Games GmbH;24 Jan, 2024;29.99;0;2000000;10654;86.43;67486;10594;0;52;1;15;full;1;0;0;16.0;2;Novato;295;1;1;0;0;1;0;1;0;0;0;0;0;0;1;1;1;1;1;0;1;0;1;1;0;0;0;0;0;0;0;1;1;0;0;0;0;1;0;1;1;0;0;0;0;0;0;0;1;0;0;0;1;0;0;0;0;0;0;0;0;0;0;1;0;0;0;0;0;0;0;0;1;1;0;0;0;0;0;999;745;254;825;999;1;112.59;0.746;1
270880;American Truck Simulator;SCS Software;SCS Software;2 Feb, 2016;10.09;0;2000000;6742;96.83;169735;5552;0;130;59;30;none;1;1;1;8.0;2;Novato;277;0;0;0;0;1;0;0;0;1;0;0;0;0;0;1;1;1;1;0;0;1;1;1;1;0;1;1;0;0;0;1;0;0;0;0;0;0;0;0;0;0;0;0;0;0;0;0;1;0;0;0;0;1;1;0;0;0;0;0;0;0;0;0;1;0;0;0;1;1;0;1;0;0;0;0;0;0;0;1000;956;44;892;0;1;185.5;0.956;1
601510;Yu-Gi-Oh! Duel Links;KONAMI;KONAMI;16 Nov, 2017;0.0;1;2000000;1856;83.3;36345;7285;0;20;0;10;none;1;0;0;4.0;4;Establecido;225;0;0;0;0;0;0;0;0;0;0;1;0;0;0;1;1;0;0;0;0;0;1;0;0;1;1;0;0;0;0;0;0;0;0;0;0;0;0;1;0;1;1;0;0;0;0;0;1;0;0;0;0;1;0;0;0;0;0;0;0;1;0;0;0;0;0;0;0;0;0;1;0;0;1;0;0;0;0;1000;738;262;1000;0;8;383.11;0.738;1
397540;Borderlands 3;Gearbox Software;2K;13 Mar, 2020;59.99;0;2000000;3164;84.02;125248;23817;0;81;2;11;full;1;0;0;6.0;5;Establecido;165;1;0;0;0;0;0;1;0;0;0;0;0;0;0;1;1;1;1;0;1;0;1;1;0;0;1;0;0;0;1;1;0;0;0;0;0;0;0;1;0;0;0;0;0;0;0;1;1;0;0;0;0;0;0;0;0;0;0;0;0;0;0;0;0;0;0;0;0;0;0;0;0;0;0;0;0;1;0;1000;805;195;779;0;3;79.33;0.805;1
12120;Grand Theft Auto: San Andreas;Rockstar Games;Rockstar Games;4 Jan, 2008;0.0;0;2000000;363;92.05;76056;6573;0;0;0;1;none;1;0;0;0.0;5;Establecido;294;1;0;0;0;0;0;0;0;0;0;0;0;0;0;1;0;0;0;0;0;0;0;0;0;0;0;0;0;0;0;1;0;0;1;0;0;0;0;0;0;0;0;0;0;0;0;0;1;0;0;0;1;0;0;0;0;0;0;0;0;0;0;0;0;0;0;0;1;0;0;0;0;0;0;0;0;0;0;1000;921;79;1000;0;7;65.23;0.921;1
236870;HITMAN™;IO Interactive A/S, Feral Interactive (Linux), Feral Interactive (Mac);IO Interactive A/S, Feral Interactive (Linux), Feral Interactive (Mac);11 Mar, 2016;0.0;0;2000000;46;83.26;30973;6227;0;69;0;10;full;1;1;1;8.0;1;Novato;235;1;0;0;0;0;0;0;0;0;0;0;0;0;0;1;0;0;0;0;1;0;1;1;0;0;1;0;0;0;0;1;0;0;1;0;0;0;0;0;0;0;1;0;0;0;0;0;0;0;0;0;1;0;0;0;0;0;0;0;0;0;0;0;0;0;0;0;1;0;0;0;0;0;0;0;0;0;1;1000;852;148;1000;0;28;42.51;0.852;1
674940;Stick Fight: The Game;Landfall West;Landfall;28 Sep, 2017;2.69;0;2000000;265;93.53;114720;7938;0;28;1;1;none;1;1;0;1.0;1;Novato;146;1;0;1;0;1;0;0;0;0;0;0;0;0;0;0;1;0;0;0;0;1;0;0;0;0;0;1;0;0;0;0;0;0;0;0;0;0;0;0;0;0;1;0;0;0;0;1;1;1;1;0;0;0;0;0;0;0;0;0;0;0;1;0;0;0;0;0;0;0;0;1;1;0;0;0;0;0;0;1000;913;87;786;0;3;12.54;0.913;1
884660;CRSED: Cuisine Royale;Darkflow Software, Matter Team;Gaijin Network Ltd;15 Jun, 2018;0.0;1;2000000;96;78.81;30411;8179;0;13;0;8;full;1;0;0;10.0;1;Novato;151;1;0;0;0;0;1;0;0;0;0;0;0;0;0;1;1;0;0;0;1;0;1;0;0;1;0;0;0;0;1;1;0;0;0;0;0;1;0;0;0;0;0;0;0;0;0;0;1;0;1;1;0;0;0;0;0;0;0;0;0;0;0;0;1;0;0;0;1;0;0;0;0;0;1;0;0;1;0;1000;694;306;1000;0;18;69.66;0.694;1
701160;Kingdom Two Crowns;Stumpy🐙Squid, Fury Studios, Coatsink;Raw Fury;11 Dec, 2018;10.49;0;2000000;1305;88.4;6244;819;0;46;8;11;full;1;1;1;2.0;1;Novato;288;0;1;0;0;1;0;0;0;1;0;1;0;0;0;1;1;1;1;0;1;0;1;1;0;0;0;1;1;0;0;0;0;0;0;0;0;1;0;0;0;0;1;1;0;0;0;1;1;0;0;0;0;1;0;1;0;0;0;0;0;0;0;0;0;0;0;0;1;0;0;0;0;0;0;0;0;0;0;1000;854;146;770;0;3;43.01;0.854;1
1832640;Mirror 2: Project X;KAGAMI Ⅱ WORKs;NIJICO;20 Jan, 2022;1.99;0;2000000;11;24.61;28726;87986;0;1;11;6;none;1;0;0;8.0;1;Novato;210;0;1;0;0;1;0;1;0;0;0;0;0;0;1;1;0;0;0;0;0;0;1;1;1;0;0;0;0;0;0;0;0;0;1;0;0;0;0;1;0;0;0;0;0;0;0;0;0;0;0;0;0;0;0;0;0;0;0;0;1;1;0;1;0;0;0;0;0;0;0;1;1;1;0;0;0;1;0;1000;194;806;939;1000;21;10.18;0.194;1
208650;Batman™: Arkham Knight;Rocksteady Studios;WB Games;23 Jun, 2015;10.0;0;2000000;1587;88.65;124147;15901;0;113;24;10;full;1;0;0;6.0;3;Establecido;245;1;1;0;0;0;0;0;0;0;0;0;0;0;0;1;0;0;0;0;1;0;1;1;0;0;1;0;0;0;0;1;0;0;1;0;0;0;1;0;0;0;1;0;0;0;0;0;0;0;0;0;1;0;0;0;0;0;1;0;0;0;0;0;0;0;0;1;1;0;0;0;0;0;0;0;0;0;1;1000;961;39;731;0;2;37.38;0.961;1
48000;LIMBO;Playdead;Playdead;2 Aug, 2011;6.69;0;2000000;82;92.6;53043;4241;0;13;0;14;full;1;1;0;0.0;2;Novato;50;1;1;0;0;1;0;0;0;0;0;0;0;0;0;1;0;0;0;0;1;0;1;1;0;0;1;0;0;0;0;0;0;0;0;0;0;0;1;0;0;0;0;0;1;0;0;0;0;0;0;0;0;0;0;0;0;0;1;0;0;0;1;0;0;0;0;1;1;0;1;1;1;0;0;0;0;0;0;999;874;125;900;0;4;7.06;0.875;1
2379780;Balatro;LocalThunk;Playstack;20 Feb, 2024;11.19;0;2000000;17123;98.02;150524;3042;0;31;1;12;full;1;1;0;1.0;1;Novato;187;0;0;1;0;1;0;0;0;0;0;1;0;0;0;1;0;0;0;0;1;0;1;1;0;0;1;0;0;0;0;0;0;0;0;0;0;0;0;0;0;1;1;0;0;0;0;0;0;0;0;0;0;0;0;0;0;0;0;0;0;0;1;0;0;0;0;0;0;1;1;1;1;0;0;0;0;0;0;1000;958;42;828;0;1;56.43;0.958;1
298110;Far Cry® 4;Ubisoft Montreal, Red Storm, Shanghai, Toronto, Kiev;Ubisoft;17 Nov, 2014;23.99;0;2000000;558;84.25;51618;9649;0;57;5;18;none;1;0;0;4.0;1;Novato;266;1;1;0;0;0;0;0;0;0;0;0;0;0;0;1;1;1;0;0;0;1;1;0;0;0;0;0;0;0;1;1;1;0;1;0;0;1;0;1;1;0;0;0;0;0;0;1;1;0;0;0;1;0;0;0;0;0;0;0;0;0;0;0;0;0;0;0;1;0;0;0;0;0;0;0;0;1;1;1000;858;142;929;0;2;44.28;0.858;1
42710;Call of Duty®: Black Ops;Treyarch;Activision;9 Nov, 2010;39.99;0;2000000;213;88.27;15124;2010;0;68;4;5;none;1;0;0;0.0;5;Establecido;163;1;0;0;0;0;0;0;0;0;0;0;0;0;0;1;1;1;0;0;0;1;1;0;0;0;0;0;0;0;1;0;0;0;1;0;0;0;1;0;0;0;0;0;0;0;0;1;1;0;0;0;0;0;0;0;0;0;0;0;0;0;0;0;0;0;0;0;0;0;0;0;0;0;0;0;0;1;0;1000;879;121;548;0;29;250.31;0.879;1
200710;Torchlight II;Runic Games;XD;20 Sep, 2012;19.99;0;2000000;268;92.76;41131;3210;0;119;0;7;none;1;1;1;0.0;2;Novato;205;1;1;0;0;1;0;1;0;0;0;0;0;0;0;1;1;1;0;0;0;0;1;1;1;0;1;0;0;0;0;0;0;0;0;0;0;0;0;1;1;0;0;0;0;0;0;1;1;0;0;0;0;0;0;0;0;0;0;0;0;0;0;0;0;0;1;0;1;0;0;0;1;0;0;0;0;0;0;1000;867;133;764;0;11;55.62;0.867;1
203770;Crusader Kings II;Paradox Development Studio;Paradox Interactive;14 Feb, 2012;0.0;1;2000000;1373;89.91;66359;7450;0;161;32;4;none;1;1;1;4.0;5;Establecido;111;0;0;0;0;0;0;1;0;1;0;1;0;0;0;1;1;0;0;0;0;0;0;0;0;0;1;0;0;0;0;0;0;0;0;0;0;0;0;1;0;0;1;0;0;0;0;0;1;0;0;0;1;1;0;0;0;0;0;0;0;0;0;0;0;0;0;0;0;0;0;0;0;0;1;0;0;0;0;1000;858;142;1000;0;7;335.21;0.858;1
1903340;Clair Obscur: Expedition 33;Sandfall Interactive;Kepler Interactive;24 Apr, 2025;34.99;0;2000000;27880;95.66;106216;4816;0;55;4;19;full;1;0;0;8.0;1;Novato;248;1;0;0;0;0;0;1;0;0;0;0;0;0;0;1;0;0;0;0;1;0;1;1;0;0;0;0;0;0;0;0;0;0;1;0;0;0;0;1;1;0;0;0;0;0;0;0;0;0;0;0;0;0;0;0;0;0;0;0;0;0;0;1;1;0;0;0;0;0;0;0;0;0;0;0;0;0;0;1000;904;96;621;0;1;46.6;0.904;1
244850;Space Engineers;Keen Software House;Keen Software House;28 Feb, 2019;9.99;0;2000000;4201;88.56;117204;15143;0;30;19;16;none;1;0;0;8.0;1;Novato;280;1;0;0;0;1;0;0;0;1;0;1;0;0;0;1;1;1;0;0;0;1;1;1;1;0;0;0;0;0;0;1;1;0;0;0;0;1;0;0;0;0;1;0;0;0;0;1;1;0;0;0;1;1;0;0;0;0;0;0;0;0;0;0;0;0;0;0;0;0;0;0;1;1;0;0;0;0;0;1000;847;153;754;0;4;507.14;0.847;1
1366540;Dyson Sphere Program;Youthcat Studio;Gamirror Games;20 Jan, 2021;19.99;0;2000000;2703;97.66;83095;1993;0;128;2;5;none;1;0;0;8.0;1;Novato;284;0;0;0;0;1;0;0;0;1;0;1;0;0;1;1;0;0;0;0;0;0;1;0;0;0;0;0;0;0;0;1;0;0;0;0;0;0;0;0;0;0;1;0;0;0;0;0;0;0;0;0;1;1;1;1;0;0;0;0;0;0;0;1;0;0;0;0;0;0;0;1;1;1;0;0;0;0;0;1000;943;57;891;1000;3;185.68;0.943;1
2709570;Supermarket Together;DeadDevsTellNoLies;DeadDevsTellNoLies;9 Aug, 2024;0.0;1;2000000;4704;94.9;63994;3441;0;48;1;14;none;1;0;0;8.0;1;Novato;207;0;0;1;0;1;0;0;0;1;0;0;0;0;0;1;1;1;1;0;0;0;1;1;0;0;0;0;0;0;1;0;0;0;0;0;0;0;0;0;0;0;0;0;0;0;0;0;1;0;0;0;1;1;1;0;0;0;0;0;0;0;0;1;1;0;0;0;0;0;0;1;1;0;1;0;0;0;0;999;918;81;999;0;1;20.15;0.919;1
201270;Total War: SHOGUN 2;CREATIVE ASSEMBLY, Feral Interactive (Mac), Feral Interactive (Linux);SEGA, Feral Interactive (Mac), Feral Interactive (Linux);15 Mar, 2011;14.99;0;2000000;0;91.54;58839;5437;0;106;8;8;none;1;1;1;1.0;6;Establecido;116;0;0;0;0;0;0;0;0;0;0;1;0;0;0;1;1;1;1;0;0;0;1;1;0;0;1;0;0;0;0;0;0;0;0;0;0;0;0;0;0;1;1;0;0;0;0;1;1;0;0;0;0;0;0;0;0;0;0;0;0;0;0;0;0;0;0;0;0;0;0;0;0;0;0;0;0;0;0;1000;915;85;699;0;4;199.98;0.915;1
389730;TEKKEN 7;BANDAI NAMCO Studios Inc.;BANDAI NAMCO Entertainment;1 Jun, 2017;31.99;0;2000000;599;83.21;77227;15580;0;42;24;11;full;1;0;0;6.0;3;Establecido;283;1;0;0;0;0;0;0;0;0;1;0;0;0;0;1;1;0;0;0;1;0;1;1;0;0;1;1;0;0;0;0;0;0;1;0;0;0;0;0;0;0;0;0;0;0;0;0;1;0;0;0;0;0;0;0;1;0;0;0;0;1;0;0;0;0;0;0;1;0;1;0;0;0;0;0;0;0;0;1000;885;115;759;0;4;97.08;0.885;1
10090;Call of Duty: World at War;Treyarch;Activision;18 Nov, 2008;14.99;0;2000000;433;92.32;46665;3884;0;0;0;5;none;1;0;0;0.0;5;Establecido;237;1;0;0;0;0;0;0;0;0;0;0;0;0;0;1;1;1;0;0;0;0;0;0;0;0;0;0;0;0;1;0;0;0;0;0;0;1;1;0;0;0;0;0;0;0;0;1;1;0;0;0;0;0;0;0;0;0;0;0;0;0;0;0;0;0;0;0;0;0;0;0;0;0;0;0;0;1;0;1000;908;92;903;0;5;44.28;0.908;1
1259420;Days Gone;Bend Studio;PlayStation Publishing LLC;17 May, 2021;39.99;0;2000000;1600;92.78;95697;7446;0;67;1;22;full;1;0;0;8.0;1;Novato;231;1;1;0;0;0;0;0;0;0;0;0;0;0;0;1;0;0;0;0;1;0;1;1;0;0;0;0;0;0;0;1;1;0;1;0;0;1;1;0;0;0;0;0;0;0;0;0;1;0;0;0;0;0;0;0;0;0;0;0;0;0;0;0;0;0;0;0;0;0;0;0;0;0;0;0;0;0;0;1000;915;85;675;0;2;51.19;0.915;1
261640;Borderlands: The Pre-Sequel;2K Australia, Gearbox Software, Aspyr (Linux);2K, Aspyr (Linux);13 Oct, 2014;59.99;0;2000000;437;79.23;33577;8802;0;63;2;8;full;1;1;1;2.0;1;Novato;163;1;0;0;0;0;0;1;0;0;0;0;0;0;0;1;1;1;0;0;1;0;1;1;0;0;1;0;0;0;1;1;0;0;0;0;0;0;0;1;1;0;0;0;0;0;0;1;1;0;0;0;0;0;0;0;0;0;0;0;0;0;0;0;0;0;0;0;1;0;0;0;0;0;0;0;0;1;0;1000;797;203;758;0;9;48.5;0.797;1
220200;Kerbal Space Program;Squad;Private Division;27 Apr, 2015;4.99;0;2000000;1844;95.22;121084;6078;0;0;2;9;none;1;1;1;4.0;1;Novato;251;0;0;0;0;1;0;0;0;1;0;0;0;0;0;1;0;0;0;0;0;1;0;1;1;0;1;0;0;0;0;1;0;0;0;0;0;0;0;0;0;0;1;0;0;0;0;0;0;0;0;0;1;1;0;0;0;0;0;0;0;0;0;0;0;0;0;0;0;0;1;0;1;0;0;0;0;0;0;1000;980;20;898;0;1;68.08;0.98;1
1142710;Total War: WARHAMMER III;CREATIVE ASSEMBLY, Feral Interactive;SEGA, Feral Interactive;16 Feb, 2022;47.99;0;2000000;16842;72.7;87141;32717;0;138;32;13;none;1;1;1;6.0;2;Novato;256;1;0;0;0;0;0;0;0;0;0;1;0;0;0;1;1;1;1;0;0;0;1;1;0;0;1;0;0;0;0;0;0;0;0;0;0;0;0;0;0;0;1;0;0;0;0;1;1;0;1;0;0;0;0;0;0;0;0;0;0;0;0;0;0;0;0;0;1;0;0;0;0;0;0;0;0;0;0;1000;735;265;774;0;1;351.85;0.735;1
265630;Fistful of Frags;Fistful of Frags Team;Fistful of Frags Team;9 May, 2014;0.0;1;2000000;53;91.36;33130;3132;0;20;1;15;none;1;1;1;1.95;1;Novato;182;1;0;0;0;1;0;0;0;0;0;0;0;0;0;0;1;1;1;0;0;0;1;0;1;0;0;1;0;0;1;0;0;0;0;0;0;1;0;0;0;0;0;0;0;0;0;1;1;0;1;0;0;1;0;0;0;0;0;0;0;0;0;0;0;0;0;0;0;0;0;0;0;0;1;0;0;1;0;1000;916;84;1000;0;12;36.12;0.916;1
219150;Hotline Miami;Dennaton Games;Devolver Digital;23 Oct, 2012;5.79;0;2000000;404;97.13;103599;3058;0;35;1;7;full;1;1;1;0.5;2;Novato;127;1;0;0;0;1;0;0;0;0;0;0;0;0;0;1;0;0;0;0;1;0;1;1;0;0;1;0;0;0;0;0;0;0;0;0;0;0;0;0;0;0;0;0;0;0;0;0;0;0;0;0;0;0;0;0;0;0;0;0;0;0;1;0;0;0;0;0;1;0;1;0;1;0;0;0;0;0;0;1000;935;65;868;0;2;10.87;0.935;1
418460;Rising Storm 2: Vietnam;Antimatter Games, Tripwire Interactive;Tripwire Interactive;30 May, 2017;24.99;0;2000000;449;86.78;49952;7611;0;132;12;10;none;1;0;0;4.0;1;Novato;281;1;0;0;0;0;1;0;0;1;0;1;0;0;0;0;1;0;0;0;0;0;1;0;1;1;1;0;0;0;1;0;0;0;0;0;0;0;1;0;0;0;0;0;0;0;0;0;1;0;1;0;0;1;0;0;0;0;0;0;0;0;0;0;1;0;0;0;1;0;0;0;0;0;0;0;0;1;0;1000;867;133;808;0;6;78.6;0.867;1
312990;The Expendabros;Free Lives;Devolver Digital;5 Aug, 2014;0.0;1;2000000;20;97.18;17661;513;0;0;0;1;full;1;1;0;2.0;2;Novato;141;1;1;0;0;1;0;0;0;0;0;0;0;0;0;1;1;0;0;0;1;0;0;0;0;0;0;1;0;0;0;1;0;0;0;0;0;0;0;0;0;0;0;0;1;0;0;1;1;1;0;0;0;0;0;0;0;0;0;0;0;0;1;0;0;0;0;0;0;0;0;0;1;0;1;0;0;0;0;865;833;32;865;0;29;5.9;0.963;1
211500;RaceRoom Racing Experience;KW Studios;KW Studios, RaceRoom Entertainment AG;12 Feb, 2013;0.0;1;2000000;431;75.42;17812;5806;0;0;0;5;none;1;0;0;4.0;1;Novato;275;0;0;0;0;0;0;0;1;1;1;0;0;0;0;1;1;0;0;0;0;1;0;0;0;1;1;0;0;0;1;0;0;0;0;0;0;0;0;0;0;0;0;0;0;0;0;1;1;0;1;0;0;1;0;0;1;1;0;0;0;0;0;0;1;0;0;0;0;0;1;0;0;0;1;1;0;0;0;1000;764;236;1000;0;4;69.06;0.764;1
506540;Last Man Standing;Free Reign Entertainment, Free Reign Entertainment;Free Reign Entertainment;29 Mar, 2017;0.0;0;2000000;0;61.27;10776;6811;0;0;0;1;none;1;0;0;6.0;1;Novato;236;1;1;0;0;1;1;0;0;0;0;1;0;0;0;0;1;0;0;0;0;0;0;0;0;0;0;0;0;0;1;1;0;0;0;0;0;1;0;0;0;0;1;0;0;0;0;1;1;0;1;1;0;0;0;0;0;0;0;0;0;0;0;0;0;0;0;0;0;0;0;0;1;0;1;0;0;1;0;78;49;29;0;0;26;35.47;0.628;1
20900;The Witcher: Enhanced Edition Director's Cut;CD PROJEKT RED;CD PROJEKT RED, 1C-SoftClub;16 Sep, 2008;200.0;0;2000000;616;88.95;73569;9135;0;0;1;10;none;1;1;0;1.0;5;Establecido;267;1;0;0;0;0;0;1;0;0;0;0;0;0;0;1;0;0;0;0;0;0;0;1;0;0;0;0;0;0;0;1;0;0;1;0;0;0;0;1;1;0;0;0;0;0;0;0;0;0;0;0;0;0;0;0;0;0;0;0;0;0;0;0;0;0;0;0;1;0;0;0;0;0;0;0;0;0;0;999;885;114;954;0;3;40.48;0.886;1
552500;Warhammer: Vermintide 2;Fatshark;Fatshark;8 Mar, 2018;14.99;0;2000000;2124;84.87;113489;20234;0;26;21;9;full;1;0;0;6.0;2;Novato;173;1;0;0;0;1;0;1;0;0;0;0;0;0;0;1;1;1;1;0;1;0;1;0;0;0;1;0;0;0;1;0;0;0;0;0;0;0;0;1;1;0;0;0;0;0;0;1;1;0;0;0;0;0;0;0;0;0;0;0;0;0;0;0;0;0;0;0;1;0;0;0;0;0;0;0;0;1;0;1000;814;186;430;0;3;157.82;0.814;1
1057090;Ori and the Will of the Wisps;Moon Studios GmbH;Xbox Game Studios;10 Mar, 2020;29.99;0;2000000;697;96.56;131989;4701;0;37;1;21;full;1;0;0;8.0;4;Establecido;194;1;0;0;0;0;0;0;0;0;0;0;0;0;0;1;0;0;0;0;1;0;1;1;0;0;0;0;0;0;0;1;0;0;1;0;0;0;0;0;0;0;0;0;1;1;0;0;0;0;0;0;0;0;0;0;0;0;1;0;0;0;1;0;0;0;0;0;1;0;1;0;1;0;0;0;0;0;0;1000;954;46;906;0;2;20.06;0.954;1
359320;Elite Dangerous;Frontier Developments;Frontier Developments;2 Apr, 2015;10.49;0;2000000;4845;77.37;77388;22636;0;0;2;6;none;1;0;0;6.0;3;Establecido;187;1;1;0;0;0;1;1;0;1;0;1;0;0;0;1;1;1;0;0;0;1;0;0;0;1;0;0;0;0;1;1;0;0;0;0;0;0;0;1;0;0;1;0;0;0;0;0;1;0;0;0;1;1;0;0;0;0;0;0;0;0;0;0;0;0;0;0;0;0;1;0;0;0;0;1;0;0;0;1000;739;261;789;0;3;325.86;0.739;1
214950;Total War: ROME II - Emperor Edition;CREATIVE ASSEMBLY, Feral Interactive;SEGA, Feral Interactive;2 Sep, 2013;26.99;0;2000000;3901;83.43;73559;14614;0;188;14;9;none;1;1;0;2.0;2;Novato;309;0;0;0;0;0;0;0;0;0;0;1;0;0;0;1;1;1;1;0;0;0;0;1;0;0;1;0;0;0;0;0;0;0;0;0;0;0;0;0;0;1;1;0;0;0;0;1;1;0;0;0;0;1;0;0;0;0;0;0;0;0;0;0;0;0;0;0;1;0;0;0;0;0;0;0;0;0;0;1000;905;95;672;0;3;287.41;0.905;1
9480;Saints Row 2;Volition;Deep Silver;7 Jan, 2009;7.99;0;2000000;95;75.34;15420;5046;0;0;0;9;none;1;0;1;0.0;3;Establecido;209;1;0;0;0;0;0;0;0;0;0;0;0;0;0;1;0;0;0;0;0;1;0;1;0;0;0;0;0;0;0;1;0;0;0;0;0;0;0;0;0;0;0;0;0;0;0;1;1;0;0;0;1;0;0;0;0;0;0;0;0;0;0;0;0;0;0;0;0;0;0;0;0;0;0;0;0;0;0;1000;776;224;738;0;10;24.94;0.776;1
245170;Skullgirls 2nd Encore;Hidden Variable Studios;Autumn Games;22 Aug, 2013;24.99;0;2000000;112;72.51;29623;11230;0;45;7;7;full;1;1;1;2.0;1;Novato;201;1;0;0;0;1;0;0;0;0;0;0;0;0;0;1;1;0;0;0;1;0;1;1;0;0;1;1;0;0;0;0;0;0;1;0;0;0;0;0;0;0;0;0;0;0;0;0;1;0;0;0;0;0;0;0;0;0;0;0;0;1;1;0;0;0;1;0;0;0;0;0;1;0;0;0;0;0;0;1000;872;128;841;0;10;29.82;0.872;1
207610;The Walking Dead;Telltale Games;Skybound Games;24 Apr, 2012;7.99;0;2000000;614;97.29;71633;1995;0;48;1;5;full;1;1;0;3.0;2;Novato;113;0;1;0;0;0;0;0;0;0;0;0;0;0;0;1;0;0;0;0;1;0;1;0;0;0;1;0;0;0;0;0;0;0;1;0;0;1;1;0;0;0;0;0;0;0;0;0;0;0;0;0;0;0;0;0;0;0;0;1;0;0;0;0;0;0;0;0;1;0;0;0;0;0;0;0;0;0;0;998;967;31;833;0;3;15.92;0.969;1
35450;Red Orchestra 2: Heroes of Stalingrad with Rising Storm;Tripwire Interactive;Tripwire Interactive;13 Sep, 2011;2.99;0;2000000;92;92.39;34765;2863;0;140;0;5;none;1;0;0;0.0;3;Establecido;43;1;0;0;0;0;1;0;0;1;0;0;0;0;0;0;1;0;0;0;0;0;1;0;1;0;1;0;0;0;1;0;0;0;0;0;0;0;0;0;0;0;0;0;0;0;0;0;1;0;0;0;0;1;0;0;0;0;0;0;0;0;0;0;1;0;0;0;1;0;0;0;0;0;0;0;0;1;0;999;910;89;825;0;13;90.21;0.911;1
285900;Gang Beasts;Boneloaf, Rocket Science;Boneloaf;12 Dec, 2017;9.49;0;2000000;376;85.06;51267;9003;0;19;1;10;full;1;1;1;4.0;1;Novato;186;1;1;1;0;1;0;0;0;1;0;0;0;0;0;0;1;0;0;0;1;0;1;0;0;0;0;1;0;0;0;0;0;0;0;0;0;0;0;0;0;0;0;0;0;0;0;1;1;0;0;0;0;0;0;0;0;0;0;0;0;0;0;0;0;0;0;0;0;0;0;1;1;0;0;0;0;0;0;1000;885;115;821;0;2;16.69;0.885;1
232090;Killing Floor 2;Tripwire Interactive;Tripwire Interactive;18 Nov, 2016;29.99;0;2000000;4508;87.75;111325;15541;0;307;5;12;full;1;0;0;3.0;3;Establecido;250;1;0;0;0;0;0;0;0;0;0;0;0;0;0;1;1;1;1;0;1;0;1;0;1;1;1;0;0;0;1;0;0;0;0;0;0;1;1;0;0;0;0;0;0;0;0;1;1;0;0;0;0;0;0;0;0;0;0;0;0;0;0;0;0;0;0;1;1;0;0;0;0;0;0;0;0;1;0;1000;851;149;811;0;3;107.09;0.851;1
42680;Call of Duty®: Modern Warfare® 3 (2011);Infinity Ward, Sledgehammer Games;Activision;8 Nov, 2011;19.99;0;2000000;357;85.26;21320;3686;0;76;4;5;none;1;0;0;0.0;2;Novato;150;1;0;0;0;0;0;0;0;0;0;0;0;0;0;1;1;1;0;0;0;0;1;1;0;0;0;0;0;0;1;0;0;0;1;0;0;1;0;0;0;0;0;0;0;0;0;1;1;0;0;0;0;0;0;0;0;0;0;1;0;0;0;0;0;0;0;0;0;0;0;1;0;0;0;0;0;1;0;1000;932;68;759;0;7;49.63;0.932;1
918570;Century: Age of Ashes;Playwing LTD;Playwing LTD;2 Dec, 2021;0.0;1;2000000;54;74.55;13226;4514;0;33;17;8;full;1;0;0;6.0;1;Novato;197;1;0;0;0;1;0;0;1;0;0;0;0;0;0;0;1;1;1;0;1;0;1;0;0;1;0;0;0;0;0;0;0;0;0;0;0;0;0;0;0;0;0;0;0;0;0;0;1;0;1;0;0;0;0;0;0;0;0;0;0;0;0;0;0;0;0;0;0;0;0;0;1;1;1;0;0;0;0;1000;719;281;1000;0;16;27.13;0.719;1
1771300;Kingdom Come: Deliverance II;Warhorse Studios;Deep Silver;4 Feb, 2025;44.99;0;2000000;7073;94.08;96279;6058;0;83;10;15;full;1;0;0;16.0;2;Novato;224;1;1;0;0;0;0;1;0;0;0;0;0;0;0;1;0;0;0;0;1;0;1;1;0;0;1;0;0;0;1;1;0;0;1;0;0;0;0;1;0;0;0;0;0;0;0;0;0;0;0;0;0;0;0;0;0;0;0;0;0;0;0;1;1;0;0;0;1;0;0;0;0;0;0;0;0;0;0;1000;894;106;749;0;1;93.74;0.894;1
447040;Watch_Dogs® 2;Ubisoft;Ubisoft;28 Nov, 2016;39.99;0;2000000;863;82.8;68213;14166;0;55;30;16;none;1;0;0;6.0;3;Establecido;170;1;1;0;0;0;0;0;0;0;0;0;0;0;0;1;1;1;0;0;0;1;1;0;0;1;0;0;0;0;0;1;0;0;1;0;0;0;0;0;0;0;0;0;0;0;0;1;1;0;0;0;1;0;0;0;0;0;0;0;0;0;0;0;0;0;0;0;1;0;0;0;0;0;0;0;0;1;1;1000;836;164;933;0;2;31.66;0.836;1
200510;XCOM: Enemy Unknown;Firaxis Games, Feral Interactive (Linux);2K, Feral Interactive (Linux);11 Oct, 2012;5.99;0;2000000;590;93.45;52717;3697;0;85;3;10;full;1;0;1;2.0;1;Novato;58;0;0;0;0;0;0;0;0;0;0;1;0;0;0;1;1;0;0;0;1;0;1;1;0;0;1;0;0;0;0;0;0;0;0;0;0;0;0;1;0;1;1;0;0;0;0;0;1;0;0;0;0;0;0;0;0;0;0;0;0;0;0;0;0;0;0;0;1;0;1;0;0;0;0;0;0;0;0;1000;895;105;743;0;7;116.08;0.895;1
361420;ASTRONEER;System Era Softworks;System Era Softworks;5 Feb, 2019;14.99;0;2000000;988;92.14;118817;10139;0;56;9;13;full;1;0;0;4.0;1;Novato;281;0;1;0;0;1;0;0;0;0;0;0;0;0;0;1;1;1;1;0;1;0;1;1;0;0;0;0;0;0;0;1;1;0;0;0;0;1;0;0;0;0;0;0;0;0;0;1;1;0;0;0;1;1;0;0;0;0;0;0;0;0;0;0;0;0;0;0;1;0;0;0;1;0;0;0;0;0;0;1000;882;118;815;0;2;65.97;0.882;1
33900;Arma 2;Bohemia Interactive;Bohemia Interactive;;7.99;0;2000000;0;83.56;1769;348;0;0;1;1;none;1;0;0;1.0;6;Establecido;287;1;0;0;0;0;0;0;0;1;0;1;0;0;0;1;1;1;0;0;0;1;0;0;0;0;0;0;0;0;1;1;0;0;0;0;0;0;0;0;0;0;1;0;0;0;0;1;1;0;0;0;1;1;0;0;0;0;0;0;0;0;0;0;1;0;0;0;0;0;0;0;0;0;0;0;0;1;0;40;33;7;35;0;21;20.08;0.825;1
209080;Guns of Icarus Online;Muse Games;Muse Games;29 Oct, 2012;4.99;0;2000000;16;89.94;13172;1473;0;849;0;1;none;1;1;1;2.0;1;Novato;261;1;1;0;0;1;0;0;0;1;0;0;0;0;0;0;1;0;0;0;0;1;1;0;1;0;1;0;0;0;1;0;0;0;0;0;0;0;0;0;0;0;1;0;0;0;0;1;1;0;1;0;0;1;0;0;0;0;0;0;0;0;0;0;0;0;0;0;0;0;0;0;1;0;0;0;0;1;0;322;244;78;165;0;29;25.31;0.758;1
307780;Mortal Kombat X;NetherRealm Studios, QLOC;Warner Bros. Games, Warner Bros. Interactive Entertainment;13 Apr, 2015;2.0;0;2000000;426;85.47;48077;8175;0;73;23;8;full;1;0;0;3.0;1;Novato;145;1;0;0;0;0;0;0;0;0;0;0;0;0;0;1;1;0;0;0;1;0;1;1;0;0;1;1;0;0;0;0;0;0;0;0;0;0;1;0;0;0;0;0;0;0;0;0;1;0;0;0;0;0;0;0;0;0;0;0;0;0;0;0;0;0;0;0;1;0;0;0;0;0;0;0;0;0;0;1000;951;49;736;0;3;65.04;0.951;1
335240;Transformice;Atelier 801;Atelier 801;30 Jan, 2015;0.0;1;2000000;1284;87.92;24320;3341;0;14;0;24;none;1;1;1;0.5;1;Novato;226;0;0;0;0;1;1;0;0;0;0;0;0;0;0;0;1;0;0;0;0;0;1;0;0;0;1;0;0;0;0;0;0;0;0;0;0;1;0;0;0;0;1;0;1;0;0;1;1;0;0;0;0;0;0;0;0;1;1;0;0;0;1;0;0;0;0;0;0;0;0;1;1;0;1;0;0;0;0;1000;884;116;1000;0;8;174.08;0.884;1
403640;Dishonored 2;Arkane Studios;Bethesda Softworks;11 Nov, 2016;17.99;0;2000000;308;89.44;56155;6627;0;50;0;10;none;1;0;0;8.0;3;Establecido;287;1;0;0;0;0;0;0;0;0;0;0;0;0;0;1;0;0;0;0;0;1;1;1;0;0;1;0;0;0;1;1;0;0;1;0;0;0;0;0;0;0;0;0;0;0;0;0;0;0;0;0;0;0;0;0;0;0;0;0;0;0;0;0;0;0;0;0;1;0;0;0;0;0;0;0;0;0;1;999;913;86;707;0;4;29.64;0.914;1
99900;Spiral Knights;Grey Havens;Grey Havens;14 Jun, 2011;0.0;1;2000000;132;83.98;19869;3789;0;54;1;4;none;1;1;0;0.0;1;Novato;132;1;1;1;0;1;1;1;0;0;0;0;0;0;0;1;1;1;0;0;0;1;1;0;0;1;1;0;0;0;0;1;0;0;0;0;0;0;0;1;1;0;0;0;0;0;0;1;1;0;0;0;0;0;0;0;0;0;0;0;0;1;0;0;0;0;0;0;0;0;0;1;1;0;1;0;0;0;0;1000;711;289;1000;0;18;165.01;0.711;1
1289310;Helltaker;vanripper;vanripper;11 May, 2020;0.0;1;2000000;75;97.76;122115;2803;0;10;1;1;none;1;1;1;0.0;1;Novato;60;0;1;0;0;1;0;0;0;0;0;0;0;0;0;1;0;0;0;0;0;1;1;0;0;0;0;0;0;0;0;0;0;0;0;0;0;0;0;0;0;0;0;0;0;0;0;0;0;0;0;0;0;0;0;0;0;0;1;0;1;1;1;0;0;0;0;0;0;0;1;0;1;0;1;0;0;0;0;1000;946;54;1000;0;3;4.23;0.946;1
287700;METAL GEAR SOLID V: THE PHANTOM PAIN;KONAMI;KONAMI;1 Sep, 2015;10.49;0;2000000;1333;91.75;91675;8247;0;42;13;8;full;1;0;0;4.0;4;Establecido;267;1;1;0;0;0;0;0;0;0;0;0;0;0;0;1;1;0;0;0;1;0;1;1;0;1;1;0;0;0;0;1;0;0;1;0;0;0;0;0;0;0;0;0;0;0;0;0;1;0;0;0;1;0;0;0;0;0;0;0;0;0;0;0;0;0;0;1;1;0;0;0;0;0;0;0;0;0;1;1000;934;66;730;0;3;85.55;0.934;1
460930;Tom Clancy's Ghost Recon® Wildlands;Ubisoft Paris, Ubisoft Annecy, Ubisoft Bucharest, Ubisoft Montpellier, Ubisoft Milan, Reflections, Ubisoft Belgrade;Ubisoft;6 Mar, 2017;39.99;0;2000000;1441;79.87;77138;19439;0;57;4;16;none;1;0;0;6.0;1;Novato;180;1;1;0;0;0;0;0;0;0;0;0;0;0;0;1;1;1;0;0;0;1;1;0;0;1;1;0;0;0;1;1;0;0;0;0;0;1;0;0;0;0;1;0;0;0;0;1;1;0;1;0;1;0;0;0;0;0;0;0;0;0;0;0;0;0;0;0;1;0;0;0;0;0;0;0;0;1;1;1000;755;245;930;0;2;68.28;0.755;1
219740;Don't Starve;Klei Entertainment;Klei Entertainment;23 Apr, 2013;3.29;0;2000000;1472;96.63;106118;3698;0;0;4;2;full;1;1;1;0.0;4;Establecido;252;0;1;0;0;1;0;0;0;1;0;0;0;0;0;1;0;0;0;0;1;0;0;1;1;0;1;0;0;0;0;1;1;0;0;0;0;1;1;0;0;0;0;0;0;0;0;0;1;0;0;0;1;1;0;0;0;0;0;0;0;0;1;0;0;0;0;0;0;0;1;0;1;0;0;0;0;0;0;1000;939;61;950;0;4;87.74;0.939;1
96000;The Tiny Bang Story;Colibri Games;Colibri Games;22 Apr, 2011;4.99;0;2000000;10;87.27;5630;821;0;0;0;27;none;1;1;1;0.0;1;Novato;341;0;1;1;0;1;0;0;0;0;0;0;0;0;0;1;0;0;0;0;0;0;0;0;0;0;1;0;0;0;0;0;0;0;1;0;0;0;0;0;0;0;0;0;0;0;0;0;0;0;0;0;0;0;0;0;0;0;1;1;0;0;1;0;0;0;0;0;1;1;0;1;1;0;0;0;0;0;0;466;383;83;330;0;29;7.46;0.822;1
35720;Trine 2: Complete Story;Frozenbyte;Frozenbyte;6 Jun, 2013;10.49;0;2000000;18;95.4;20682;997;0;97;1;15;full;1;1;1;0.0;2;Novato;140;1;1;0;0;1;0;0;0;0;0;0;0;0;0;1;1;1;1;0;1;0;1;1;1;0;1;1;1;0;0;0;0;0;0;0;0;0;0;1;0;0;0;0;1;0;0;1;1;1;0;0;0;0;0;0;0;0;1;0;0;0;1;0;0;0;0;0;1;0;0;1;1;0;0;0;0;0;0;998;892;106;757;0;26;16.73;0.894;1
387990;Scrap Mechanic;Axolot Games;Axolot Games;19 Jan, 2016;10.99;0;2000000;909;92.26;104512;8771;0;0;0;11;none;1;0;0;8.0;1;Novato;283;1;1;0;0;1;0;0;0;1;0;0;0;0;1;1;1;1;1;0;0;0;0;1;1;0;0;0;0;0;1;1;1;0;0;0;0;1;0;0;0;0;0;0;0;0;0;1;1;0;0;0;1;1;0;0;0;0;0;0;0;0;0;0;0;0;0;0;0;0;0;0;1;1;0;0;0;0;0;1000;879;121;859;1000;3;136.46;0.879;1
880940;Pummel Party;Rebuilt Games;Rebuilt Games;20 Sep, 2018;7.99;0;2000000;1096;88.82;47800;6014;0;31;0;11;full;1;0;0;3.0;1;Novato;217;1;0;1;0;1;0;0;0;0;0;0;0;0;0;1;1;0;0;0;1;0;1;0;1;0;0;1;0;0;0;0;0;0;0;0;0;0;0;0;0;0;0;0;0;0;0;1;1;1;0;0;0;0;0;0;0;0;0;0;0;0;0;0;0;0;0;0;0;0;0;1;1;0;0;0;0;0;0;1000;846;154;805;0;4;37.74;0.846;1
409710;BioShock™ Remastered;2K Boston, 2K Australia, Blind Squirrel, Feral Interactive (Mac);2K, Feral Interactive (Mac);15 Sep, 2016;14.99;0;2000000;364;82.32;47962;10301;0;65;0;7;full;1;1;0;4.0;1;Novato;241;1;0;0;0;0;0;1;0;0;0;0;0;0;0;1;0;0;0;0;1;0;1;1;0;0;1;0;0;0;1;0;0;0;1;0;0;0;1;1;0;0;0;0;0;0;0;0;0;0;0;0;0;0;0;0;0;0;0;0;0;0;0;0;0;0;0;1;1;0;0;0;0;0;0;0;0;1;0;1000;911;89;831;0;3;14.83;0.911;1
686810;Hell Let Loose;Expression Games;Team17;27 Jul, 2021;23.99;0;2000000;3380;82.4;113447;24230;0;195;33;11;none;1;0;0;12.0;1;Novato;252;1;0;0;0;1;1;0;0;1;0;1;0;0;0;0;1;0;0;0;0;1;1;0;0;0;0;0;0;0;1;0;0;0;0;0;0;0;0;0;0;0;1;0;0;0;0;0;1;0;1;0;0;1;0;0;0;0;0;0;0;0;0;0;1;0;0;0;0;0;0;0;1;0;0;0;0;1;0;1000;764;236;745;0;2;140.38;0.764;1
418370;Resident Evil 7 Biohazard;CAPCOM Co., Ltd.;CAPCOM Co., Ltd.;23 Jan, 2017;15.0;0;2000000;792;95.27;93214;4632;0;58;6;15;full;1;0;0;8.0;18;AAA;204;1;1;0;0;0;0;0;0;0;0;0;0;0;0;1;0;0;0;0;1;0;1;1;0;0;1;0;0;0;1;0;0;0;1;0;0;1;1;0;0;0;0;0;0;0;0;0;1;0;0;0;0;0;0;0;0;0;1;0;0;0;0;0;0;0;0;0;1;0;0;0;0;0;0;1;0;1;0;1000;952;48;688;0;1;18.24;0.952;1
50130;Mafia II (Classic);2K Czech;2K;22 Mar, 2011;29.99;0;2000000;207;94.33;51876;3121;0;67;0;8;none;1;0;0;1.5;1;Novato;339;1;0;0;0;0;0;0;0;0;0;0;0;0;0;1;0;0;0;0;0;1;1;0;0;0;0;0;0;0;0;1;0;0;1;0;0;0;0;0;0;0;0;0;0;0;0;0;1;0;0;0;1;0;0;0;0;0;0;0;0;0;0;0;0;0;0;0;1;0;0;0;0;0;0;0;0;0;0;1000;889;111;689;0;4;24.08;0.889;1
1454400;Cookie Clicker;Orteil, DashNet;Playsaurus;1 Sep, 2021;2.69;0;2000000;9583;96.65;77218;2674;0;637;1;17;none;1;1;0;0.5;1;Novato;149;0;0;1;0;1;0;0;0;1;0;1;0;0;0;1;0;0;0;0;0;0;1;1;1;0;0;0;0;0;0;0;0;0;0;0;0;0;1;0;0;0;1;0;0;0;0;0;0;0;0;0;0;1;1;0;0;0;0;0;0;0;1;0;0;0;0;0;0;0;0;1;1;0;0;0;0;0;0;1000;954;46;940;0;2;310.92;0.954;1
379430;Kingdom Come: Deliverance;Warhorse Studios;Warhorse Studios, Deep Silver;13 Feb, 2018;22.99;0;2000000;2520;84.12;136446;25760;0;82;13;14;full;1;0;0;8.0;2;Novato;293;1;1;0;0;0;0;1;0;0;0;0;0;0;0;1;0;0;0;0;1;0;1;1;0;0;1;0;0;0;1;1;0;0;1;0;0;0;0;1;1;0;0;0;0;0;0;0;0;0;0;0;0;0;0;0;0;0;0;0;0;0;0;0;1;0;0;0;1;0;0;0;1;0;0;0;0;0;0;1000;815;185;816;0;1;61.06;0.815;1
274170;Hotline Miami 2: Wrong Number;Dennaton Games;Devolver Digital;10 Mar, 2015;7.99;0;2000000;437;94.16;62741;3893;0;29;1;7;full;1;1;1;1.0;2;Novato;184;1;0;0;0;1;0;0;0;0;0;0;0;0;0;1;0;0;0;0;1;0;1;1;1;0;0;0;0;0;0;0;0;0;0;0;0;0;0;0;0;0;0;0;0;0;0;0;0;0;0;0;0;0;0;0;0;0;0;0;0;0;1;0;0;0;0;0;1;0;1;0;1;0;0;0;0;0;0;1000;945;55;850;0;2;26.0;0.945;1
232770;POSTAL;Running With Scissors;Running With Scissors;14 Nov, 1997;0.0;1;2000000;41;90.93;10023;1000;0;27;1;1;full;1;1;1;0.02;2;Novato;197;1;0;0;0;1;0;0;0;0;0;0;0;0;0;1;0;0;0;0;1;0;1;0;0;0;1;0;0;0;0;0;0;0;0;0;0;0;1;0;0;0;0;0;0;0;0;0;0;0;0;0;0;0;0;0;0;0;0;0;0;0;0;0;0;0;0;0;1;0;1;0;0;0;0;0;0;0;0;1000;939;61;1000;0;5;9.07;0.939;1
1363080;Manor Lords;Slavic Magic;Hooded Horse;26 Apr, 2024;19.99;0;2000000;1977;86.28;62224;9896;0;11;0;19;none;1;0;0;8.0;1;Novato;250;0;0;0;0;0;0;0;0;1;0;1;0;0;1;1;0;0;0;0;0;0;1;1;0;0;0;0;0;0;0;1;0;0;0;0;0;1;0;0;0;0;1;0;0;0;0;0;0;0;0;0;1;1;1;1;0;0;0;0;0;0;0;0;0;0;0;0;0;0;0;0;0;1;0;0;0;0;0;1000;746;254;846;1000;2;52.0;0.746;1
585690;Minimalism;PixelMouse;PixelMouse;8 Feb, 2017;0.89;0;2000000;49;73.29;1276;465;0;165;0;103;full;1;0;0;2.0;1;Novato;222;1;1;1;0;1;0;0;0;0;0;0;0;0;0;1;0;0;0;0;1;0;1;0;0;0;1;0;0;0;0;0;0;0;0;0;0;0;0;0;0;0;0;0;1;0;0;0;0;0;0;0;0;0;0;0;0;0;0;0;0;0;1;0;0;0;0;0;0;0;1;1;1;0;0;0;0;0;0;1000;682;318;271;0;10;9.07;0.682;1
289650;Assassin's Creed® Unity;Ubisoft;Ubisoft;11 Nov, 2014;23.99;0;2000000;373;78.16;58065;16229;0;57;2;13;none;1;0;0;6.0;3;Establecido;203;1;1;0;0;0;0;0;0;0;0;0;0;0;0;1;1;1;0;0;0;1;1;0;0;1;0;0;0;0;0;1;0;0;1;0;0;0;0;1;1;0;0;0;0;0;0;1;1;0;0;0;0;1;0;0;0;0;0;0;0;0;0;0;0;0;0;0;1;0;0;0;0;0;0;0;0;0;1;1000;741;259;945;0;2;26.02;0.741;1
17410;Mirror's Edge™;DICE;Electronic Arts;14 Jan, 2009;19.99;0;2000000;43;87.6;32983;4669;0;0;0;10;full;1;0;0;1.0;8;Establecido;286;1;1;0;0;0;0;0;0;0;0;0;0;0;0;1;0;0;0;0;1;0;0;0;0;0;1;0;0;0;1;0;0;0;0;0;0;0;0;0;0;0;0;0;1;0;0;0;0;0;0;0;0;0;0;0;0;0;1;0;0;0;0;0;0;0;0;0;1;0;0;0;0;0;0;0;0;0;0;1000;873;127;875;0;6;8.98;0.873;1
4560;Company of Heroes - Legacy Edition;Relic Entertainment;SEGA;17 Jul, 2007;16.49;0;2000000;65;93.47;6540;457;0;0;0;11;none;1;0;0;0.5;5;Establecido;295;1;0;0;0;0;0;0;0;0;0;1;0;0;0;1;1;0;0;0;0;0;0;1;1;0;1;0;0;0;0;0;0;0;0;0;0;0;0;0;0;0;1;0;0;0;0;1;1;0;0;0;0;1;0;0;0;0;0;0;0;0;0;0;0;0;0;0;0;0;0;0;0;0;0;0;0;0;0;657;583;74;528;0;29;51.06;0.887;1
2479810;Gray Zone Warfare;MADFINGER Games, a.s.;MADFINGER Games, a.s.;30 Apr, 2024;29.99;0;2000000;7543;67.83;40235;19083;0;0;0;12;none;1;0;0;16.0;1;Novato;293;1;0;0;0;0;1;0;0;1;0;0;0;0;1;0;1;1;1;0;0;0;0;0;0;0;0;0;0;0;1;1;0;0;0;0;0;1;0;0;0;0;0;0;0;0;0;0;1;0;1;0;0;0;0;0;0;0;0;0;0;0;0;0;1;0;0;0;0;0;0;0;0;1;0;0;0;1;0;1000;718;282;732;1000;1;87.13;0.718;1
233130;Shadow Warrior;Flying Wild Hog;Devolver Digital;26 Sep, 2013;14.99;0;2000000;20;92.05;24071;2080;0;92;1;11;full;1;1;1;2.0;2;Novato;183;1;1;0;0;0;0;0;0;0;0;0;0;0;0;1;0;0;0;0;1;0;1;1;0;0;1;0;0;0;1;0;0;0;0;0;0;0;0;0;0;0;0;0;0;0;0;0;0;0;0;0;0;0;0;0;0;0;0;0;0;0;0;0;0;0;0;0;1;0;0;0;0;0;0;0;0;1;0;1000;865;135;713;0;18;18.49;0.865;1
1056960;Wolfenstein: Youngblood;MachineGames, Arkane Studios;Bethesda Softworks;25 Jul, 2019;11.99;0;2000000;38;44.04;6360;8083;0;60;1;12;none;1;0;0;8.0;1;Novato;250;1;0;0;0;0;0;0;0;0;0;0;0;0;0;1;1;1;1;0;0;1;1;1;0;1;0;0;0;0;1;0;0;0;1;0;0;0;0;1;0;0;0;0;0;0;0;1;1;0;0;0;0;0;0;0;0;0;0;0;0;0;0;0;0;0;0;0;1;0;0;0;0;0;0;0;0;1;0;1000;353;647;808;0;10;13.42;0.353;1
976310;Mortal Kombat 11;NetherRealm Studios, QLOC, Shiver;Warner Bros. Games, Warner Bros. Interactive Entertainment;23 Apr, 2019;3.5;0;2000000;1026;88.1;93635;12646;0;58;27;12;full;1;0;0;8.0;1;Novato;89;1;0;0;0;0;0;0;0;0;0;0;0;0;0;1;1;0;0;0;1;0;1;1;0;1;1;1;0;0;0;0;0;0;1;0;0;0;1;0;0;0;0;0;0;0;0;0;1;0;0;0;0;0;0;0;0;0;0;0;0;0;0;0;0;0;0;0;1;0;0;0;0;0;0;0;0;0;0;998;880;118;786;0;2;25.22;0.882;1
202990;Call of Duty®: Black Ops II;Treyarch;Activision;12 Nov, 2012;59.99;0;2000000;167;84.98;27100;4790;0;35;36;5;full;1;0;0;0.0;5;Establecido;176;1;0;0;0;0;0;0;0;0;0;0;0;0;0;1;1;1;0;0;1;0;1;1;0;0;1;0;0;0;1;0;0;0;0;0;0;1;1;0;0;0;0;0;0;0;0;1;1;0;0;0;0;0;0;0;0;0;0;0;0;0;0;0;0;0;0;0;1;0;0;0;0;0;0;0;0;1;0;1000;908;92;703;0;19;187.65;0.908;1
355180;Codename CURE;Raptor Byte;Raptor Byte;31 Oct, 2017;0.0;1;2000000;12;84.72;13960;2518;0;44;1;12;none;1;0;1;2.0;1;Novato;190;1;0;0;0;0;0;0;0;0;0;0;0;0;0;1;1;1;1;0;0;1;1;0;1;0;0;0;0;0;1;0;0;0;0;0;0;0;0;0;0;0;0;0;0;0;0;1;1;0;1;0;0;0;0;0;0;0;0;0;0;0;0;1;0;0;0;0;0;0;0;0;0;0;1;0;0;1;0;992;876;116;992;0;29;15.27;0.883;1
678950;DRAGON BALL FighterZ;Arc System Works;Bandai Namco Entertainment;26 Jan, 2018;11.51;0;2000000;511;90.41;65978;6998;0;35;30;13;full;1;0;0;4.0;2;Novato;147;1;0;0;0;0;0;0;0;0;0;0;0;0;0;1;1;0;0;0;1;0;1;1;0;0;1;1;0;0;0;0;0;0;0;0;0;0;0;0;0;0;0;0;0;0;0;0;1;0;1;0;0;0;0;0;0;0;0;0;0;1;0;0;0;0;0;0;0;0;1;0;0;0;0;0;0;0;0;1000;873;127;762;0;3;73.25;0.873;1
1151340;Fallout 76;Bethesda Game Studios;Bethesda Softworks;14 Apr, 2020;23.99;0;2000000;8796;72.9;89334;33215;0;72;2;13;none;1;0;0;8.0;9;Establecido;244;0;0;0;0;0;0;1;0;0;0;0;0;0;0;0;1;1;1;0;0;1;1;0;0;1;0;0;0;0;0;1;0;0;0;0;0;1;1;1;0;0;0;0;0;0;0;1;1;0;0;0;0;0;0;0;0;0;0;0;0;0;0;0;0;0;0;0;1;0;0;0;0;1;0;0;0;1;0;1000;646;354;676;0;2;338.78;0.646;1
299360;Block N Load;Toadman Interactive, Artplant;Toadman Interactive;30 Apr, 2015;0.0;0;2000000;4;78.68;11944;3237;0;66;0;6;none;1;0;0;3.0;1;Novato;278;1;0;0;0;0;1;0;0;0;0;1;0;0;0;1;1;0;0;0;0;0;1;0;1;0;1;0;0;0;1;0;0;0;0;0;0;0;0;0;0;0;1;0;0;0;0;0;1;0;1;0;1;0;0;0;0;0;0;0;0;0;0;0;0;0;0;0;0;0;0;0;0;0;1;0;1;1;0;502;432;70;502;0;29;114.72;0.861;1
213670;South Park™: The Stick of Truth™;Obsidian Entertainment;Ubisoft;3 Mar, 2014;23.99;0;2000000;274;97.56;66636;1669;0;50;2;8;full;1;0;0;0.0;5;Establecido;314;1;1;0;0;0;0;1;0;0;0;0;0;0;0;1;0;0;0;0;1;0;1;0;0;0;0;0;0;0;0;1;0;0;1;0;0;0;0;1;0;1;0;0;0;0;0;0;0;0;0;0;0;0;0;0;0;0;0;0;0;0;1;0;0;0;1;0;0;0;0;0;0;0;0;0;0;0;0;1000;974;26;927;0;4;17.95;0.974;1
262410;World of Guns: Gun Disassembly;Noble Empire Corp.;Noble Empire Corp.;21 May, 2014;0.0;1;2000000;103;84.11;16184;3058;0;42;25;17;none;1;1;1;1.0;1;Novato;123;1;0;1;0;1;0;0;0;1;0;1;0;0;0;1;0;0;0;0;0;0;1;0;1;1;1;0;0;0;1;0;0;0;0;0;0;0;0;0;0;0;0;0;0;0;0;0;0;0;0;0;0;1;0;0;0;0;1;0;0;0;0;1;1;0;0;0;0;1;0;0;1;0;1;0;0;0;0;1000;822;178;1000;0;17;34.45;0.822;1
224600;Defiance;Trion Worlds;Trion Worlds;4 Jun, 2014;0.0;0;2000000;2;76.55;9676;2964;0;0;0;3;none;1;0;0;0.0;1;Novato;130;1;0;0;0;0;1;1;0;0;0;0;0;0;0;0;1;1;0;0;0;1;0;0;0;0;1;0;0;0;1;1;0;0;0;0;0;1;0;1;0;0;0;0;0;0;0;1;1;0;0;0;0;0;0;0;0;0;0;0;0;0;0;0;0;0;0;0;0;0;0;0;0;0;1;0;0;1;0;224;180;44;224;0;29;92.47;0.804;1
368230;Kingdom: Classic;Noio, Licorice;Raw Fury;21 Oct, 2015;0.0;1;2000000;40;90.65;20023;2065;0;34;0;10;full;1;1;1;1.0;1;Novato;140;0;0;0;0;1;0;0;0;1;0;1;0;0;0;1;0;0;0;0;1;0;1;1;0;0;1;0;0;0;0;0;0;0;0;0;0;1;0;1;0;0;1;1;0;0;0;0;0;0;0;0;0;1;1;1;0;0;0;0;0;0;1;0;0;0;0;0;1;0;0;1;1;0;1;0;0;0;0;1000;894;106;1000;0;16;15.87;0.894;1
3097560;Liar's Bar;Curve Animation;Curve Animation;2 Oct, 2024;3.99;0;2000000;605;91.33;44341;4209;0;0;0;4;none;1;0;0;4.0;1;Novato;263;0;0;1;0;1;0;0;0;1;0;1;0;0;1;0;1;1;1;0;0;0;0;0;0;0;0;0;0;0;1;0;0;0;0;0;0;0;1;0;0;0;1;0;0;0;0;1;1;0;1;0;0;0;0;0;0;0;1;0;0;0;0;1;0;0;0;1;0;0;0;1;1;1;0;1;0;1;0;1000;832;168;826;1000;3;11.98;0.832;1
335300;DARK SOULS™ II: Scholar of the First Sin;FromSoftware, Inc.;Bandai Namco Entertainment, FromSoftware, Inc.;1 Apr, 2015;31.99;0;2000000;1612;84.01;98052;18658;0;38;0;10;full;1;0;0;4.0;6;Establecido;237;1;0;0;0;0;0;1;0;0;0;0;0;0;0;1;1;1;0;0;1;0;1;0;0;0;0;0;0;0;0;0;0;0;1;0;0;0;0;1;1;0;0;0;0;0;0;1;1;0;1;0;0;0;0;0;0;0;0;0;0;0;0;0;0;0;0;1;1;0;1;0;0;0;0;0;0;0;0;999;771;228;639;0;1;61.39;0.772;1
233860;Kenshi;Lo-Fi Games;Lo-Fi Games;6 Dec, 2018;14.99;0;2000000;5412;95.49;93712;4423;0;0;1;9;none;1;0;0;6.0;1;Novato;272;1;0;0;0;1;0;1;0;1;0;1;0;0;0;1;0;0;0;0;0;0;0;0;1;0;1;0;0;0;0;1;1;0;0;0;0;1;0;1;0;0;1;0;0;0;0;0;0;0;0;0;1;1;1;1;0;0;0;0;0;0;0;0;0;0;0;0;0;0;0;0;1;0;0;0;0;0;0;1000;965;35;823;0;2;171.85;0.965;1
391720;Layers of Fear (2016);Bloober Team SA;Bloober Team SA;15 Feb, 2016;12.19;0;2000000;17;88.58;23576;3040;0;27;2;12;none;1;1;1;4.0;1;Novato;219;0;1;0;0;1;0;0;0;0;0;0;0;0;0;1;0;0;0;0;0;1;1;1;0;0;1;0;0;0;1;0;0;0;1;0;0;0;1;0;0;0;0;0;0;0;0;0;1;0;0;0;0;0;0;0;0;0;1;0;0;0;0;0;0;0;0;1;1;0;0;0;1;0;0;0;0;0;0;1000;840;160;724;0;11;11.68;0.84;1
240720;Getting Over It with Bennett Foddy;Bennett Foddy;Bennett Foddy;6 Dec, 2017;4.49;0;2000000;192;82.44;63479;13524;0;3;0;5;none;1;1;1;2.0;1;Novato;57;1;0;0;0;0;0;0;0;0;0;0;0;0;0;1;0;0;0;0;0;1;0;0;0;0;0;0;0;0;0;0;0;0;1;0;0;0;1;0;0;0;1;0;1;0;0;0;0;0;0;0;0;0;0;0;0;0;0;0;0;0;0;0;0;0;0;0;0;0;1;1;1;0;0;0;0;0;0;1000;769;231;930;0;3;33.85;0.769;1
838350;The Scroll Of Taiwu;ConchShip Games;ConchShip Games;20 Sep, 2018;19.99;0;2000000;989;69.84;42350;18287;0;0;8;1;none;1;0;0;8.0;1;Novato;313;0;1;1;0;1;0;1;0;0;0;1;0;0;1;1;0;0;0;0;0;0;0;0;1;0;0;0;0;0;0;1;0;0;0;0;0;0;0;1;0;0;1;0;0;0;0;0;0;0;0;0;1;1;0;0;0;0;0;0;0;1;1;0;0;0;0;0;0;0;0;1;1;1;0;0;0;0;0;1000;640;360;786;1000;7;170.04;0.64;1
238320;Outlast;Red Barrels;Red Barrels;4 Sep, 2013;7.99;0;2000000;215;96.45;121220;4458;0;14;1;9;full;1;1;1;2.0;3;Establecido;310;1;1;0;0;1;0;0;0;0;0;0;0;0;0;1;0;0;0;0;1;0;1;1;0;0;1;0;0;0;1;0;0;0;0;0;0;1;1;0;0;0;0;0;0;0;0;0;1;0;0;0;0;0;0;0;0;0;0;0;0;0;0;0;0;0;0;1;1;0;1;0;1;0;0;0;0;0;1;1000;967;33;830;0;2;12.77;0.967;1
282070;This War of Mine;11 bit studios;11 bit studios;14 Nov, 2014;1.57;0;2000000;756;92.87;94484;7256;0;59;8;12;none;1;1;1;2.0;2;Novato;290;0;1;0;0;1;0;0;0;1;0;0;0;0;0;1;0;0;0;0;0;1;1;1;1;0;1;0;0;0;0;0;1;0;1;0;0;1;0;0;0;0;1;0;0;0;0;0;0;0;0;0;0;1;1;0;0;0;0;0;0;0;0;0;1;0;0;0;1;0;0;0;1;0;0;0;0;0;1;1000;884;116;842;0;4;48.05;0.884;1
412020;Metro Exodus;4A Games;Deep Silver;14 Feb, 2020;22.99;0;2000000;702;89.8;108945;12370;0;68;3;15;full;1;1;1;8.0;3;Establecido;332;1;0;0;0;0;0;0;0;0;0;0;0;0;0;1;0;0;0;0;1;0;1;1;0;0;1;0;0;0;1;1;0;0;1;0;0;1;1;0;0;0;0;0;0;0;0;0;1;0;0;0;0;0;0;0;0;0;0;0;0;0;0;0;0;0;0;0;1;0;0;0;0;0;0;0;0;1;1;1000;885;115;839;0;2;25.57;0.885;1
1158310;Crusader Kings III;Paradox Development Studio;Paradox Interactive;1 Sep, 2020;34.99;0;2000000;14302;90.03;114259;12650;0;188;33;9;none;1;1;1;8.0;5;Establecido;262;0;0;0;0;0;0;1;0;1;0;1;0;0;0;1;1;0;0;0;0;0;1;1;1;0;1;0;0;0;0;0;0;0;0;0;0;0;0;1;0;0;1;0;0;0;0;0;1;0;0;0;1;1;1;0;0;0;0;0;0;0;0;0;0;0;0;0;0;0;0;0;0;0;0;0;0;0;0;1000;834;166;712;0;1;283.56;0.834;1
2567870;Chained Together;Anegar Games;Anegar Games;19 Jun, 2024;2.99;0;2000000;1154;90.67;48180;4958;0;16;0;1;none;1;0;0;8.0;1;Novato;155;0;1;1;0;1;0;0;0;1;0;0;0;0;0;1;1;1;1;0;0;1;0;0;0;0;0;1;1;0;0;0;0;0;0;0;0;0;0;0;0;0;0;0;1;0;0;1;1;0;0;0;0;1;0;0;0;0;0;0;0;0;0;0;0;0;0;0;0;0;0;1;0;0;0;0;0;0;0;1000;827;173;847;0;2;7.52;0.827;1
265930;Goat Simulator;Coffee Stain Studios;Coffee Stain Publishing;1 Apr, 2014;1.31;0;2000000;71;90.77;62249;6331;0;127;4;14;full;1;1;1;2.0;3;Establecido;69;0;0;1;0;1;0;0;0;1;0;0;0;0;0;1;1;0;0;0;1;0;1;1;1;0;1;1;0;0;0;1;0;0;0;0;0;0;0;0;0;0;0;0;0;0;0;1;0;0;0;0;1;1;0;0;0;0;0;0;0;0;0;1;0;0;0;0;0;0;0;1;1;0;0;0;0;0;0;1000;943;57;882;0;5;13.94;0.943;1
214490;Alien: Isolation;Creative Assembly, Feral Interactive (Mac), Feral Interactive (Linux);SEGA, Feral Interactive (Mac), Feral Interactive (Linux);6 Oct, 2014;34.99;0;2000000;211;93.24;56716;4115;0;50;7;9;full;1;1;1;4.0;1;Novato;130;1;0;0;0;0;0;0;0;0;0;0;0;0;0;1;0;0;0;0;1;0;1;1;0;0;0;0;0;0;1;0;0;0;0;0;0;1;1;0;0;0;0;0;0;0;0;0;0;0;0;0;0;0;0;0;0;0;0;0;0;0;0;0;0;0;0;0;1;0;1;0;0;0;0;1;0;1;1;1000;909;91;744;0;3;23.42;0.909;1
362890;Black Mesa;Crowbar Collective;Crowbar Collective;6 Mar, 2020;10.49;0;2000000;907;95.2;121562;6131;0;50;0;30;none;1;0;1;6.0;1;Novato;17;1;1;0;0;1;0;0;0;0;0;0;0;0;0;1;1;0;0;0;0;1;1;1;1;0;1;0;0;0;1;0;0;0;1;0;0;0;1;0;0;0;0;0;0;0;0;0;1;0;0;0;0;0;0;0;0;0;0;0;0;0;0;0;0;0;0;0;1;0;0;0;1;1;0;0;0;1;0;999;904;95;916;0;2;24.02;0.905;1
438740;Friday the 13th: The Game;IllFonic;Gun Media;25 May, 2017;0.0;0;2000000;19;80.08;62069;15444;0;53;0;6;full;1;0;0;4.0;1;Novato;252;1;0;0;0;0;0;0;0;0;0;0;0;0;0;0;1;0;0;0;1;0;1;0;0;0;0;0;0;0;0;1;0;0;0;0;0;1;1;0;0;0;0;0;0;0;0;1;1;0;0;0;0;0;0;0;0;0;0;0;0;0;0;0;0;0;0;1;1;0;1;0;0;0;0;0;0;0;1;1000;846;154;1000;0;13;47.95;0.846;1
617290;Remnant: From the Ashes;Gunfire Games;Arc Games, THQ Nordic;19 Aug, 2019;39.99;0;2000000;429;84.71;44761;8081;0;50;2;9;full;1;0;0;8.0;3;Establecido;283;1;1;0;0;0;0;1;0;0;0;0;0;0;0;1;1;1;1;0;1;0;1;1;0;0;1;0;0;0;0;0;0;0;0;0;0;1;1;1;0;0;0;0;0;0;0;1;1;0;0;0;0;0;0;0;0;0;0;0;0;0;0;0;0;0;0;0;1;0;1;0;0;0;0;0;0;0;0;999;760;239;797;0;3;26.13;0.761;1
588430;Fallout Shelter;Bethesda Game Studios;Bethesda Softworks;29 Mar, 2017;0.0;1;2000000;1001;88.45;65847;8601;0;35;0;6;full;1;0;0;2.0;9;Establecido;194;0;0;0;0;0;0;1;0;1;0;0;0;0;0;1;0;0;0;0;1;0;1;1;0;1;0;0;0;0;0;0;1;0;0;0;0;1;0;1;0;0;1;0;0;0;0;0;1;0;0;0;1;1;1;0;0;0;0;0;0;0;1;0;0;0;0;0;1;0;0;1;0;0;1;0;0;0;0;1000;818;182;1000;0;2;54.14;0.818;1
1943950;Escape the Backrooms;Fancy Games, Blackbird Interactive;Secret Mode;23 Oct, 2025;4.99;0;2000000;1756;91.03;93330;9199;0;34;0;12;none;1;0;0;8.0;1;Novato;202;1;0;0;0;1;0;0;0;0;0;0;0;0;0;1;1;1;1;0;0;1;1;1;0;0;0;0;0;0;1;0;0;0;0;0;0;0;1;0;0;0;0;0;0;0;0;1;1;0;0;0;0;0;0;0;0;0;0;0;0;0;0;1;0;0;0;0;0;0;0;1;1;1;0;1;0;0;1;1000;881;119;788;0;1;16.96;0.881;1
203140;Hitman: Absolution™;Io-Interactive A/S;Io-Interactive A/S;19 Nov, 2012;10.49;0;2000000;618;92.94;51769;3932;0;47;0;8;none;1;0;0;2.0;3;Establecido;154;1;0;0;0;0;0;0;0;0;0;0;0;0;0;1;0;0;0;0;0;1;1;1;0;0;1;0;0;0;0;0;0;0;1;0;0;0;0;0;0;0;1;0;0;0;0;0;1;0;0;0;0;0;0;0;0;0;0;0;0;0;0;0;0;0;0;0;1;0;1;0;0;0;0;0;0;0;1;1000;949;51;894;0;3;16.95;0.949;1
12100;Grand Theft Auto III;Rockstar Games;Rockstar Games;4 Jan, 2008;0.0;0;2000000;42;86.67;12654;1946;0;0;0;5;none;1;0;0;0.09;5;Establecido;243;1;0;0;0;0;0;0;0;0;0;0;0;0;0;1;0;0;0;0;0;1;0;0;0;0;0;0;0;0;0;1;0;0;1;0;0;0;0;0;0;0;0;0;0;0;0;0;1;0;0;0;1;0;0;0;0;0;0;0;0;0;0;0;0;0;0;0;1;0;0;0;0;0;0;0;0;0;0;1000;839;161;1000;0;22;31.79;0.839;1
905370;Conqueror's Blade;Booming Tech;Poros Interactive;30 May, 2019;0.0;0;2000000;2;74.92;22576;7558;0;48;0;8;none;1;0;0;8.0;1;Novato;228;1;0;0;0;0;1;0;0;0;0;1;0;0;0;0;1;1;1;0;0;0;0;0;0;1;0;0;0;0;0;0;0;0;0;0;0;0;0;0;0;0;1;0;0;0;0;0;1;0;1;0;0;0;0;0;0;0;0;0;0;0;0;0;0;0;0;0;0;0;0;0;0;0;1;0;0;0;0;1000;712;288;1000;0;24;242.62;0.712;1
1056640;Phantasy Star Online 2 New Genesis;SEGA;SEGA;5 Aug, 2020;0.0;1;2000000;1400;70.07;16848;7196;0;45;14;2;none;1;0;0;8.0;1;Novato;290;1;0;0;0;0;1;1;0;0;0;0;0;0;0;0;1;1;1;0;0;1;1;0;0;1;0;0;0;0;0;1;0;0;0;0;0;0;0;1;1;0;0;0;0;0;0;1;1;0;0;0;0;0;0;0;0;0;0;0;0;1;0;0;0;0;0;0;0;0;0;0;0;0;1;0;0;0;0;1000;570;430;1000;0;16;657.27;0.57;1
1942280;Brotato;Blobfish;Blobfish;23 Jun, 2023;2.99;0;2000000;6389;96.65;94525;3276;0;177;3;13;full;1;1;1;4.0;1;Novato;233;1;0;1;0;1;0;1;0;0;0;0;0;0;0;1;1;1;0;0;1;0;1;1;1;0;1;1;1;0;0;0;0;0;0;0;0;1;0;1;0;0;0;0;0;0;0;1;1;1;0;0;0;0;0;0;0;0;0;0;0;0;1;0;0;0;0;0;0;0;0;1;0;0;0;0;0;0;0;1000;774;226;888;0;1;115.15;0.774;1
238460;BattleBlock Theater®;The Behemoth;The Behemoth;15 May, 2014;7.99;0;2000000;78;97.21;69617;1997;0;30;0;11;full;1;1;1;1.0;2;Novato;256;1;1;1;0;1;0;0;0;0;0;0;0;0;0;1;1;1;1;0;1;0;1;1;1;0;1;1;1;0;0;0;0;0;0;0;0;0;0;0;0;0;0;0;1;0;0;1;1;1;0;0;0;0;0;0;0;0;1;0;0;0;1;0;0;0;0;0;0;0;0;1;1;0;0;0;0;0;0;1000;957;43;849;0;6;15.95;0.957;1
38400;Fallout: A Post Nuclear Role Playing Game;Interplay Inc.;Bethesda Softworks;1 Nov, 2015;5.99;0;2000000;89;94.16;20902;1296;0;0;0;4;none;1;0;0;0.0;1;Novato;317;0;0;0;0;0;0;1;0;0;0;0;0;0;0;1;0;0;0;0;0;0;0;1;0;0;0;0;0;0;0;1;0;0;0;0;0;0;0;1;0;1;0;0;0;0;0;0;0;0;0;0;1;0;0;0;0;0;0;0;0;0;1;0;0;0;0;0;1;0;1;0;0;0;0;0;0;0;0;1000;947;53;736;0;4;22.39;0.947;1
881020;Granblue Fantasy: Relink;Cygames, Inc.;Cygames, Inc.;31 Jan, 2024;29.99;0;2000000;996;89.83;43116;4883;0;54;27;10;none;1;0;0;16.0;2;Novato;262;1;1;0;0;0;0;1;0;0;0;0;0;0;0;1;1;1;1;0;0;1;1;1;0;0;0;0;0;0;0;0;0;0;0;0;0;0;0;1;1;0;0;0;0;0;0;0;1;0;0;0;0;0;0;0;0;0;0;0;0;1;0;1;0;0;0;0;0;0;0;0;0;0;0;0;0;0;0;1000;902;98;667;0;4;113.36;0.902;1
65800;Dungeon Defenders;Chromatic Games;Chromatic Games;18 Oct, 2011;1.59;0;2000000;284;93.12;16818;1242;0;118;35;5;full;1;0;0;1.0;2;Novato;159;1;0;0;0;1;0;1;0;0;0;1;0;0;0;1;1;1;1;0;1;0;1;1;1;0;1;1;0;0;0;0;0;0;0;0;0;1;0;1;1;0;1;1;0;0;0;0;1;0;0;0;0;0;0;0;0;0;0;0;0;0;0;1;0;0;0;0;0;0;0;0;0;0;0;0;0;0;0;1000;940;60;738;0;14;200.67;0.94;1
204880;Sins of a Solar Empire®: Rebellion;Ironclad Games Corporation, Stardock Entertainment;Stardock Entertainment;12 Jun, 2012;10.99;0;2000000;280;93.16;14919;1096;0;68;5;8;none;1;0;0;0.0;1;Novato;154;1;0;0;0;1;0;0;0;1;0;1;0;0;0;1;1;1;1;0;0;0;1;1;0;0;1;0;0;0;0;0;0;0;0;0;0;0;0;0;0;0;1;0;0;0;0;1;1;0;0;0;1;1;1;0;0;0;0;0;0;0;0;1;0;0;0;0;0;0;0;0;0;0;0;0;0;0;0;1000;913;87;612;0;27;354.18;0.913;1
235460;METAL GEAR RISING: REVENGEANCE;PlatinumGames;KONAMI;9 Jan, 2014;14.99;0;2000000;242;96.04;79993;3300;0;60;0;7;full;1;1;0;2.0;2;Novato;341;1;0;0;0;0;0;0;0;0;0;0;0;0;0;1;0;0;0;0;1;0;1;1;0;0;0;0;0;0;0;0;0;0;1;0;0;0;0;0;0;0;0;0;0;0;0;0;0;0;0;0;0;0;0;0;0;0;0;0;0;0;0;0;0;0;0;0;0;0;1;0;0;0;0;0;0;0;1;1000;958;42;743;0;3;21.98;0.958;1
581320;Insurgency: Sandstorm;New World Interactive;Focus Entertainment;12 Dec, 2018;18.99;0;2000000;1826;84.98;107857;19061;0;35;59;23;full;1;0;0;8.0;3;Establecido;229;1;0;0;0;0;0;0;0;0;0;0;0;0;0;0;1;1;1;0;1;0;1;1;0;0;1;0;0;0;1;1;0;0;0;0;0;0;0;0;0;0;0;0;0;0;0;1;1;0;0;0;0;1;0;0;0;0;0;0;0;0;0;0;1;0;0;0;1;0;1;0;1;0;0;0;0;1;0;1000;810;190;841;0;3;95.86;0.81;1
34330;Total War: SHOGUN 2;CREATIVE ASSEMBLY, Feral Interactive (Mac), Feral Interactive (Linux);SEGA, Feral Interactive (Mac), Feral Interactive (Linux);15 Mar, 2011;14.99;0;2000000;1807;90.65;22620;2332;0;106;8;8;none;1;1;1;1.0;6;Establecido;116;0;0;0;0;0;0;0;0;0;0;1;0;0;0;1;1;1;1;0;0;0;1;1;0;0;1;0;0;0;0;0;0;0;0;0;0;0;0;0;0;1;1;0;0;0;0;1;1;0;0;0;0;0;0;0;0;0;0;0;0;0;0;0;0;0;0;0;0;0;0;0;0;0;0;0;0;0;0;1000;916;84;700;0;4;200.0;0.916;1
387290;Ori and the Blind Forest: Definitive Edition;Moon Studios GmbH;Xbox Game Studios;27 Apr, 2016;19.99;0;2000000;196;95.24;63788;3191;0;57;2;8;full;1;0;0;4.0;4;Establecido;152;1;0;0;0;0;0;0;0;0;0;0;0;0;0;1;0;0;0;0;1;0;1;1;0;0;0;0;0;0;0;1;0;0;1;0;0;0;0;0;0;0;0;0;1;1;0;0;0;0;0;0;0;0;0;0;0;0;1;0;0;0;1;0;0;0;0;0;1;0;1;0;1;0;0;0;0;0;0;1000;924;76;822;0;4;15.26;0.924;1
728880;Overcooked! 2;Ghost Town Games Ltd., Team17;Team17;7 Aug, 2018;12.49;0;2000000;2107;90.65;65992;6809;0;54;6;12;full;1;1;1;4.0;1;Novato;256;1;0;1;0;1;0;0;0;0;0;0;0;0;0;1;1;1;1;0;1;0;1;1;0;0;1;1;1;0;0;0;0;0;0;0;0;0;0;0;0;0;1;0;0;0;0;1;1;1;0;0;0;1;0;0;0;0;0;0;0;0;0;0;0;0;0;0;0;0;1;1;1;0;0;0;0;0;0;1000;882;118;765;0;2;23.82;0.882;1
391220;Rise of the Tomb Raider™;Crystal Dynamics, Eidos-Montréal, Feral Interactive (Mac), Feral Interactive (Linux), Nixxes;Crystal Dynamics, Feral Interactive (Mac), Feral Interactive (Linux);9 Feb, 2016;14.99;0;2000000;777;94.05;128080;8100;0;143;0;14;full;1;1;1;6.0;1;Novato;225;1;1;0;0;0;0;0;0;0;0;0;0;0;0;1;0;0;0;0;1;0;1;1;0;0;1;0;0;0;0;1;0;0;1;0;0;1;0;1;0;0;0;0;0;0;0;0;1;0;0;0;0;0;0;0;0;0;1;0;0;0;0;0;0;0;0;0;1;0;0;0;0;0;0;0;0;0;1;1000;944;56;774;0;2;22.66;0.944;1
8870;BioShock Infinite;Irrational Games, Virtual Programming (Linux);2K;25 Mar, 2013;22.49;0;2000000;301;93.81;131970;8712;0;80;5;11;full;1;1;1;0.0;1;Novato;284;1;0;0;0;0;0;0;0;0;0;0;0;0;0;1;0;0;0;0;1;0;1;1;0;0;1;0;0;0;1;0;0;0;1;0;0;0;0;1;0;0;0;0;0;0;0;0;0;0;0;0;0;0;0;0;0;0;0;0;0;0;0;0;0;0;0;0;1;0;0;0;0;0;0;0;0;1;0;1000;897;103;801;0;3;19.23;0.897;1
372000;Tree of Savior (English Ver.);IMCGAMES Co.,Ltd.;IMCGAMES Co.,Ltd.;28 Mar, 2016;0.0;1;2000000;163;64.23;13046;7265;0;37;15;7;none;1;0;0;8.0;1;Novato;282;0;0;0;0;0;1;1;0;0;0;0;0;0;0;0;1;0;0;0;0;1;0;0;0;1;1;0;0;0;0;1;0;0;0;0;0;0;0;1;1;0;0;0;0;0;0;1;1;0;1;0;0;0;0;0;0;0;0;0;0;1;0;0;0;0;0;0;0;0;0;0;0;0;1;0;0;0;0;719;398;321;719;0;29;794.07;0.554;1
239030;Papers, Please;Lucas Pope;3909;8 Aug, 2013;5.79;0;2000000;416;97.28;72168;2019;0;13;0;15;none;1;1;1;2.0;1;Novato;266;0;1;0;0;1;0;0;0;0;0;0;0;0;0;1;0;0;0;0;0;0;1;1;0;0;1;0;0;0;0;0;0;0;1;0;0;0;0;0;0;0;1;0;0;0;0;0;0;0;0;0;0;1;0;0;0;0;1;1;0;0;1;0;0;0;0;0;1;0;1;1;1;0;0;0;0;0;0;1000;980;20;926;0;3;13.11;0.98;1
629760;MORDHAU;Triternion;Triternion;29 Apr, 2019;14.99;0;2000000;764;80.3;90102;22098;0;38;9;10;none;1;0;0;8.0;1;Novato;179;1;0;0;0;1;0;0;0;0;0;0;0;0;0;0;1;1;1;0;0;1;1;1;0;0;1;0;0;0;1;0;0;0;0;0;0;1;0;0;0;0;0;0;0;0;0;0;1;0;1;0;0;0;0;0;0;0;0;0;0;0;0;0;1;0;0;0;0;0;0;0;1;0;0;0;0;1;0;1000;655;345;766;0;6;204.61;0.655;1
646910;The Crew™ 2;Ivory Tower;Ubisoft;28 Jun, 2018;23.99;0;2000000;873;77.48;72724;21141;0;34;6;14;none;1;0;0;8.0;1;Novato;192;1;0;0;0;0;1;0;1;0;0;0;0;0;0;1;1;1;1;0;0;1;1;0;0;1;0;0;0;0;1;1;0;0;0;0;0;0;0;0;0;0;0;0;0;0;0;1;1;0;0;0;1;1;0;0;1;1;0;0;0;0;0;0;0;0;0;0;1;0;0;0;0;0;0;0;0;0;0;1000;766;234;907;0;3;48.74;0.766;1
367500;Dragon's Dogma: Dark Arisen;Capcom;Capcom;15 Jan, 2016;23.0;0;2000000;329;88.48;41310;5376;0;59;1;7;full;1;0;0;4.0;4;Establecido;100;1;1;0;0;0;0;1;0;0;0;0;0;0;0;1;0;0;0;0;1;0;1;1;0;0;1;0;0;0;0;1;0;0;1;0;0;0;0;1;1;0;0;0;0;0;0;0;1;0;0;0;0;0;0;0;0;0;0;0;0;0;0;0;0;0;0;0;1;0;1;0;0;0;0;0;0;0;0;1000;833;167;769;0;6;72.29;0.833;1
13520;Far Cry®;Crytek Studios;Ubisoft;1 Apr, 2008;7.99;0;2000000;50;81.94;8406;1853;0;0;0;2;none;1;0;0;0.0;2;Novato;232;1;0;0;0;0;0;0;0;0;0;0;0;0;0;1;0;0;0;0;0;0;0;0;0;0;0;0;0;0;1;1;0;0;1;0;0;1;1;0;0;0;0;0;0;0;0;1;1;0;0;0;1;0;0;0;0;0;0;0;0;0;0;0;0;0;0;0;1;0;1;0;0;0;0;0;0;1;1;1000;800;200;939;0;9;21.65;0.8;1
967050;Pacify;Shawn Hitchcock;Hitchcock Games;22 Feb, 2019;2.99;0;2000000;77;86.52;36071;5620;0;52;0;23;full;1;1;0;4.0;1;Novato;274;1;1;1;0;1;0;0;0;0;0;1;0;0;0;1;1;1;1;0;1;0;1;1;0;0;0;0;0;0;1;0;0;0;0;0;0;0;1;0;0;0;0;0;0;0;0;1;1;0;0;0;0;0;0;0;0;0;0;0;0;0;0;0;0;0;0;1;1;0;0;0;0;0;0;0;0;0;0;1000;749;251;835;0;8;6.12;0.749;1
2399830;ARK: Survival Ascended;Studio Wildcard, Grove Street Games, Instinct Games;Studio Wildcard, Snail Games USA;25 Oct, 2023;44.99;0;2000000;12007;59.06;44880;31115;0;32;16;16;full;1;0;0;16.0;1;Novato;287;1;1;0;0;1;1;1;0;0;0;0;0;0;1;1;1;1;1;0;1;0;1;0;0;0;0;1;1;0;0;1;1;0;0;0;0;1;0;1;0;0;0;0;0;0;0;0;1;0;1;0;1;0;0;0;0;0;0;0;0;0;0;0;0;0;0;0;0;0;0;0;0;1;0;0;0;0;0;1000;588;412;912;1000;1;210.97;0.588;1
648350;Jurassic World Evolution;Frontier Developments;Frontier Developments;11 Jun, 2018;20.99;0;2000000;260;87.26;47081;6875;0;73;8;12;full;1;0;0;8.0;3;Establecido;308;0;0;0;0;0;0;0;0;1;0;1;0;0;0;1;0;0;0;0;1;0;1;1;0;0;1;0;0;0;0;1;0;0;0;0;0;1;0;0;0;0;1;0;0;0;0;0;1;0;0;0;1;1;1;1;0;0;0;0;0;0;0;0;0;0;0;0;1;0;0;1;0;0;0;0;0;0;0;1000;922;78;817;0;9;56.79;0.922;1
471710;Rec Room;Rec Room;Rec Room;2 Sep, 2021;0.0;1;2000000;1510;89.52;63756;7467;0;0;0;1;full;1;0;0;8.0;1;Novato;226;0;1;1;0;0;1;0;0;0;0;0;0;0;0;0;1;1;1;0;1;0;0;0;0;1;0;0;0;0;1;0;0;0;0;0;0;0;1;0;0;0;0;0;0;0;0;1;1;0;0;0;1;1;0;0;1;0;0;0;0;0;0;1;0;0;0;0;0;0;0;1;0;0;1;1;0;0;0;999;924;75;999;0;2;150.09;0.925;1
1372880;The Day Before;FNTASTIC; Mytona Fntastic;7 Dec, 2023;0.0;0;2000000;0;15.73;3686;19751;0;0;0;13;none;1;0;0;16.0;1;Novato;178;1;1;0;0;0;1;0;0;0;0;0;0;0;1;0;1;1;1;0;0;0;0;0;0;0;0;0;0;0;0;0;0;0;0;0;0;1;0;0;0;0;0;0;0;0;0;1;1;0;1;0;0;0;0;0;0;0;0;0;0;0;0;0;1;0;0;0;0;0;0;0;0;1;0;0;0;0;0;181;55;126;181;181;26;5.36;0.304;1
524220;NieR:Automata™;Square Enix, PlatinumGames Inc.;Square Enix;17 Mar, 2017;200.0;0;2000000;690;87.06;122027;18142;0;47;8;6;none;1;0;0;4.0;1;Novato;142;1;0;0;0;0;0;1;0;0;0;0;0;0;0;1;0;0;0;0;0;1;1;1;0;0;1;0;0;0;0;1;0;0;1;0;0;0;0;1;0;0;0;0;0;0;0;0;0;0;0;0;0;0;0;0;0;0;0;0;0;1;0;0;0;0;0;0;1;0;0;0;0;0;0;0;0;0;0;1000;894;106;828;0;2;33.13;0.894;1
305620;The Long Dark;Hinterland Studio Inc.;Hinterland Studio Inc.;1 Aug, 2017;8.99;0;2000000;2575;90.47;101846;10729;0;87;5;19;full;1;1;1;4.0;1;Novato;296;0;1;0;0;1;0;0;0;1;0;1;0;0;0;1;0;0;0;0;1;0;1;1;0;0;1;0;0;0;1;1;1;0;0;0;0;1;0;0;0;0;1;0;0;0;0;1;0;0;0;0;1;1;0;0;0;0;0;0;0;0;0;0;0;0;0;0;1;0;1;0;1;1;0;0;0;0;0;999;676;323;900;0;2;118.84;0.677;1
475150;Titan Quest Anniversary Edition;Iron Lore Entertainment, THQ Nordic;THQ Nordic;31 Aug, 2016;2.09;0;2000000;599;90.92;32295;3226;0;115;3;12;none;1;0;0;1.0;1;Novato;237;1;0;0;0;0;0;1;0;0;0;0;0;0;0;1;1;1;1;0;0;1;1;1;1;0;1;0;0;0;0;1;0;0;1;0;0;0;0;1;1;0;0;0;0;0;0;1;1;0;0;0;0;0;0;0;0;0;0;0;0;0;0;0;0;0;0;0;1;0;0;0;0;0;0;0;0;0;0;1000;817;183;687;0;7;111.76;0.817;1
47870;Need For Speed: Hot Pursuit;Criterion Games;Electronic Arts;14 Dec, 2010;0.0;0;2000000;19;82.54;16490;3487;0;0;0;11;none;1;0;0;0.0;1;Novato;271;0;0;0;0;0;0;0;1;0;0;0;0;0;0;1;1;0;0;0;0;1;0;0;0;0;1;0;0;0;1;1;0;0;0;0;0;0;0;0;0;0;0;0;0;0;0;1;1;0;1;0;0;1;0;0;1;1;0;0;0;0;0;0;0;0;0;0;1;0;0;0;0;0;0;0;0;0;0;716;603;113;716;0;29;37.61;0.842;1
629520;Soundpad;Leppsoft;Leppsoft;30 Sep, 2017;2.99;0;2000000;15279;96.08;84918;3466;0;0;0;27;none;1;0;0;0.5;1;Novato;126;0;0;0;0;0;0;0;0;0;0;0;0;0;0;0;0;0;0;0;0;0;0;0;0;0;0;0;0;0;0;0;0;0;0;0;0;0;0;0;0;0;0;0;0;0;0;0;0;0;0;0;0;0;0;0;0;0;0;0;0;0;0;0;0;0;0;0;1;0;0;0;0;0;0;0;0;0;0;999;943;56;939;0;2;424.45;0.944;1
282440;Quake Live;id Software;Bethesda Softworks;17 Sep, 2014;5.99;0;2000000;297;86.51;13303;2074;0;58;0;1;none;1;0;0;1.0;4;Establecido;252;1;0;0;0;0;0;0;0;0;0;0;0;0;0;1;1;0;0;0;0;1;1;1;1;0;1;0;0;0;1;0;0;0;0;0;0;1;0;0;0;0;0;0;0;0;0;0;1;0;0;0;0;0;0;0;0;0;0;0;0;0;0;0;0;0;0;0;1;0;1;0;0;0;0;0;0;1;0;1000;879;121;645;0;23;290.1;0.879;1
436150;Governor of Poker 3;Playtika Ltd.;Playtika Ltd.;19 Feb, 2016;0.0;1;2000000;1053;68.71;10541;4800;0;31;0;23;none;1;1;0;1.0;1;Novato;236;0;0;1;0;0;1;0;0;1;0;0;0;0;0;0;1;1;1;0;0;0;1;0;0;1;0;0;0;0;0;0;0;0;0;0;0;0;0;0;0;0;1;0;0;0;0;0;1;0;1;0;0;1;0;0;1;0;0;0;0;0;0;0;0;0;0;0;0;1;0;1;0;0;1;0;0;0;0;1000;564;436;1000;0;15;209.3;0.564;1
1304930;The Outlast Trials;Red Barrels;Red Barrels;5 Mar, 2024;18.99;0;2000000;3743;93.39;62533;4423;0;27;8;14;full;1;0;0;8.0;3;Establecido;250;1;1;0;0;1;0;0;0;0;0;0;0;0;0;1;1;1;1;0;1;0;0;0;0;0;0;0;0;0;1;0;0;0;0;0;0;1;1;0;0;0;0;0;0;0;0;1;1;0;0;0;0;0;1;0;0;0;0;0;0;0;0;0;1;0;0;1;1;0;0;0;0;0;0;0;0;0;1;1000;904;96;754;0;1;65.45;0.904;1
550900;Metin2;WEBZEN Inc.;Gameforge 4D GmbH;8 May, 2017;0.0;0;2000000;0;70.1;10212;4355;0;0;0;16;none;1;0;0;1.0;1;Novato;225;1;1;0;0;0;1;1;0;0;0;0;0;0;0;0;1;0;0;0;0;0;0;0;0;1;1;0;0;0;0;0;0;0;0;0;0;0;0;1;1;0;1;0;0;0;0;0;1;0;1;0;0;0;0;0;0;0;0;0;0;0;0;0;0;0;0;0;0;0;0;1;0;0;1;0;0;0;0;319;238;81;319;0;29;78.29;0.746;1
33230;Assassin's Creed 2;Ubisoft Montreal;Ubisoft;9 Mar, 2010;15.99;0;2000000;188;89.33;48815;5831;0;0;0;11;none;1;0;0;0.0;7;Establecido;130;1;1;0;0;0;0;0;0;0;0;0;0;0;0;1;0;0;0;0;0;0;0;0;0;0;0;0;0;0;0;1;0;0;1;0;0;0;0;0;0;0;0;0;0;0;0;0;1;0;0;0;1;0;0;0;0;0;0;0;0;0;0;0;0;0;0;0;1;0;0;0;0;0;0;0;0;0;1;1000;905;95;939;0;3;23.71;0.905;1
427730;Who's Your Daddy?!;Evil Tortilla Games;Evil Tortilla Games;13 May, 2016;5.79;0;2000000;75;79.97;24318;6091;0;44;1;11;none;1;1;0;4.0;1;Novato;287;1;0;1;0;1;0;0;0;0;0;0;0;0;0;0;1;0;0;0;0;1;1;0;0;0;1;1;0;0;1;0;0;0;0;0;0;1;0;0;0;0;1;0;0;0;0;1;1;0;0;0;1;1;0;0;0;0;0;0;0;0;0;0;0;0;0;0;0;0;1;1;1;1;0;0;0;0;0;1000;811;189;841;0;7;14.77;0.811;1
221040;Resident Evil 6;Capcom;Capcom;21 Mar, 2013;15.0;0;2000000;515;78.57;42993;11727;0;70;5;8;none;1;0;0;2.0;4;Establecido;107;1;1;0;0;0;0;0;0;0;0;0;0;0;0;1;1;1;0;0;0;1;1;1;0;0;1;1;0;0;0;0;0;0;0;0;0;1;1;0;0;0;0;0;0;0;0;1;1;1;0;0;0;0;0;0;0;0;0;0;0;0;0;0;0;0;0;0;1;0;0;0;0;0;0;0;0;0;0;999;676;323;700;0;2;22.02;0.677;1
1274570;DEVOUR;Straight Back Games;Straight Back Games;28 Jan, 2021;5.79;0;2000000;447;90.96;75057;7457;0;131;2;23;full;1;1;0;8.0;1;Novato;151;0;0;0;0;1;0;0;0;0;0;0;0;0;0;1;1;1;1;0;1;0;1;1;0;0;1;0;0;0;1;0;0;0;0;0;0;1;1;0;0;0;0;0;0;0;0;1;1;0;0;0;0;0;0;0;0;0;1;0;0;0;0;0;0;0;0;1;1;0;1;0;1;0;0;1;0;0;1;1000;829;171;783;0;3;26.61;0.829;1
1222700;A Way Out;Hazelight Studios;Electronic Arts;18 Jun, 2020;29.99;0;2000000;262;87.69;72313;10149;0;14;0;8;full;1;0;0;8.0;3;Establecido;131;1;1;0;0;1;0;0;0;0;0;0;0;0;0;0;1;1;1;0;1;0;1;0;0;0;1;1;1;0;0;0;0;0;1;0;0;0;0;0;0;0;0;0;0;0;0;1;1;1;0;0;0;0;0;0;0;0;0;0;0;0;0;0;0;0;0;0;1;0;0;0;1;0;0;0;0;0;0;1000;886;114;872;0;2;7.3;0.886;1
1468810;鬼谷八荒 Tale of Immortal;鬼谷工作室;鬼谷工作室, Lightning Games;26 May, 2023;10.49;0;2000000;4116;53.29;121020;106084;0;169;4;4;full;1;0;0;4.0;1;Novato;236;1;1;0;0;1;0;1;0;1;0;0;0;0;0;1;0;0;0;0;1;0;1;1;1;0;0;0;0;0;0;0;0;0;1;0;0;0;0;1;1;0;0;0;0;0;0;0;0;0;0;0;1;1;1;0;0;0;0;0;0;0;1;0;0;0;0;0;0;0;0;0;0;0;0;0;0;0;0;1000;777;223;748;0;4;118.1;0.777;1
287390;Metro: Last Light Redux;4A Games;Deep Silver;25 Aug, 2014;14.99;0;2000000;320;90.64;63534;6562;0;49;0;10;full;1;1;1;2.0;3;Establecido;277;1;0;0;0;0;0;0;0;0;0;0;0;0;0;1;0;0;0;0;1;0;1;1;0;0;1;0;0;0;1;1;0;0;1;0;0;1;1;0;0;0;0;0;0;0;0;0;1;0;0;0;0;0;0;0;0;0;0;0;0;0;0;0;0;0;0;0;1;0;1;0;0;0;0;0;0;1;1;1000;953;47;884;0;2;16.94;0.953;1
570940;DARK SOULS™: REMASTERED;QLOC, FromSoftware, Inc.;FromSoftware, Inc., Bandai Namco Entertainment;23 May, 2018;31.99;0;2000000;2879;92.15;119152;10147;0;41;0;12;full;1;0;0;6.0;1;Novato;197;1;0;0;0;0;0;0;0;0;0;0;0;0;0;1;1;0;0;0;1;0;1;0;0;0;0;0;0;0;0;0;0;0;1;0;0;0;0;1;1;0;0;0;0;0;0;1;1;0;0;0;0;0;0;0;0;0;0;0;0;0;0;0;0;0;0;1;1;0;1;0;0;0;0;0;0;0;0;1000;924;76;658;0;1;53.29;0.924;1
1272080;PAYDAY 3;Starbreeze Studios;Starbreeze Entertainment;21 Sep, 2023;13.99;0;2000000;644;43.44;25497;33195;0;22;24;14;none;1;0;0;16.0;1;Novato;163;1;1;0;0;0;0;1;0;0;0;0;0;0;0;1;1;1;1;0;0;1;1;1;0;1;1;0;0;0;1;0;0;0;0;0;0;0;0;1;0;0;0;0;0;0;0;1;1;0;0;0;0;0;0;0;0;0;0;0;0;0;0;1;1;0;0;0;0;0;0;0;0;0;0;0;0;1;1;1000;614;386;772;0;3;42.17;0.614;1
316010;Magic Duels;Stainless Games Ltd.;Wizards of the Coast LLC;29 Jul, 2015;0.0;0;2000000;37;70.94;16916;6928;0;49;0;11;full;1;0;0;1.0;1;Novato;162;0;0;0;0;0;0;0;0;0;0;1;0;0;0;1;1;1;0;0;1;0;1;1;0;1;0;1;0;0;0;0;0;0;0;0;0;0;0;0;0;1;1;0;0;0;0;1;1;0;0;0;0;0;0;0;0;0;0;0;0;0;0;0;0;0;0;0;0;0;0;1;0;0;1;0;0;0;0;150;109;41;150;0;29;267.41;0.727;1
105450;Age of Empires® III (2007);Ensemble Studios;Xbox Game Studios;5 Jan, 2012;0.0;0;2000000;309;90.91;29126;2913;0;0;0;5;none;1;0;0;2.0;1;Novato;113;0;0;0;0;0;0;0;0;1;0;1;0;0;0;1;1;0;0;0;0;0;0;0;0;0;1;0;0;0;0;1;0;0;0;0;0;0;0;0;0;0;1;0;0;0;0;1;1;0;0;0;0;1;0;1;0;0;0;0;0;0;0;0;0;0;0;0;0;0;0;0;0;0;0;0;0;0;0;1000;906;94;1000;0;25;209.38;0.906;1
1167630;Teardown;Tuxedo Labs;Tuxedo Labs;21 Apr, 2022;15.99;0;2000000;1984;95.61;104653;4809;0;27;5;9;full;1;0;0;8.0;1;Novato;285;1;0;0;0;1;0;0;0;1;0;1;0;0;0;1;1;1;1;0;1;0;1;1;1;0;0;0;0;0;1;1;0;0;0;0;0;0;0;0;0;0;0;0;0;0;0;0;1;0;0;0;1;1;0;0;0;0;1;0;0;0;0;1;1;0;0;0;0;0;0;0;1;0;0;0;0;0;0;1000;946;54;904;0;1;62.36;0.946;1
11020;TrackMania Nations Forever;Nadeo;Ubisoft;16 Apr, 2008;0.0;1;2000000;181;90.01;21244;2359;0;0;0;15;none;1;0;0;0.0;1;Novato;335;0;0;0;0;0;0;0;1;0;0;0;0;0;0;1;1;0;0;0;0;0;0;0;0;0;0;0;0;0;1;0;0;0;0;0;0;0;0;0;0;0;0;0;0;0;0;1;1;0;0;0;1;1;0;0;1;1;0;0;0;0;0;0;0;0;0;0;0;0;1;1;1;0;1;0;0;0;0;1000;918;82;1000;0;13;55.9;0.918;1
12200;Bully: Scholarship Edition;Rockstar New England;Rockstar Games;23 Dec, 2010;11.24;0;2000000;221;84.58;30730;5604;0;0;0;5;none;1;0;0;1.0;1;Novato;277;1;1;0;0;0;0;0;0;0;0;0;0;0;0;1;0;0;0;0;0;1;0;0;0;0;0;0;0;0;0;1;0;0;1;0;0;0;0;1;0;0;0;0;0;0;0;0;1;0;0;0;1;1;0;0;0;0;0;0;0;0;0;0;0;0;0;0;1;0;0;0;0;0;0;0;0;0;0;1000;860;140;918;0;3;15.53;0.86;1
881100;Noita;Nolla Games;Nolla Games;15 Oct, 2020;7.99;0;2000000;2019;95.26;74759;3718;0;14;1;11;none;1;0;0;4.0;1;Novato;230;1;1;0;0;1;0;1;0;1;0;0;0;0;0;1;0;0;0;0;0;1;1;1;1;0;0;0;0;0;0;1;1;0;0;0;0;0;0;1;0;0;0;0;0;0;0;0;0;0;0;0;1;0;0;0;0;0;0;0;0;0;1;0;0;0;0;0;0;0;1;0;1;0;0;0;0;0;0;1000;926;74;883;0;2;105.08;0.926;1
1313140;Cult of the Lamb;Massive Monster;Devolver Digital;11 Aug, 2022;22.99;0;2000000;1535;95.62;98711;4517;0;57;7;14;full;1;1;0;4.0;1;Novato;197;1;1;0;0;1;0;0;0;0;0;1;0;0;0;1;1;1;0;0;1;0;1;1;0;0;1;1;1;0;0;0;0;0;0;0;0;0;0;0;0;0;1;0;0;0;0;0;0;0;0;0;0;0;0;0;0;0;0;0;0;0;1;0;0;0;0;0;0;0;0;0;0;0;0;0;0;0;0;1000;964;36;814;0;2;37.55;0.964;1
261570;Ori and the Blind Forest;Moon Studios GmbH;Xbox Game Studios;10 Mar, 2015;0.0;0;2000000;172;94.32;54150;3262;0;50;0;9;full;1;0;0;4.0;4;Establecido;159;1;0;0;0;0;0;0;0;0;0;0;0;0;0;1;0;0;0;0;1;0;1;1;0;0;1;0;0;0;0;1;0;0;1;0;0;0;0;1;0;0;0;0;1;1;0;0;0;0;0;0;0;0;0;0;0;0;1;0;0;0;1;0;0;0;0;0;1;0;1;0;1;0;0;0;0;0;0;1000;831;169;892;0;6;13.24;0.831;1
1361210;Warhammer 40,000: Darktide;Fatshark;Fatshark;30 Nov, 2022;39.99;0;2000000;7267;71.06;80268;32692;0;36;7;12;none;1;0;0;8.0;2;Novato;263;1;1;0;0;0;0;1;0;0;0;0;0;0;0;0;1;1;1;0;0;1;1;0;0;1;0;0;0;0;1;0;0;0;0;0;0;0;1;0;0;0;0;0;0;0;0;1;0;0;0;0;0;0;0;0;0;0;0;0;0;0;0;0;1;0;0;1;1;0;0;0;0;0;0;0;0;1;0;1000;650;350;666;0;2;201.56;0.65;1
221910;The Stanley Parable;Galactic Cafe;Galactic Cafe, Klei Publishing;17 Oct, 2013;7.99;0;2000000;21;92.44;41582;3400;0;10;0;12;full;1;1;1;2.0;1;Novato;262;0;1;0;0;1;0;0;0;0;0;0;0;0;0;1;0;0;0;0;1;0;1;1;0;0;0;0;0;0;1;0;0;0;1;0;0;0;0;0;0;0;0;0;0;0;0;0;0;0;0;0;0;0;0;0;0;0;1;0;0;0;0;0;0;0;0;0;1;0;0;1;1;0;0;0;0;0;0;1000;920;80;889;0;14;8.66;0.92;1
238090;Sniper Elite 3;Rebellion;Rebellion;27 Jun, 2014;29.99;0;2000000;82;82.32;22323;4794;0;77;13;13;full;1;0;0;2.0;5;Establecido;193;1;1;0;0;0;0;0;0;0;0;0;0;0;0;1;1;1;0;0;1;0;1;1;0;0;1;0;0;0;0;1;0;0;0;0;0;0;0;0;0;0;1;0;0;0;0;1;1;0;0;0;0;1;0;0;0;0;0;0;0;0;0;0;0;0;0;0;1;0;0;0;0;0;0;0;0;1;1;1000;791;209;811;0;9;22.43;0.791;1
242720;GunZ 2: The Second Duel;Masangsoft;Masangsoft;1 May, 2014;0.0;1;2000000;3;66.08;7055;3622;0;183;0;2;none;1;0;0;4.0;1;Novato;102;1;0;0;0;1;0;0;0;0;0;0;0;0;0;0;1;1;0;0;0;0;1;0;0;0;1;0;0;0;1;0;0;0;0;0;0;0;0;1;0;0;1;0;0;0;0;1;1;0;1;0;0;0;0;0;0;0;0;0;0;0;0;0;0;0;0;0;0;0;0;0;1;0;1;0;0;1;0;279;180;99;279;0;29;37.92;0.645;1
1250410;Microsoft Flight Simulator (2020) 40th Anniversary Edition;Asobo Studio;Xbox Game Studios;17 Aug, 2020;59.99;0;2000000;3245;78.87;51794;13872;0;43;0;13;full;1;0;0;8.0;2;Novato;182;0;0;0;0;0;0;0;0;1;0;0;0;0;0;1;1;0;0;0;1;0;1;0;0;1;0;0;0;0;0;1;0;0;0;0;0;0;0;0;0;0;0;0;0;0;0;0;1;0;0;0;0;1;0;0;0;0;0;0;0;0;0;0;1;0;0;0;1;0;0;0;0;0;0;1;0;0;0;1000;802;198;961;0;3;169.39;0.802;1
644930;They Are Billions;Numantian Games;Numantian Games;18 Jun, 2019;29.99;0;2000000;2751;85.12;41508;7257;0;34;1;12;none;1;0;0;4.0;1;Novato;261;0;0;0;0;0;0;0;0;0;0;1;0;0;0;1;0;0;0;0;0;0;1;1;1;0;1;0;0;0;0;0;0;0;0;0;0;1;0;0;0;0;1;1;0;0;0;0;1;0;0;0;0;0;1;1;0;0;0;0;0;0;0;0;0;0;0;0;0;0;1;0;1;0;0;0;0;0;0;1000;842;158;928;0;6;226.67;0.842;1
641990;The Escapists 2;Team17, Mouldy Toof Studios;Team17;21 Aug, 2017;10.49;0;2000000;214;90.61;28948;3000;0;58;5;7;full;1;1;1;2.0;1;Novato;209;0;0;0;0;1;0;0;0;1;0;1;0;0;0;1;1;1;1;0;1;0;1;1;0;0;1;1;1;0;0;1;1;0;0;0;0;0;0;0;0;0;1;0;0;0;0;1;1;1;0;0;1;1;0;0;0;0;1;0;0;0;1;0;0;0;0;0;0;0;1;0;1;0;0;0;0;0;1;999;900;99;784;0;6;20.27;0.901;1
1254120;Bless Unleashed;VALOFE;VALOFE;6 Aug, 2021;0.0;1;2000000;291;52.67;16259;14611;0;43;5;6;full;1;0;0;8.0;1;Novato;199;1;0;0;0;0;1;1;0;0;0;0;0;0;0;0;1;0;0;0;1;0;1;0;0;1;1;0;0;0;0;1;0;0;0;0;0;0;0;1;1;0;0;0;0;0;0;1;1;0;1;0;0;0;0;0;0;0;0;0;0;0;0;0;0;0;0;0;0;0;0;0;0;0;1;0;0;0;0;1000;643;357;1000;0;24;196.78;0.643;1
222880;Insurgency;New World Interactive;New World Interactive;22 Jan, 2014;14.99;0;2000000;154;91.75;114570;10301;0;100;0;11;full;1;1;1;4.0;3;Establecido;216;1;0;0;0;1;0;0;0;0;0;1;0;0;0;0;1;1;0;0;1;0;1;0;1;0;1;0;0;0;1;0;0;0;0;0;0;0;0;0;0;0;1;0;0;0;0;1;1;0;1;0;0;1;0;0;0;0;0;0;0;0;0;0;1;0;0;0;1;0;0;0;1;0;0;0;0;1;0;1000;866;134;740;0;9;105.46;0.866;1
1569040;Football Manager 2022;Sports Interactive;SEGA;9 Nov, 2021;0.0;0;2000000;1742;92.55;19861;1599;0;98;1;17;none;1;1;0;4.0;6;Establecido;164;0;0;0;0;0;0;0;0;1;1;0;0;0;0;1;1;0;0;0;0;0;1;1;0;0;0;0;0;0;0;0;0;0;0;0;0;0;0;0;0;0;1;0;0;0;0;0;1;0;0;0;0;1;1;0;1;0;0;0;0;0;1;1;0;0;0;0;0;0;0;0;0;0;0;0;0;0;0;671;611;60;398;0;29;934.38;0.911;1
201790;Orcs Must Die! 2;Robot Entertainment;Robot Entertainment;30 Jul, 2012;7.99;0;2000000;34;92.89;17917;1371;0;27;4;9;full;1;0;0;2.0;4;Establecido;227;1;1;0;0;1;0;1;0;0;0;1;0;0;0;1;1;1;1;0;1;0;1;1;1;0;1;0;0;0;0;0;0;0;0;0;0;0;0;1;0;0;1;1;0;0;0;1;1;0;0;0;0;0;0;0;0;0;0;0;0;0;0;0;0;0;0;0;0;0;0;0;1;0;0;0;0;0;0;1000;736;264;686;0;25;33.48;0.736;1
203290;America's Army: Proving Grounds;U.S. Army;U.S. Army;29 Aug, 2013;0.0;1;2000000;132;78.86;8637;2315;0;100;0;1;none;1;0;0;4.0;1;Novato;287;1;0;0;0;0;0;0;0;0;0;0;0;0;0;1;1;0;0;0;0;1;1;1;1;0;1;0;0;0;1;1;0;0;0;0;0;1;0;0;0;0;1;0;0;0;0;1;1;0;0;0;0;1;0;0;0;0;0;0;0;0;0;0;1;0;0;0;1;0;0;0;0;0;1;0;0;1;0;597;456;141;597;0;29;365.78;0.764;1
2670630;Supermarket Simulator;Nokta Games;Nokta Games;19 Jun, 2025;9.99;0;2000000;2464;93.8;64104;4237;0;15;6;20;full;1;1;0;8.0;1;Novato;260;0;0;1;0;1;0;0;0;1;0;0;0;0;0;1;1;1;1;0;1;0;1;1;0;0;0;0;0;0;1;0;0;0;0;0;0;0;0;0;0;0;0;0;0;0;0;0;1;0;0;0;1;1;1;0;0;0;0;0;0;0;0;1;1;0;0;0;0;0;0;1;1;1;0;0;0;0;0;1000;832;168;904;0;2;60.52;0.832;1
286570;F1 2015;Codemasters, Feral Interactive (Linux);Codemasters, Feral Interactive (Linux);9 Jul, 2015;0.0;0;2000000;22;59.81;4720;3172;0;45;0;9;full;1;0;1;4.0;1;Novato;133;0;0;0;0;0;0;0;1;0;1;0;0;0;0;1;1;0;0;0;1;0;1;1;0;0;1;0;0;0;1;0;0;0;0;0;0;0;0;0;0;0;0;0;0;0;0;1;1;0;0;0;0;1;0;0;1;1;0;0;0;0;0;0;1;0;0;0;0;0;0;0;0;0;0;0;0;0;0;396;276;120;396;0;29;19.0;0.697;1
787860;Farming Simulator 19;Giants Software;Giants Software;19 Nov, 2018;8.99;0;2000000;983;94.41;70448;4172;0;23;10;18;full;1;1;0;4.0;2;Novato;230;0;0;0;0;0;0;0;0;1;0;0;0;0;0;1;1;1;1;0;1;0;1;1;0;0;1;0;0;0;1;1;0;0;0;0;0;0;0;0;0;0;1;0;0;0;0;1;1;0;0;0;0;1;1;0;0;0;0;0;0;0;0;0;1;0;0;0;1;1;0;0;0;0;0;0;0;0;0;1000;943;57;859;0;7;281.13;0.943;1
466560;Northgard: Definitive Edition;Shiro Games;Shiro Games;7 Mar, 2018;17.99;0;2000000;1164;86.32;55844;8851;0;289;12;11;none;1;1;1;1.0;1;Novato;223;0;1;0;0;1;0;0;0;1;0;1;0;0;0;1;1;1;1;0;0;0;1;1;1;0;1;0;0;0;0;0;0;0;0;0;0;0;0;0;0;0;1;0;0;0;0;1;1;0;1;0;0;1;1;1;0;0;0;0;0;0;0;0;0;0;0;0;0;0;0;0;0;0;0;0;0;0;0;1000;655;345;807;0;5;203.87;0.655;1
207140;SpeedRunners;DoubleDutch Games;tinyBuild;19 Apr, 2016;7.99;0;2000000;195;93.97;34525;2215;0;29;3;19;full;1;1;1;3.0;1;Novato;243;1;0;1;0;1;0;0;1;0;1;0;0;0;0;1;1;0;0;0;1;0;1;1;1;0;1;1;0;0;0;0;0;0;0;0;0;0;0;0;0;0;0;0;1;0;0;1;1;1;0;0;0;0;0;0;1;1;0;0;0;0;1;0;0;0;0;0;0;0;0;0;1;0;0;0;0;0;0;1000;914;86;655;0;14;78.05;0.914;1
1092790;Inscryption;Daniel Mullins Games;Devolver Digital;19 Oct, 2021;4.19;0;2000000;1301;96.89;127792;4098;0;40;1;12;none;1;1;1;4.0;1;Novato;225;0;1;0;0;1;0;0;0;0;0;1;0;0;0;1;0;0;0;0;0;0;1;1;0;0;1;0;0;0;1;0;0;0;1;0;0;0;1;0;0;0;1;0;0;0;0;0;0;0;0;0;0;0;0;0;0;0;1;1;0;0;1;1;0;0;0;1;0;0;0;0;0;0;0;0;0;0;0;1000;952;48;893;0;1;24.69;0.952;1
431240;Golf With Your Friends;Blacklight Interactive, Team17;Team17;19 May, 2020;1.39;0;2000000;979;88.11;59105;7975;0;83;18;10;none;1;1;1;2.0;1;Novato;185;0;0;1;0;1;0;0;0;0;1;0;0;0;0;1;1;0;0;0;0;1;1;0;1;0;0;1;0;0;0;0;0;0;0;0;0;0;0;0;0;0;1;0;0;0;0;1;1;0;0;0;0;1;0;0;1;0;0;0;0;0;0;0;0;0;0;0;0;0;1;1;1;1;0;0;0;0;0;1000;794;206;709;0;2;16.56;0.794;1
248570;Toribash;Nabi Studios;Nicalis, Inc.;16 May, 2014;0.0;1;2000000;85;88.46;14775;1928;0;106;0;5;none;1;1;1;8.0;1;Novato;291;1;0;0;0;1;0;0;0;0;0;1;0;0;0;1;1;0;0;0;0;0;1;1;0;1;1;0;0;0;0;0;0;0;0;0;0;0;0;0;0;1;1;0;0;0;0;0;1;0;0;0;1;1;0;0;0;0;0;0;0;0;0;0;0;0;0;0;0;0;1;0;1;0;1;0;0;0;0;1000;851;149;1000;0;25;77.4;0.851;1
107100;Bastion;Supergiant Games;Supergiant Games;16 Aug, 2011;2.99;0;2000000;15;95.37;35661;1731;0;24;1;6;full;1;1;1;0.0;4;Establecido;95;1;0;0;0;1;0;1;0;0;0;0;0;0;0;1;0;0;0;0;1;0;1;1;0;0;1;0;0;0;0;0;0;0;1;0;0;0;0;1;1;0;0;0;0;0;0;0;0;0;0;0;0;0;0;0;0;0;0;0;0;0;1;0;0;0;0;0;1;0;0;0;1;0;0;0;0;0;0;1000;906;94;829;0;16;13.05;0.906;1
209000;Batman™: Arkham Origins;WB Games Montreal, Splash Damage;Warner Bros. Interactive Entertainment;24 Oct, 2013;10.0;0;2000000;616;89.4;51192;6071;0;60;6;9;full;1;0;0;2.0;1;Novato;305;1;1;0;0;0;0;0;0;0;0;0;0;0;0;1;0;0;0;0;1;0;1;1;0;0;1;0;0;0;0;1;0;0;1;0;0;0;0;1;0;0;0;0;0;0;0;0;1;0;0;0;1;0;0;0;0;0;0;0;0;0;0;0;0;0;0;0;1;0;0;0;0;0;0;0;0;0;1;1000;922;78;748;0;3;23.64;0.922;1
24960;Battlefield: Bad Company™ 2;DICE;Electronic Arts;2 Mar, 2010;0.0;0;2000000;22;85.38;31749;5438;0;0;0;7;none;1;0;0;0.0;8;Establecido;340;1;0;0;0;0;0;0;0;0;0;0;0;0;0;1;1;0;0;0;0;0;0;0;0;0;1;0;0;0;1;1;0;0;0;0;0;0;0;0;0;0;0;0;0;0;0;1;1;0;0;0;0;0;0;0;0;0;0;0;0;0;0;0;0;0;0;0;1;0;0;0;0;0;0;0;0;1;0;1000;860;140;1000;0;21;71.87;0.86;1
848450;Subnautica: Below Zero;Unknown Worlds Entertainment;Unknown Worlds Entertainment;13 May, 2021;20.99;0;2000000;698;90.63;87607;9053;0;13;1;19;full;1;1;0;8.0;3;Establecido;286;0;1;0;0;1;0;0;0;0;0;0;0;0;0;1;0;0;0;0;1;0;1;1;0;0;1;0;0;0;1;1;1;0;1;0;0;1;1;0;0;0;0;0;0;0;0;0;1;0;0;0;1;0;0;0;0;0;0;0;0;0;0;0;0;0;0;0;1;0;0;0;1;0;0;0;0;0;0;1000;849;151;921;0;1;21.56;0.849;1
740130;Tales of ARISE;Bandai Namco Studios Inc.;Bandai Namco Entertainment;8 Nov, 2023;39.99;0;2000000;182;87.34;30379;4403;0;58;32;12;full;1;0;0;8.0;3;Establecido;248;1;0;0;0;0;0;1;0;0;0;0;0;0;0;1;0;0;0;0;1;0;1;1;0;0;1;0;0;0;0;1;0;0;1;0;0;0;0;1;1;0;0;0;0;0;0;0;1;0;0;0;0;0;0;0;0;0;0;0;0;1;0;0;0;0;0;0;0;0;0;0;0;0;0;0;0;0;0;999;739;260;739;0;7;49.59;0.74;1
17390;SPORE™;Maxis™;Electronic Arts;19 Dec, 2008;19.99;0;2000000;599;92.44;61124;4996;0;0;0;15;none;1;0;0;0.5;1;Novato;178;1;1;1;0;0;0;1;0;1;0;1;0;0;0;1;0;0;0;0;0;0;0;0;0;0;1;0;0;0;0;1;0;0;0;0;0;0;0;0;0;0;0;0;0;0;0;0;0;0;0;0;1;1;0;0;0;0;0;0;0;0;0;0;0;0;1;0;0;0;0;1;0;0;0;0;0;0;0;1000;918;82;932;0;3;32.13;0.918;1
530700;Argo;Bohemia Interactive;Bohemia Interactive;22 Jun, 2017;0.0;0;2000000;1;51.35;5610;5315;0;0;0;11;none;1;0;0;4.0;6;Establecido;298;1;0;0;0;0;0;0;0;0;0;0;0;0;0;1;1;1;1;0;0;1;0;0;0;0;0;1;1;0;1;1;0;0;0;0;0;0;0;0;0;0;1;0;0;0;0;1;1;0;0;0;0;1;0;0;0;0;0;0;0;0;0;0;1;0;0;0;1;0;0;0;0;0;1;0;0;1;0;136;98;38;136;0;28;40.65;0.721;1
2622380;ELDEN RING NIGHTREIGN;FromSoftware, Inc.;FromSoftware, Inc., Bandai Namco Entertainment;29 May, 2025;31.99;0;2000000;163599;74.46;48901;16771;0;37;1;15;full;1;0;0;12.0;6;Establecido;167;1;0;0;0;0;0;1;0;0;0;0;0;0;0;1;1;1;1;0;1;0;1;1;0;0;0;0;0;0;0;1;0;0;1;0;0;1;0;1;1;0;0;0;0;0;0;1;1;0;0;0;0;0;0;0;0;0;0;0;0;0;0;1;0;0;0;1;0;0;0;0;0;0;0;0;0;0;0;1000;775;225;543;0;1;201.25;0.775;1
220240;Far Cry 3;Ubisoft Montreal, Massive Entertainment, and Ubisoft Shanghai;Ubisoft;4 Dec, 2012;3.99;0;2000000;488;89.38;101914;12105;0;44;0;17;none;1;0;0;4.0;1;Novato;161;1;1;0;0;0;0;0;0;0;0;0;0;0;0;1;1;1;0;0;0;1;1;0;0;0;0;0;0;0;1;1;1;0;1;0;0;1;0;1;0;0;0;0;0;0;0;1;1;0;0;0;1;0;0;0;0;0;0;0;0;0;0;0;0;0;0;0;1;0;0;0;0;0;0;0;0;1;1;1000;749;251;936;0;1;18.91;0.749;1
1217060;Gunfire Reborn;Duoyi Games;Duoyi Games;17 Nov, 2021;10.49;0;2000000;1428;93.43;92655;6517;0;134;4;18;full;1;0;0;4.0;1;Novato;282;1;1;0;0;1;0;1;0;0;0;0;0;0;0;1;1;1;1;0;1;0;1;1;0;0;1;0;0;0;1;0;0;0;0;0;0;0;0;1;0;0;0;0;0;0;0;1;1;0;0;0;0;0;0;0;0;0;0;0;0;0;0;0;0;0;0;0;0;0;0;0;1;1;0;0;0;1;0;1000;855;145;810;0;4;73.5;0.855;1
1248130;Farming Simulator 22;Giants Software;Giants Software;21 Nov, 2021;12.99;0;2000000;5419;92.42;78110;6402;0;45;23;23;full;1;1;0;8.0;2;Novato;130;0;0;0;0;0;0;0;0;1;0;0;0;0;0;1;1;1;1;0;1;0;1;1;0;0;1;0;0;0;1;1;0;0;0;0;0;0;0;0;0;0;0;0;0;0;0;1;1;0;0;0;1;1;1;0;0;0;0;0;0;0;0;1;0;0;0;0;0;0;0;0;0;0;0;0;0;0;0;1000;942;58;783;0;3;234.54;0.942;1
437900;Party Jousting;vikingfabian;vikingfabian;1 Mar, 2016;0.0;1;2000000;1;91.56;662;61;0;18;2;103;full;1;0;0;0.5;1;Novato;75;0;0;1;0;1;0;0;0;0;1;0;0;0;0;0;1;0;0;0;1;0;1;0;0;0;0;1;0;0;0;0;0;0;0;0;0;0;0;0;0;0;0;0;0;0;0;0;1;0;0;0;0;0;0;0;1;0;0;0;0;0;1;0;0;0;0;0;0;0;0;1;1;0;1;0;0;0;0;33;31;2;33;0;19;5.93;0.939;1
635260;CarX Drift Racing Online;CarX Technologies, LLC;CarX Technologies, LLC;17 Nov, 2017;19.49;0;2000000;1658;95.31;79504;3912;0;36;31;12;none;1;0;0;8.0;1;Novato;152;1;0;1;0;0;1;0;1;1;1;0;0;0;0;1;1;1;1;0;0;1;1;1;1;0;1;0;0;0;0;1;0;0;0;0;0;0;0;0;0;0;0;0;0;0;0;1;1;0;0;0;1;1;0;0;1;1;0;0;0;0;0;0;1;0;0;0;0;1;0;0;0;0;0;1;0;0;0;1000;918;82;923;0;3;89.38;0.918;1
259080;Just Cause 2: Multiplayer Mod;Avalanche Studios;Square Enix;16 Dec, 2013;0.0;1;2000000;7;91.58;13558;1246;0;20;0;7;none;1;0;0;0.0;5;Establecido;205;1;1;0;0;0;0;0;0;0;0;0;0;0;0;1;1;0;0;0;0;1;1;0;0;0;0;0;0;0;0;1;0;0;0;0;0;0;0;0;0;0;0;0;0;0;0;1;1;0;0;0;1;0;0;0;0;1;0;0;0;0;0;0;0;0;0;0;0;0;0;0;0;0;1;0;0;1;0;185;162;23;185;0;29;67.59;0.876;1
414340;Hellblade: Senua's Sacrifice;Ninja Theory;Ninja Theory, Xbox Game Studios;7 Aug, 2017;20.99;0;2000000;73;90.12;66212;7260;0;14;1;20;full;1;0;0;8.0;2;Novato;285;1;1;0;0;1;0;0;0;0;0;0;0;0;0;1;0;0;0;0;1;0;1;1;0;0;1;0;0;0;0;0;0;0;1;0;0;0;1;0;0;0;0;0;0;0;0;0;0;0;0;0;0;0;0;0;0;0;0;0;0;0;0;0;1;0;0;1;1;0;0;0;1;0;0;0;0;0;0;1000;836;164;850;0;5;9.69;0.836;1
42700;Call of Duty®: Black Ops;Treyarch;Activision;9 Nov, 2010;39.99;0;2000000;527;90.81;36530;3695;0;68;4;5;none;1;0;0;0.0;5;Establecido;163;1;0;0;0;0;0;0;0;0;0;0;0;0;0;1;1;1;0;0;0;1;1;0;0;0;0;0;0;0;1;0;0;0;1;0;0;0;1;0;0;0;0;0;0;0;0;1;1;0;0;0;0;0;0;0;0;0;0;0;0;0;0;0;0;0;0;0;0;0;0;0;0;0;0;0;0;1;0;999;904;95;668;0;5;46.73;0.905;1
108710;Alan Wake;Remedy Entertainment;Remedy Entertainment;16 Feb, 2012;7.99;0;2000000;165;90.41;44449;4714;0;67;2;11;full;1;0;0;2.0;4;Establecido;150;1;1;0;0;0;0;0;0;0;0;0;0;0;0;1;0;0;0;0;1;0;1;1;0;0;1;0;0;0;0;0;0;0;1;0;0;1;1;0;0;0;0;0;0;0;0;0;0;0;0;0;0;0;0;0;0;0;0;0;0;0;0;0;0;0;0;1;1;0;0;0;0;0;0;0;0;0;0;1000;872;128;902;0;2;12.34;0.872;1
55100;Homefront;Kaos Studios, Digital Extremes;Deep Silver;14 Mar, 2011;14.99;0;2000000;12;60.99;7787;4980;0;47;3;6;none;1;0;0;2.0;1;Novato;131;1;0;0;0;0;0;0;0;0;0;0;0;0;0;1;1;0;0;0;0;1;1;1;0;0;0;0;0;0;1;1;0;0;1;0;0;1;0;0;0;0;0;0;0;0;0;1;1;0;0;0;0;0;0;0;0;0;0;0;0;0;0;0;1;0;0;0;1;0;0;0;0;0;0;0;0;1;0;1000;700;300;580;0;22;16.95;0.7;1
1520470;Soul Dossier;GKD GAME;GKD GAME;29 Mar, 2021;0.0;1;2000000;656;82.25;21945;4737;0;0;0;28;none;1;0;0;6.0;1;Novato;187;1;1;0;0;0;1;1;0;0;0;1;0;0;0;0;1;1;1;0;0;0;0;0;0;0;0;0;0;0;0;0;0;0;0;0;0;1;1;0;0;0;0;0;0;0;0;0;1;0;1;0;0;0;0;0;0;0;0;0;0;1;0;1;0;0;0;0;0;0;0;0;0;0;1;0;0;0;0;1000;780;220;1000;0;11;133.43;0.78;1
644560;Mirror;KAGAMI WORKS;Paradise Project;19 Apr, 2018;1.99;0;2000000;106;96.92;80419;2554;0;114;7;10;none;1;1;0;2.0;1;Novato;231;0;1;0;0;1;0;1;0;0;0;0;0;0;0;1;0;0;0;0;0;0;1;1;0;0;1;0;0;0;0;0;0;0;1;0;0;0;0;1;0;0;0;0;0;0;0;0;0;0;0;0;0;0;0;0;0;0;1;0;1;1;0;0;0;0;0;0;0;0;0;1;1;0;0;0;0;0;0;1000;812;188;865;0;20;23.93;0.812;1
1263850;Football Manager 2021;Sports Interactive;SEGA;24 Nov, 2020;0.0;0;2000000;1122;93.48;22342;1558;0;98;1;17;none;1;1;0;4.0;6;Establecido;188;0;0;0;0;0;0;0;0;1;1;0;0;0;0;1;1;0;0;0;0;0;1;1;0;0;0;0;0;0;0;0;0;0;0;0;0;0;0;0;0;0;1;0;0;0;0;1;1;0;0;0;0;1;1;0;1;0;0;0;0;0;0;0;0;0;0;0;0;0;0;0;0;0;1;0;0;0;0;294;272;22;294;0;29;1139.74;0.925;1
407530;ARK: The Survival Of The Fittest;Studio Wildcard, Instinct Games, Efecto Studios, Virtual Basement LLC;Studio Wildcard;29 Aug, 2017;0.0;0;2000000;43;66.42;7766;3926;0;0;0;20;none;1;0;0;3.91;2;Novato;290;1;1;0;0;1;1;1;0;0;0;1;0;0;0;0;1;1;0;0;0;1;0;0;1;0;0;0;0;0;1;1;1;0;0;0;0;1;0;1;0;0;1;0;0;0;0;0;1;0;1;0;1;0;0;0;0;0;0;0;0;0;0;0;0;0;0;0;0;0;0;0;1;1;1;0;0;1;0;763;504;259;453;0;29;58.07;0.661;1
774171;Muse Dash;peropero;hasuhasu;19 Jun, 2019;2.99;0;2000000;672;90.0;107491;11938;0;39;1;5;none;1;1;0;2.0;1;Novato;55;1;0;1;0;1;0;0;0;0;0;0;0;0;0;1;0;0;0;0;0;1;0;1;0;0;0;0;0;0;0;0;0;0;0;0;0;0;0;0;0;0;0;0;0;0;0;0;0;0;0;0;0;0;0;0;0;0;0;0;0;1;1;0;0;0;0;0;0;0;1;1;1;0;0;0;0;0;0;1000;915;85;934;0;3;26.09;0.915;1
279720;The I of the Dragon;Primal;TopWare Interactive;6 Mar, 2015;4.49;0;2000000;1;67.8;676;321;0;0;1;5;none;1;1;1;2.0;1;Novato;338;0;0;0;0;0;0;1;0;0;0;0;0;0;0;1;0;0;0;0;0;0;0;0;0;0;1;0;0;0;0;1;0;0;0;0;0;0;0;1;0;0;0;0;0;0;0;0;0;0;0;0;0;1;0;0;0;0;0;0;0;0;0;0;0;0;0;0;0;0;0;0;0;0;0;0;0;0;0;247;209;38;77;0;29;137.54;0.846;1
201810;Wolfenstein: The New Order;MachineGames;Bethesda Softworks;19 May, 2014;11.99;0;2000000;417;91.54;51691;4778;0;50;1;7;none;1;0;0;4.0;2;Novato;189;1;0;0;0;0;0;0;0;0;0;0;0;0;0;1;0;0;0;0;0;1;1;0;0;0;0;0;0;0;1;0;0;0;1;0;0;0;0;0;0;0;0;0;0;0;0;0;0;0;0;0;0;0;0;0;0;0;0;0;0;0;0;0;0;0;0;0;1;0;0;0;0;0;0;0;0;1;1;1000;941;59;792;0;4;23.6;0.941;1
319510;Five Nights at Freddy's;Scott Cawthon;Scott Cawthon;19 Aug, 2014;4.99;0;2000000;118;93.48;48831;3406;0;0;0;1;none;1;0;0;1.0;3;Establecido;252;0;0;0;0;1;0;0;0;1;0;0;0;0;0;1;0;0;0;0;0;0;0;0;0;0;0;0;0;0;1;0;0;0;0;0;0;1;1;0;0;0;0;0;0;0;0;0;0;0;0;0;0;0;0;0;0;0;0;1;0;0;0;0;0;0;0;1;1;0;1;0;1;0;0;0;0;0;0;1000;960;40;913;0;3;6.34;0.96;1
1888160;ARMORED CORE™ VI FIRES OF RUBICON™;FromSoftware, Inc.;FromSoftware, Inc., Bandai Namco Entertainment Inc.;24 Aug, 2023;47.99;0;2000000;1011;91.41;70425;6617;0;30;0;13;none;1;0;0;12.0;6;Establecido;148;1;0;0;0;0;0;0;0;0;0;0;0;0;0;1;1;0;0;0;0;1;1;1;0;0;1;0;0;0;0;0;0;0;0;0;0;0;0;0;0;0;0;0;0;0;0;0;1;0;0;0;0;0;0;0;0;0;0;0;0;0;0;1;0;0;0;0;1;0;1;0;0;0;0;0;0;0;0;1000;917;83;621;0;3;62.99;0.917;1
674020;World War 3;New Generation Games;Wishlist Games;10 Dec, 2022;0.0;1;2000000;59;54.09;29495;25034;0;0;0;11;none;1;0;0;8.0;1;Novato;232;1;0;0;0;0;0;0;0;0;0;0;0;0;0;0;1;0;0;0;0;1;0;0;0;0;0;0;0;0;1;0;0;0;0;0;0;0;0;0;0;0;0;0;0;0;0;0;1;0;1;0;0;0;0;0;0;0;0;0;0;0;0;0;1;0;0;0;1;0;0;0;0;0;1;0;0;1;0;999;443;556;999;0;15;62.52;0.443;1
310950;Street Fighter V;CAPCOM Co., Ltd.;CAPCOM Co., Ltd.;15 Feb, 2016;15.0;0;2000000;170;67.65;29529;14122;0;45;13;14;full;1;0;0;6.0;18;AAA;192;1;0;0;0;0;0;0;0;0;0;0;0;0;0;1;1;0;0;0;1;0;1;0;0;0;1;0;0;0;0;0;0;0;0;0;0;0;0;0;0;0;0;0;0;0;0;0;1;0;0;0;0;0;0;0;0;0;0;0;0;1;1;0;0;0;0;0;0;0;0;0;0;0;0;0;0;0;0;1000;833;167;714;0;14;80.87;0.833;1
952060;Resident Evil 3;CAPCOM Co., Ltd.;CAPCOM Co., Ltd.;2 Apr, 2020;29.0;0;2000000;362;81.7;74536;16699;0;32;5;15;full;1;0;0;8.0;18;AAA;295;1;0;0;0;0;0;0;0;0;0;0;0;0;0;1;1;0;0;0;1;0;1;1;0;0;1;0;0;0;0;0;0;0;1;0;0;0;1;0;0;0;0;0;0;0;0;1;1;0;0;0;0;0;0;0;0;0;0;0;0;0;0;0;0;0;0;0;1;0;1;0;0;0;0;0;0;0;0;1000;885;115;791;0;1;10.98;0.885;1
1466860;Age of Empires IV: Anniversary Edition;World's Edge, Relic Entertainment, Forgotten Empires, Climax Studios;Xbox Game Studios;28 Oct, 2021;19.99;0;2000000;7084;86.01;69559;11311;0;175;7;26;none;1;0;0;8.0;1;Novato;263;0;0;0;0;0;0;0;0;0;0;1;0;0;0;1;1;1;1;0;0;0;1;0;0;0;0;0;0;0;0;1;0;0;0;0;0;0;0;0;0;0;1;0;0;0;0;1;1;0;1;0;0;0;1;1;0;0;0;0;0;0;0;1;0;0;0;0;0;0;0;0;0;0;0;0;0;0;0;999;760;239;720;0;2;292.04;0.761;1
949230;Cities: Skylines II;Iceflake Studios, Colossal Order;Paradox Interactive;24 Oct, 2023;24.49;0;2000000;5392;52.63;38697;34827;0;44;21;12;full;1;0;0;8.0;1;Novato;287;0;0;0;0;0;0;0;0;1;0;0;0;0;0;1;0;0;0;0;1;0;1;1;0;0;0;0;0;0;0;1;0;0;0;0;0;0;0;0;0;0;1;0;0;0;0;0;1;0;0;0;1;1;1;1;0;0;0;0;0;0;0;0;1;0;0;0;1;1;0;1;0;1;0;0;0;0;0;999;693;306;725;0;2;96.66;0.694;1
388410;Darksiders II Deathinitive Edition;Gunfire Games, Vigil Games, THQ Nordic;THQ Nordic;5 Nov, 2015;2.24;0;2000000;78;78.54;14223;3887;0;50;1;9;full;1;0;0;4.0;1;Novato;270;1;1;0;0;0;0;1;0;0;0;0;0;0;0;1;0;0;0;0;1;0;1;1;0;0;1;0;0;0;0;1;0;0;1;0;0;0;0;1;1;0;0;0;0;1;0;0;1;0;0;0;0;0;0;0;0;0;1;0;0;0;0;0;0;0;0;0;0;0;0;0;0;0;0;0;0;0;0;1000;765;235;834;0;6;25.37;0.765;1
1904540;Football Manager 2023;Sports Interactive;SEGA;8 Nov, 2022;0.0;0;2000000;4178;89.76;17645;2012;0;100;1;16;none;1;1;0;4.0;6;Establecido;170;0;0;0;0;0;0;0;0;1;1;0;0;0;0;1;1;0;0;0;0;0;1;1;0;0;0;0;0;0;0;0;0;0;0;0;0;0;0;0;0;0;1;0;0;0;0;0;1;0;0;0;0;1;1;0;1;0;0;0;0;0;1;1;0;0;0;0;0;0;0;0;0;0;0;0;0;0;0;1000;936;64;1000;0;24;844.39;0.936;1
544810;KARDS - The WW2 Card Game;1939 Games;1939 Games;15 Apr, 2020;0.0;1;2000000;4796;73.79;28543;10136;0;0;1;14;none;1;0;0;8.0;1;Novato;252;0;0;1;0;1;0;0;0;0;0;1;0;0;0;1;1;0;0;0;0;0;0;0;0;1;0;0;0;0;0;0;0;0;0;0;0;0;0;0;0;0;1;0;0;0;0;0;1;0;1;0;0;0;0;0;0;0;0;0;0;0;0;0;1;0;0;0;0;0;0;1;0;0;1;0;0;0;0;1000;574;426;1000;0;2;136.78;0.574;1
611500;Quake Champions;id Software;Bethesda Softworks;18 Aug, 2022;0.0;1;2000000;203;73.76;28297;10068;0;52;0;8;none;1;0;0;8.0;4;Establecido;217;1;0;0;0;0;0;0;0;0;0;0;0;0;0;0;1;0;0;0;0;0;1;0;0;0;0;0;0;0;1;0;0;0;0;0;0;0;1;0;0;0;0;0;0;0;0;0;1;0;0;0;0;0;0;0;0;0;0;0;0;0;0;0;0;0;0;0;0;0;1;0;0;1;1;0;0;1;0;1000;724;276;1000;0;13;152.69;0.724;1
50;Half-Life: Opposing Force;Gearbox Software;Valve;1 Nov, 1999;2.99;0;2000000;74;95.31;24363;1198;0;0;0;4;none;1;1;1;0.09;5;Establecido;312;1;0;0;0;0;0;0;0;0;0;0;0;0;0;1;1;0;0;0;0;0;0;0;0;0;0;0;0;0;1;0;0;0;1;0;0;0;0;0;0;0;0;0;0;0;0;1;0;0;0;0;0;0;0;0;0;0;1;0;0;0;0;0;0;0;0;0;1;0;0;0;0;0;0;0;0;1;0;1000;951;49;941;0;4;16.97;0.951;1
1408720;Krunker;FRVR;FRVR;1 Feb, 2021;0.0;0;2000000;32;79.07;21147;5599;0;1;0;9;none;1;1;0;0.0;1;Novato;165;1;0;1;0;0;0;0;0;0;0;0;0;0;0;0;1;1;1;0;0;1;0;0;0;0;0;0;0;0;0;0;0;0;0;0;0;0;0;0;0;0;0;0;0;0;0;0;1;0;1;0;0;0;0;0;0;0;0;0;0;0;0;1;0;0;0;0;0;0;0;1;0;0;1;0;0;1;0;1000;764;236;1000;0;16;22.54;0.764;1
310560;DiRT Rally;Codemasters, Feral Interactive (Linux), Feral Interactive (Mac);Codemasters, Feral Interactive (Linux), Feral Interactive (Mac), Electronic Arts;7 Dec, 2015;0.0;0;2000000;84;87.91;34981;4810;0;170;0;7;full;1;1;1;4.0;1;Novato;296;0;0;0;0;0;0;0;1;1;1;0;0;0;0;1;1;0;0;0;1;0;1;1;1;0;1;0;0;0;1;1;0;0;0;0;0;0;0;0;0;0;0;0;0;0;0;1;1;0;0;0;0;1;0;0;1;1;0;0;0;0;0;0;1;0;0;0;1;0;1;0;0;0;0;1;0;0;0;1000;876;124;1000;0;17;47.19;0.876;1
1845910;Dragon Age™: The Veilguard;BioWare;Electronic Arts;31 Oct, 2024;59.99;0;2000000;804;69.46;28118;12361;0;52;2;12;full;1;0;0;16.0;5;Establecido;100;1;1;0;0;0;0;1;0;0;0;1;0;0;0;1;0;0;0;0;1;0;1;1;0;0;1;0;0;0;0;0;0;0;1;0;0;0;0;1;1;0;1;0;0;0;0;0;0;0;0;0;0;0;0;0;0;0;0;0;0;0;0;0;0;0;0;0;0;0;0;0;0;0;0;0;0;0;0;1000;645;355;878;0;4;64.12;0.645;1
254700;Resident Evil 4 (2005);Capcom;Capcom;27 Feb, 2014;15.0;0;2000000;673;93.41;77003;5431;0;12;0;5;full;1;0;0;2.0;4;Establecido;130;1;1;0;0;0;0;0;0;0;0;0;0;0;0;1;0;0;0;0;1;0;1;1;0;0;1;0;0;0;0;0;0;0;0;0;0;1;1;0;0;0;0;0;0;0;0;0;0;0;0;0;0;0;0;0;0;0;0;0;0;0;0;0;0;0;0;0;1;0;1;0;0;0;0;1;0;0;0;1000;973;27;807;0;2;28.78;0.973;1
1029690;Sniper Elite 5;Rebellion;Rebellion;25 May, 2022;49.99;0;2000000;1538;83.11;18453;3750;0;71;16;12;none;1;0;0;8.0;5;Establecido;272;1;1;0;0;0;0;0;0;0;0;0;0;0;0;1;1;1;1;0;0;1;1;1;0;1;1;0;0;0;0;1;0;0;0;0;0;0;0;0;0;0;0;0;0;0;0;1;1;0;0;0;0;0;0;0;0;0;0;0;0;0;0;0;0;0;0;0;0;0;0;0;0;0;0;0;0;1;1;1000;863;137;782;0;3;66.89;0.863;1
12220;Grand Theft Auto: Episodes from Liberty City;Rockstar North / Toronto;Rockstar Games;12 Apr, 2010;0.0;0;2000000;0;73.98;7524;2647;0;0;0;5;none;1;0;0;0.0;1;Novato;187;1;0;0;0;0;0;0;0;0;0;0;0;0;0;1;1;0;0;0;0;0;0;0;0;0;0;0;0;0;0;1;0;0;1;0;0;0;0;0;0;0;0;0;0;0;0;0;1;0;0;0;1;0;0;0;0;1;0;0;0;0;0;0;0;0;0;0;1;0;0;0;0;0;0;0;0;0;0;89;69;20;0;0;26;27.69;0.775;1
308040;Back to Bed;Bedtime Digital Games;Bedtime Digital Games;6 Aug, 2014;5.99;0;2000000;1;81.04;2296;537;0;20;0;10;full;1;1;1;2.0;1;Novato;199;1;0;1;0;1;0;0;0;0;0;0;0;0;0;1;0;0;0;0;1;0;1;1;0;0;1;0;0;0;0;0;0;0;0;0;0;0;0;0;0;0;0;0;0;0;0;0;0;0;0;0;0;0;0;0;0;0;1;0;0;0;0;0;0;0;0;0;0;0;0;1;1;0;0;0;0;0;0;275;222;53;137;0;29;4.84;0.807;1
815370;Green Hell;Creepy Jar;Creepy Jar;5 Sep, 2019;12.49;0;2000000;1656;85.98;69304;11300;0;68;1;20;none;1;0;0;4.0;1;Novato;311;1;1;0;0;1;0;0;0;1;0;0;0;0;0;1;1;1;1;0;0;1;1;1;0;0;1;0;0;0;1;1;1;0;0;0;0;1;0;0;0;0;0;0;0;0;0;1;1;0;0;0;1;1;0;0;0;0;0;0;0;0;0;0;1;0;0;0;1;0;0;0;0;0;0;0;0;0;0;1000;841;159;830;0;2;26.3;0.841;1
470220;UNO;Ubisoft Entertainment;Ubisoft Entertainment;3 Jan, 2017;7.99;0;2000000;291;72.16;37173;14345;0;12;11;12;full;1;0;0;4.0;1;Novato;203;0;0;1;0;0;0;0;0;0;0;0;0;0;0;1;1;1;1;0;1;0;1;0;0;0;1;1;1;0;0;0;0;0;0;0;0;0;0;0;0;0;1;0;0;0;0;1;1;0;1;0;0;0;0;0;0;0;0;0;0;0;0;0;0;0;0;0;0;0;0;1;0;0;0;0;0;0;0;999;508;491;795;0;6;13.01;0.509;1
302830;BLOCKADE 3D;Novalink;Novalink;19 Dec, 2014;0.0;1;2000000;4;58.59;14974;10584;0;0;0;2;none;1;0;0;2.0;2;Novato;188;1;0;0;0;0;0;0;0;0;0;0;0;0;1;0;1;0;0;0;0;0;0;0;0;1;1;0;0;0;0;1;0;0;0;0;0;1;0;0;0;0;0;0;0;0;0;1;1;0;0;0;1;0;0;0;0;0;0;0;0;0;0;0;0;0;0;0;0;0;0;1;0;1;1;0;0;1;0;365;229;136;365;365;29;76.87;0.627;1
242920;Banished;Shining Rock Software LLC;Shining Rock Software LLC;18 Feb, 2014;10.49;0;2000000;477;90.36;38173;4073;0;36;0;1;none;1;0;0;0.5;1;Novato;275;0;0;0;0;1;0;0;0;1;0;1;0;0;0;1;0;0;0;0;0;0;1;0;0;0;0;0;0;0;0;1;0;0;0;0;0;1;0;0;0;0;1;0;0;0;0;0;0;0;0;0;1;1;1;1;0;0;0;0;0;0;0;0;0;0;0;0;0;1;1;0;1;0;0;0;0;0;0;1000;917;83;879;0;12;168.28;0.917;1
236110;Dungeon Defenders II;Chromatic Games;Chromatic Games;20 Jun, 2017;0.0;1;2000000;351;77.36;16882;4941;0;18;6;1;none;1;0;0;3.0;2;Novato;127;1;0;0;0;1;0;1;0;0;0;1;0;0;0;1;1;1;1;0;0;1;1;0;0;0;1;0;0;0;0;0;0;0;0;0;0;1;0;0;1;0;0;1;0;0;0;0;1;0;0;0;0;0;0;0;0;0;0;0;0;0;0;1;0;0;0;0;0;0;0;0;0;0;0;0;0;0;0;1000;712;288;1000;0;20;188.02;0.712;1
383870;Firewatch;Campo Santo;Panic, Campo Santo;9 Feb, 2016;10.49;0;2000000;81;90.42;81777;8661;0;10;1;7;full;1;1;1;6.0;1;Novato;167;0;1;0;0;1;0;0;0;0;0;0;0;0;0;1;0;0;0;0;1;0;1;1;0;0;1;0;0;0;1;1;0;0;1;0;0;0;1;0;0;0;0;0;0;0;0;0;0;0;0;0;0;0;0;0;0;0;0;0;0;0;0;0;0;0;0;0;1;0;0;1;1;0;0;0;0;0;0;1000;922;78;950;0;3;5.83;0.922;1
1399780;Spellbreak;Proletariat, Inc.;Proletariat, Inc.;15 Dec, 2020;0.0;0;2000000;1;86.53;12119;1887;0;11;0;12;none;1;0;0;8.0;1;Novato;226;1;1;0;0;0;0;1;0;0;0;0;0;0;0;0;1;0;0;0;0;1;1;0;0;1;0;0;0;0;0;0;0;0;0;0;0;0;0;1;1;0;0;0;0;0;0;1;1;0;1;1;0;0;0;0;0;0;0;0;0;0;0;1;0;0;0;0;0;0;0;0;0;0;1;0;0;0;0;648;605;43;648;0;29;17.06;0.934;1
1237950;STAR WARS™ Battlefront™ II;DICE;Electronic Arts;11 Jun, 2020;39.99;0;2000000;9213;87.55;62342;8866;0;43;0;11;none;1;0;0;8.0;8;Establecido;107;1;1;0;0;0;0;0;0;0;0;0;0;0;0;1;1;0;0;0;0;0;1;0;0;0;1;0;0;0;1;0;0;0;0;0;0;0;0;0;0;0;0;0;0;0;0;1;1;0;1;0;0;0;0;0;0;0;0;0;0;0;0;0;0;0;0;0;0;0;0;0;0;0;0;0;0;1;0;1000;928;72;911;0;1;40.89;0.928;1
312660;Sniper Elite 4;Rebellion;Rebellion;13 Feb, 2017;59.99;0;2000000;541;91.16;53923;5232;0;85;13;10;full;1;0;0;4.0;5;Establecido;255;1;1;0;0;0;0;0;0;0;0;0;0;0;0;1;1;1;0;0;1;0;1;1;0;0;1;0;0;0;1;1;0;0;0;0;0;0;0;0;0;0;1;0;0;0;0;1;1;0;0;0;0;0;0;0;0;0;0;0;0;0;0;0;0;0;0;0;0;0;0;0;0;0;0;0;0;1;1;1000;917;83;784;0;4;47.12;0.917;1
502500;ACE COMBAT™ 7: SKIES UNKNOWN;Bandai Namco Studios Inc.;Bandai Namco Entertainment;31 Jan, 2019;47.99;0;2000000;340;87.57;42202;5990;0;49;21;13;full;1;0;0;4.0;3;Establecido;215;1;0;0;0;0;0;0;0;1;0;0;0;0;0;1;1;0;0;0;1;0;1;1;0;0;1;0;0;0;1;0;0;0;1;0;0;0;0;0;0;0;0;0;0;0;0;0;1;0;1;0;0;1;0;0;0;0;0;0;0;0;0;1;1;0;0;0;0;0;0;0;0;0;0;0;0;0;0;1000;902;98;821;0;3;32.52;0.902;1
632470;Disco Elysium - The Final Cut;ZA/UM;ZA/UM;15 Oct, 2019;18.49;0;2000000;918;93.11;104010;7702;0;45;2;13;full;1;1;0;2.0;1;Novato;299;0;0;0;0;0;0;1;0;0;0;0;0;0;0;1;0;0;0;0;1;0;1;1;0;0;1;0;0;0;0;1;0;0;1;0;0;0;0;1;0;0;0;0;0;0;0;0;0;0;0;0;0;0;0;0;0;0;0;1;1;0;0;0;0;0;0;0;1;0;0;0;1;0;0;0;0;0;0;1000;894;106;812;0;2;34.83;0.894;1
200260;Batman: Arkham City - Game of the Year Edition;Rocksteady Studios;WB Games;7 Sep, 2012;19.99;0;2000000;655;96.08;65947;2689;0;64;0;7;none;1;0;0;2.0;3;Establecido;91;1;1;0;0;0;0;0;0;0;0;0;0;0;0;1;0;0;0;0;0;1;1;1;0;0;1;0;0;0;0;1;0;0;1;0;0;0;0;0;0;0;0;0;0;1;0;0;0;0;0;0;1;0;0;0;0;0;0;0;0;0;0;0;0;0;0;0;1;0;0;0;0;0;0;0;0;0;1;1000;963;37;739;0;2;27.37;0.963;1
393380;Squad;Offworld;Offworld;23 Sep, 2020;23.99;0;2000000;9116;83.16;175088;35463;0;0;22;9;none;1;0;0;8.0;2;Novato;251;1;0;0;0;1;1;0;0;0;0;1;0;0;0;0;1;1;1;0;0;1;0;0;1;0;1;0;0;0;1;1;0;0;0;0;0;0;0;0;0;0;1;0;0;0;0;0;1;0;1;0;0;1;0;0;0;0;0;0;0;0;0;0;1;0;0;0;1;0;0;0;0;0;0;0;0;1;0;1000;805;195;673;0;1;191.15;0.805;1
40800;Super Meat Boy;Team Meat;;30 Nov, 2010;14.99;0;2000000;72;94.58;33571;1923;0;48;1;2;full;1;1;1;1.0;1;Novato;109;0;0;0;0;1;0;0;0;0;0;0;0;0;0;1;0;0;0;0;1;0;1;0;0;0;1;0;0;0;0;0;0;0;0;0;0;0;0;0;0;0;0;0;1;0;0;0;0;0;0;0;0;0;0;0;0;0;0;0;0;0;1;0;0;0;0;0;0;0;1;0;1;0;0;0;0;0;0;1000;893;107;914;0;2;9.56;0.893;1
303390;Dead Bits;Microblast Games;SA Industry;7 Jun, 2014;4.49;0;2000000;2;60.14;5141;3408;0;0;1;1;none;1;1;0;2.0;6;Establecido;235;1;0;1;0;1;0;0;0;0;0;0;0;0;0;1;0;0;0;0;0;0;0;0;0;0;1;0;0;0;1;0;0;0;0;0;0;0;1;0;0;0;0;0;0;0;0;0;1;0;0;0;0;0;0;0;0;0;0;0;0;0;0;0;0;0;0;0;0;0;1;1;1;0;0;0;0;1;0;211;124;87;77;0;29;8.88;0.588;1
280;Half-Life: Source;Valve;Valve;1 Jun, 2004;5.79;0;2000000;27;68.93;11068;4988;0;0;0;11;none;1;1;1;0.25;27;AAA;313;1;0;0;0;0;0;0;0;0;0;0;0;0;0;1;0;0;0;0;0;0;0;0;0;0;0;1;0;0;1;0;0;0;1;0;0;0;1;0;0;0;0;0;0;0;0;0;1;0;0;0;0;0;0;0;0;0;0;0;0;0;0;0;0;0;0;0;1;0;0;0;0;0;0;0;0;1;0;1000;628;372;937;0;13;9.7;0.628;1
783770;Ironsight;WipleGames Inc.,;WipleGames Inc.,;19 Jun, 2019;0.0;0;2000000;64;72.31;16204;6206;0;19;0;14;none;1;0;0;6.0;1;Novato;243;1;0;0;0;0;0;0;0;0;0;0;0;0;0;1;1;0;0;0;0;1;0;0;0;1;0;1;0;0;1;0;0;0;0;0;0;0;0;0;0;0;1;0;0;0;0;1;1;0;1;1;0;0;0;0;0;0;0;0;0;0;0;0;0;0;0;0;0;0;0;1;0;0;1;0;0;1;0;1000;725;275;1000;0;21;124.75;0.725;1
212070;Star Conflict;Star Gem Inc.;Gaijin Network Ltd;27 Feb, 2013;0.0;1;2000000;95;73.24;10879;3974;0;213;86;11;none;1;1;1;6.0;1;Novato;207;1;1;0;0;0;1;1;0;1;0;0;0;0;0;0;1;1;0;0;0;1;1;0;0;0;1;0;0;0;0;1;1;0;0;0;0;0;0;1;0;0;0;0;0;0;0;0;0;0;0;0;1;0;0;0;0;0;0;0;0;0;0;1;0;0;0;0;1;0;0;0;0;0;1;0;0;0;0;1000;572;428;1000;0;29;267.26;0.572;1
110800;L.A. Noire;Team Bondi, Rockstar Leeds;Rockstar Games;8 Nov, 2011;19.99;0;2000000;150;85.86;29214;4812;0;60;0;6;none;1;0;0;0.0;1;Novato;239;0;1;0;0;0;0;0;0;0;0;1;0;0;0;1;0;0;0;0;0;1;1;0;0;0;0;0;0;0;0;1;0;0;1;0;0;0;0;0;0;0;1;0;0;0;0;0;0;0;0;0;0;0;0;0;0;0;1;0;0;0;0;0;0;0;0;0;1;0;0;0;0;0;0;0;0;0;0;1000;855;145;939;0;5;24.15;0.855;1
50300;Spec Ops: The Line;YAGER;2K, Missing Link Games;29 Jun, 2012;0.0;0;2000000;31;93.37;51267;3642;0;50;0;6;full;1;1;1;2.0;2;Novato;135;1;1;0;0;0;0;0;0;0;0;0;0;0;0;1;1;0;0;0;1;0;1;1;0;0;0;0;0;0;0;0;0;0;1;0;0;0;0;0;0;0;0;0;0;0;0;0;1;0;0;0;0;0;0;0;0;0;0;0;0;0;0;0;0;0;0;1;1;0;0;0;0;0;0;0;0;0;0;1000;926;74;1000;0;8;12.89;0.926;1
41070;Serious Sam 3: BFE;Croteam;Devolver Digital;22 Nov, 2011;14.99;0;2000000;105;88.37;24491;3224;0;62;2;9;full;1;1;1;0.0;4;Establecido;136;1;0;0;0;1;0;0;0;0;0;0;0;0;0;1;1;1;1;0;1;0;1;1;1;0;1;1;1;0;1;0;0;0;0;0;0;0;0;0;0;0;0;0;0;0;0;1;1;1;0;0;0;0;0;0;0;0;0;0;0;0;0;0;0;0;0;0;0;0;1;0;1;0;0;0;0;1;0;1000;861;139;824;0;12;44.75;0.861;1
1284210;Guild Wars 2®;ArenaNet®;ArenaNet®, NCSOFT;23 Aug, 2022;0.0;1;2000000;3277;88.9;19151;2392;0;0;6;4;none;1;0;0;8.0;1;Novato;294;0;1;0;0;0;1;1;0;0;0;0;0;0;0;0;1;1;1;0;0;0;0;0;0;1;0;0;0;0;0;0;1;0;1;0;0;0;0;1;0;0;1;0;0;0;0;0;1;0;1;0;0;0;0;0;0;0;0;0;0;0;0;1;0;0;0;0;1;0;0;0;0;0;1;0;0;0;0;1000;810;190;1000;0;3;235.92;0.81;1
35700;Trine Enchanted Edition;Frozenbyte;Frozenbyte;2 Jul, 2009;7.99;0;2000000;16;95.77;14696;649;0;33;1;5;full;1;1;1;0.0;2;Novato;179;1;1;0;0;1;0;0;0;0;0;0;0;0;0;1;1;1;1;0;1;0;1;1;1;0;1;1;1;0;0;0;0;0;0;0;0;0;0;0;0;0;0;0;1;0;0;1;1;1;0;0;0;0;0;0;0;0;1;0;0;0;1;0;0;0;0;0;1;0;0;1;1;0;0;0;0;0;0;1000;924;76;820;0;20;9.42;0.924;1
485510;Nioh: Complete Edition;KOEI TECMO GAMES CO., LTD.;KOEI TECMO GAMES CO., LTD.;7 Nov, 2017;41.69;0;2000000;291;79.87;27867;7025;0;79;0;13;none;1;0;0;6.0;2;Novato;294;1;0;0;0;0;0;1;0;0;0;0;0;0;0;1;1;1;1;0;0;1;1;1;0;0;1;0;0;0;0;0;0;0;0;0;0;0;0;1;1;0;0;0;0;0;0;1;1;0;0;0;0;0;0;0;0;0;0;0;0;0;0;0;0;0;0;0;1;0;1;0;0;0;0;0;0;0;0;1000;717;283;787;0;4;56.48;0.717;1
210770;Sanctum 2;Coffee Stain Studios;Coffee Stain Publishing;15 May, 2013;9.89;0;2000000;15;89.96;12856;1435;0;50;6;6;full;1;1;1;2.0;3;Establecido;245;1;0;0;0;1;0;0;0;0;0;1;0;0;0;1;1;1;1;0;1;0;1;1;0;0;1;0;0;0;1;0;0;0;0;0;0;1;0;1;0;0;1;1;0;0;0;1;1;0;0;0;0;0;0;0;0;0;0;0;0;0;0;0;0;0;0;0;0;0;0;0;1;0;0;0;0;1;0;613;528;85;366;0;29;35.34;0.861;1
282140;SOMA;Frictional Games;Frictional Games;21 Sep, 2015;14.99;0;2000000;57;95.96;43530;1835;0;10;0;8;full;1;1;1;4.0;2;Novato;207;1;1;0;0;1;0;0;0;0;0;0;0;0;0;1;0;0;0;0;1;0;1;1;1;0;1;1;0;0;1;0;0;0;1;0;0;0;1;0;0;0;0;0;0;0;0;0;0;0;0;0;0;0;0;0;0;0;1;0;0;0;0;0;0;0;0;1;1;0;0;0;1;0;0;0;0;0;0;1000;937;63;904;0;3;12.27;0.937;1
495420;State of Decay 2: Juggernaut Edition;Undead Labs;Xbox Game Studios;13 Mar, 2020;29.99;0;2000000;1281;82.92;52001;10715;0;153;1;8;full;1;0;0;8.0;1;Novato;258;1;0;0;0;0;0;1;0;1;0;0;0;0;0;1;1;1;1;0;1;0;1;1;0;0;1;0;0;0;0;1;0;0;0;0;0;1;1;1;0;0;0;0;0;0;0;1;1;0;0;0;1;1;0;0;0;0;0;0;0;0;0;0;0;0;0;0;1;0;0;0;0;0;0;0;0;0;0;1000;810;190;829;0;2;73.48;0.81;1
323580;Jotun: Valhalla Edition;Thunder Lotus;Thunder Lotus;29 Sep, 2015;14.99;0;2000000;3;77.43;6536;1905;0;36;1;13;full;1;1;1;4.0;2;Novato;213;1;1;0;0;1;0;0;0;0;0;0;0;0;0;1;0;0;0;0;1;0;1;1;0;0;1;0;0;0;0;0;0;0;1;0;0;0;0;0;0;0;0;0;0;0;0;0;0;0;0;0;0;0;0;0;0;0;0;0;0;0;1;0;0;0;0;0;1;0;1;0;1;0;0;0;0;0;0;484;334;150;218;0;29;7.89;0.69;1
225260;Brutal Legend;Double Fine Productions;Double Fine Productions, Xbox Game Studios;26 Feb, 2013;14.99;0;2000000;36;93.07;17657;1314;0;59;1;5;full;1;1;1;1.0;1;Novato;326;1;1;0;0;0;0;0;0;0;0;1;0;0;0;1;1;0;0;0;1;0;1;1;0;0;1;0;0;0;0;1;0;0;0;0;0;0;0;1;1;0;1;0;0;0;0;0;1;0;0;0;0;0;0;0;0;0;0;0;0;0;0;0;0;0;0;0;1;0;0;0;0;0;0;0;0;0;0;1000;938;62;720;0;11;15.51;0.938;1
2835570;Buckshot Roulette;Mike Klubnika;CRITICAL REFLEX;4 Apr, 2024;1.49;0;2000000;793;96.03;91745;3796;0;16;0;17;none;1;0;1;2.0;1;Novato;111;1;0;0;0;1;0;0;0;1;0;0;0;0;0;1;1;0;0;0;0;1;1;0;0;0;1;0;0;0;1;0;0;0;0;0;0;0;1;0;0;0;1;0;0;0;0;0;1;0;0;0;0;1;0;0;0;0;1;0;0;0;0;1;0;0;0;1;0;0;0;0;1;0;0;0;0;1;0;999;940;59;867;0;1;5.67;0.941;1
464920;Surviving Mars;Haemimont Games, Abstraction;Paradox Interactive;15 Mar, 2018;0.0;0;2000000;507;84.58;22472;4098;0;80;0;9;full;1;1;1;4.0;1;Novato;196;0;0;0;0;0;0;0;0;1;0;1;0;0;0;1;0;0;0;0;1;0;1;1;1;0;1;0;0;0;0;1;0;0;0;0;0;1;0;0;0;0;1;0;0;0;0;0;0;0;0;0;1;1;1;1;0;0;0;0;0;0;0;0;0;0;0;0;0;0;0;0;0;0;0;0;0;0;0;1000;273;727;1000;0;7;106.61;0.273;1
493340;Planet Coaster;Frontier Developments, Aspyr (Mac);Frontier Developments, Aspyr (Mac);17 Nov, 2016;20.99;0;2000000;687;91.25;64131;6147;0;32;11;9;none;1;1;0;8.0;1;Novato;231;1;1;1;0;0;0;0;0;1;0;1;0;0;0;1;0;0;0;0;0;0;1;1;1;0;1;0;0;0;0;0;0;0;0;0;0;0;0;0;0;0;1;0;0;0;0;0;1;0;0;0;1;1;1;1;0;0;0;0;0;0;0;1;1;0;0;0;1;1;0;1;0;0;0;0;0;0;0;1000;872;128;776;0;5;69.87;0.872;1
9900;Star Trek Online;Cryptic Studios;Arc Games;31 Jan, 2012;0.0;1;2000000;1057;79.12;15939;4206;0;0;0;2;full;1;0;0;4.0;2;Novato;287;0;0;0;0;0;1;1;0;0;0;0;0;0;0;0;1;1;0;0;1;0;0;0;0;1;0;0;0;0;0;1;0;0;0;0;0;0;0;1;1;0;1;0;0;0;0;1;1;0;1;0;0;0;0;0;0;0;0;0;0;0;0;0;0;0;0;0;0;0;0;0;0;0;1;0;0;0;0;1000;768;232;1000;0;12;474.83;0.768;1
7940;Call of Duty® 4: Modern Warfare® (2007);Infinity Ward;Activision;12 Nov, 2007;9.99;0;2000000;377;93.49;23438;1632;0;0;0;5;none;1;1;0;0.5;7;Establecido;336;1;0;0;0;0;0;0;0;0;0;0;0;0;0;1;1;0;0;0;0;0;0;0;0;0;0;0;0;0;1;0;0;0;1;0;0;0;0;0;0;0;0;0;0;0;0;1;1;0;1;0;0;0;0;0;0;0;0;0;0;0;0;0;0;0;0;0;1;0;0;0;0;0;0;0;0;1;0;1000;950;50;902;0;6;35.59;0.95;1
343710;Kholat;IMGN.PRO;IMGN.PRO;9 Jun, 2015;12.95;0;2000000;1;66.71;4485;2238;0;20;2;14;full;1;0;0;4.0;1;Novato;196;0;1;0;0;1;0;0;0;0;0;0;0;0;0;1;0;0;0;0;1;0;1;1;0;0;1;0;0;0;1;1;0;0;1;0;0;1;1;0;0;0;0;0;0;0;0;0;0;0;0;0;0;0;0;0;0;0;0;0;0;0;0;0;0;0;0;1;1;0;0;0;1;0;0;0;0;0;0;565;335;230;169;0;29;8.99;0.593;1
504230;Celeste;Maddy Makes Games Inc., Extremely OK Games, Ltd.;Maddy Makes Games Inc.;25 Jan, 2018;9.49;0;2000000;1174;97.47;117545;3057;0;32;1;9;full;1;1;1;2.0;1;Novato;264;1;1;0;0;1;0;0;0;0;0;0;0;0;0;1;0;0;0;0;1;0;1;1;0;0;1;0;0;0;0;0;0;0;1;0;0;0;0;0;0;0;0;0;1;0;0;0;0;0;0;0;0;0;0;0;0;0;0;0;0;0;1;0;0;0;0;0;1;0;1;0;1;0;0;0;0;0;0;1000;955;45;879;0;1;51.37;0.955;1
394510;HELLDIVERS™ Dive Harder Edition;Arrowhead Game Studios;PlayStation Publishing LLC;7 Dec, 2015;19.99;0;2000000;209;90.23;28441;3078;0;39;14;19;none;1;0;0;4.0;3;Establecido;225;1;0;0;0;0;0;0;0;0;0;0;0;0;0;1;1;1;1;0;0;1;1;1;0;0;0;1;1;0;0;0;0;0;0;0;0;1;0;0;0;0;1;0;0;0;0;1;1;1;0;0;0;0;0;0;0;0;0;0;0;0;0;0;0;0;0;0;0;0;1;0;0;0;0;0;0;0;0;1000;917;83;767;0;7;34.37;0.917;1
265590;The Red Solstice;Ironward;Ironward;9 Jul, 2015;5.79;0;2000000;5;70.85;1772;729;0;73;3;1;none;1;0;0;4.0;1;Novato;295;0;0;0;0;0;0;0;0;0;0;1;0;0;0;1;1;1;1;0;0;0;1;1;0;0;1;0;0;0;0;0;0;0;0;0;0;0;0;0;0;0;1;0;0;0;0;1;1;0;0;0;0;0;0;0;0;0;0;0;0;0;0;0;0;0;0;0;1;0;1;0;0;0;0;0;0;0;0;172;90;82;54;0;29;11.11;0.523;1
1128810;RISK: Global Domination;SMG Studio;SMG Studio;19 Feb, 2020;0.0;1;2000000;2153;79.96;31060;7783;0;55;30;9;none;1;1;0;2.0;1;Novato;138;0;0;1;0;0;0;0;0;0;0;1;0;0;0;1;1;1;1;0;0;0;1;0;0;1;0;1;1;0;0;0;0;0;0;0;0;0;0;0;0;1;1;0;0;0;0;0;1;1;0;0;0;0;0;0;0;0;0;0;0;0;0;0;0;0;0;0;0;0;0;1;1;0;1;0;0;0;0;1000;689;311;1000;0;5;94.99;0.689;1
325610;Total War: ATTILA;CREATIVE ASSEMBLY;SEGA;17 Feb, 2015;20.99;0;2000000;1422;82.07;28785;6287;0;118;8;9;none;1;0;1;3.0;2;Novato;339;0;0;0;0;0;0;0;0;0;0;1;0;0;0;1;1;1;1;0;0;0;1;1;0;0;1;0;0;0;0;1;0;0;0;0;0;1;0;0;0;1;1;0;0;0;0;1;1;0;0;0;0;1;0;0;0;0;0;0;0;0;0;0;0;0;0;0;1;0;0;0;0;0;0;0;0;0;0;1000;867;133;741;0;6;234.78;0.867;1
1643320;S.T.A.L.K.E.R. 2: Heart of Chornobyl;GSC Game World;GSC Game World (worldwide), SEGA (Japan), 4Divinity (China and South East Asia);20 Nov, 2024;42.99;0;2000000;2403;80.53;91274;22072;0;58;3;18;none;1;0;0;16.0;2;Novato;256;1;1;0;0;0;0;1;0;0;0;0;0;0;0;1;0;0;0;0;0;1;1;1;1;0;1;0;0;0;1;1;0;0;1;0;0;1;0;1;0;0;0;0;0;0;0;0;0;0;0;0;0;0;0;0;0;0;0;0;0;0;0;0;1;0;0;0;1;0;0;0;0;0;0;0;0;1;0;1000;740;260;707;0;1;69.07;0.74;1
204450;Call of Juarez: Gunslinger;Techland;Techland Publishing;22 May, 2013;9.99;0;2000000;91;95.02;38679;2027;0;26;0;9;full;1;0;0;2.0;4;Establecido;234;1;0;0;0;0;0;0;0;0;0;0;0;0;0;1;0;0;0;0;1;0;1;1;0;0;1;0;0;0;1;0;0;0;1;0;0;0;0;0;0;0;0;0;0;0;0;0;0;0;0;0;0;0;0;0;0;0;0;0;0;0;0;0;0;0;0;0;1;0;0;0;0;0;0;0;0;1;0;1000;943;57;581;0;5;9.09;0.943;1
63380;Sniper Elite V2;Rebellion;Rebellion;;0.0;0;2000000;34;88.27;22263;2958;0;47;4;7;none;1;0;0;0.0;5;Establecido;103;1;0;0;0;0;0;0;0;0;0;0;0;0;0;1;1;1;0;0;0;1;1;1;0;0;1;0;0;0;0;0;0;0;0;0;0;0;0;0;0;0;1;0;0;0;0;1;1;0;0;0;0;1;0;0;0;0;0;0;0;0;0;0;0;0;0;0;0;0;0;0;0;0;0;0;0;1;1;974;843;131;482;0;29;41.55;0.866;1
268420;Aura Kingdom;X-Legend;Aeria Games;4 Jul, 2014;0.0;0;2000000;1;77.99;6676;1884;0;0;0;1;none;1;0;0;4.0;1;Novato;256;0;1;1;0;0;1;1;0;0;0;0;0;0;0;0;1;0;0;0;0;0;0;0;0;1;1;0;0;0;0;1;0;0;0;0;0;0;0;1;0;0;0;0;0;0;0;1;1;0;0;0;0;0;0;0;0;0;0;0;0;1;0;0;0;0;0;0;0;0;0;0;0;0;1;0;0;0;0;129;85;44;129;0;28;233.2;0.659;1
482730;Football Manager 2017;Sports Interactive;SEGA;3 Nov, 2016;0.0;0;2000000;388;59.56;6576;4465;0;86;0;17;none;1;1;1;2.0;6;Establecido;187;0;0;0;0;0;0;0;0;1;1;0;0;0;0;1;1;0;0;0;0;0;1;1;1;0;1;0;0;0;0;0;0;0;0;0;0;0;0;0;0;0;1;0;0;0;0;0;1;0;0;0;0;1;1;0;1;0;0;0;0;0;0;0;0;0;0;0;0;0;0;1;0;0;0;0;0;0;0;108;100;8;51;0;28;1027.65;0.926;1
360970;Heaven Forest NIGHTS;Fabio Ferrara;Chubby Pixel;14 Mar, 2017;0.9;0;2000000;0;66.96;227;112;0;24;0;1;none;1;1;1;2.0;3;Establecido;288;1;1;0;0;0;0;0;0;0;0;0;0;0;0;1;1;0;0;0;0;1;1;0;0;0;1;0;0;0;0;0;0;0;0;0;0;0;0;0;0;0;0;0;0;0;0;0;0;0;0;0;0;0;0;0;0;0;0;0;0;0;0;0;0;0;0;0;0;0;0;0;0;0;0;1;0;0;0;52;38;14;28;0;24;4.33;0.731;1
22370;Fallout 3: Game of the Year Edition;Bethesda Game Studios;Bethesda Softworks;17 Dec, 2009;11.99;0;2000000;318;81.19;41078;9515;0;0;0;5;none;1;0;0;0.25;9;Establecido;265;0;0;0;0;0;0;1;0;0;0;0;0;0;0;1;0;0;0;0;0;0;0;0;0;0;0;0;0;0;1;1;0;0;1;0;0;0;0;1;1;0;0;0;0;0;0;0;0;0;0;0;1;0;0;0;0;0;0;0;0;0;0;0;0;0;0;0;1;0;0;0;0;0;0;0;0;1;0;1000;823;177;755;0;4;32.07;0.823;1
349040;NARUTO SHIPPUDEN: Ultimate Ninja STORM 4;CyberConnect2 Co. Ltd.;BANDAI NAMCO Entertainment;4 Feb, 2016;11.99;0;2000000;384;90.98;80515;7987;0;53;6;12;full;1;0;0;2.0;2;Novato;215;1;1;0;0;0;0;0;0;0;0;0;0;0;0;1;1;0;0;0;1;0;1;1;0;0;0;1;0;0;0;1;0;0;1;0;0;0;0;0;0;0;0;0;0;0;0;1;1;1;0;0;0;0;0;0;0;0;0;0;0;1;0;0;0;0;0;0;1;0;0;0;0;0;0;0;0;0;0;1000;947;53;794;0;5;28.36;0.947;1
204100;Max Payne 3;Rockstar Studios;Rockstar Games;31 May, 2012;14.99;0;2000000;197;86.59;49420;7656;0;67;0;10;none;1;0;0;16.0;1;Novato;260;1;0;0;0;0;0;0;0;0;0;0;0;0;0;1;1;0;0;0;0;1;1;0;0;0;0;0;0;0;0;1;0;0;1;0;0;0;0;0;0;0;0;0;0;0;0;1;1;0;0;0;0;0;0;0;0;0;0;0;0;0;0;0;0;0;0;1;1;0;0;0;0;0;0;0;0;0;0;1000;921;79;948;0;3;19.3;0.921;1
823130;Totally Accurate Battlegrounds;Landfall;Landfall;5 Jun, 2018;0.0;1;2000000;121;88.4;76919;10093;0;0;0;1;none;1;0;0;8.0;3;Establecido;179;1;0;0;0;1;0;0;0;0;0;0;0;0;0;0;1;0;0;0;0;0;0;0;0;1;0;0;0;0;0;1;0;0;0;0;0;1;0;0;0;0;1;0;0;0;0;1;1;0;1;1;1;1;0;0;0;0;0;0;0;0;0;0;0;0;0;0;0;0;0;0;1;0;0;0;0;1;0;1000;886;114;1000;0;6;19.37;0.886;1
1184370;Pathfinder: Wrath of the Righteous - Enhanced Edition;Owlcat Games;META Publishing, Owlcat Games;2 Sep, 2021;11.0;0;2000000;1874;83.91;32303;6193;0;153;14;8;full;1;1;0;6.0;3;Establecido;273;1;1;0;0;1;0;1;0;0;0;1;0;0;0;1;0;0;0;0;1;0;1;1;0;0;1;0;0;0;0;1;0;0;1;0;0;0;0;1;1;0;1;0;0;0;0;0;0;0;0;0;0;0;0;0;0;0;0;0;0;0;0;1;0;0;0;0;0;0;0;0;0;0;0;0;0;0;0;1000;786;214;763;0;4;180.66;0.786;1
640820;Pathfinder: Kingmaker — Enhanced Plus Edition;Owlcat Games;Knights Peak;25 Sep, 2018;14.99;0;2000000;590;77.8;26001;7420;0;74;6;5;full;1;1;1;4.0;3;Establecido;288;0;1;0;0;0;0;1;0;0;0;0;0;0;0;1;0;0;0;0;1;0;1;1;0;0;1;0;0;0;0;1;0;0;1;0;0;0;0;1;0;1;1;0;0;0;0;0;0;0;0;0;0;0;0;0;0;0;0;0;0;0;0;0;0;0;0;0;0;0;0;0;0;0;0;0;0;0;0;1000;731;269;823;0;9;122.82;0.731;1
47890;The Sims™ 3;The Sims Studio, Maxis;Electronic Arts;27 Jan, 2011;19.99;0;2000000;1264;86.73;28544;4366;0;0;19;17;none;1;0;0;0.0;1;Novato;129;0;0;0;0;0;0;0;0;1;0;0;0;0;0;1;0;0;0;0;0;0;0;0;0;0;0;0;0;0;0;0;0;0;0;0;0;0;0;1;0;0;1;0;0;0;0;0;1;0;0;0;1;1;0;0;0;0;0;0;0;0;0;0;0;0;0;0;0;0;0;1;0;0;0;0;0;0;0;1000;749;251;929;0;8;314.16;0.749;1
637650;FINAL FANTASY XV WINDOWS EDITION;Square Enix;Square Enix;6 Mar, 2018;27.99;0;2000000;339;83.13;44632;9056;0;97;4;11;full;1;0;0;8.0;5;Establecido;248;0;0;0;0;0;0;1;0;0;0;0;0;0;0;1;1;1;1;0;1;0;1;1;0;0;1;0;0;0;1;1;0;0;1;0;0;0;0;1;1;0;0;0;0;0;0;1;1;0;0;0;0;0;0;0;0;0;0;0;0;1;0;0;0;0;0;0;1;0;0;0;0;0;0;0;0;0;0;1000;845;155;783;0;4;48.52;0.845;1
703080;Planet Zoo;Frontier Developments;Frontier Developments;5 Nov, 2019;20.99;0;2000000;2497;91.1;80029;7820;0;38;22;18;none;1;0;0;8.0;3;Establecido;264;0;0;1;0;0;0;0;0;1;0;1;0;0;0;1;0;0;0;0;0;0;1;1;1;0;1;0;0;0;0;1;0;0;0;0;0;0;0;0;0;0;1;0;0;0;0;0;1;0;0;0;1;1;1;1;0;0;0;0;0;0;0;0;1;0;0;0;0;1;0;1;0;0;0;0;0;0;0;1000;904;96;836;0;3;99.4;0.904;1
460950;Katana ZERO;Askiisoft;Devolver Digital;18 Apr, 2019;7.99;0;2000000;82;98.03;69672;1397;0;22;1;10;full;1;1;0;1.0;1;Novato;202;1;0;0;0;1;0;0;0;0;0;0;0;0;0;1;0;0;0;0;1;0;1;1;0;0;1;0;0;0;0;0;0;0;1;0;0;0;0;0;0;0;0;0;1;0;0;0;0;0;0;0;0;0;0;0;0;0;0;0;0;0;1;0;0;0;0;0;0;0;1;0;1;0;0;0;0;0;0;1000;964;36;806;0;3;12.09;0.964;1
35140;Batman: Arkham Asylum Game of the Year Edition;Rocksteady Studios;WB Games;26 Mar, 2010;19.99;0;2000000;601;96.32;70940;2711;0;47;0;5;none;1;0;0;1.0;3;Establecido;163;1;1;0;0;0;0;0;0;0;0;0;0;0;0;1;0;0;0;0;0;1;1;1;0;0;1;0;0;0;0;1;0;0;1;0;0;0;1;0;0;0;0;0;0;1;0;0;0;0;0;0;0;0;0;0;0;0;1;0;0;0;0;0;0;0;0;1;1;0;0;0;0;0;0;0;0;0;1;1000;959;41;724;0;2;16.2;0.959;1
50620;Darksiders™;Vigil Games;THQ Nordic;23 Sep, 2010;0.0;0;2000000;9;89.29;11074;1328;0;43;0;9;none;1;0;0;0.0;1;Novato;320;1;1;0;0;0;0;0;0;0;0;0;0;0;0;1;0;0;0;0;0;1;1;1;0;0;0;0;0;0;0;1;0;0;0;0;0;0;0;1;1;0;0;0;1;1;0;0;0;0;0;0;0;0;0;0;0;0;1;0;0;0;0;0;0;0;0;0;0;0;0;0;0;0;0;0;0;0;0;1000;854;146;752;0;29;21.87;0.854;1
337000;Deus Ex: Mankind Divided;Eidos Montreal, Feral Interactive (Linux/Mac);Eidos Interactive Corp., Feral Interactive (Linux/Mac);23 Aug, 2016;14.99;0;2000000;205;75.98;31037;9813;0;81;5;8;full;1;1;1;8.0;1;Novato;282;1;0;0;0;0;0;1;0;0;0;0;0;0;0;1;0;0;0;0;1;0;1;1;0;0;1;0;0;0;1;1;0;0;1;0;0;0;0;1;0;0;0;0;0;0;0;0;0;0;0;0;0;0;0;0;0;0;0;0;0;0;0;0;0;0;0;0;1;0;0;0;0;0;0;0;0;1;1;1000;840;160;803;0;10;45.92;0.84;1
433340;Slime Rancher;Monomi Park;Monomi Park;1 Aug, 2017;8.99;0;2000000;858;97.95;135271;2826;0;57;5;10;full;1;1;1;4.0;1;Novato;217;1;1;0;0;1;0;0;0;1;0;0;0;0;0;1;0;0;0;0;1;0;1;1;0;0;1;0;0;0;1;1;0;0;0;0;0;0;0;0;0;0;0;0;0;0;0;0;0;0;0;0;1;1;1;0;0;0;0;0;0;0;0;0;0;0;0;0;0;0;0;1;1;1;0;0;0;1;0;1000;972;28;861;0;2;24.83;0.972;1
238010;Deus Ex: Human Revolution - Director's Cut;Eidos Montreal;Eidos Interactive Corp.;25 Oct, 2013;9.99;0;2000000;193;92.12;25909;2216;0;59;0;5;full;1;0;0;2.0;1;Novato;340;1;0;0;0;0;0;1;0;0;0;0;0;0;0;1;0;0;0;0;1;0;1;1;0;0;1;0;0;0;1;0;0;0;1;0;0;0;0;1;0;0;0;0;0;0;0;0;0;0;0;0;0;0;0;0;0;0;0;0;0;0;0;0;0;0;0;0;1;0;0;0;0;0;0;0;0;1;1;1000;893;107;836;0;8;37.49;0.893;1
527230;For The King;IronOak Games;Curve Games;19 Apr, 2018;2.09;0;2000000;428;88.17;36581;4906;0;78;7;12;full;1;1;1;4.0;1;Novato;210;0;1;0;0;1;0;1;0;0;0;1;0;0;0;1;1;1;1;0;1;0;1;1;0;0;1;1;1;0;0;1;0;0;0;0;0;0;0;1;0;1;1;0;0;0;0;1;1;1;0;0;0;0;0;0;0;0;0;0;0;0;0;0;0;0;0;0;0;0;0;0;1;0;0;0;0;0;0;1000;787;213;695;0;7;33.36;0.787;1
39120;RIFT;gamigo US Inc.;gamigo US Inc.;1 Mar, 2011;0.0;1;2000000;139;74.24;8347;2896;0;0;10;3;none;1;0;0;0.0;2;Novato;257;1;1;0;0;0;1;1;0;0;0;0;0;0;0;0;1;1;1;0;0;0;0;0;0;1;1;0;0;0;0;1;1;0;0;0;0;1;0;1;0;0;0;0;0;0;0;1;1;0;1;0;0;0;0;0;0;0;0;0;0;0;0;1;0;0;0;0;0;0;0;0;0;0;1;0;0;0;0;865;621;244;865;0;29;249.11;0.718;1
307690;Sleeping Dogs: Definitive Edition;United Front Games, Feral Interactive (Mac);Square Enix, Feral Interactive (Mac);8 Oct, 2014;15.99;0;2000000;524;93.65;64644;4385;0;59;0;7;full;1;1;0;4.0;1;Novato;276;1;1;0;0;0;0;0;1;0;0;0;0;0;0;1;0;0;0;0;1;0;1;1;0;0;0;0;0;0;0;1;0;0;1;0;0;0;0;0;0;0;0;0;0;0;0;0;1;0;0;0;1;0;0;0;0;1;0;0;0;0;0;0;0;0;0;0;1;0;0;0;0;0;0;0;0;0;0;1000;962;38;886;0;2;24.77;0.962;1
2054970;Dragon's Dogma 2;CAPCOM Co., Ltd.;CAPCOM Co., Ltd.;21 Mar, 2024;53.0;0;2000000;768;60.93;65154;41785;0;54;22;14;none;1;0;0;16.0;18;AAA;275;1;0;0;0;0;0;1;0;0;0;0;0;0;0;1;0;0;0;0;0;1;1;1;0;0;1;0;0;0;0;1;0;0;0;0;0;0;0;1;1;0;0;0;0;0;0;0;1;0;0;0;0;0;0;0;0;0;0;0;0;0;0;1;0;0;0;0;0;0;0;0;0;0;0;0;0;0;0;1000;635;365;613;0;2;55.06;0.635;1
266840;Age of Mythology: Extended Edition;SkyBox Labs, Ensemble Studios, Forgotten Empires;Xbox Game Studios;8 May, 2014;29.99;0;2000000;804;93.17;32895;2413;0;70;1;8;none;1;0;0;1.0;1;Novato;151;0;0;0;0;0;0;0;0;1;0;1;0;0;0;1;1;1;0;0;0;0;1;1;1;0;1;0;0;0;0;0;0;0;1;0;0;0;0;0;0;0;1;0;0;0;0;1;1;0;0;0;0;1;0;0;0;0;0;0;0;0;0;0;0;0;0;0;1;0;0;0;0;0;0;0;0;0;0;1000;952;48;901;0;13;171.37;0.952;1
645630;Car Mechanic Simulator 2018;Red Dot Games;PlayWay S.A.;28 Jul, 2017;10.49;0;2000000;202;91.35;47065;4456;0;60;21;17;none;1;1;0;4.0;2;Novato;285;0;0;0;0;0;0;0;1;1;0;0;0;0;0;1;0;0;0;0;0;1;1;1;1;0;1;0;0;0;1;1;1;0;0;0;0;0;0;0;0;0;1;0;0;0;0;1;1;0;0;0;1;1;1;0;0;1;0;0;0;0;0;0;1;0;0;0;0;0;0;0;0;0;0;0;0;0;0;1000;794;206;412;0;4;30.64;0.794;1
1790600;DRAGON BALL: Sparking! ZERO;Spike Chunsoft Co., Ltd.;Bandai Namco Entertainment;10 Oct, 2024;39.99;0;2000000;949;89.32;58221;6959;0;50;11;16;full;1;0;0;8.0;2;Novato;213;1;0;0;0;0;0;0;0;0;0;0;0;0;0;1;1;0;0;0;1;0;1;1;0;0;0;1;0;0;0;1;0;0;0;0;0;0;0;0;0;0;0;0;0;0;0;1;1;0;1;0;0;0;0;0;0;0;0;0;0;1;0;1;0;0;0;0;0;0;0;0;0;0;0;0;0;0;0;1000;811;189;730;0;3;47.64;0.811;1
300;Day of Defeat: Source;Valve;Valve;12 Jul, 2010;5.79;0;2000000;238;91.67;20798;1891;0;54;0;1;none;1;0;1;0.5;27;AAA;57;1;0;0;0;0;0;0;0;0;0;0;0;0;0;0;1;0;0;0;0;0;1;0;0;0;1;0;0;0;1;0;0;0;0;0;0;0;0;0;0;0;1;0;0;0;0;0;1;0;0;0;0;1;0;0;0;0;0;0;0;0;0;0;1;0;0;0;0;0;0;0;0;0;0;0;0;1;0;1000;924;76;791;0;11;220.6;0.924;1
368260;Marvel's Midnight Suns;Firaxis Games;2K;1 Dec, 2022;8.99;0;2000000;436;81.7;17871;4003;0;72;6;11;full;1;0;0;8.0;4;Establecido;220;0;0;0;0;0;0;1;0;0;0;1;0;0;0;1;0;0;0;0;1;0;1;0;0;1;0;0;0;0;0;0;0;0;0;0;0;0;0;1;0;0;1;0;0;0;0;0;0;0;0;0;0;0;0;0;0;0;0;0;0;0;0;1;0;0;0;0;0;0;0;0;0;0;0;0;0;0;0;1000;832;168;760;0;7;63.44;0.832;1
389570;Mitos.is: The Game;Freakinware Studios;Freakinware Studios;29 Jul, 2015;0.0;1;2000000;43;80.8;9560;2271;0;0;0;19;full;1;1;0;0.5;1;Novato;214;0;0;1;0;0;0;0;0;1;0;0;0;0;0;0;1;1;1;0;1;0;0;0;0;1;0;0;0;0;0;0;0;0;0;0;0;1;0;0;0;0;1;0;0;0;0;0;1;0;1;0;0;1;0;0;0;0;0;0;0;0;1;0;0;0;0;0;0;0;1;1;1;0;1;0;0;0;0;703;576;127;703;0;29;109.08;0.819;1
736590;Operation: Harsh Doorstop;Drakeling Labs;;15 Feb, 2023;0.0;1;2000000;119;76.91;14167;4253;0;0;6;1;none;1;0;0;8.0;1;Novato;290;1;0;1;0;1;0;0;0;1;0;1;0;0;1;1;1;1;1;0;0;0;0;0;1;0;0;0;0;0;1;0;0;0;0;0;0;0;0;0;0;0;1;0;0;0;0;0;1;0;0;0;0;1;0;0;0;0;0;0;0;0;0;0;1;0;0;0;0;0;0;1;1;1;1;0;0;1;0;1000;836;164;1000;1000;5;14.73;0.836;1
1637320;Dome Keeper;Bippinbits;Raw Fury;27 Sep, 2022;9.29;0;2000000;402;92.23;14952;1260;0;47;4;29;full;1;1;1;2.0;1;Novato;220;1;1;0;0;1;0;0;0;1;0;0;0;0;0;1;1;1;1;0;1;0;1;1;1;0;1;1;1;0;0;0;0;0;0;0;0;0;0;0;0;0;0;1;0;0;0;0;0;0;0;0;0;0;0;0;0;0;0;0;0;0;1;0;0;0;0;0;1;0;0;0;0;0;0;0;0;0;0;1000;928;72;836;0;2;27.25;0.928;1
409720;BioShock™ 2 Remastered;2K Marin, 2K China, Digital Extremes, 2K Australia, Blind Squirrel, Feral Interactive (Mac);2K, Feral Interactive (Mac);15 Sep, 2016;14.99;0;2000000;198;70.84;18860;7762;0;53;1;7;full;1;1;0;4.0;1;Novato;221;1;0;0;0;0;0;1;0;0;0;0;0;0;0;1;0;0;0;0;1;0;1;1;0;0;1;0;0;0;1;0;0;0;1;0;0;0;1;1;0;0;0;0;0;0;0;0;1;0;0;0;0;0;0;0;0;0;0;0;0;0;0;0;0;0;0;1;1;0;0;0;0;0;0;0;0;1;0;1000;826;174;813;0;4;15.57;0.826;1
975370;Dwarf Fortress;Bay 12 Games;Kitfox Games;6 Dec, 2022;14.49;0;2000000;915;94.94;27134;1445;0;0;2;1;none;1;0;1;4.0;1;Novato;243;0;0;0;0;1;0;0;0;1;0;1;0;0;0;1;0;0;0;0;0;0;0;0;1;0;0;0;0;0;0;1;1;0;0;0;0;1;0;0;0;0;1;0;0;0;0;0;0;0;0;0;1;1;1;1;0;0;0;0;0;0;0;0;0;0;0;0;0;0;1;0;0;0;0;0;0;0;0;1000;921;79;938;0;5;200.7;0.921;1
15620;Warhammer 40,000: Dawn of War II - Anniversary Edition (Classic);Relic Entertainment, Feral Interactive (Mac/Linux);Relic Entertainment, Feral Interactive (Mac/Linux);18 Feb, 2009;19.99;0;2000000;152;88.45;11298;1476;0;73;0;5;none;1;1;1;1.0;3;Establecido;237;0;0;0;0;0;0;0;0;0;0;1;0;0;0;1;1;1;0;0;0;0;0;1;0;0;1;0;0;0;0;0;0;0;0;0;0;0;0;1;0;0;1;0;0;0;0;1;1;0;0;0;0;0;0;0;0;0;0;0;0;0;0;0;0;0;0;0;1;0;0;0;0;0;0;0;0;0;0;1000;784;216;721;0;13;43.04;0.784;1
1371980;No Rest for the Wicked;Moon Studios GmbH;Moon Studios GmbH;18 Apr, 2024;19.99;0;2000000;947;78.29;39563;10970;0;0;1;12;none;1;0;0;16.0;4;Establecido;260;1;1;0;0;0;0;1;0;0;0;0;0;0;1;1;1;1;1;0;0;1;0;1;0;0;0;0;0;0;0;1;0;0;0;0;0;0;0;1;1;0;0;0;0;0;0;0;0;0;0;0;0;0;0;0;0;0;0;0;0;0;0;1;0;0;0;0;1;0;0;0;0;1;0;0;0;0;0;1000;762;238;855;1000;2;41.65;0.762;1
993090;Lossless Scaling;THS;THS;28 Dec, 2018;3.5;0;2000000;5667;89.34;22235;2653;0;0;0;35;none;1;0;0;0.0;1;Novato;58;0;0;0;0;0;0;0;0;0;0;0;0;0;0;0;0;0;0;0;0;0;0;0;0;0;0;0;0;0;0;0;0;0;0;0;0;0;0;0;0;0;0;0;0;0;0;0;0;0;0;0;0;0;0;0;0;0;0;0;0;0;1;1;0;0;0;0;0;0;0;0;0;0;0;0;0;1;0;1000;923;77;966;0;2;95.98;0.923;1
476480;Heaven Forest - VR MMO;Fabio Ferrara;Chubby Pixel;14 Dec, 2016;0.9;0;2000000;1;67.97;331;156;0;24;0;2;none;1;1;1;2.0;3;Establecido;241;0;1;0;0;0;1;0;0;0;0;0;0;0;0;1;1;0;0;0;0;1;1;0;0;0;1;0;0;0;0;1;0;0;0;0;0;0;0;0;0;0;0;0;0;0;0;0;1;0;0;0;0;0;0;0;0;0;0;0;0;0;0;0;0;0;0;0;0;0;0;0;0;0;0;1;0;0;0;55;39;16;30;0;26;4.81;0.709;1
65930;The Bureau: XCOM Declassified;2K Marin;2K;22 Aug, 2013;19.99;0;2000000;15;70.23;8277;3509;0;41;3;8;full;1;1;0;2.0;1;Novato;207;1;0;0;0;0;0;0;0;0;0;0;0;0;0;1;0;0;0;0;1;0;1;1;0;0;1;0;0;0;0;1;0;0;1;0;0;0;0;1;0;1;1;0;0;0;0;0;1;0;0;0;0;0;0;0;0;0;0;0;0;0;0;0;0;0;0;0;1;0;0;0;0;0;0;0;0;0;1;763;537;226;331;0;29;14.46;0.704;1
2215430;Ghost of Tsushima DIRECTOR'S CUT;Sucker Punch Productions, Nixxes Software;PlayStation Publishing LLC;16 May, 2024;49.99;0;2000000;2025;93.81;61086;4029;0;77;1;26;full;1;0;0;8.0;1;Novato;262;1;1;0;0;0;0;0;0;0;0;0;0;0;0;1;1;1;1;0;1;0;1;1;0;0;1;0;0;0;0;1;0;0;1;0;0;0;0;0;1;0;0;0;0;0;0;1;1;0;0;0;0;0;0;0;0;0;0;0;0;0;0;0;0;0;0;0;1;0;0;0;0;0;0;0;0;0;1;998;943;55;588;0;2;78.09;0.945;1
1277400;Monster Hunter Stories 2: Wings of Ruin;CAPCOM Co., Ltd.;CAPCOM Co., Ltd.;8 Jul, 2021;29.0;0;2000000;118;82.48;13186;2801;0;48;22;14;full;1;0;0;4.0;18;AAA;248;0;1;0;0;0;0;1;0;0;0;0;0;0;0;1;1;1;1;0;1;0;1;1;0;0;1;0;0;0;0;0;0;0;1;0;0;0;0;1;0;1;0;0;0;0;0;0;1;0;1;0;0;0;0;0;0;0;0;0;0;0;0;1;0;0;0;0;0;0;0;0;0;0;0;0;0;0;0;999;850;149;728;0;10;56.0;0.851;1
3132990;Black Myth: Wukong Benchmark Tool;Game Science;Game Science;12 Aug, 2024;0.0;1;2000000;59;92.42;4485;368;0;0;0;12;none;1;0;0;16.0;2;Novato;258;0;0;0;0;0;0;0;0;0;0;0;0;0;0;1;0;0;0;0;0;0;0;0;0;0;0;0;0;0;0;0;0;0;1;0;0;0;1;0;0;0;0;0;0;0;0;0;0;0;0;0;0;0;0;0;0;0;0;0;0;0;0;1;0;0;0;0;1;0;0;0;0;0;1;0;0;1;0;1000;915;85;1000;0;21;6.69;0.915;1
606150;Moonlighter;Digital Sun;11 bit studios;29 May, 2018;1.57;0;2000000;127;82.33;16395;3518;0;67;3;13;full;1;1;1;4.0;1;Novato;199;1;1;0;0;1;0;0;0;0;0;0;0;0;0;1;0;0;0;0;1;0;1;1;0;0;1;0;0;0;0;0;0;0;0;0;0;0;0;1;1;0;0;0;0;0;0;0;0;0;0;0;0;1;1;0;0;0;0;0;0;0;1;0;0;0;0;0;0;0;0;0;0;0;0;0;0;0;0;1000;808;192;810;0;7;20.39;0.808;1
602960;Barotrauma;FakeFish, Undertow Games;Daedalic Entertainment;13 Mar, 2023;8.99;0;2000000;2371;93.84;70694;4640;0;76;3;13;none;1;1;1;4.0;1;Novato;274;1;0;0;0;1;0;0;0;1;0;1;0;0;0;1;1;1;1;0;0;0;1;1;1;0;1;0;0;0;0;0;0;0;0;0;0;1;1;0;0;0;1;0;0;0;0;1;1;0;0;0;0;1;1;0;0;0;0;0;0;0;1;0;0;0;0;0;0;0;1;0;0;1;0;0;0;0;0;1000;940;60;678;0;2;102.23;0.94;1
342200;MechWarrior Online™ Legends;Piranha Games Inc.;Piranha Games Inc.;10 Dec, 2015;0.0;1;2000000;392;80.11;9790;2430;0;36;52;1;none;1;0;0;4.0;1;Novato;224;1;0;0;0;0;1;0;0;1;0;1;0;0;0;0;1;0;0;0;0;0;1;0;0;1;0;0;0;0;1;0;0;0;0;0;0;1;0;0;0;0;1;0;0;0;0;0;1;0;1;0;0;1;0;0;0;0;0;0;0;0;0;0;0;0;0;0;0;0;0;0;0;0;1;0;0;1;0;1000;802;198;1000;0;19;549.92;0.802;1
1824220;Chivalry 2;Torn Banner Studios;Tripwire Presents;12 Jun, 2022;39.99;0;2000000;1565;80.22;37673;9288;0;41;2;12;none;1;0;0;8.0;2;Novato;248;1;0;0;0;0;1;0;0;0;0;0;0;0;0;0;1;0;0;0;0;1;1;0;0;1;1;0;0;0;1;0;0;0;0;0;0;0;0;0;0;0;0;0;0;0;0;0;1;0;1;0;0;0;0;0;0;0;0;0;0;0;0;1;0;0;0;0;1;0;0;0;0;0;0;0;0;1;0;1000;759;241;776;0;2;78.56;0.759;1
55150;Warhammer 40,000: Space Marine - Anniversary Edition;Relic Entertainment;Relic Entertainment;5 Sep, 2011;17.99;0;2000000;95;91.78;27915;2501;0;60;0;9;full;1;0;0;0.0;5;Establecido;143;1;0;0;0;0;0;0;0;0;0;0;0;0;0;1;1;0;0;0;1;0;1;0;0;0;0;0;0;0;0;0;0;0;1;0;0;0;0;0;0;0;0;0;0;0;0;1;1;0;0;0;0;0;0;0;0;0;0;0;0;0;0;0;0;0;0;0;1;0;0;0;0;0;0;0;0;0;0;1000;899;101;714;0;5;16.42;0.899;1
8980;Borderlands Game of the Year;Gearbox Software;2K;31 Aug, 2023;29.99;0;2000000;142;89.0;28944;3579;0;80;0;5;none;1;0;0;0.0;5;Establecido;332;1;0;0;0;0;0;1;0;0;0;0;0;0;0;1;1;1;0;0;0;1;1;1;0;0;0;0;0;0;1;1;0;0;0;0;0;0;0;1;1;0;0;0;0;0;0;1;1;0;0;0;0;0;0;0;0;0;0;0;0;0;0;0;0;0;0;0;0;0;0;0;0;0;0;0;0;1;0;1000;567;433;718;0;12;52.77;0.567;1
900883;The Elder Scrolls IV: Oblivion® Game of the Year Edition Deluxe (2009);Bethesda Game Studios®;Bethesda Softworks;16 Jun, 2009;11.99;0;2000000;0;95.35;48307;2354;0;0;0;1;none;1;0;0;0.0;1;Novato;323;0;0;0;0;0;0;0;0;0;0;0;0;0;0;1;0;0;0;0;0;0;0;1;0;0;0;0;0;0;1;1;0;0;1;0;0;0;0;1;1;0;0;0;0;0;0;0;0;0;0;0;1;0;0;0;0;0;0;0;0;0;0;0;0;0;0;0;1;0;0;0;0;0;0;0;0;0;0;1000;909;91;837;0;6;67.41;0.909;1
312530;Duck Game;Landon Podbielski;CORPTRON GAMES CORP.;4 Jun, 2015;7.29;0;2000000;112;96.61;37172;1304;0;18;0;1;full;1;0;0;1.0;1;Novato;234;1;0;0;0;1;0;0;0;0;0;0;0;0;0;1;1;0;0;0;1;0;1;1;1;0;1;1;0;0;0;0;0;0;0;0;0;0;0;0;0;0;0;0;1;0;0;1;1;1;0;0;0;0;0;0;0;0;0;0;0;0;1;0;0;0;0;0;0;0;0;1;1;0;0;0;0;0;0;1000;939;61;641;0;13;56.21;0.939;1
1139900;Ghostrunner;One More Level, 3D Realms, Slipgate Ironworks™, All in! Games;505 Games;27 Oct, 2020;9.49;0;2000000;174;91.39;57713;5436;0;45;7;14;none;1;0;0;8.0;1;Novato;258;1;0;0;0;0;0;0;0;0;0;0;0;0;0;1;0;0;0;0;0;1;1;1;0;0;1;0;0;0;1;0;0;0;0;0;0;0;0;0;0;0;1;0;0;0;0;0;0;0;0;0;0;0;0;0;0;0;0;0;0;0;0;0;0;0;0;0;0;0;1;0;0;0;0;0;0;0;0;999;860;139;706;0;4;12.1;0.861;1
1343400;RuneScape ®;Jagex Ltd;Jagex Ltd;Oct 14, 2020;0.0;1;2000000;2496;82.65;20941;4397;0;20;3;4;none;1;1;0;0.0;2;Novato;230;0;0;0;0;0;1;1;0;0;0;0;0;0;0;0;1;0;0;0;0;0;1;0;0;1;0;0;0;0;0;1;0;0;1;0;0;0;0;1;0;0;0;0;0;0;0;0;1;0;1;0;0;0;0;0;0;0;0;1;0;0;0;0;0;0;0;0;0;0;0;1;0;0;1;0;0;0;0;1000;704;296;1000;0;7;452.91;0.704;1
738060;Freddy Fazbear's Pizzeria Simulator;Scott Cawthon;Scott Cawthon;4 Dec, 2017;0.0;1;2000000;118;93.93;28374;1835;0;0;0;1;none;1;0;0;2.0;3;Establecido;80;0;0;0;0;1;0;0;0;1;0;0;0;0;0;1;0;0;0;0;0;0;0;0;0;0;0;0;0;0;1;0;0;0;1;0;0;0;1;0;0;0;1;0;0;0;0;0;0;0;0;0;0;1;1;0;0;0;0;0;0;0;0;0;0;0;0;0;1;0;1;0;1;0;1;0;0;0;0;1000;914;86;1000;0;5;6.91;0.914;1
893520;Creative Destruction;NetEase Games;NetEase Games;2 Aug, 2018;0.0;0;2000000;0;78.72;14571;3940;0;0;0;10;none;1;0;0;2.0;1;Novato;197;1;1;1;0;0;1;0;0;0;0;0;0;0;0;0;1;0;0;0;0;0;0;0;0;1;0;0;0;0;1;1;0;0;0;0;0;1;0;0;0;0;0;0;0;0;0;1;1;0;1;1;0;0;0;0;0;0;0;0;0;0;0;0;0;0;0;0;0;0;0;1;0;0;1;0;0;1;0;482;397;85;482;0;29;48.49;0.824;1
234650;Shadowrun Returns;Harebrained Schemes;Paradox Interactive;25 Jul, 2013;8.99;0;2000000;31;88.42;11833;1549;0;0;0;6;none;1;1;1;2.0;2;Novato;272;0;1;0;0;1;0;1;0;0;0;1;0;0;0;1;0;0;0;0;0;0;0;1;1;0;1;0;0;0;0;0;0;0;1;0;0;0;0;1;0;1;1;0;0;0;0;0;0;0;0;0;0;0;0;0;0;0;0;0;0;0;0;0;0;0;0;0;1;0;0;0;1;0;0;0;0;0;0;772;648;124;513;0;29;22.12;0.839;1
744900;Dead Frontier 2;Creaky Corpse Ltd;Creaky Corpse Ltd;15 Jul, 2019;0.0;1;2000000;647;70.31;18844;7957;0;105;0;12;none;1;0;0;8.0;1;Novato;289;1;0;0;0;1;1;1;0;0;0;0;0;0;0;1;1;1;1;0;0;0;0;0;0;1;1;0;0;0;0;0;0;0;0;0;0;1;1;1;0;0;0;0;0;0;0;0;1;0;0;0;1;0;0;0;0;0;0;0;0;0;0;0;0;0;0;0;1;0;0;0;0;0;1;0;0;0;0;1000;659;341;1000;0;9;212.29;0.659;1
314160;Microsoft Flight Simulator X: Steam Edition;Microsoft Game Studios;Xbox Game Studios;18 Dec, 2014;24.99;0;2000000;486;86.4;22120;3483;0;0;234;1;none;1;0;0;2.0;1;Novato;268;0;0;0;0;0;0;0;0;1;0;0;0;0;0;1;1;0;0;0;0;1;0;0;0;0;0;0;0;0;1;1;0;0;0;0;0;0;0;0;0;0;1;0;0;0;0;1;1;0;0;0;1;1;0;0;0;0;0;0;0;0;0;0;1;0;0;0;1;0;1;0;0;0;0;1;0;0;0;1000;886;114;922;0;13;391.67;0.886;1
1364780;Street Fighter™ 6;CAPCOM Co., Ltd.;CAPCOM Co., Ltd.;1 Jun, 2023;29.99;0;2000000;14920;85.15;48252;8414;0;43;9;14;none;1;0;0;8.0;18;AAA;262;1;1;0;0;0;0;0;0;0;0;0;0;0;0;1;1;0;0;0;0;1;1;1;0;1;1;0;0;0;0;1;0;0;0;0;0;0;0;0;1;0;0;0;0;0;0;0;1;0;1;0;1;0;0;0;0;0;0;0;0;1;0;1;0;0;0;0;0;0;0;0;0;0;0;0;0;0;0;1000;751;249;639;0;2;158.93;0.751;1
9010;Return to Castle Wolfenstein;Gray Matter Studios;Bethesda Softworks;3 Aug, 2007;2.99;0;2000000;26;93.05;7832;585;0;0;0;1;none;1;0;0;0.12;1;Novato;266;1;0;0;0;0;0;0;0;0;0;0;0;0;0;1;1;0;0;0;0;0;0;1;0;0;0;0;0;0;1;0;0;0;0;0;0;0;1;0;0;0;0;0;0;0;0;0;1;0;0;0;0;0;0;0;0;0;0;0;0;0;0;0;0;0;0;0;1;0;0;0;0;0;0;0;0;1;1;1000;912;88;853;0;17;22.36;0.912;1
554620;Life is Strange: Before the Storm;Deck Nine, Feral Interactive (Mac), Feral Interactive (Linux);Square Enix, Feral Interactive (Mac), Feral Interactive (Linux);31 Aug, 2017;13.49;0;2000000;35;93.28;34787;2506;0;34;5;7;full;1;1;1;3.0;1;Novato;285;1;1;0;0;0;0;0;0;0;0;0;0;0;0;1;0;0;0;0;1;0;1;1;0;0;1;0;0;0;0;0;0;0;1;0;0;0;0;0;0;0;0;0;0;0;0;0;0;0;0;0;0;0;0;0;0;0;0;1;0;0;0;0;0;0;0;0;1;0;0;0;1;0;0;0;0;0;0;999;932;67;861;0;15;18.14;0.933;1
368500;Assassin's Creed® Syndicate;Ubisoft Quebec, in collaboration with Ubisoft Annecy, Bucharest, Kiev, Montreal, Montpellier, Shanghai, Singapore, Sofia, Toronto studios;Ubisoft;18 Nov, 2015;23.99;0;2000000;173;80.12;23779;5900;0;56;9;15;none;1;0;0;6.0;1;Novato;208;1;1;0;0;0;0;0;0;0;0;0;0;0;0;1;0;0;0;0;0;1;1;0;0;1;0;0;0;0;0;1;0;0;1;0;0;0;0;1;0;0;1;0;0;0;0;1;1;0;0;0;0;0;0;0;0;0;0;0;0;0;0;0;0;0;0;0;1;0;0;0;0;0;0;0;0;0;1;1000;784;216;953;0;5;33.59;0.784;1
17470;Dead Space (2008);EA Redwood Shores;Electronic Arts;9 Jan, 2009;19.99;0;2000000;43;91.79;25388;2272;0;0;0;5;full;1;0;0;1.0;1;Novato;183;1;1;0;0;0;0;0;0;0;0;0;0;0;0;1;0;0;0;0;1;0;0;0;0;0;1;0;0;0;0;0;0;0;1;0;0;1;1;0;0;0;0;0;0;0;0;0;0;0;0;0;0;0;0;0;0;0;0;0;0;0;0;0;0;0;0;1;1;0;0;0;0;0;0;0;0;0;0;1000;931;69;873;0;8;15.53;0.931;1
204300;Awesomenauts;Ronimo Games;Atari;1 Aug, 2012;10.49;0;2000000;83;84.61;22618;4113;0;46;79;9;full;1;0;0;2.0;1;Novato;249;1;0;0;0;1;0;0;0;0;0;1;0;0;0;1;1;1;1;0;1;0;1;1;1;0;1;1;1;0;0;0;0;0;0;0;0;0;0;0;0;0;1;0;1;0;0;1;1;1;0;0;0;0;0;0;0;0;0;0;0;0;1;0;0;0;1;0;0;0;0;0;1;0;1;0;1;0;0;935;693;242;272;0;29;316.95;0.741;1
750920;Shadow of the Tomb Raider: Definitive Edition;Eidos-Montréal, Crystal Dynamics, Nixxes, Feral Interactive (Mac), Feral interactive (Linux);Crystal Dynamics, Feral Interactive (Mac), Feral interactive (Linux);14 Sep, 2018;19.99;0;2000000;582;83.94;66684;12759;0;99;0;12;full;1;1;1;8.0;1;Novato;116;1;1;0;0;0;0;0;0;0;0;0;0;0;0;1;0;0;0;0;1;0;1;1;0;0;1;0;0;0;0;1;0;0;1;0;0;1;0;0;0;0;0;0;0;0;0;0;1;0;0;0;0;0;0;0;0;0;1;0;0;0;0;0;0;0;0;1;1;0;0;0;0;0;0;0;0;0;1;999;819;180;825;0;2;27.82;0.82;1
436520;Line of Sight;BlackSpot Entertainment;BlackSpot Entertainment;31 Jan, 2017;0.0;1;2000000;9;59.66;5402;3653;0;408;2;1;none;1;0;0;2.0;1;Novato;291;1;0;0;0;1;1;0;0;0;0;0;0;0;0;1;1;1;1;0;0;0;1;0;0;1;1;0;0;0;1;1;0;0;0;0;0;1;0;0;0;0;1;0;0;0;0;1;1;0;0;0;0;0;0;0;0;0;0;0;0;0;0;0;0;0;0;0;0;0;0;0;1;0;1;0;0;1;0;222;144;78;222;0;29;59.03;0.649;1
1659040;HITMAN World of Assassination;IO Interactive A/S;IO Interactive A/S;20 Jan, 2022;14.99;0;2000000;2637;86.17;39449;6333;0;83;9;9;full;1;1;0;8.0;2;Novato;289;1;1;0;0;0;0;0;0;0;0;0;0;0;0;1;0;0;0;0;1;0;1;1;0;0;0;0;0;0;0;1;0;0;0;0;0;0;0;0;0;0;0;0;0;0;0;0;1;0;0;0;1;0;0;0;0;0;1;0;0;0;0;0;1;0;0;0;0;0;0;0;0;0;0;1;0;0;1;1000;915;85;830;0;1;50.57;0.915;1
788100;Neon Abyss;Veewo Games;Team17, Veewo Games;14 Jul, 2020;10.49;0;2000000;161;86.24;19957;3183;0;35;4;9;full;1;0;0;4.0;1;Novato;246;1;1;0;0;1;0;1;0;0;0;0;0;0;0;1;0;0;0;0;1;0;1;1;0;0;1;0;0;0;0;0;0;0;0;0;0;0;0;1;0;0;0;0;1;0;0;0;0;0;0;0;0;0;0;0;0;0;0;0;0;0;1;0;0;0;0;0;0;0;0;0;0;0;0;0;0;0;0;1000;703;297;812;0;18;32.33;0.703;1
858820;Tribes of Midgard;Norsfell;Gearbox Publishing;27 Jul, 2021;9.99;0;2000000;113;76.52;17197;5278;0;26;3;19;full;1;0;0;8.0;1;Novato;249;1;1;0;0;1;0;1;0;0;0;0;0;0;0;1;1;1;1;0;1;0;1;0;0;1;0;0;0;0;0;0;0;0;0;0;0;1;0;0;1;0;0;0;0;0;0;1;1;0;0;0;0;0;0;0;0;0;0;0;0;0;0;0;0;0;0;0;0;0;0;0;1;0;0;0;0;0;0;1000;726;274;729;0;14;29.37;0.726;1
680420;OUTRIDERS;People Can Fly;Square Enix;1 Apr, 2021;19.99;0;2000000;178;66.59;40267;20201;0;52;2;13;full;1;0;0;8.0;1;Novato;129;1;1;0;0;0;0;1;0;0;0;0;0;0;0;1;1;1;1;0;1;0;1;0;0;0;1;0;0;0;0;1;0;0;1;0;0;0;0;1;0;0;0;0;0;0;0;1;1;0;0;0;0;0;0;0;0;0;0;0;0;0;0;0;0;0;0;0;0;0;0;0;0;0;0;0;0;0;0;1000;802;198;764;0;13;62.52;0.802;1
678960;CODE VEIN;Bandai Namco Studios;Bandai Namco Entertainment;26 Sep, 2019;9.59;0;2000000;443;84.31;48327;8991;0;43;4;11;none;1;0;0;6.0;1;Novato;157;1;0;0;0;0;0;1;0;0;0;0;0;0;0;1;1;1;1;0;0;1;1;1;0;0;1;0;0;0;0;0;0;0;0;0;0;0;0;1;1;0;0;0;0;0;0;1;1;0;0;0;0;0;0;0;0;0;0;0;0;1;0;0;0;0;0;0;0;0;1;0;0;0;0;0;0;0;0;1000;669;331;660;0;4;43.63;0.669;1
1611910;Warhammer 40,000: Chaos Gate - Daemonhunters;Complex Games;Frontier Foundry;5 May, 2022;20.99;0;2000000;373;77.53;10162;2945;0;68;4;12;full;1;0;0;8.0;1;Novato;256;0;0;0;0;0;0;1;0;0;0;1;0;0;0;1;0;0;0;0;1;0;1;1;0;0;1;0;0;0;0;0;0;0;1;0;0;0;0;1;0;0;1;0;0;0;0;0;0;0;0;0;0;0;0;0;0;0;0;0;0;0;0;1;0;0;0;0;0;0;0;0;0;0;0;0;0;0;0;1000;693;307;784;0;11;66.44;0.693;1
206440;To the Moon;Freebird Games;Freebird Games, Serenity Forge;7 Sep, 2012;5.79;0;2000000;86;96.24;77246;3015;0;1;5;13;full;1;1;1;0.5;1;Novato;134;0;1;0;0;1;0;1;0;0;0;0;0;0;0;1;0;0;0;0;1;0;1;1;0;0;1;0;0;0;0;0;0;0;1;0;0;0;0;1;0;0;0;0;0;0;0;0;0;0;0;0;0;0;0;0;0;0;0;0;0;0;1;0;0;0;0;0;0;0;0;1;1;0;0;0;0;0;0;1000;940;60;925;0;3;5.52;0.94;1
613010;Secret in Story;Naivus Luo;Naivus Luo;19 Jun, 2017;0.99;0;2000000;0;69.3;79;35;0;32;0;4;none;1;1;0;2.0;1;Novato;283;0;1;0;0;1;0;0;0;0;0;0;0;0;0;1;0;0;0;0;0;0;1;0;0;0;1;0;0;0;0;0;0;0;0;0;0;0;0;0;0;0;0;0;0;0;0;0;0;0;0;0;0;0;0;0;0;0;0;0;1;0;0;0;0;0;0;0;0;0;0;0;1;0;0;0;0;0;0;6;6;0;5;0;6;4.45;1.0;1
424280;Iron Snout;SnoutUp;SnoutUp;27 Jan, 2016;0.0;1;2000000;13;97.75;16955;391;0;37;1;1;none;1;1;1;0.5;1;Novato;138;1;0;0;0;1;0;0;0;0;0;0;0;0;0;1;0;0;0;0;0;1;1;0;0;0;0;0;0;0;0;0;0;0;0;0;0;1;0;0;0;0;0;0;0;0;0;1;0;0;0;0;0;0;0;0;0;0;0;0;0;0;1;0;0;0;1;0;0;0;1;1;1;0;1;0;0;0;0;833;797;36;833;0;29;24.77;0.957;1
1030830;Mafia II: Definitive Edition;Hangar 13, D3T;2K;19 May, 2020;29.99;0;2000000;538;72.54;21955;8309;0;67;0;12;full;1;0;0;6.0;1;Novato;194;1;1;0;0;0;0;0;0;0;0;0;0;0;0;1;0;0;0;0;1;0;1;0;0;0;1;0;0;0;0;1;0;0;1;0;0;0;0;0;0;0;0;0;0;0;0;0;0;0;0;0;0;0;0;0;0;0;0;0;0;0;0;0;0;0;0;0;1;0;0;0;0;0;0;0;0;0;0;1000;790;210;790;0;3;16.99;0.79;1
365450;Hacknet;Team Fractal Alligator;Fellow Traveller;12 Aug, 2015;5.79;0;2000000;31;93.61;23511;1604;0;11;3;9;none;1;1;1;0.5;1;Novato;213;0;0;0;0;1;0;0;0;1;0;0;0;0;0;1;0;0;0;0;0;0;1;1;1;0;1;0;0;0;0;0;0;0;1;0;0;0;0;0;0;0;0;0;0;0;0;0;0;0;0;0;0;1;0;0;0;0;0;0;0;0;1;0;0;0;0;0;1;0;1;0;1;0;0;0;0;0;0;1000;911;89;790;0;12;14.88;0.911;1
302510;Ryse: Son of Rome;Crytek;Crytek ;10 Oct, 2014;5.79;0;2000000;83;86.75;35415;5411;0;73;0;6;full;1;0;0;4.0;4;Establecido;211;1;0;0;0;0;0;0;0;0;0;0;0;0;0;1;1;1;0;0;1;0;1;1;0;0;1;0;0;0;0;1;0;0;0;0;0;0;0;1;0;0;0;0;0;0;0;1;1;0;0;0;0;0;0;0;0;0;0;0;0;0;0;0;0;0;0;0;1;0;0;0;0;0;0;0;0;0;0;1000;882;118;898;0;4;8.06;0.882;1
22330;The Elder Scrolls IV: Oblivion® Game of the Year Edition (2009);Bethesda Game Studios;Bethesda Softworks;16 Jun, 2009;8.99;0;2000000;1156;95.35;48307;2354;0;0;1;5;none;1;0;0;0.0;9;Establecido;317;0;0;0;0;0;0;1;0;0;0;0;0;0;0;1;0;0;0;0;0;0;0;1;0;0;0;0;0;0;1;1;0;0;1;0;0;0;0;1;1;0;0;0;0;0;0;0;0;0;0;0;1;0;0;0;0;0;0;0;0;0;0;0;0;0;0;0;1;0;0;0;0;0;0;0;0;0;0;1000;909;91;837;0;6;67.41;0.909;1
1687950;Persona 5 Royal;ATLUS;SEGA;20 Oct, 2022;47.99;0;2000000;4994;96.62;99657;3487;0;53;0;9;full;1;0;0;8.0;2;Novato;149;0;0;0;0;0;0;1;0;0;0;0;0;0;0;1;0;0;0;0;1;0;1;1;0;0;1;0;0;0;0;0;0;0;1;0;0;0;0;1;0;0;0;0;0;0;0;0;0;0;0;0;0;0;0;0;0;0;0;0;1;1;0;0;0;0;0;0;0;0;0;0;0;0;0;0;0;0;0;1000;948;52;712;0;1;83.92;0.948;1
113020;Monaco: What's Yours Is Mine;Pocketwatch Games;Balor Games;24 Apr, 2013;6.99;0;2000000;6;90.62;7728;800;0;13;1;3;full;1;1;1;0.0;1;Novato;150;1;1;1;0;1;0;0;0;0;0;1;0;0;0;1;1;1;1;0;1;0;1;1;1;0;1;1;1;0;0;0;0;0;0;0;0;0;0;0;0;0;1;0;0;0;0;1;1;1;0;0;0;0;0;0;0;0;0;0;0;0;1;0;0;0;0;0;0;0;0;1;1;0;0;0;0;0;1;242;197;45;107;0;29;18.19;0.814;1
238370;Magicka 2;Pieces Interactive;Paradox Interactive;26 May, 2015;8.99;0;2000000;26;82.6;11061;2330;0;47;3;8;full;1;1;1;2.0;1;Novato;299;1;1;0;0;0;0;0;0;0;0;0;0;0;0;1;1;1;0;0;1;0;1;0;0;0;1;1;0;0;0;1;0;0;0;0;0;0;0;1;0;0;0;0;0;0;0;1;1;1;1;0;0;0;0;0;0;0;0;0;0;0;0;0;0;0;0;0;1;0;0;0;0;0;0;0;0;0;0;1000;802;198;718;0;18;12.66;0.802;1
3070070;TCG Card Shop Simulator;OPNeon Games;OPNeon Games;15 Sep, 2024;7.29;0;2000000;1661;97.2;38392;1107;0;45;0;10;full;1;0;0;8.0;1;Novato;199;0;0;0;0;0;0;0;0;1;0;0;0;0;1;1;0;0;0;0;1;0;1;1;0;0;1;0;0;0;1;0;0;0;0;0;0;0;0;0;0;0;0;0;0;0;0;1;0;0;0;0;0;1;1;0;0;0;0;0;0;0;0;1;0;0;0;0;0;1;0;1;0;1;0;0;0;0;0;1000;949;51;940;1000;3;40.89;0.949;1
977950;A Dance of Fire and Ice;7th Beat Games;7th Beat Games, indienova;24 Jan, 2019;3.59;0;2000000;1870;93.99;69052;4419;0;47;3;15;none;1;1;1;2.0;1;Novato;163;0;0;0;0;1;0;0;0;0;0;0;0;0;0;1;0;0;0;0;0;1;1;1;1;0;0;0;0;0;0;0;0;0;0;0;0;0;0;0;0;0;0;0;0;0;0;1;1;0;0;0;0;0;0;0;0;0;0;0;0;1;1;0;0;0;0;0;1;0;1;1;1;0;0;0;0;0;0;1000;913;87;950;0;2;70.28;0.913;1
6860;Hitman: Blood Money;Io-Interactive A/S;Io-Interactive A/S;15 Mar, 2007;5.79;0;2000000;66;94.15;13213;821;0;0;0;1;none;1;0;0;0.5;3;Establecido;291;1;0;0;0;0;0;0;0;0;0;0;0;0;0;1;0;0;0;0;0;0;0;1;0;0;0;0;0;0;1;0;0;0;0;0;0;0;0;0;0;0;1;0;0;0;0;0;0;0;0;0;1;1;0;0;0;0;1;0;0;0;0;0;0;0;0;1;1;0;1;0;0;0;0;0;0;0;1;1000;924;76;904;0;7;15.77;0.924;1
1057240;Crucible Beta;Relentless Studios;Amazon Games;20 May, 2020;0.0;0;2000000;0;43.04;4624;6120;0;0;0;8;none;1;0;0;8.0;1;Novato;120;1;0;0;0;0;0;0;0;0;0;0;0;0;0;0;1;0;0;0;0;1;0;0;0;1;0;0;0;0;0;0;0;0;0;0;0;0;0;0;0;0;0;0;0;0;0;0;1;0;1;1;0;0;0;0;0;0;0;0;0;0;0;0;0;0;0;0;0;0;0;1;0;1;1;0;1;1;0;50;30;20;50;0;24;16.95;0.6;1
511470;Glass Masquerade;Onyx Lute;Onyx Lute;18 Nov, 2016;2.99;0;2000000;11;96.94;6405;202;0;32;6;12;none;1;1;0;1.0;1;Novato;275;0;0;1;0;1;0;0;0;0;0;0;0;0;0;1;0;0;0;0;0;0;1;1;0;0;1;0;0;0;0;0;0;0;0;0;0;0;0;0;0;0;0;0;0;0;0;0;0;0;0;0;0;0;0;0;0;0;1;0;0;0;1;0;0;0;0;0;1;1;0;1;1;0;0;0;0;0;0;927;883;44;800;0;29;8.06;0.953;1
268050;The Evil Within;Tango Gameworks;Bethesda Softworks;13 Oct, 2014;11.99;0;2000000;211;85.2;25820;4485;0;71;4;7;full;1;0;0;4.0;3;Establecido;340;1;0;0;0;0;0;0;0;0;0;0;0;0;0;1;0;0;0;0;1;0;1;1;0;0;1;0;0;0;0;1;0;0;1;0;0;1;1;0;0;0;0;0;0;0;0;0;1;0;0;0;0;0;0;0;0;0;0;0;0;0;0;0;0;0;0;1;1;0;1;0;0;0;0;0;0;0;1;1000;833;167;643;0;4;24.22;0.833;1
389430;Knight Online;Noah System, Mgame;NTTGame;25 Jan, 2016;0.0;1;2000000;1421;50.36;5482;5404;0;0;0;2;none;1;0;0;0.5;1;Novato;191;1;1;0;0;0;1;1;0;0;0;0;0;0;0;1;1;0;0;0;0;0;0;0;0;1;1;0;0;0;0;1;0;0;0;0;0;1;1;1;1;0;1;0;0;0;0;0;1;0;1;0;0;0;0;0;0;0;0;0;0;1;0;0;0;0;0;0;0;0;0;1;0;0;1;0;1;0;0;964;531;433;964;0;29;1302.82;0.551;1
289130;ENDLESS™ Legend;AMPLITUDE Studios;AMPLITUDE Studios;18 Sep, 2014;24.99;0;2000000;173;83.67;15589;3042;0;139;13;9;none;1;1;0;4.0;3;Establecido;232;0;0;0;0;0;0;1;0;0;0;1;0;0;0;1;1;0;0;0;0;1;1;1;1;0;1;0;0;0;0;1;0;0;0;0;0;0;0;1;0;1;1;0;0;0;0;0;1;0;0;0;1;0;0;0;0;0;0;0;0;0;0;0;0;0;0;0;1;0;0;0;1;0;0;0;0;0;0;999;771;228;544;0;21;102.59;0.772;1
488790;South Park™: The Fractured But Whole™;Ubisoft San Francisco;Ubisoft;16 Oct, 2017;23.99;0;2000000;250;84.56;24764;4520;0;35;6;9;none;1;0;0;6.0;1;Novato;168;0;0;0;0;0;0;1;0;0;0;0;0;0;0;1;0;0;0;0;0;1;1;0;0;0;1;0;0;0;0;1;0;0;1;0;0;0;0;1;0;1;0;0;0;0;0;0;0;0;0;0;0;0;0;0;0;0;0;0;0;0;1;0;0;0;1;0;1;0;0;0;0;0;0;0;0;0;0;1000;884;116;953;0;5;27.51;0.884;1
493520;GTFO;10 Chambers;10 Chambers;9 Dec, 2021;14.99;0;2000000;307;84.31;52357;9740;0;57;0;12;none;1;0;0;8.0;1;Novato;244;1;0;0;0;0;0;0;0;0;0;0;0;0;0;0;1;1;1;0;0;1;1;0;0;0;1;0;0;0;1;0;0;0;0;0;0;0;1;0;0;0;0;0;0;0;0;1;1;0;0;0;0;0;0;0;0;0;0;0;0;0;0;0;0;0;0;0;1;0;1;0;0;0;0;0;0;1;1;1000;763;237;759;0;4;57.16;0.763;1
546560;Half-Life: Alyx;Valve;Valve;23 Mar, 2020;200.0;0;2000000;202;98.28;95555;1674;0;42;1;28;none;1;0;0;12.0;27;AAA;271;1;1;0;0;0;0;0;0;0;0;0;0;0;0;1;0;0;0;0;0;0;1;0;1;0;0;0;0;0;1;0;0;0;1;0;0;0;1;0;0;0;0;0;0;0;0;0;0;0;0;0;0;0;0;0;0;0;0;0;0;0;0;0;0;0;0;0;1;0;0;0;0;0;0;1;0;1;0;1000;973;27;941;0;2;14.03;0.973;1
439190;Stories: The Path of Destinies;Spearhead Games;Spearhead Games;12 Apr, 2016;7.99;0;2000000;3;88.24;5754;767;0;37;2;7;full;1;0;0;4.0;1;Novato;180;1;1;0;0;1;0;1;0;0;0;0;0;0;0;1;0;0;0;0;1;0;1;1;0;0;1;0;0;0;0;0;0;0;1;0;0;0;0;1;1;0;0;0;0;0;0;0;0;0;0;0;0;0;0;0;0;0;0;0;0;0;0;0;0;0;0;0;0;0;0;0;1;0;0;0;0;0;0;309;271;38;96;0;29;12.99;0.877;1
67370;The Darkness II;Digital Extremes;2K;9 Feb, 2012;29.99;0;2000000;19;91.65;18121;1651;0;50;0;7;none;1;1;0;1.5;2;Novato;135;1;0;0;0;0;0;0;0;0;0;0;0;0;0;1;1;1;0;0;0;1;1;0;0;0;0;0;0;0;1;0;0;0;1;0;0;0;1;0;0;0;0;0;0;0;0;1;1;0;0;0;0;0;0;0;0;0;0;0;0;0;0;0;0;0;0;1;1;0;0;0;0;0;0;0;0;1;0;999;915;84;717;0;10;9.66;0.916;1
845070;The Awesome Adventures of Captain Spirit;DONTNOD Entertainment;Square Enix;25 Jun, 2018;0.0;1;2000000;16;92.73;13218;1036;0;0;0;9;full;1;0;0;4.0;1;Novato;293;0;1;0;0;0;0;0;0;0;0;0;0;0;0;1;0;0;0;0;1;0;0;1;0;0;0;0;0;0;0;0;0;0;1;0;0;0;0;0;0;0;0;0;0;0;0;0;0;0;0;0;0;0;0;0;0;0;0;1;0;0;0;0;0;0;0;0;1;0;0;1;1;0;1;0;0;0;0;1000;932;68;1000;0;15;3.4;0.932;1
453480;Shadowverse CCG;Cygames, Inc.;Cygames, Inc., Cygames Korea Inc.;27 Oct, 2016;0.0;1;2000000;1122;73.66;10839;3875;0;0;0;9;none;1;1;0;8.0;2;Novato;117;0;0;0;0;0;0;0;0;0;0;1;0;0;0;1;1;0;0;0;0;0;0;0;0;1;0;0;0;0;0;0;0;0;0;0;0;0;0;1;0;1;1;0;0;0;0;0;1;0;1;0;0;0;0;0;0;0;0;0;0;1;0;0;0;0;0;0;0;0;0;1;0;0;1;0;0;0;0;1000;653;347;1000;0;27;521.57;0.653;1
633230;NARUTO TO BORUTO: SHINOBI STRIKER;Soleil Ltd.;Bandai Namco Entertainment;29 Jun, 2023;15.99;0;2000000;255;84.13;47138;8892;0;48;85;12;none;1;0;0;4.0;1;Novato;221;1;0;0;0;0;0;0;0;0;0;0;0;0;0;1;1;1;1;0;0;1;1;0;0;0;0;0;0;0;0;1;0;0;0;0;0;0;0;1;0;0;1;0;0;0;0;1;1;0;1;0;0;0;0;0;0;0;0;0;0;1;0;0;0;0;0;0;0;0;0;0;0;0;0;0;1;0;0;1000;750;250;767;0;8;65.44;0.75;1
32370;STAR WARS™ Knights of the Old Republic™;BioWare, Aspyr (Mac);LucasArts, Aspyr (Mac), Disney, Lucasfilm;5 Sep, 2009;5.79;0;2000000;424;91.15;28928;2810;0;0;0;5;none;1;1;0;0.0;1;Novato;300;0;1;0;0;0;0;1;0;0;0;0;0;0;0;1;0;0;0;0;0;0;0;1;0;0;0;0;0;0;0;1;0;0;1;0;0;0;0;1;0;1;0;0;0;0;0;0;0;0;0;0;0;0;0;0;0;0;0;0;0;0;0;0;0;0;0;0;1;0;0;0;0;0;0;0;0;0;0;1000;876;124;792;0;6;38.73;0.876;1
476600;Call of Duty®: WWII;Sledgehammer Games, Raven Software;Activision;2 Nov, 2017;19.79;0;2000000;298;69.36;30055;13278;0;35;1;12;full;1;0;0;8.0;1;Novato;76;1;0;0;0;0;0;0;0;0;0;0;0;0;0;1;1;1;1;0;1;0;1;1;0;1;1;0;1;0;1;1;0;0;1;0;0;0;1;0;0;0;0;0;0;0;0;1;1;0;0;0;0;0;0;0;0;0;0;0;0;0;0;0;0;0;0;0;0;0;0;0;0;0;0;0;0;1;0;1000;808;192;886;0;4;16.77;0.808;1
1404210;Red Dead Online;Rockstar Games;Rockstar Games;1 Dec, 2020;9.99;0;2000000;2207;83.15;55526;11255;0;0;0;13;none;1;0;0;8.0;5;Establecido;297;1;1;0;0;0;0;0;0;0;0;0;0;0;0;0;1;1;1;0;0;1;1;0;0;1;0;0;0;0;1;1;0;0;1;0;0;0;0;0;0;0;0;0;0;0;0;1;1;0;1;0;0;0;0;0;0;0;0;0;0;0;0;0;1;0;0;0;0;0;0;0;0;0;0;0;0;0;0;1000;797;203;856;0;5;101.5;0.797;1
1557740;ROUNDS;Landfall;Landfall;1 Apr, 2021;2.99;0;2000000;555;95.19;34893;1765;0;24;0;9;none;1;1;0;8.0;3;Establecido;178;1;0;0;0;1;0;0;0;0;0;0;0;0;0;0;1;0;0;0;0;1;0;0;0;0;0;1;0;0;0;0;0;0;0;0;0;0;0;0;0;0;0;0;1;0;0;0;1;0;1;0;0;0;0;0;0;0;0;0;0;0;1;0;0;0;0;0;0;0;0;0;1;0;0;0;0;0;0;999;940;59;773;0;3;18.79;0.941;1
683320;GRIS;Nomada Studio;Devolver Digital;13 Dec, 2018;7.99;0;2000000;67;96.35;80404;3044;0;17;1;10;full;1;1;0;4.0;1;Novato;218;0;1;0;0;1;0;0;0;0;0;0;0;0;0;1;0;0;0;0;1;0;1;1;0;0;1;0;0;0;0;0;0;0;1;0;0;0;0;0;0;0;0;0;1;0;0;0;0;0;0;0;0;0;0;0;0;0;1;0;0;1;1;0;0;0;0;0;1;1;0;1;1;0;0;0;0;0;0;1000;939;61;848;0;2;9.48;0.939;1
2551020;One-armed robber;Duhndal;Duhndal;15 Dec, 2023;0.0;1;2000000;786;91.39;35393;3335;0;43;0;1;none;1;0;0;4.0;1;Novato;261;1;0;0;0;1;0;0;0;1;0;1;0;0;0;1;1;1;1;0;0;0;1;1;0;1;0;0;0;0;1;0;0;0;0;0;0;0;0;0;0;0;1;0;0;0;0;1;1;0;0;0;0;1;0;0;0;0;0;0;0;0;0;1;0;0;0;0;0;0;0;0;1;0;1;1;0;1;1;1000;903;97;1000;0;2;10.27;0.903;1
1536610;OpenTTD;OpenTTD;OpenTTD;1 Apr, 2021;0.0;0;1000000;445;96.19;13845;549;0;0;0;29;none;1;1;1;0.25;1;Novato;237;0;0;1;0;1;0;0;0;1;0;0;0;0;0;1;1;1;1;0;0;0;0;0;0;0;0;0;0;0;0;0;0;0;0;0;0;0;0;0;0;0;1;0;0;0;0;1;1;0;0;0;1;1;1;1;0;0;0;0;0;0;1;0;0;0;0;0;0;0;0;1;1;0;1;0;0;0;0;1000;805;195;9;0;5;56.58;0.805;1
386940;Ultimate Chicken Horse;Clever Endeavour Games;Clever Endeavour Games;4 Mar, 2016;6.99;0;1000000;350;95.9;46319;1981;0;31;1;15;full;1;1;1;2.0;1;Novato;176;1;0;1;0;1;0;0;0;0;0;0;0;0;0;0;1;1;1;0;1;0;1;1;0;0;1;1;1;0;0;0;0;0;0;0;0;0;0;0;0;0;0;0;1;0;0;0;1;1;1;0;0;0;0;0;0;0;0;0;0;0;1;0;0;0;0;0;0;0;0;1;0;0;0;0;0;0;0;1000;949;51;773;0;4;18.66;0.949;1
346010;Besiege;Spiderling Studios;Spiderling Studios;18 Feb, 2020;5.99;0;1000000;243;95.45;47491;2263;0;50;4;14;none;1;1;1;4.0;1;Novato;210;0;0;0;0;1;0;0;0;1;0;0;0;0;0;1;1;1;0;0;0;0;1;0;1;0;1;0;0;0;0;0;0;0;0;0;0;0;0;0;0;0;0;0;0;0;0;0;1;0;0;0;1;1;0;0;0;0;1;0;0;0;0;0;0;0;0;0;0;0;0;0;0;0;0;0;0;0;0;1000;913;87;865;0;6;46.57;0.913;1
924970;Back 4 Blood;Turtle Rock Studios;Warner Bros. Games;12 Oct, 2021;30.0;0;1000000;1288;68.43;46833;21608;0;93;4;15;full;1;0;0;8.0;2;Novato;283;1;0;0;0;0;0;0;0;0;0;0;0;0;0;1;1;1;1;0;1;0;0;0;0;0;0;0;0;0;1;0;0;0;0;0;0;1;1;0;0;0;0;0;0;0;0;1;1;0;1;0;0;0;0;0;0;0;0;0;0;0;0;0;0;0;0;0;0;0;0;0;0;0;0;0;0;1;0;999;716;283;667;0;4;56.22;0.717;1
349700;Romero's Aftermath;Free Reign Entertainment;OP Productions LLC, Free Reign East LLC;24 Sep, 2015;0.0;0;1000000;0;48.61;5385;5693;0;0;0;2;none;1;0;0;6.0;1;Novato;286;1;0;0;0;1;1;0;0;0;0;0;1;0;0;0;1;1;0;0;0;0;0;0;0;0;0;0;0;0;1;1;1;0;0;0;0;1;1;0;0;0;0;0;0;0;0;1;1;0;0;0;1;0;0;0;0;0;0;0;0;0;0;0;0;0;0;0;0;0;0;0;0;0;1;0;0;1;0;67;35;32;67;0;27;65.29;0.522;1
208140;ENDLESS™ Space - Definitive Edition;AMPLITUDE Studios;AMPLITUDE Studios;4 Jul, 2012;8.49;0;1000000;106;80.52;7540;1824;0;93;1;7;none;1;1;0;2.0;3;Establecido;205;0;0;0;0;0;0;0;0;0;0;1;0;0;0;1;1;0;0;0;0;0;1;1;0;0;1;0;0;0;0;0;0;0;0;0;0;0;0;0;0;1;1;0;0;0;0;0;1;0;0;0;1;1;1;0;0;0;0;0;0;0;0;0;0;0;0;0;1;0;0;0;1;0;0;0;0;0;0;511;413;98;201;0;29;131.41;0.808;1
206500;AirMech;Carbon Games;Carbon Games;30 Mar, 2018;0.0;1;1000000;30;84.13;8984;1695;0;91;3;14;none;1;0;0;4.0;1;Novato;252;1;0;0;0;1;0;0;0;0;0;1;0;0;0;1;1;1;1;0;0;1;1;0;0;1;1;0;0;0;0;0;0;0;0;0;0;0;0;1;0;0;1;0;0;0;0;1;1;0;1;0;0;0;0;0;0;0;0;0;0;0;0;0;0;0;0;0;0;0;0;0;1;1;1;0;1;0;0;847;686;161;847;0;29;47.7;0.81;1
57690;Tropico 4;Haemimont Games;Kalypso Media Digital;1 Sep, 2011;14.99;0;1000000;87;91.74;11400;1027;0;70;11;6;none;1;0;0;1.0;2;Novato;236;0;0;0;0;0;0;0;0;1;0;1;0;0;0;1;0;0;0;0;0;0;1;0;0;0;1;0;0;0;0;0;0;0;0;0;0;0;0;0;0;0;1;0;0;0;0;0;0;0;0;0;1;1;1;1;0;0;0;0;0;0;0;0;0;0;0;0;1;0;0;0;0;0;0;0;0;0;0;807;735;72;499;0;29;85.01;0.911;1
2322010;God of War Ragnarök;Santa Monica Studio, Jetpack Interactive;PlayStation Publishing LLC;19 Sep, 2024;49.99;0;1000000;1591;86.42;27127;4261;0;48;3;22;full;1;0;0;8.0;2;Novato;93;1;1;0;0;0;0;1;0;0;0;0;0;0;0;1;0;0;0;0;1;0;1;1;0;0;0;0;0;0;0;1;0;0;1;0;0;0;0;1;1;0;0;0;0;0;0;0;0;0;0;0;0;0;0;0;0;0;0;0;0;0;0;1;0;0;0;0;1;0;0;0;0;0;0;0;0;0;0;1000;931;69;600;0;2;52.0;0.931;1
274940;Depth;Ammobox Studios;Ammobox Studios;3 Nov, 2014;10.49;0;1000000;13;87.86;28701;3964;0;40;21;13;full;1;0;0;3.0;1;Novato;247;1;0;0;0;1;0;0;0;0;0;0;0;0;0;1;1;0;0;0;1;0;1;1;1;1;1;0;0;0;1;0;0;0;0;0;0;1;1;0;0;0;0;0;0;0;0;1;1;0;1;0;0;0;0;0;0;0;0;0;0;0;0;0;0;0;0;0;1;0;0;0;0;0;0;0;0;1;0;1000;870;130;803;0;24;53.0;0.87;1
412220;DDNet;DDNet Team;DDNet Team;17 Aug, 2020;0.0;1;1000000;2679;89.29;33440;4010;0;0;0;35;none;1;1;1;2.0;1;Novato;208;1;0;0;0;1;0;0;0;0;0;0;0;0;0;1;1;1;1;0;0;0;0;0;0;0;0;0;0;0;0;0;0;0;0;0;0;0;0;0;0;0;0;0;1;0;0;1;1;0;0;0;0;0;0;0;0;1;1;0;0;0;1;0;0;0;0;0;0;0;0;0;1;0;1;0;0;0;0;1000;830;170;1000;0;2;178.86;0.83;1
1290000;PowerWash Simulator;FuturLab;Square Enix;14 Jul, 2022;19.99;0;1000000;2547;96.87;50767;1643;0;100;17;12;full;1;0;0;4.0;1;Novato;276;0;0;1;0;1;0;0;0;1;0;0;0;0;0;1;1;1;1;0;1;0;1;1;0;0;1;0;0;0;1;0;0;0;1;0;0;0;0;0;0;0;0;0;0;0;0;1;1;0;0;0;1;1;0;0;0;0;0;0;0;0;0;1;1;0;0;0;1;1;0;1;1;0;0;0;0;0;0;999;947;52;869;0;4;52.59;0.948;1
1286680;Tiny Tina's Wonderlands;Gearbox Software;2K;23 Jun, 2022;59.99;0;1000000;866;72.47;15933;6053;0;47;6;12;none;1;0;0;6.0;5;Establecido;178;1;1;0;0;0;0;1;0;0;0;0;0;0;0;1;1;1;1;0;0;1;1;0;0;0;0;0;0;0;0;0;0;0;0;0;0;0;0;1;0;0;0;0;0;0;0;1;1;1;0;0;0;0;0;0;0;0;0;0;0;0;0;1;0;0;0;0;0;0;0;0;0;0;0;0;0;1;0;999;720;279;668;0;8;30.72;0.721;1
39500;Gothic® 3;Piranha Bytes;THQ Nordic;2 Dec, 2009;10.49;0;1000000;173;81.34;9244;2120;0;0;0;7;none;1;0;0;2.0;1;Novato;218;1;0;0;0;0;0;1;0;0;0;0;0;0;0;1;0;0;0;0;0;0;0;1;0;0;0;0;0;0;1;1;0;0;1;0;0;0;0;1;1;0;0;0;0;0;0;0;0;0;0;0;1;0;0;0;0;0;0;0;0;0;0;0;0;0;0;0;1;0;0;0;0;0;0;0;0;0;0;999;819;180;704;0;13;59.29;0.82;1
872790;Football Manager 2019;Sports Interactive;SEGA;2 Nov, 2018;0.0;0;1000000;581;86.75;10827;1653;0;77;0;18;none;1;1;0;2.0;6;Establecido;292;0;0;0;0;0;0;0;0;1;1;0;0;0;0;1;1;0;0;0;0;0;1;1;1;0;1;0;0;0;0;0;0;0;0;0;0;0;0;0;0;0;1;0;0;0;0;0;1;0;0;0;0;1;1;0;1;0;0;0;0;0;0;0;0;0;0;0;0;0;0;1;0;0;1;0;0;0;0;175;164;11;175;0;29;1314.88;0.937;1
291650;Pillars of Eternity;Obsidian Entertainment;Xbox Game Studios;26 Mar, 2015;39.99;0;1000000;204;88.24;21751;2899;0;48;3;7;none;1;1;1;4.0;5;Establecido;279;0;0;0;0;0;0;1;0;0;0;0;0;0;0;1;0;0;0;0;0;0;1;1;0;0;1;0;0;0;0;1;0;0;1;0;0;0;0;1;0;0;1;0;0;0;0;0;0;0;0;0;0;0;0;0;0;0;0;0;0;0;0;0;0;0;0;0;1;0;0;0;1;0;0;0;0;0;0;1000;905;95;702;0;10;100.48;0.905;1
17330;Crysis Warhead®;Crytek;Electronic Arts;17 Sep, 2008;19.99;0;1000000;5;85.77;3280;544;0;0;0;9;none;1;0;0;1.0;4;Establecido;289;1;0;0;0;0;0;0;0;0;0;0;0;0;0;1;0;0;0;0;0;0;0;0;0;0;0;0;0;0;1;1;0;0;1;0;0;0;0;0;0;0;0;0;0;0;0;0;1;0;0;0;0;0;0;0;0;0;0;0;0;0;0;0;0;0;0;0;1;0;0;0;0;0;0;0;0;1;1;595;511;84;549;0;29;11.97;0.859;1
1533390;Gorilla Tag;Another Axiom Inc.;Another Axiom Inc.;1 Jan, 2023;19.99;0;1000000;852;91.29;64966;6197;0;0;0;1;none;1;0;0;4.0;1;Novato;189;1;0;1;0;0;0;0;0;0;0;0;0;0;0;0;1;0;0;0;0;0;0;0;0;1;0;0;0;0;1;0;0;0;0;0;0;0;1;0;0;0;0;0;1;0;0;0;1;0;1;0;0;0;0;0;0;0;0;0;0;0;0;1;0;0;0;0;0;0;0;1;0;1;0;1;0;0;0;1000;919;81;929;0;2;47.99;0.919;1
606280;Darksiders III;Gunfire Games;THQ Nordic;27 Nov, 2018;2.84;0;1000000;52;76.5;11626;3571;0;64;3;14;full;1;0;0;8.0;3;Establecido;285;1;1;0;0;0;0;1;0;0;0;0;0;0;0;1;0;0;0;0;1;0;1;1;0;0;1;0;0;0;0;1;0;0;1;0;0;0;0;1;0;0;0;0;0;0;0;0;0;0;0;0;0;0;0;0;0;0;1;0;0;0;0;0;0;0;0;1;1;0;1;0;0;0;0;0;0;0;0;1000;706;294;855;0;6;19.06;0.706;1
10500;Total War: EMPIRE – Definitive Edition;CREATIVE ASSEMBLY, Feral Interactive (Mac), Feral Interactive (Linux);SEGA, Feral Interactive (Mac), Feral Interactive (Linux);4 Mar, 2009;19.99;0;1000000;2028;90.79;32211;3269;0;30;0;8;none;1;1;1;1.0;6;Establecido;78;0;0;0;0;0;0;0;0;0;0;1;0;0;0;1;1;1;1;0;0;0;1;0;0;0;1;0;0;0;0;0;0;0;0;0;0;0;0;0;0;1;1;0;0;0;0;0;1;0;0;0;0;0;0;0;0;0;0;0;0;0;0;0;0;0;0;0;1;0;0;0;0;0;0;0;0;0;0;1000;893;107;667;0;6;308.06;0.893;1
1476970;IdleOn;Lavaflame2;Lavaflame2;6 Nov, 2025;0.0;1;1000000;11081;79.71;17310;4406;0;276;0;6;none;1;0;0;2.0;1;Novato;234;0;0;1;0;1;1;1;0;1;0;0;0;0;0;1;1;1;1;0;0;0;1;0;0;1;0;0;0;0;0;0;1;0;0;0;0;0;0;1;0;0;0;0;0;0;0;0;1;0;0;0;1;1;1;0;0;0;0;0;0;0;0;0;0;0;0;0;0;0;0;1;1;1;1;0;0;0;0;1000;588;412;1000;0;3;1581.9;0.588;1
1262580;Need for Speed™ Payback;Ghost Games;Electronic Arts;18 Jun, 2020;29.99;0;1000000;204;85.59;24868;4186;0;57;4;11;none;1;0;0;6.0;2;Novato;284;1;1;0;0;0;0;0;1;0;1;1;0;0;0;1;1;1;1;0;0;0;1;0;0;0;0;0;0;0;1;1;0;0;0;0;0;0;0;0;0;0;1;0;0;0;0;1;1;0;1;0;1;1;0;0;1;1;0;0;0;0;0;0;0;0;0;0;1;0;0;0;0;0;0;0;0;0;0;998;829;169;928;0;5;30.5;0.831;1
246620;Plague Inc: Evolved;Ndemic Creations;Ndemic Creations;18 Feb, 2016;7.99;0;1000000;1494;94.44;52571;3093;0;250;3;15;none;1;1;1;1.0;1;Novato;295;0;0;1;0;1;0;0;0;1;0;1;0;0;0;1;1;1;1;0;0;1;1;1;1;0;1;0;0;0;0;0;0;0;0;0;0;1;0;0;0;0;1;0;0;0;0;1;1;0;0;0;1;1;0;0;0;0;0;0;0;0;1;0;1;0;0;0;1;0;1;1;1;1;0;0;0;0;0;1000;943;57;919;0;2;16.88;0.943;1
319830;AX:EL - Air XenoDawn;Alex Piola;KISS ltd;4 Dec, 2015;0.0;1;1000000;4;75.42;899;293;0;22;0;1;none;1;0;0;2.0;1;Novato;199;1;0;0;0;1;0;0;0;1;0;0;0;0;0;1;1;0;0;0;0;1;1;0;0;0;0;1;0;0;0;0;0;0;0;0;0;0;0;0;0;0;0;0;0;0;0;0;0;0;0;0;0;1;0;0;0;0;0;0;0;0;0;0;0;0;0;0;0;0;0;0;1;0;1;0;0;0;0;291;234;57;291;0;28;8.84;0.804;1
324800;Shadow Warrior 2;Flying Wild Hog;Devolver Digital;13 Oct, 2016;14.99;0;1000000;61;87.25;23758;3472;0;64;4;8;full;1;0;0;8.0;2;Novato;265;1;1;0;0;0;0;0;0;0;0;0;0;0;0;1;1;1;1;0;1;0;1;1;0;0;1;0;0;0;1;1;0;0;0;0;0;0;0;0;0;0;0;0;0;0;0;1;1;0;0;0;0;0;0;0;0;0;0;0;0;0;0;0;0;0;0;0;0;0;0;0;0;0;0;0;0;1;0;1000;845;155;807;0;12;21.6;0.845;1
341800;Keep Talking and Nobody Explodes;Steel Crate Games;Steel Crate Games;8 Oct, 2015;7.99;0;1000000;148;97.45;15346;401;0;10;1;26;full;1;1;1;2.0;1;Novato;182;0;0;0;0;1;0;0;0;0;0;0;0;0;0;0;1;1;0;0;1;0;1;0;1;0;0;1;1;0;0;0;0;0;0;0;0;0;0;0;0;0;1;0;0;0;0;1;1;1;0;0;0;1;0;0;0;0;1;0;0;0;0;0;0;0;0;0;0;0;1;1;1;0;0;1;0;0;0;1000;953;47;826;0;10;12.44;0.953;1
322500;SUPERHOT;SUPERHOT Team;SUPERHOT Team;25 Feb, 2016;9.99;0;1000000;43;91.27;35390;3386;0;26;0;15;full;1;1;1;4.0;1;Novato;295;1;0;0;0;1;0;0;0;0;0;0;0;0;0;1;0;0;0;0;1;0;1;1;0;0;1;0;0;0;1;0;0;0;0;0;0;0;0;0;0;0;0;0;0;0;0;0;0;0;0;0;0;0;0;0;0;0;1;0;0;0;0;0;0;0;0;0;0;0;1;1;1;0;0;0;0;1;0;1000;952;48;779;0;6;9.55;0.952;1
939960;Far Cry® New Dawn;Ubisoft Montreal, Ubisoft Kiev, Ubisoft Shanghai;Ubisoft;15 Feb, 2019;31.99;0;1000000;215;75.7;24362;7819;0;50;5;15;none;1;0;0;8.0;1;Novato;210;1;1;0;0;0;0;0;0;0;0;0;0;0;0;1;1;1;1;0;0;1;1;0;0;1;0;0;0;0;1;1;0;0;1;0;0;1;0;1;1;0;0;0;0;0;0;1;1;0;0;0;0;0;0;0;0;0;0;0;0;0;0;0;0;0;0;0;0;0;0;1;0;0;0;0;0;1;1;1000;704;296;917;0;5;32.75;0.704;1
239820;Game Dev Tycoon;Greenheart Games 💚;Greenheart Games 💚;29 Aug, 2013;4.49;0;1000000;157;95.37;34126;1657;0;35;0;17;none;1;1;1;2.0;1;Novato;265;0;0;1;0;1;0;0;0;1;0;1;0;0;0;1;0;0;0;0;0;0;1;1;1;0;1;0;0;0;0;0;0;0;0;0;0;0;0;0;0;0;1;0;0;0;0;0;0;0;0;0;1;1;1;0;0;0;0;1;0;0;1;0;0;0;0;0;0;0;1;1;1;0;0;0;0;0;0;1000;921;79;934;0;7;21.48;0.921;1
509980;BIGFOOT;CyberLight Game Studio;CyberLight Game Studio;31 Jan, 2017;10.99;0;1000000;121;82.07;17125;3741;0;46;8;14;none;1;0;0;2.0;1;Novato;178;1;1;0;0;1;0;0;0;0;0;0;0;0;1;1;1;1;1;0;0;0;1;0;0;0;1;0;0;0;1;1;0;0;0;0;0;0;1;0;0;0;0;0;0;0;0;1;1;0;1;0;0;0;0;0;0;0;0;0;0;0;0;0;0;0;0;0;1;0;0;0;0;1;0;0;0;1;0;1000;835;165;811;1000;9;21.07;0.835;1
364360;Total War: WARHAMMER;CREATIVE ASSEMBLY, Feral Interactive (Linux), Feral Interactive (Mac);SEGA, Feral Interactive (Linux), Feral Interactive (Mac);24 May, 2016;49.99;0;1000000;297;78.0;40889;11533;0;185;13;13;none;1;1;1;3.0;1;Novato;172;1;0;0;0;0;0;0;0;0;0;1;0;0;0;1;1;1;1;0;0;0;1;0;1;0;1;0;0;0;0;1;0;0;1;0;0;0;0;1;0;1;1;0;0;0;0;1;1;0;0;0;0;0;0;0;0;0;0;0;0;0;0;0;0;0;0;0;1;0;0;0;0;0;0;0;0;0;0;1000;809;191;686;0;15;113.45;0.809;1
492720;Tropico 6;Limbic Entertainment, Realmforge Studios;Kalypso Media;29 Mar, 2019;39.99;0;1000000;575;87.44;23776;3415;0;40;11;11;full;1;1;1;8.0;1;Novato;209;0;0;0;0;0;0;0;0;1;0;1;0;0;0;1;1;1;1;0;1;0;1;1;1;0;1;0;0;0;0;0;0;0;1;0;0;0;0;0;0;0;1;0;0;0;0;1;1;0;0;0;1;1;1;1;0;0;0;0;0;0;0;0;0;0;0;0;1;0;0;0;0;0;0;0;0;0;0;1000;897;103;688;0;7;74.06;0.897;1
12110;Grand Theft Auto: Vice City;Rockstar Games;Rockstar Games;4 Jan, 2008;0.0;0;1000000;113;92.71;27142;2134;0;0;0;5;none;1;0;0;0.0;5;Establecido;161;1;0;0;0;0;0;0;0;0;0;0;0;0;0;1;0;0;0;0;0;1;0;0;0;0;0;0;0;0;0;1;0;0;0;0;0;0;0;0;0;0;0;0;0;0;0;0;1;0;0;0;1;0;0;0;0;0;0;0;0;0;0;0;0;0;0;0;1;0;0;0;0;0;0;0;0;0;0;1000;905;95;1000;0;15;37.94;0.905;1
460790;Bayonetta;PlatinumGames;SEGA;11 Apr, 2017;19.99;0;1000000;109;92.55;26797;2156;0;50;0;6;full;1;0;0;4.0;2;Novato;214;1;1;0;0;0;0;0;0;0;0;0;0;0;0;1;0;0;0;0;1;0;1;1;0;0;1;0;0;0;0;0;0;0;0;0;0;0;0;0;0;0;0;0;0;0;0;0;0;0;0;0;0;0;0;0;0;0;0;0;0;1;0;0;0;0;0;0;1;0;0;0;0;0;0;0;0;0;0;999;919;80;803;0;4;16.46;0.92;1
627690;Idle Champions of the Forgotten Realms;Codename Entertainment Inc.;Codename Entertainment Inc.;25 Mar, 2020;0.0;1;1000000;3034;77.43;11212;3268;0;821;10;7;none;1;1;0;2.0;1;Novato;172;1;1;0;0;1;0;0;0;0;0;1;0;0;0;1;0;0;0;0;0;0;1;0;0;1;1;0;0;0;0;0;0;0;0;0;0;0;0;1;0;0;1;0;0;0;0;0;0;0;0;0;0;0;1;0;0;0;1;0;0;0;1;0;0;0;0;0;0;0;0;1;1;0;1;0;0;0;0;1000;691;309;1000;0;19;1479.14;0.691;1
1213210;Command & Conquer™ Remastered Collection;Petroglyph, Lemon Sky Studios;Electronic Arts;5 Jun, 2020;19.99;0;1000000;564;90.69;29891;3069;0;33;0;8;none;1;0;0;4.0;1;Novato;244;0;0;0;0;0;0;0;0;0;0;1;0;0;0;1;1;0;0;0;0;0;1;1;1;0;0;0;0;0;0;0;0;0;0;0;0;0;0;0;0;0;1;0;0;0;0;0;1;0;1;0;0;0;0;0;0;0;0;0;0;0;0;0;0;0;0;0;0;0;0;0;0;0;0;0;0;0;0;1000;883;117;927;0;7;87.3;0.883;1
569480;Kingdoms and Castles;Lion Shield, LLC;Lion Shield, LLC;20 Jul, 2017;7.99;0;1000000;317;93.36;27743;1972;0;12;2;18;full;1;1;1;4.0;1;Novato;275;0;0;0;0;1;0;0;0;1;0;1;0;0;0;1;0;0;0;0;1;0;1;1;1;0;1;0;0;0;0;1;1;0;0;0;0;1;0;0;0;0;1;0;0;0;0;0;0;0;0;0;1;1;1;1;0;0;0;0;0;0;0;0;0;0;0;0;0;1;0;0;0;0;0;0;0;0;0;1000;956;44;978;0;8;53.23;0.956;1
2021910;FPS Chess;Meta Fork;DigiPen Institute of Technology;16 Jul, 2022;0.0;1;1000000;228;84.09;31223;5909;0;0;0;1;none;1;0;0;4.0;1;Novato;213;1;0;1;0;0;0;0;0;0;0;1;0;0;0;0;1;0;0;0;0;1;0;0;0;0;0;0;0;0;1;0;0;0;0;0;0;0;0;0;0;0;1;0;0;0;0;0;1;0;1;0;0;0;0;0;1;0;0;0;0;0;0;1;0;0;0;0;0;0;0;1;0;0;1;0;0;1;0;1000;836;164;1000;0;3;6.32;0.836;1
242860;Verdun;BlackMill Games;BlackMill Games;28 Apr, 2015;5.39;0;1000000;64;86.13;32142;5175;0;59;1;12;none;1;1;1;4.0;1;Novato;219;1;0;0;0;1;1;0;0;1;0;1;0;0;0;1;1;0;0;0;0;1;1;1;0;0;1;0;0;0;1;0;0;0;0;0;0;0;0;0;0;0;1;0;0;0;0;1;1;0;1;0;0;1;0;0;0;0;0;0;0;0;0;0;1;0;0;0;1;0;0;0;0;0;0;0;0;1;0;1000;872;128;868;0;17;29.71;0.872;1
239160;Thief;Eidos-Montréal, Feral Interactive (Mac);Eidos Interactive Corp., Feral Interactive (Mac);27 Feb, 2014;9.99;0;1000000;110;74.53;17337;5926;0;37;5;8;full;1;1;0;4.0;1;Novato;304;1;1;0;0;0;0;0;0;0;0;0;0;0;0;1;0;0;0;0;1;0;1;1;0;0;1;0;0;0;1;1;0;0;0;0;0;0;1;1;0;0;0;0;0;0;0;0;0;0;0;0;0;0;0;0;0;0;0;0;0;0;0;0;0;0;0;1;1;0;0;0;0;0;0;0;0;1;1;1000;764;236;795;0;14;27.45;0.764;1
391460;WARMODE;Novalink;Novalink;13 Sep, 2019;0.0;1;1000000;2;62.04;10255;6275;0;0;0;3;none;1;0;0;4.0;2;Novato;267;1;0;0;0;0;0;0;0;0;0;0;0;0;0;0;1;0;0;0;0;0;0;0;0;0;1;0;0;0;1;1;0;0;0;0;0;1;0;1;0;0;0;0;0;0;0;1;1;0;0;0;0;0;0;0;0;0;0;0;0;0;0;0;0;0;0;0;1;0;0;0;0;1;1;0;0;1;0;326;198;128;326;0;29;20.19;0.607;1
636480;Ravenfield;SteelRaven7;SteelRaven7;18 May, 2017;9.29;0;1000000;617;96.92;71341;2264;0;0;0;1;none;1;1;1;4.0;1;Novato;144;1;0;0;0;1;0;0;0;0;0;0;0;0;1;1;0;0;0;0;0;1;0;0;1;0;0;0;0;0;1;0;0;0;0;0;0;0;0;0;0;0;1;0;0;0;0;0;0;0;0;0;1;1;0;0;0;0;0;0;0;0;0;0;1;0;0;0;1;0;0;0;1;1;0;0;0;1;0;999;943;56;949;999;3;67.9;0.944;1
2100;Dark Messiah of Might & Magic;Arkane Studios;Ubisoft;25 Oct, 2006;7.99;0;1000000;45;91.16;9813;951;0;0;0;5;none;1;0;0;0.5;3;Establecido;279;1;0;0;0;0;0;1;0;0;0;0;0;0;0;1;1;0;0;0;0;0;0;0;0;0;0;0;0;0;1;0;0;0;1;0;0;0;0;1;1;0;0;0;0;0;0;0;1;0;0;0;0;0;0;0;0;0;0;0;0;0;0;0;0;0;0;0;1;0;0;0;0;0;0;0;0;0;1;1000;879;121;881;0;14;14.66;0.879;1
21690;Resident Evil 5;Capcom;Capcom;15 Sep, 2009;15.0;0;1000000;566;87.15;42807;6310;0;70;1;9;full;1;0;0;0.0;4;Establecido;204;1;1;0;0;0;0;0;0;0;0;0;0;0;0;1;1;1;0;0;1;0;1;1;0;0;1;0;0;0;0;0;0;0;0;0;0;1;1;0;0;0;0;0;0;0;0;1;1;1;0;0;0;0;0;0;0;0;0;0;0;0;0;0;0;0;0;0;1;0;0;0;0;0;0;0;0;0;0;1000;822;178;679;0;1;20.25;0.822;1
228280;Baldur's Gate: Enhanced Edition;Beamdog;Beamdog;16 Jan, 2013;10.49;0;1000000;378;92.22;15123;1275;0;129;5;15;none;1;1;1;1.0;2;Novato;204;0;1;0;0;0;0;1;0;0;0;0;0;0;0;1;1;1;0;0;0;0;1;1;0;0;1;0;0;0;0;0;0;0;1;0;0;0;0;1;0;0;1;0;0;0;0;1;1;0;0;0;0;0;0;0;0;0;0;0;0;0;0;0;0;0;0;0;1;0;0;0;0;0;0;0;0;0;0;1000;932;68;814;0;9;113.25;0.932;1
629730;Blade and Sorcery;WarpFrog;WarpFrog;17 Jun, 2024;14.49;0;1000000;657;96.66;55566;1919;0;37;0;10;none;1;0;0;8.0;1;Novato;185;1;1;0;0;1;0;1;0;1;0;0;0;0;0;1;0;0;0;0;0;0;1;0;0;0;0;0;0;0;1;0;0;0;0;0;0;0;0;1;0;0;0;0;0;0;0;0;0;0;0;0;1;1;0;0;0;0;0;0;0;0;0;0;0;0;0;0;0;0;0;0;1;1;0;1;0;0;0;1000;949;51;953;0;3;38.86;0.949;1
2420510;HoloCure - Save the Fans!;KayAnimate;KayAnimate;16 Aug, 2023;0.0;1;1000000;645;99.04;37623;363;0;97;0;2;none;1;0;0;0.29;1;Novato;174;1;1;1;0;1;0;0;0;0;0;0;0;0;0;1;0;0;0;0;0;1;1;1;0;0;0;0;0;0;0;0;0;0;0;0;0;0;0;0;0;0;0;0;0;0;0;0;0;0;0;0;0;0;0;0;0;0;0;0;0;1;1;0;0;0;0;0;0;0;0;1;0;0;1;0;0;0;0;999;972;27;999;0;6;38.74;0.973;1
113420;Fallen Earth Classic;Little Orbit;Little Orbit;22 Feb, 2012;0.0;1;1000000;1;59.54;4484;3047;0;650;0;1;none;1;0;0;0.0;2;Novato;244;0;0;0;0;0;1;1;0;0;0;0;0;0;0;0;1;1;1;0;0;0;1;0;0;0;0;0;0;0;1;1;1;0;0;0;0;1;0;1;1;0;0;0;0;0;0;1;1;0;0;0;1;0;0;0;0;0;0;0;0;0;0;0;0;0;0;0;0;0;0;0;0;0;1;0;0;1;0;287;188;99;287;0;29;200.72;0.655;1
706990;BLOCKPOST LEGACY;Skullcap Studios;Skullcap Studios;25 Apr, 2019;0.0;1;1000000;13;74.52;12342;4219;0;0;0;3;none;1;0;0;2.0;1;Novato;275;1;0;0;0;1;0;0;0;0;0;0;0;0;0;0;1;0;0;0;0;0;0;0;0;1;0;0;0;0;1;0;0;0;0;0;0;1;0;0;0;0;0;0;0;0;0;1;1;0;0;0;0;1;0;0;0;0;0;0;0;0;0;0;0;0;0;0;0;0;0;0;1;1;1;0;0;1;0;1000;760;240;1000;0;23;19.53;0.76;1
269210;Hero Siege;Panic Art Studios Ltd;Panic Art Studios Ltd;29 Jan, 2014;4.49;0;1000000;369;68.52;29813;13699;0;112;7;8;full;1;0;1;8.0;1;Novato;147;1;1;0;0;1;1;1;0;0;0;0;0;0;0;1;1;1;1;0;1;0;1;1;0;1;1;1;1;0;0;0;0;0;0;0;0;0;0;1;1;0;0;0;0;0;0;1;1;1;0;0;0;0;0;0;0;0;0;0;0;0;1;0;0;0;0;0;0;0;1;0;1;0;0;0;0;0;0;1000;619;381;842;0;2;144.06;0.619;1
304240;Resident Evil;CAPCOM Co., Ltd.;CAPCOM Co., Ltd.;19 Jan, 2015;15.0;0;1000000;186;91.95;24613;2154;0;44;0;8;full;1;0;0;2.0;18;AAA;110;1;1;0;0;0;0;0;0;0;0;0;0;0;0;1;0;0;0;0;1;0;1;1;0;0;1;0;0;0;0;0;0;0;1;0;0;1;1;0;0;0;0;0;0;0;0;0;0;0;0;0;0;0;0;0;0;0;1;0;0;0;0;0;0;0;0;0;1;0;1;0;0;0;0;0;0;0;0;1000;919;81;789;0;2;19.9;0.919;1
621060;PC Building Simulator;Claudiu Kiss, The Irregular Corporation;The Irregular Corporation;29 Jan, 2019;10.49;0;1000000;132;93.61;48356;3299;0;94;11;10;none;1;0;0;4.0;1;Novato;237;0;0;0;0;1;0;0;0;1;0;0;0;0;0;1;0;0;0;0;0;1;1;1;1;0;1;0;0;0;1;0;0;0;0;0;0;0;0;0;0;0;0;0;0;0;0;0;0;0;0;0;1;1;1;0;0;0;1;0;0;0;0;1;1;0;0;0;1;1;0;1;1;0;0;0;0;0;0;1000;906;94;838;0;7;29.59;0.906;1
48190;Assassin’s Creed® Brotherhood;Ubisoft Montreal;Ubisoft;22 Mar, 2011;15.99;0;1000000;169;88.54;20484;2652;0;0;0;14;none;1;0;0;0.0;7;Establecido;34;1;1;0;0;0;0;0;0;0;0;0;0;0;0;1;1;0;0;0;0;1;0;0;0;0;0;0;0;0;0;1;0;0;1;0;0;0;0;0;0;0;0;0;0;0;0;0;1;0;0;0;1;0;0;0;0;0;0;0;0;0;0;0;0;0;0;0;1;0;0;1;0;0;0;0;0;0;1;999;864;135;954;0;5;23.67;0.865;1
638970;Yakuza 0;Ryu Ga Gotoku Studio;SEGA;1 Aug, 2018;0.0;0;1000000;550;95.66;70292;3189;0;55;0;2;full;1;0;0;4.0;2;Novato;291;1;1;0;0;0;0;1;0;0;0;0;0;0;0;1;1;0;0;0;1;0;1;1;0;0;1;0;0;0;0;1;0;0;1;0;0;0;0;1;0;0;0;0;0;0;0;0;0;0;0;0;0;0;0;0;0;0;0;0;0;0;0;0;0;0;0;0;1;0;0;0;0;0;0;0;0;0;0;1000;953;47;1000;0;5;69.7;0.953;1
24010;Train Simulator Classic;Dovetail Games;Dovetail Games - Trains, Dovetail Games;17 Sep, 2015;14.99;0;1000000;503;71.01;20015;8172;0;1384;786;8;full;1;0;0;4.0;1;Novato;231;0;0;0;0;0;0;0;0;1;0;0;0;0;0;1;0;0;0;0;1;0;1;1;1;1;1;0;0;0;0;1;0;0;0;0;0;0;0;0;0;0;1;0;0;0;0;0;0;0;0;0;1;1;0;1;0;0;0;0;0;0;0;0;1;0;0;0;1;1;0;1;0;0;0;1;0;0;0;999;823;176;728;0;11;302.11;0.824;1
228380;Wreckfest;Bugbear;THQ Nordic;14 Jun, 2018;14.99;0;1000000;328;88.12;34031;4586;0;20;14;13;none;1;0;0;8.0;1;Novato;276;1;0;0;0;1;0;0;1;1;1;0;0;0;0;1;1;0;0;0;0;1;1;1;1;0;0;0;0;0;0;1;0;0;0;0;0;0;0;0;0;0;0;0;0;0;0;1;1;0;0;0;1;1;0;0;1;1;0;0;0;0;0;0;1;0;0;0;1;0;0;0;1;1;0;0;0;0;0;1000;873;127;732;0;8;64.96;0.873;1
327690;Gigantic;Motiga Inc.;Perfect World Entertainment;19 Jul, 2017;0.0;0;1000000;0;76.89;5759;1731;0;0;0;3;none;1;0;0;6.0;1;Novato;179;1;0;0;0;0;0;0;0;0;0;1;0;0;0;0;1;0;0;0;0;1;0;0;0;1;1;0;0;0;0;1;0;0;0;0;0;0;0;1;0;0;1;0;0;0;0;1;1;0;1;0;0;0;0;0;0;0;0;0;0;1;0;0;0;0;0;0;0;0;0;0;0;0;1;0;1;1;0;124;102;22;0;0;23;23.47;0.823;1
417860;Emily is Away;Kyle Seeley;Kyle Seeley;20 Nov, 2015;0.0;1;1000000;9;88.6;28260;3636;0;20;0;1;none;1;1;1;0.5;1;Novato;112;0;1;1;0;1;0;0;0;1;0;0;0;0;0;1;0;0;0;0;0;0;1;0;0;0;1;0;0;0;0;0;0;0;1;0;0;0;0;0;0;0;0;0;0;0;0;0;0;0;0;0;0;1;0;0;0;0;0;0;1;0;1;0;0;0;0;0;0;0;0;1;1;0;1;0;0;0;0;1000;871;129;1000;0;13;2.26;0.871;1
1058020;STAR WARS™ Battlefront (Classic, 2004);Pandemic Studios;Lucasfilm, LucasArts, Disney;1 May, 2019;5.79;0;1000000;50;96.47;4186;153;0;0;0;5;none;1;0;0;1.0;2;Novato;94;1;0;0;0;0;0;0;0;0;0;0;0;0;0;1;1;0;0;0;0;0;0;1;0;0;0;0;0;0;1;0;0;0;0;0;0;0;0;0;0;0;0;0;0;0;0;1;1;0;0;0;0;0;0;0;0;0;0;0;0;0;0;0;0;0;0;0;0;0;0;0;0;0;0;0;0;1;0;1000;955;45;830;0;29;29.15;0.955;1
1262350;SIGNALIS;rose-engine;Balor Games;27 Oct, 2022;9.99;0;1000000;108;96.8;25320;837;0;13;0;8;full;1;0;0;4.0;1;Novato;270;1;1;0;0;1;0;0;0;0;0;0;0;0;0;1;0;0;0;0;1;0;1;1;0;0;0;0;0;0;0;0;0;0;0;0;0;0;0;0;0;0;0;0;0;0;0;0;0;0;0;0;0;0;0;0;0;0;1;0;0;0;0;0;0;0;0;1;1;0;0;0;0;0;0;0;0;0;0;1000;967;33;871;0;3;13.54;0.967;1
582160;Assassin's Creed® Origins;Ubisoft Montreal;Ubisoft;26 Oct, 2017;47.99;0;1000000;1604;85.73;97301;16195;0;67;6;14;none;1;0;0;6.0;7;Establecido;159;1;1;0;0;0;0;1;0;0;0;0;0;0;0;1;0;0;0;0;0;1;1;0;0;1;1;0;0;0;0;1;0;0;1;0;0;0;0;1;1;0;0;0;0;0;0;1;1;0;0;0;0;0;0;0;0;0;0;0;0;0;0;0;0;0;0;0;1;0;0;0;0;0;0;0;0;0;1;999;828;171;942;0;2;45.32;0.829;1
287450;Rise of Nations: Extended Edition;SkyBox Labs, Big Huge Games;Xbox Game Studios;12 Jun, 2014;19.99;0;1000000;522;94.7;13962;782;0;38;0;5;none;1;0;0;1.0;1;Novato;105;0;0;0;0;0;0;0;0;1;0;1;0;0;0;1;1;1;0;0;0;0;1;1;0;0;1;0;0;0;0;0;0;0;0;0;0;0;0;0;0;0;1;0;0;0;0;1;1;0;0;0;0;1;0;1;0;0;0;0;0;0;0;0;0;0;0;0;1;0;0;0;0;0;0;0;0;0;0;1000;942;58;855;0;12;156.17;0.942;1
582500;We Were Here;Total Mayhem Games;Total Mayhem Games;3 Feb, 2017;0.0;1;1000000;142;90.06;27014;2983;0;26;1;22;none;1;1;0;8.0;1;Novato;224;1;1;0;0;1;0;0;0;0;0;0;0;0;0;0;1;1;1;0;0;1;1;1;0;0;0;0;0;0;1;0;0;0;0;0;0;0;1;0;0;0;0;0;0;0;0;1;1;0;0;0;0;0;0;0;0;0;1;0;0;0;0;0;0;0;0;1;1;0;0;1;1;0;1;0;0;0;0;1000;837;163;1000;0;5;2.86;0.837;1
22320;The Elder Scrolls III: Morrowind® Game of the Year Edition;Bethesda Game Studios;Bethesda Softworks;16 Jun, 2009;8.99;0;1000000;635;95.41;25172;1212;0;0;1;3;none;1;0;0;0.0;9;Establecido;325;0;0;0;0;0;0;1;0;0;0;0;0;0;0;1;0;0;0;0;0;0;0;1;0;0;0;0;0;0;1;1;0;0;1;0;0;0;0;1;1;0;0;0;0;0;0;0;0;0;0;0;1;0;0;0;0;0;0;0;0;0;0;0;0;0;0;0;1;0;0;0;0;0;0;0;0;0;0;1000;948;52;795;0;7;80.47;0.948;1
519860;DUSK;David Szymanski;New Blood Interactive;10 Dec, 2018;8.99;0;1000000;36;97.28;22830;639;0;30;3;16;full;1;1;1;2.0;1;Novato;213;1;0;0;0;1;0;0;0;0;0;0;0;0;0;1;1;0;0;0;1;0;1;1;1;0;1;0;0;0;1;0;0;0;0;0;0;0;1;0;0;0;0;0;0;0;0;0;0;0;1;0;0;0;0;0;0;0;0;0;0;0;0;0;0;0;0;0;1;0;0;0;0;0;0;0;0;1;0;1000;932;68;836;0;6;12.44;0.932;1
442080;Riders of Icarus;WeMade, VALOFE;VALOFE;6 Jul, 2016;0.0;0;1000000;4;66.04;7083;3643;0;0;0;3;none;1;0;0;4.0;1;Novato;270;0;1;0;0;0;1;1;0;0;0;0;0;0;0;1;1;0;0;0;0;0;0;0;0;1;1;0;0;0;1;1;0;0;0;0;0;1;0;1;1;0;0;0;0;0;0;1;1;0;1;0;0;0;0;0;0;0;0;0;0;1;0;0;0;0;0;0;0;0;0;0;0;0;1;0;0;1;0;394;270;124;394;0;29;362.95;0.685;1
704270;Generation Zero®;Systemic Reaction™;Avalanche Studios;26 Mar, 2019;12.49;0;1000000;234;71.73;29053;11451;0;72;23;8;none;1;0;0;8.0;1;Novato;259;1;1;0;0;0;0;0;0;0;0;0;0;0;0;1;1;1;1;0;0;1;1;1;0;0;1;0;0;0;0;1;1;0;0;0;0;1;1;0;0;0;0;0;0;0;0;1;1;0;0;0;1;0;0;0;0;0;0;0;0;0;0;0;0;0;0;0;1;0;0;0;0;0;0;0;0;1;0;1000;785;215;735;0;7;53.33;0.785;1
40990;Mafia;Illusion Softworks;2K;28 Aug, 2002;14.99;0;1000000;59;87.47;13346;1911;0;0;0;8;none;1;0;0;2.0;1;Novato;246;1;1;0;0;0;0;0;0;0;0;0;0;0;0;1;0;0;0;0;0;0;0;0;0;0;0;0;0;0;0;1;0;0;1;0;0;0;0;0;0;0;0;0;0;0;0;0;1;0;0;0;0;0;0;0;0;1;0;0;0;0;0;0;0;0;0;0;1;0;1;0;0;0;0;0;0;0;0;999;863;136;535;0;10;20.21;0.864;1
1627140;Sabre Team;Krisalis Software;Ziggurat;4 Jun, 2021;3.99;0;1000000;0;50.0;2;2;0;0;0;5;none;1;0;0;0.25;1;Novato;276;0;0;0;0;0;0;1;0;0;0;1;0;0;0;1;0;0;0;0;0;0;0;0;0;0;0;0;0;0;0;0;0;0;0;0;0;0;0;1;0;0;1;0;0;0;0;0;0;0;0;0;0;1;0;0;0;0;0;0;0;0;0;0;0;0;0;0;0;0;1;0;0;0;0;0;0;0;0;2;1;1;2;0;2;0.94;0.5;1
612880;Wolfenstein II: The New Colossus;MachineGames;Bethesda Softworks;26 Oct, 2017;23.99;0;1000000;290;81.09;36084;8413;0;80;4;10;full;1;0;0;8.0;2;Novato;273;1;0;0;0;0;0;0;0;0;0;0;0;0;0;1;0;0;0;0;1;0;1;1;0;0;0;0;0;0;1;1;0;0;1;0;0;0;0;0;0;0;0;0;0;0;0;0;1;0;0;0;0;0;0;0;0;0;0;0;0;0;0;0;0;0;0;0;1;0;0;0;0;0;0;0;0;1;1;1000;845;155;814;0;4;20.01;0.845;1
638070;Murderous Pursuits;Blazing Griffin;Blazing Griffin;26 Apr, 2018;9.99;0;1000000;3;63.71;1794;1022;0;145;2;10;none;1;0;0;4.0;1;Novato;195;1;0;0;0;1;0;0;0;1;0;1;0;0;0;1;1;0;0;0;0;1;1;0;0;0;1;0;0;0;0;0;0;0;0;0;0;0;0;0;0;0;1;0;0;0;0;1;1;0;0;0;0;1;0;0;0;0;0;0;0;0;0;0;0;0;0;0;0;0;0;0;1;0;0;0;0;0;1;85;56;29;15;0;26;8.65;0.659;1
3146520;WEBFISHING;lamedeveloper;lamedeveloper;11 Oct, 2024;2.99;0;1000000;686;97.97;64473;1337;0;16;0;1;none;1;0;0;8.0;1;Novato;84;0;0;1;0;1;1;0;0;0;0;0;0;0;0;1;1;1;1;0;0;0;0;0;0;0;0;0;0;0;0;0;0;0;0;0;0;0;0;0;0;0;0;0;0;0;0;1;1;0;0;0;1;0;0;0;0;0;0;0;0;0;0;1;0;0;1;0;0;0;0;1;1;0;0;0;0;0;0;1000;921;79;801;0;4;28.44;0.921;1
232890;Stronghold Crusader 2;Firefly Studios;Firefly Studios;22 Sep, 2014;39.99;0;1000000;217;72.17;12328;4754;0;81;6;10;none;1;0;0;2.0;1;Novato;279;0;0;0;0;0;0;0;0;1;0;1;0;0;0;1;1;1;1;0;0;0;1;1;1;0;1;0;0;0;0;1;0;0;0;0;0;1;0;0;0;0;1;0;0;0;0;1;1;0;0;0;1;1;0;1;0;0;0;0;0;0;0;0;0;0;0;0;1;0;0;0;0;0;0;0;0;0;0;1000;778;222;794;0;12;57.64;0.778;1
6000;STAR WARS™ Republic Commando™;LucasArts;LucasArts, Lucasfilm, Disney;8 Jul, 2009;5.79;0;1000000;68;95.72;15357;687;0;0;0;4;none;1;0;0;0.25;2;Novato;302;1;0;0;0;0;0;0;0;0;0;0;0;0;0;1;1;0;0;0;0;0;0;1;0;0;0;1;0;0;1;0;0;0;0;0;0;0;0;0;0;0;1;0;0;0;0;1;1;0;0;0;0;0;0;0;0;0;0;0;0;0;0;0;0;0;0;1;1;0;0;0;0;0;0;0;0;1;0;999;942;57;817;0;12;34.7;0.943;1
1049410;Superliminal;Pillow Castle;Pillow Castle;5 Nov, 2020;9.49;0;1000000;65;94.6;28522;1629;0;27;1;15;full;1;1;1;4.0;1;Novato;179;1;1;0;0;0;0;0;0;0;0;0;0;0;0;1;1;1;1;0;1;0;1;1;1;0;1;0;0;0;1;0;0;0;1;0;0;0;0;0;0;0;0;0;0;0;0;0;0;0;0;0;0;0;0;0;0;0;1;0;0;0;0;0;0;0;0;0;0;0;0;0;0;0;0;0;0;0;0;1000;941;59;805;0;5;7.88;0.941;1
1343370;Old School RuneScape;Jagex Ltd;Jagex Ltd;Feb 24, 2021;0.0;1;1000000;1050;83.14;15244;3091;0;20;3;1;none;1;1;0;0.0;2;Novato;299;0;1;0;0;0;1;1;0;0;0;0;0;0;0;0;1;0;0;0;0;0;1;0;0;1;1;0;0;0;0;1;0;0;1;0;0;0;0;1;0;0;0;0;0;0;0;0;1;0;1;0;0;0;0;0;0;0;0;0;0;0;0;0;0;0;0;0;0;0;0;0;0;0;1;0;0;0;0;1000;764;236;1000;0;7;289.29;0.764;1
1238860;Battlefield 4™;DICE;Electronic Arts;11 Jun, 2020;39.99;0;1000000;1153;85.24;60650;10498;0;67;18;12;full;1;0;0;4.0;8;Establecido;165;1;0;0;0;0;0;0;0;0;0;0;0;0;0;1;1;0;0;0;1;0;1;0;0;0;1;0;0;0;1;1;0;0;1;0;0;0;0;0;0;0;1;0;0;0;0;1;1;0;1;0;0;0;0;0;0;0;0;0;0;0;0;0;0;0;0;0;0;0;0;0;0;0;0;0;0;1;0;999;842;157;935;0;2;19.56;0.843;1
961200;Predecessor;Omeda Studios;Omeda Studios;20 Aug, 2024;0.0;1;1000000;1816;73.1;10260;3776;0;0;4;11;full;1;0;0;8.0;1;Novato;228;1;0;0;0;1;1;1;0;0;0;1;0;0;0;1;1;1;1;0;1;0;0;0;0;1;0;0;0;0;0;0;0;0;0;0;0;0;0;0;0;0;1;0;0;0;0;1;1;0;1;0;0;0;0;0;0;0;0;0;0;0;0;1;0;0;0;0;0;0;0;0;0;1;1;0;1;0;0;1000;654;346;1000;0;5;194.75;0.654;1
2527500;MiSide;AIHASTO;IndieArk, Shochiku (Japan);10 Dec, 2024;7.19;0;1000000;631;98.02;108883;2204;0;26;1;31;none;1;0;0;4.0;1;Novato;132;0;1;0;0;1;0;1;0;1;0;0;0;0;0;1;0;0;0;0;0;0;1;0;0;0;0;0;0;0;1;0;0;0;1;0;0;0;1;1;0;0;0;0;0;0;0;0;0;0;0;0;0;1;0;0;0;0;1;0;0;1;1;1;0;0;0;0;1;0;0;0;0;0;0;0;0;0;0;1000;965;35;830;0;2;13.92;0.965;1
102600;Orcs Must Die!;Robot Entertainment;Robot Entertainment;11 Oct, 2011;5.79;0;1000000;20;95.93;7856;333;0;27;2;9;none;1;0;0;2.0;4;Establecido;161;1;0;0;0;1;0;0;0;0;0;1;0;0;0;1;0;0;0;0;0;1;1;1;0;0;0;0;0;0;0;0;0;0;0;0;0;0;0;1;0;0;1;1;0;0;0;0;1;0;0;0;0;0;0;0;0;0;0;0;0;0;0;0;0;0;0;0;0;0;0;0;1;0;0;0;0;0;0;864;790;74;705;0;29;20.06;0.914;1
870780;CONTROL Ultimate Edition;Remedy Entertainment;Remedy Entertainment;27 Aug, 2020;18.49;0;1000000;648;87.31;44045;6403;0;67;0;13;full;1;1;0;8.0;4;Establecido;131;1;1;0;0;0;0;0;0;0;0;0;0;0;0;1;0;0;0;0;1;0;1;1;0;0;1;0;0;0;0;1;0;0;1;0;0;0;1;0;0;0;0;0;0;1;0;0;0;0;0;0;0;0;0;0;0;0;0;0;0;0;0;0;0;0;0;0;1;0;1;0;0;0;0;0;0;0;0;1000;812;188;836;0;2;22.78;0.812;1
24980;Mass Effect 2 (2010 Edition);BioWare;Electronic Arts;;0.0;0;1000000;8;94.08;14623;920;0;0;0;9;none;1;0;0;1.0;5;Establecido;239;0;0;0;0;0;0;1;0;0;0;0;0;0;0;1;0;0;0;0;0;0;0;0;0;0;0;0;0;0;0;0;0;0;1;0;0;0;0;1;1;0;0;0;0;0;0;0;0;0;0;0;0;0;0;0;0;0;0;0;0;0;0;0;0;0;0;0;1;0;0;0;0;0;0;0;0;0;0;234;199;35;234;0;29;83.7;0.85;1
312520;Rain World;Videocult;Akupara Games;28 Mar, 2017;11.99;0;1000000;836;94.11;39787;2490;0;47;5;10;full;1;0;0;4.0;1;Novato;241;1;1;0;0;1;0;0;0;0;0;0;0;0;0;1;1;0;0;0;1;0;1;1;1;0;1;1;0;0;0;1;0;0;0;0;0;1;0;0;0;0;0;0;1;1;0;0;0;0;0;0;0;1;0;0;0;0;0;0;0;0;1;0;0;0;0;0;1;0;1;0;1;0;0;0;0;0;0;1000;938;62;800;0;2;73.06;0.938;1
285190;Warhammer 40,000: Dawn of War III;Relic Entertainment, Feral Interactive (Mac), Feral Interactive (Linux);Relic Entertainment, Feral Interactive (Mac), Feral Interactive (Linux);27 Apr, 2017;33.49;0;1000000;88;48.31;10879;11638;0;84;0;13;none;1;1;1;0.0;2;Novato;193;1;0;0;0;0;0;0;0;1;0;1;0;0;0;1;1;0;0;0;0;0;1;1;1;0;1;0;0;0;0;0;0;0;1;0;0;0;0;0;0;0;1;0;0;0;0;1;1;0;0;0;0;0;0;0;0;0;0;0;0;0;0;0;0;0;0;0;1;0;0;1;0;0;0;0;1;0;0;1000;504;496;787;0;10;22.13;0.504;1
202170;Sleeping Dogs;United Front Games;Square Enix;;0.0;0;1000000;18;94.44;16134;950;0;59;25;7;full;1;0;0;0.0;1;Novato;140;1;1;0;0;0;0;0;0;0;0;0;0;0;0;1;0;0;0;0;1;0;1;1;0;0;1;0;0;0;0;1;0;0;1;0;0;0;0;1;0;0;0;0;0;0;0;0;1;0;0;0;1;0;0;0;0;0;0;0;0;0;0;0;0;0;0;0;1;0;0;0;0;0;0;0;0;0;0;578;521;57;372;0;29;35.96;0.901;1
235600;Tom Clancy’s Splinter Cell Blacklist;Ubisoft Toronto;Ubisoft;20 Aug, 2013;3.99;0;1000000;43;79.96;15918;3989;0;28;0;16;none;1;0;0;2.0;1;Novato;208;1;1;0;0;0;0;0;0;0;0;0;0;0;0;1;1;1;0;0;0;0;1;0;0;0;0;0;0;0;1;0;0;0;1;0;0;0;0;1;0;0;1;0;0;0;0;1;1;0;0;0;0;0;0;0;0;0;0;0;0;0;0;0;0;0;0;0;1;0;0;0;0;0;0;0;0;1;1;1000;676;324;959;0;8;19.07;0.676;1
34030;Total War: NAPOLEON – Definitive Edition;CREATIVE ASSEMBLY, Feral Interactive (Mac);SEGA, Feral Interactive (Mac);25 Feb, 2010;19.99;0;1000000;929;91.38;23179;2186;0;71;0;8;none;1;1;0;1.0;1;Novato;155;0;0;0;0;0;0;0;0;0;0;1;0;0;0;1;1;0;0;0;0;0;1;0;0;0;1;0;0;0;0;0;0;0;0;0;0;0;0;0;0;1;1;0;0;0;0;1;1;0;0;0;0;1;0;0;0;0;0;0;0;0;0;0;0;0;0;0;0;0;0;0;0;0;0;0;0;0;0;1000;933;67;773;0;6;201.77;0.933;1
459820;Crush Crush;Sad Panda Studios;Sad Panda Studios;18 Oct, 2016;0.0;1;1000000;892;89.16;24246;2949;0;25;4;13;none;1;1;1;1.0;1;Novato;141;0;0;1;0;1;0;0;0;0;0;0;0;0;0;1;0;0;0;0;0;0;1;0;0;1;1;0;0;0;0;0;0;0;0;0;0;0;0;0;0;0;0;0;0;0;0;0;0;0;0;0;0;0;0;0;0;0;0;0;1;1;0;0;0;0;0;0;0;0;0;1;1;0;1;0;0;0;0;999;840;159;999;0;7;171.1;0.841;1
47810;Dragon Age: Origins - Ultimate Edition;BioWare;Electronic Arts;26 Oct, 2010;29.99;0;1000000;394;86.58;24599;3813;0;0;0;4;none;1;0;0;0.0;5;Establecido;241;0;0;0;0;0;0;1;0;0;0;0;0;0;0;1;0;0;0;0;0;0;0;0;0;0;0;0;0;0;0;1;0;0;1;0;0;0;0;1;0;0;1;0;0;0;0;0;0;0;0;0;0;0;0;0;0;0;0;0;0;0;0;0;0;0;0;0;0;0;0;0;0;0;0;0;0;0;0;998;756;242;926;0;5;65.19;0.758;1
280790;Creativerse;Playful Corp.;Playful Corp.;8 May, 2017;24.99;0;1000000;35;77.65;24051;6924;0;0;1;1;none;1;0;0;6.0;1;Novato;52;1;1;1;0;1;1;1;0;1;0;0;0;0;0;1;1;1;1;0;0;0;0;0;1;0;1;0;0;0;1;1;1;0;0;0;0;1;0;1;0;0;0;0;0;0;0;1;1;0;0;0;1;0;0;0;0;0;0;0;0;0;0;0;0;0;0;0;0;0;0;0;1;0;0;0;0;0;0;946;551;395;246;0;29;195.64;0.582;1
1313860;EA SPORTS™ FIFA 21;EA Canada;Electronic Arts;8 Oct, 2020;0.0;0;1000000;138;76.23;42906;13377;0;36;0;20;full;1;0;0;8.0;1;Novato;149;0;0;0;0;0;0;0;0;1;1;0;0;0;0;1;1;0;0;0;1;0;1;0;0;1;0;0;0;0;0;0;0;0;0;0;0;0;0;0;0;0;0;0;0;0;0;1;1;1;1;0;0;1;0;0;1;0;0;0;0;0;0;0;1;0;0;0;0;0;0;1;0;0;0;0;0;0;0;412;307;105;412;0;29;359.76;0.745;1
2280;DOOM + DOOM II;id Software, Nightdive Studios;Bethesda;3 Aug, 2007;6.99;0;1000000;345;96.48;24105;879;0;33;0;12;full;1;0;0;0.0;1;Novato;162;1;0;0;0;0;0;0;0;0;0;0;0;0;0;1;1;1;1;0;1;0;0;1;0;0;0;1;1;0;1;0;0;0;0;0;0;0;0;0;0;0;0;0;0;0;0;0;1;0;0;0;0;0;0;0;0;0;0;0;0;0;0;0;0;0;0;0;0;0;1;0;0;0;0;0;0;1;0;1000;973;27;893;0;4;16.83;0.973;1
637090;BATTLETECH;Harebrained Schemes;Paradox Interactive;24 Apr, 2018;23.99;0;1000000;1446;83.76;26438;5125;0;128;5;4;none;1;1;1;8.0;2;Novato;180;1;1;0;0;0;0;0;0;0;0;1;0;0;0;1;1;0;0;0;0;0;1;1;0;0;1;1;0;0;0;0;0;0;1;0;0;0;0;1;0;1;1;0;0;0;0;0;1;0;0;0;0;0;1;0;0;0;0;0;0;0;0;0;0;0;0;0;0;0;1;0;0;0;0;0;0;0;0;1000;831;169;752;0;10;424.28;0.831;1
690790;DiRT Rally 2.0;Codemasters;Codemasters, Electronic Arts;25 Feb, 2019;19.99;0;1000000;631;88.31;39383;5212;0;71;44;8;full;1;0;0;8.0;1;Novato;217;0;0;0;0;0;0;0;1;1;1;0;0;0;0;1;1;0;0;0;1;0;1;1;0;0;0;0;0;0;1;1;0;0;0;0;0;0;0;0;0;0;0;0;0;0;0;1;1;0;0;0;0;1;0;0;1;1;0;0;0;0;0;0;1;0;0;0;0;0;1;0;0;0;0;1;0;0;0;1000;916;84;887;0;4;47.84;0.916;1
704850;Thief Simulator;Noble Muffins;PlayWay S.A.;9 Nov, 2018;10.49;0;1000000;243;88.25;31601;4206;0;33;2;14;none;1;1;0;8.0;1;Novato;127;1;1;0;0;1;0;0;0;1;0;0;0;0;0;1;0;0;0;0;0;1;1;1;0;0;0;0;0;0;1;1;0;0;0;0;0;0;0;1;0;0;0;0;0;0;0;1;0;0;0;0;1;1;0;0;0;0;0;0;0;0;0;0;1;0;0;0;1;0;0;0;1;0;0;0;0;1;1;1000;862;138;921;0;4;15.94;0.862;1
424370;Wolcen: Lords of Mayhem;WOLCEN Studio;WOLCEN Studio;13 Feb, 2020;14.99;0;1000000;30;55.92;37846;29831;0;64;2;11;none;1;0;0;8.0;1;Novato;265;1;1;0;0;1;0;1;0;0;0;0;0;0;0;1;0;0;0;0;0;1;0;0;0;0;0;0;0;0;0;0;0;0;0;0;0;0;0;1;1;0;0;0;0;0;0;1;1;0;0;0;0;0;0;0;0;0;0;0;0;0;0;0;0;0;0;0;0;0;1;0;1;0;0;0;0;0;0;1000;555;445;847;0;21;42.99;0.555;1
851850;DRAGON BALL Z: KAKAROT;CyberConnect2 Co. Ltd.;Bandai Namco Entertainment Inc.;16 Jan, 2020;15.99;0;1000000;264;93.23;50976;3704;0;42;13;15;full;1;0;0;4.0;2;Novato;204;1;0;0;0;0;0;1;0;0;0;0;0;0;0;1;0;0;0;0;1;0;1;1;0;0;1;0;0;0;0;1;0;0;1;0;0;0;0;1;1;0;0;0;0;0;0;0;1;0;0;0;0;0;0;0;0;0;0;0;0;1;0;0;0;0;0;0;1;0;1;0;0;0;0;0;0;0;0;999;928;71;737;0;4;40.16;0.929;1
243470;Watch_Dogs™;Ubisoft;Ubisoft;26 May, 2014;15.99;0;1000000;388;78.23;35770;9953;0;49;4;15;none;1;0;0;6.0;3;Establecido;109;1;1;0;0;0;0;0;0;0;0;0;0;0;0;1;1;0;0;0;0;1;1;0;0;0;1;0;0;0;0;1;0;0;0;0;0;0;0;1;0;0;1;0;0;0;0;1;1;0;0;0;0;1;0;0;0;0;0;0;0;0;0;0;0;0;0;0;1;0;0;0;0;0;0;0;0;0;1;1000;867;133;951;0;3;28.1;0.867;1
491950;Orwell: Keeping an Eye On You;Osmotic Studios;Daedalic Entertainment;27 Oct, 2016;5.79;0;1000000;14;90.54;13540;1414;0;27;1;10;none;1;1;1;4.0;1;Novato;298;0;1;0;0;1;0;0;0;1;0;0;0;0;0;1;0;0;0;0;0;0;1;1;0;0;1;0;0;0;0;0;0;0;1;0;0;0;0;0;0;0;0;0;0;0;0;0;0;0;0;0;0;1;0;0;0;0;0;1;1;0;0;0;0;0;0;0;1;0;0;0;1;0;0;0;0;0;0;1000;845;155;757;0;20;7.22;0.845;1
1384160;GUILTY GEAR -STRIVE-;Arc System Works;Arc System Works;11 Jun, 2021;19.99;0;1000000;2463;88.2;52377;7005;0;39;40;10;full;1;0;0;4.0;2;Novato;260;1;0;0;0;0;0;0;0;0;0;0;0;0;0;1;1;0;0;0;1;0;1;1;0;0;0;1;0;0;0;0;0;0;1;0;0;0;0;0;0;0;0;0;0;0;0;0;1;0;1;0;0;0;0;0;0;0;0;0;0;1;1;1;0;0;0;0;0;0;0;1;0;0;0;0;0;0;0;1000;786;214;681;0;2;123.88;0.786;1
2622000;Astral Party;STAR ENGINE PROJECT;Neverland Entertainment;28 Feb, 2024;0.0;1;1000000;3227;56.26;9547;7422;0;0;0;4;none;1;0;0;8.0;1;Novato;202;0;0;1;0;1;0;1;0;0;0;1;0;0;0;0;1;1;1;0;0;0;0;0;0;1;0;0;0;0;0;0;0;0;0;0;0;0;0;1;0;1;1;0;0;0;0;0;1;0;1;0;0;0;0;0;0;0;0;0;0;1;0;0;0;0;0;0;0;1;0;1;1;0;1;0;0;0;0;999;530;469;999;0;4;127.15;0.531;1
1061910;Metal: Hellsinger;The Outsiders;Funcom;15 Sep, 2022;29.99;0;1000000;45;96.03;15140;626;0;28;3;12;none;1;0;0;8.0;1;Novato;209;1;1;0;0;0;0;0;0;0;0;0;0;0;0;1;0;0;0;0;0;1;1;1;0;0;0;0;0;0;1;0;0;0;0;0;0;0;0;0;0;0;0;0;0;0;0;0;0;0;0;0;0;0;0;0;0;0;0;0;0;0;0;1;0;0;0;1;1;0;0;0;0;0;0;0;0;1;0;1000;924;76;682;0;11;8.66;0.924;1
247080;Crypt of the NecroDancer;Brace Yourself Games;Brace Yourself Games, Klei Entertainment;23 Apr, 2015;6.99;0;1000000;114;95.77;24053;1063;0;61;14;11;full;1;1;1;0.98;1;Novato;223;1;0;0;0;1;0;1;0;0;0;0;0;0;0;1;1;1;0;0;1;0;1;1;1;0;1;1;1;0;0;0;0;0;0;0;0;0;0;1;0;0;0;0;0;0;0;1;0;1;0;0;0;0;0;0;0;0;0;0;0;0;1;0;0;0;0;0;0;0;1;0;1;0;0;0;0;0;0;1000;914;86;920;0;11;29.87;0.914;1
392110;ENDLESS™ Space 2;AMPLITUDE Studios;AMPLITUDE Studios;18 May, 2017;33.99;0;1000000;359;83.49;18526;3664;0;115;21;10;none;1;1;0;4.0;3;Establecido;244;0;0;0;0;0;0;0;0;0;0;1;0;0;0;1;1;0;0;0;0;0;1;1;1;0;1;0;0;0;0;1;0;0;0;0;0;0;0;1;0;1;1;0;0;0;0;1;1;0;0;0;1;0;0;0;0;0;0;0;0;0;0;0;0;0;0;0;1;0;0;0;1;0;0;0;0;0;0;1000;774;226;771;0;15;175.8;0.774;1
47830;Medal of Honor™;Electronic Arts;Electronic Arts;12 Oct, 2010;19.99;0;1000000;1;70.68;3382;1403;0;0;0;8;none;1;0;0;0.0;2;Novato;168;1;0;0;0;0;0;0;0;0;0;0;0;0;0;1;1;0;0;0;0;0;0;0;0;0;0;0;0;0;1;1;0;0;0;0;0;0;0;0;0;0;0;0;0;0;0;1;1;0;0;0;0;0;0;0;0;0;0;0;0;0;0;0;1;0;0;0;1;0;0;0;0;0;0;0;0;1;1;27;22;5;22;0;17;177.4;0.815;1
214420;Gear Up;Doctor Entertainment AB;Doctor Entertainment AB;28 Jan, 2015;0.0;1;1000000;4;74.66;6243;2119;0;27;0;11;none;1;1;1;2.0;1;Novato;239;1;0;0;0;1;0;0;0;0;0;0;0;0;0;0;1;0;0;0;0;1;1;1;0;0;1;0;0;0;0;1;0;0;0;0;0;0;0;0;0;0;1;0;0;0;0;0;1;0;1;0;1;1;0;0;0;0;0;0;0;0;0;0;0;0;0;0;0;0;0;0;1;0;1;0;0;1;0;203;160;43;203;0;29;24.11;0.788;1
9340;Company of Heroes: Opposing Fronts;Relic Entertainment;SEGA;24 Sep, 2007;9.49;0;1000000;19;91.83;1045;93;0;0;0;1;none;1;0;0;0.5;5;Establecido;340;1;0;0;0;0;0;0;0;0;0;1;0;0;0;1;1;0;0;0;0;0;0;1;0;0;0;0;0;0;0;0;0;0;0;0;0;0;0;0;0;0;1;0;0;0;0;1;1;0;0;0;0;1;0;0;0;0;0;0;0;0;0;0;0;0;0;0;0;0;0;0;0;0;0;0;0;0;0;149;133;16;110;0;29;143.99;0.893;1
438040;Shakes and Fidget;Playa Games GmbH;Playa Games GmbH;24 Feb, 2016;0.0;1;1000000;1389;92.47;33837;2756;0;0;0;9;none;1;1;0;4.0;1;Novato;235;0;1;1;0;1;1;1;0;0;0;1;0;0;0;1;1;0;0;0;0;0;0;0;0;1;1;0;0;0;0;0;0;0;1;0;0;0;0;1;0;0;1;0;0;0;0;0;1;0;0;0;0;0;0;0;0;0;0;0;0;0;0;0;0;0;0;0;0;0;0;1;1;0;1;0;0;0;0;1000;793;207;1000;0;14;423.77;0.793;1
752590;A Plague Tale: Innocence;Asobo Studio;Focus Entertainment;14 May, 2019;24.99;0;1000000;145;93.44;58909;4133;0;35;1;14;full;1;0;0;8.0;2;Novato;129;1;1;0;0;0;0;0;0;0;0;0;0;0;0;1;0;0;0;0;1;0;1;1;0;0;1;0;0;0;0;0;0;0;1;0;0;1;1;0;0;0;0;0;0;0;0;0;0;0;0;0;0;0;0;0;0;0;1;0;0;0;0;0;0;0;0;1;1;0;0;0;0;0;0;0;0;0;1;1000;925;75;844;0;3;14.76;0.925;1
736220;Squad 44;Offworld;Offworld;9 Aug, 2018;10.49;0;1000000;143;75.04;18508;6156;0;0;1;9;none;1;0;0;16.0;2;Novato;214;1;0;0;0;1;1;0;0;0;0;1;0;0;0;0;1;0;0;0;0;1;0;0;1;0;0;0;0;0;1;1;0;0;0;0;0;0;0;0;0;0;1;0;0;0;0;1;1;0;0;0;0;1;0;0;0;0;0;0;0;0;0;0;1;0;0;0;0;0;0;0;1;0;0;0;0;1;0;1000;643;357;732;0;13;128.79;0.643;1
933110;Age of Empires III: Definitive Edition;World's Edge, Tantalus Media, Forgotten Empires;Xbox Game Studios;15 Oct, 2020;0.0;1;1000000;3016;84.69;40941;7401;0;88;9;13;none;1;0;0;8.0;1;Novato;199;0;0;0;0;0;0;0;0;0;0;1;0;0;0;1;1;0;0;0;0;0;1;1;0;0;1;0;0;0;0;0;0;0;1;0;0;0;0;0;0;0;1;0;0;0;0;1;1;0;1;0;0;0;0;1;0;0;0;0;0;0;0;1;0;0;0;0;0;0;0;0;0;0;1;0;0;0;0;1000;919;81;1000;0;3;134.36;0.919;1
24200;DC Universe™ Online;Dimensional Ink Games;Daybreak Game Company;2 Nov, 2011;0.0;1;1000000;546;80.52;16923;4093;0;202;2;1;none;1;0;0;1.0;1;Novato;279;1;1;0;0;0;1;1;0;0;0;0;0;0;0;0;1;1;1;0;0;1;1;0;0;0;0;0;0;0;0;1;0;0;0;0;0;0;0;1;0;0;0;0;0;0;0;1;1;0;1;0;0;0;0;0;0;0;0;0;0;0;0;0;0;0;0;0;0;0;0;0;0;0;1;0;0;0;0;1000;821;179;1000;0;13;182.28;0.821;1
304670;Aeon Command;Bat Country Games, LLC;Bat Country Games, LLC;3 Jul, 2014;2.99;0;1000000;0;78.88;325;87;0;10;0;1;none;1;1;1;1.0;1;Novato;327;0;0;1;0;1;0;0;0;0;0;1;0;0;0;1;0;0;0;0;0;0;1;1;0;0;1;0;0;0;0;0;0;0;0;0;0;0;0;0;0;0;1;0;0;0;0;0;0;0;0;0;0;0;0;0;0;0;0;0;0;0;0;0;0;0;0;0;0;0;0;1;1;0;0;0;0;0;0;20;18;2;15;0;12;15.25;0.9;1
228200;Company of Heroes;Relic Entertainment;Relic Entertainment;11 Sep, 2006;9.49;0;1000000;864;94.43;16025;946;0;0;0;11;none;1;0;0;0.5;5;Establecido;281;1;0;0;0;0;0;0;0;0;0;1;0;0;0;1;1;0;0;0;0;0;0;1;1;0;1;0;0;0;0;0;0;0;1;0;0;0;0;0;0;0;1;0;0;0;0;1;1;0;0;0;0;0;0;0;0;0;0;0;0;0;0;0;0;0;0;0;0;0;0;0;0;0;0;0;0;0;0;999;923;76;788;0;9;247.31;0.924;1
233720;Surgeon Simulator;Bossa Studios;Infogrames, Atari;19 Apr, 2013;5.79;0;1000000;11;82.25;13566;2927;0;123;0;13;none;1;1;1;2.0;1;Novato;280;1;0;0;0;1;0;0;0;1;0;0;0;0;0;1;0;0;0;0;0;0;1;1;0;0;1;0;0;0;1;0;0;0;0;0;0;0;0;0;0;0;0;0;0;0;0;0;0;0;0;0;0;1;0;0;0;0;1;0;0;0;0;0;0;0;0;1;0;0;1;1;1;0;0;1;0;0;0;1000;752;248;885;0;22;9.8;0.752;1
1483870;Draw & Guess;Acureus;Acureus;12 Mar, 2021;2.99;0;1000000;296;84.02;28294;5381;0;0;0;12;none;1;1;1;1.0;1;Novato;157;0;0;1;0;1;0;0;0;0;0;0;0;0;0;1;1;1;1;0;0;0;0;0;1;1;1;0;0;0;0;0;0;0;0;0;0;0;0;0;0;0;0;0;0;0;0;1;1;0;1;0;0;0;0;0;0;0;1;0;0;0;1;0;0;0;1;0;0;1;0;1;0;0;0;0;0;0;0;1000;798;202;901;0;8;48.52;0.798;1
692850;Bloodstained: Ritual of the Night;ArtPlay;505 Games;18 Jun, 2019;24.99;0;1000000;158;93.7;36999;2486;0;57;6;11;full;1;0;0;4.0;1;Novato;296;1;1;0;0;0;0;1;0;0;0;0;0;0;0;1;1;1;1;0;1;0;1;1;0;0;0;1;1;0;0;0;1;0;0;0;0;0;0;1;0;0;0;0;1;1;0;0;0;0;0;0;0;0;0;0;0;0;0;0;0;1;1;0;0;0;0;0;0;0;1;0;1;0;0;0;0;0;0;1000;812;188;680;0;8;31.58;0.812;1
1241100;POLYGON;Redaster Studio;Redaster Studio;6 Mar, 2020;0.0;1;1000000;119;75.03;26313;8756;0;1;0;11;none;1;0;0;4.0;1;Novato;219;1;0;0;0;1;1;0;0;0;0;0;0;0;1;0;1;1;1;0;0;0;1;0;0;1;0;0;0;0;1;0;0;0;0;0;0;0;0;0;0;0;0;0;0;0;0;0;1;0;1;0;0;0;0;0;0;0;0;0;0;0;0;0;0;0;0;0;1;0;0;0;1;1;1;0;0;1;0;1000;746;254;1000;1000;6;17.88;0.746;1
15100;Assassin's Creed™: Director's Cut Edition;Ubisoft Montreal;Ubisoft;9 Apr, 2008;15.99;0;1000000;61;81.39;17822;4075;0;0;0;5;none;1;0;0;1.0;7;Establecido;336;1;1;0;0;0;0;0;0;0;0;0;0;0;0;1;0;0;0;0;0;1;0;0;0;0;0;0;0;0;0;1;0;0;1;0;0;0;0;0;0;0;0;0;0;0;0;0;0;0;0;0;0;0;0;0;0;0;0;0;0;0;0;1;1;0;0;0;1;0;0;0;0;0;0;0;0;0;1;1000;756;244;945;0;4;12.82;0.756;1
1282100;REMNANT II®;Gunfire Games;Arc Games, THQ Nordic;25 Jul, 2023;49.99;0;1000000;1573;83.24;50249;10114;0;65;3;10;full;1;0;0;16.0;3;Establecido;240;1;1;0;0;0;0;1;0;0;0;0;0;0;0;1;1;1;1;0;1;0;1;1;0;0;0;0;0;0;0;0;0;0;0;0;0;0;1;1;0;0;0;0;0;0;0;1;1;0;0;0;0;0;0;0;0;0;0;0;0;0;0;0;0;0;0;1;1;0;0;0;0;0;0;0;0;0;0;1000;745;255;631;0;3;56.18;0.745;1
287290;Resident Evil Revelations 2;CAPCOM Co., Ltd.;CAPCOM Co., Ltd.;24 Feb, 2015;15.0;0;1000000;141;78.12;22413;6276;0;43;22;12;full;1;0;0;2.0;18;AAA;120;1;1;0;0;0;0;0;0;0;0;0;0;0;0;1;1;1;1;0;1;0;1;1;0;0;1;1;1;0;0;0;0;0;1;0;0;1;1;0;1;0;0;0;0;0;0;1;1;1;0;0;0;0;0;0;0;0;0;0;0;0;0;0;0;0;0;0;1;0;0;0;0;0;0;0;0;0;0;1000;779;221;768;0;3;19.39;0.779;1
1225330;NBA 2K21;Visual Concepts;2K;4 Sep, 2020;0.0;0;1000000;148;41.56;16233;22823;0;50;0;9;full;1;0;0;4.0;3;Establecido;163;0;0;0;0;0;0;0;0;1;1;0;0;0;0;1;1;1;1;0;1;0;1;1;0;1;0;1;1;0;0;0;0;0;0;0;0;0;0;0;0;0;0;0;0;0;0;1;1;1;0;0;0;1;1;0;1;0;0;0;0;0;0;1;1;0;0;0;0;0;0;0;0;0;0;0;0;0;0;235;101;134;235;0;28;239.89;0.43;1
4920;Natural Selection 2;Unknown Worlds Entertainment;Unknown Worlds Entertainment, KRAFTON, Inc.;30 Oct, 2012;2.99;0;1000000;95;85.3;11207;1932;0;137;10;10;none;1;0;0;6.0;3;Establecido;120;1;0;0;0;1;0;0;0;0;0;1;0;0;0;0;1;0;0;0;0;0;1;1;1;0;1;0;0;0;1;0;0;0;0;0;0;0;0;0;0;0;1;0;0;0;0;1;1;0;0;0;0;0;0;0;0;0;0;0;0;0;0;0;0;0;0;0;1;0;0;0;1;0;0;0;0;1;0;647;502;145;472;0;29;325.34;0.776;1
1515950;Capcom Arcade Stadium;CAPCOM Co., Ltd.;CAPCOM Co., Ltd.;24 May, 2021;0.0;1;1000000;32;54.39;2397;2010;0;20;43;12;full;1;0;0;4.0;18;AAA;109;1;0;0;0;0;0;0;0;0;0;0;0;0;0;1;1;1;0;0;1;0;1;1;0;1;1;1;1;0;0;0;0;0;0;0;0;0;0;0;0;0;0;0;0;0;0;0;1;1;0;0;0;0;0;0;0;0;0;0;0;0;1;1;0;0;0;0;0;0;0;0;0;0;1;0;0;0;0;1000;643;357;1000;0;29;15.84;0.643;1
19900;Far Cry® 2;Ubisoft Montreal;Ubisoft;22 Oct, 2008;2.39;0;1000000;77;76.59;12895;3942;0;0;0;5;none;1;0;0;0.0;7;Establecido;336;1;0;0;0;0;0;0;0;0;0;0;0;0;0;1;1;0;0;0;0;0;0;0;0;0;0;0;0;0;1;1;0;0;1;0;0;1;0;0;0;0;0;0;0;0;0;1;1;0;0;0;1;0;0;0;0;0;0;0;0;0;0;0;1;0;0;0;1;0;0;0;0;0;0;0;0;1;1;999;714;285;933;0;7;21.26;0.715;1
979690;The Ascent;Neon Giant;KRAFTON, Inc.;29 Jul, 2021;14.99;0;1000000;211;73.99;16932;5952;0;66;9;10;full;1;0;0;8.0;1;Novato;190;1;1;0;0;1;0;1;0;0;0;0;0;0;0;1;1;1;1;0;1;0;1;1;0;0;0;1;1;0;0;1;0;0;0;0;0;0;0;1;1;0;0;0;0;0;0;1;0;1;0;0;0;0;0;0;0;0;0;0;0;0;0;0;0;0;0;0;0;0;0;0;1;0;0;0;0;0;0;1000;704;296;618;0;9;18.28;0.704;1
130;Half-Life: Blue Shift;Gearbox Software;Valve;1 Jun, 2001;2.99;0;1000000;35;92.5;17384;1410;0;0;0;3;none;1;1;1;0.09;5;Establecido;259;1;0;0;0;0;0;0;0;0;0;0;0;0;0;1;0;0;0;0;0;0;0;0;0;0;0;0;0;0;1;0;0;0;1;0;0;0;0;0;0;0;0;0;0;0;0;0;0;0;0;0;0;0;0;0;0;0;1;0;0;0;0;0;0;0;0;0;1;0;0;0;0;0;0;0;0;1;0;1000;936;64;930;0;6;13.9;0.936;1
809960;Radical Heights;Boss Key Productions;Boss Key Productions;10 Apr, 2018;0.0;0;1000000;0;61.97;6072;3727;0;0;0;7;none;1;0;0;8.0;1;Novato;278;1;1;0;0;1;1;0;0;0;0;0;0;0;1;0;1;0;0;0;0;0;0;0;0;1;0;0;0;0;0;1;0;0;0;0;0;1;0;0;0;0;0;0;0;0;0;1;1;0;1;1;0;0;0;0;0;0;0;0;0;1;0;0;0;0;0;0;0;0;0;0;1;1;1;0;0;1;0;102;84;18;102;102;28;15.71;0.824;1
232050;Eador. Masters of the Broken World;Snowbird Games;Snowbird Games;19 Apr, 2013;19.99;0;1000000;31;68.21;1871;872;0;56;1;7;none;1;0;0;2.0;1;Novato;281;0;0;0;0;1;0;1;0;0;0;1;0;0;0;1;1;1;0;0;0;0;1;1;0;0;1;1;1;0;0;0;0;0;0;0;0;0;0;1;0;1;1;0;0;0;0;0;1;0;0;0;0;0;0;0;0;0;0;0;0;0;0;0;0;0;0;0;0;0;1;0;1;0;0;0;0;0;0;165;108;57;93;0;29;199.32;0.655;1
47790;Medal of Honor™;Electronic Arts;Electronic Arts;12 Oct, 2010;19.99;0;1000000;24;75.76;7621;2438;0;0;0;8;none;1;0;0;0.0;2;Novato;168;1;0;0;0;0;0;0;0;0;0;0;0;0;0;1;1;0;0;0;0;0;0;0;0;0;0;0;0;0;1;1;0;0;1;0;0;0;0;0;0;0;0;0;0;0;0;1;1;0;0;0;0;0;0;0;0;0;0;0;0;0;0;0;1;0;0;0;1;0;0;0;0;0;0;1;0;1;1;1000;845;155;844;0;12;8.34;0.845;1
253980;Enclave;Starbreeze;Topware Interactive;4 Oct, 2013;5.79;0;1000000;63;79.44;5068;1312;0;0;2;6;none;1;1;1;1.0;1;Novato;243;1;0;0;0;0;0;1;0;0;0;0;0;0;0;1;0;0;0;0;0;0;0;1;0;0;1;0;0;0;1;1;0;0;0;0;0;0;0;1;1;0;0;0;0;0;0;0;1;0;0;0;0;0;0;0;0;0;0;0;0;0;0;0;0;0;0;0;1;0;0;0;0;0;0;0;0;0;0;542;441;101;200;0;29;9.06;0.814;1
292730;Call of Duty®: Infinite Warfare;Infinity Ward;Activision;3 Nov, 2016;19.79;0;1000000;326;59.84;16982;11396;0;88;6;12;full;1;0;0;8.0;7;Establecido;86;1;1;0;0;0;0;0;0;0;0;0;0;0;0;1;1;1;1;0;1;0;1;0;0;0;0;0;0;0;1;0;0;0;1;0;0;0;0;0;0;0;0;0;0;0;0;1;1;0;0;0;0;0;0;0;0;0;0;0;0;0;0;0;0;0;0;0;1;0;0;0;0;0;0;0;0;1;0;1000;886;114;864;0;7;34.98;0.886;1
774361;Blasphemous;The Game Kitchen;Team17;10 Sep, 2019;12.49;0;1000000;479;90.11;46393;5091;0;45;4;10;full;1;1;1;4.0;1;Novato;268;1;1;0;0;1;0;0;0;0;0;0;0;0;0;1;0;0;0;0;1;0;1;1;0;0;1;0;0;0;0;0;0;0;0;0;0;0;1;0;0;0;0;0;1;1;0;0;0;0;0;0;0;0;0;0;0;0;0;0;0;0;1;0;0;0;0;0;0;0;1;0;1;0;0;0;0;0;0;1000;887;113;829;0;2;27.41;0.887;1
34270;SEGA Mega Drive and Genesis Classics;D3T Limited;SEGA;1 Jun, 2010;0.0;0;1000000;22;80.77;9533;2269;0;25;0;1;full;1;1;1;0.0;1;Novato;266;1;1;1;0;0;0;1;0;0;0;0;0;0;0;1;1;1;0;0;1;0;0;0;1;0;1;1;1;0;0;0;0;0;0;0;0;0;0;1;0;0;0;0;1;0;0;1;1;0;0;0;0;0;0;0;0;0;0;0;0;0;1;0;0;0;0;0;0;0;0;1;0;0;0;1;0;0;0;1000;503;497;1000;0;18;20.17;0.503;1
4500;S.T.A.L.K.E.R.: Shadow of Chernobyl;GSC Game World;GSC Game World;20 Mar, 2007;11.99;0;1000000;185;94.65;44761;2530;0;0;0;9;none;1;0;0;0.5;2;Novato;237;1;0;0;0;0;0;1;0;0;0;0;0;0;0;1;1;0;0;0;0;0;0;1;0;0;0;0;0;0;1;1;0;0;0;0;0;1;1;1;0;0;0;0;0;0;0;0;0;0;0;0;0;0;0;0;0;0;0;0;0;0;0;0;0;0;0;0;1;0;1;0;0;0;0;0;0;1;0;999;898;101;795;0;7;31.5;0.899;1
251060;Wargame: Red Dragon;Eugen Systems;Eugen Systems;17 Apr, 2014;29.99;0;1000000;434;88.81;17036;2147;0;0;9;11;none;1;1;1;2.0;1;Novato;247;0;0;0;0;1;0;0;0;1;0;1;0;0;0;1;1;1;1;0;0;0;0;1;0;0;1;0;0;0;0;0;0;0;0;0;0;0;0;0;0;0;1;0;0;0;0;1;1;0;0;0;0;1;0;0;0;0;0;0;0;0;0;0;1;0;0;0;0;0;1;0;0;0;0;0;0;0;0;1000;819;181;824;0;18;281.4;0.819;1
32470;STAR WARS™ Empire at War - Gold Pack;Petroglyph;LucasArts, Lucasfilm, Disney;25 May, 2010;10.49;0;1000000;2818;97.64;38503;932;0;0;0;5;none;1;0;0;0.0;1;Novato;229;0;0;0;0;0;0;0;0;0;0;1;0;0;0;1;1;0;0;0;0;0;0;1;0;0;0;0;0;0;0;0;0;0;0;0;0;0;0;0;0;0;1;0;0;0;0;1;1;0;0;0;0;1;0;0;0;0;0;0;0;0;0;0;0;0;0;0;1;0;0;0;0;0;0;0;0;0;0;1000;985;15;818;0;4;217.66;0.985;1
837470;Untitled Goose Game;House House;Panic;23 Sep, 2020;15.99;0;1000000;100;95.84;21184;920;0;25;0;14;full;1;1;0;0.0;1;Novato;66;1;0;0;0;1;0;0;0;0;0;0;0;0;0;1;1;1;0;0;1;0;1;1;0;0;0;1;1;0;0;0;0;0;0;0;0;0;0;0;0;0;0;0;0;0;0;1;1;1;0;0;1;1;0;0;0;0;1;0;0;0;0;0;0;0;0;0;0;0;0;0;1;0;0;0;0;0;1;1000;959;41;927;0;5;10.79;0.959;1
834910;ATLAS;Grapeshot Games, Instinct Games;Grapeshot Games, Snail Games USA;22 Dec, 2018;14.99;0;1000000;468;47.36;20142;22392;0;0;1;10;full;1;0;0;4.0;1;Novato;288;1;1;0;0;0;1;1;0;0;0;0;0;0;1;1;1;1;1;0;1;0;0;0;1;0;0;0;0;0;0;1;1;0;0;0;0;1;0;1;0;0;0;0;0;0;0;1;1;0;1;0;1;0;0;0;0;0;0;0;0;0;0;0;0;0;0;0;0;0;0;0;0;1;0;0;0;0;0;1000;447;553;848;1000;18;564.18;0.447;1
454650;DRAGON BALL XENOVERSE 2;QLOC, Dimps Corporation;Bandai Namco Entertainment;27 Oct, 2016;15.99;0;1000000;652;90.35;47781;5102;0;61;30;13;full;1;0;0;4.0;1;Novato;202;1;1;1;0;0;1;0;0;0;0;0;0;0;0;1;1;1;1;0;1;0;1;1;0;0;0;0;0;0;0;1;0;0;1;0;0;0;0;1;0;0;0;0;0;0;0;1;1;0;0;0;0;0;0;0;0;0;0;0;0;1;0;0;0;0;0;0;0;0;0;1;0;0;0;0;0;0;0;1000;893;107;752;0;3;62.44;0.893;1
1238820;Battlefield 3™;DICE;Electronic Arts;11 Jun, 2020;39.99;0;1000000;90;69.97;10748;4612;0;34;3;12;full;1;0;0;2.0;8;Establecido;277;1;0;0;0;0;0;0;0;0;0;0;0;0;0;1;1;0;0;0;1;0;1;0;0;0;1;0;0;0;1;1;0;0;1;0;0;0;0;0;0;0;0;0;0;0;0;1;1;0;1;0;0;0;0;0;0;0;0;0;0;0;0;0;0;0;0;0;1;0;0;0;0;0;0;0;0;1;0;1000;783;217;913;0;5;22.67;0.783;1
1284410;GWENT: The Witcher Card Game;CD PROJEKT RED;CD PROJEKT RED;19 May, 2020;0.0;1;1000000;619;81.88;24044;5320;0;46;1;12;none;1;0;0;4.0;5;Establecido;68;0;0;0;0;0;0;1;0;0;0;1;0;0;0;1;1;0;0;0;0;1;1;0;0;1;1;0;0;0;0;0;0;0;0;0;0;0;0;1;0;1;1;0;0;0;0;0;1;0;1;0;0;0;0;0;0;0;0;0;0;0;0;0;0;0;0;0;1;0;1;1;0;0;1;0;0;0;0;1000;801;199;1000;0;11;167.57;0.801;1
323470;DRAGON BALL XENOVERSE;DIMPS;BANDAI NAMCO Entertainment;26 Feb, 2015;5.19;0;1000000;63;89.82;18775;2127;0;50;4;8;none;1;0;0;2.0;1;Novato;242;1;0;0;0;0;0;0;0;0;0;0;0;0;0;1;1;1;0;0;0;1;1;1;0;0;1;0;0;0;0;1;0;0;0;0;0;0;0;1;1;0;0;0;0;0;0;1;1;1;0;0;0;0;0;0;0;0;0;0;0;1;0;0;0;0;0;0;0;0;0;0;0;0;0;0;0;0;0;1000;911;89;838;0;10;28.72;0.911;1
1089980;The Henry Stickmin Collection;PuffballsUnited;Innersloth;7 Aug, 2020;6.99;0;1000000;185;98.66;50017;681;0;82;0;1;none;1;1;0;4.0;1;Novato;65;0;1;1;0;1;0;0;0;0;0;0;0;0;0;1;0;0;0;0;0;0;1;0;0;0;0;0;0;0;0;0;0;0;0;0;0;0;0;0;0;0;0;0;0;0;0;0;0;0;0;0;0;0;0;0;0;0;0;1;0;0;1;0;0;0;0;0;0;0;0;1;1;0;0;0;0;0;0;1000;987;13;929;0;3;23.74;0.987;1
1147560;Skul: The Hero Slayer;SOUTHPAW GAMES;NEOWIZ;20 Jan, 2021;19.99;0;1000000;1205;93.29;51218;3683;0;101;2;11;full;1;1;1;4.0;1;Novato;165;1;0;0;0;1;0;0;0;0;0;0;0;0;0;1;0;0;0;0;1;0;0;1;0;0;0;0;0;0;0;0;0;0;1;0;0;0;0;0;0;0;0;0;1;1;0;0;1;0;0;0;0;0;0;0;0;0;0;0;0;0;1;0;0;0;0;0;0;0;1;0;1;0;0;0;0;0;0;1000;907;93;875;0;5;67.59;0.907;1
214560;Mark of the Ninja;Klei Entertainment;Microsoft Studios;;0.0;0;1000000;2;96.99;15360;476;0;38;0;6;full;1;1;1;2.0;4;Establecido;281;1;1;0;0;1;0;0;0;0;0;0;0;0;0;1;0;0;0;0;1;0;1;1;0;0;1;0;0;0;0;0;0;0;1;0;0;0;0;0;0;0;1;0;1;0;0;0;0;0;0;0;0;0;0;0;0;0;1;0;0;0;1;0;0;0;1;1;1;0;0;1;1;0;0;0;0;0;1;263;250;13;177;0;29;21.77;0.951;1
225080;Brothers - A Tale of Two Sons;Starbreeze Studios AB;505 Games;3 Sep, 2013;7.99;0;1000000;9;94.45;38721;2274;0;12;0;9;full;1;0;0;2.0;1;Novato;242;1;1;0;0;1;0;0;0;0;0;0;0;0;0;1;0;0;0;0;1;0;0;0;0;0;0;0;0;0;0;0;0;0;1;0;0;0;0;0;0;0;0;0;1;0;0;0;1;1;0;0;0;0;0;0;0;0;1;0;0;0;0;0;0;0;0;0;1;0;0;1;1;0;0;0;0;0;0;1000;900;100;676;0;23;6.59;0.9;1
237930;Transistor;Supergiant Games;Supergiant Games;20 May, 2014;3.99;0;1000000;10;94.1;28786;1806;0;33;1;10;full;1;1;1;4.0;4;Establecido;90;1;0;0;0;1;0;1;0;0;0;0;0;0;0;1;0;0;0;0;1;0;1;1;0;0;1;0;0;0;0;0;0;0;1;0;0;0;0;1;1;1;1;0;0;0;0;0;0;0;0;0;0;0;0;0;0;0;0;0;0;0;0;0;0;0;0;0;1;0;0;0;1;0;0;0;0;0;0;1000;877;123;920;0;17;10.94;0.877;1
96100;Defy Gravity Extended;Paul Fisch;Fish Factory Games;18 Mar, 2016;1.49;0;1000000;0;86.12;7365;1187;0;8;1;1;full;1;0;0;0.0;1;Novato;112;1;0;1;0;1;0;0;0;0;0;0;0;0;0;1;0;0;0;0;1;0;1;0;0;0;1;0;0;0;0;0;0;0;0;0;0;0;0;0;0;0;0;0;1;0;0;0;1;0;0;0;0;0;0;0;0;0;1;0;0;0;1;0;0;0;0;0;0;0;1;1;1;0;0;0;0;0;0;124;100;24;100;0;28;5.13;0.806;1
113200;The Binding of Isaac;Edmund McMillen, Florian Himsl;Edmund McMillen;28 Sep, 2011;1.99;0;1000000;213;94.9;57299;3080;0;99;1;1;none;1;1;0;0.0;1;Novato;49;1;1;0;0;1;0;1;0;0;0;0;0;0;0;1;0;0;0;0;0;0;1;0;0;0;1;0;0;0;0;0;0;0;0;0;0;1;0;1;0;0;0;0;0;0;0;0;0;0;0;0;0;0;0;0;0;0;0;0;0;0;1;0;0;0;0;1;0;0;1;0;1;0;0;0;0;0;0;1000;891;109;896;0;5;31.04;0.891;1
2310;Quake;id Software, Nightdive Studios, MachineGames;Bethesda Softworks;3 Aug, 2007;9.99;0;1000000;82;96.71;13926;474;0;35;0;6;full;1;0;0;0.0;1;Novato;267;1;0;0;0;0;0;0;0;0;0;0;0;0;0;1;1;1;1;0;1;0;0;1;0;0;0;1;1;0;1;0;0;0;0;0;0;0;1;0;0;0;0;0;0;0;0;1;1;0;0;0;0;0;0;0;0;0;0;0;0;0;0;0;0;0;0;0;1;0;0;0;0;0;0;0;0;1;0;1000;937;63;853;0;10;22.49;0.937;1
599140;Graveyard Keeper;Lazy Bear Games;tinyBuild;15 Aug, 2018;10.49;0;1000000;941;86.42;37721;5926;0;125;5;11;full;1;1;1;4.0;2;Novato;186;0;1;0;0;1;0;1;0;1;0;0;0;0;0;1;0;0;0;0;1;0;1;1;0;0;1;0;0;0;0;0;1;0;1;0;0;0;0;1;0;0;0;0;0;0;0;0;0;0;0;0;1;1;1;0;0;0;0;0;0;0;1;0;0;0;0;1;0;0;0;0;1;0;0;0;0;0;0;1000;805;195;170;0;1;46.04;0.805;1
1840;Source Filmmaker;Valve;Valve;10 Jul, 2012;0.0;1;1000000;1047;92.95;37791;2868;0;0;0;1;none;1;0;0;0.0;27;AAA;257;0;0;0;0;0;0;0;0;0;0;0;0;0;0;0;0;0;0;0;0;0;0;0;1;0;0;0;0;0;0;0;0;0;0;0;0;0;0;0;0;0;0;0;0;0;0;0;0;0;0;0;1;0;0;0;0;0;0;0;0;1;0;1;0;0;0;0;0;0;1;0;0;0;1;0;0;0;0;1000;925;75;1000;0;4;195.14;0.925;1
65980;Sid Meier's Civilization®: Beyond Earth™;Firaxis Games, Aspyr (Mac), Aspyr (Linux);2K, Aspyr (Mac), Aspyr (Linux);23 Oct, 2014;9.99;0;1000000;268;60.25;13604;8974;0;90;2;10;none;1;1;1;2.0;3;Establecido;294;0;0;0;0;0;0;0;0;0;0;1;0;0;0;1;1;0;0;0;0;0;1;1;1;0;1;0;0;0;0;0;0;0;0;0;0;0;0;0;0;1;1;0;0;0;0;0;1;0;0;0;0;1;0;0;0;0;0;0;0;0;0;0;0;0;0;0;1;0;0;0;0;0;0;0;0;0;0;1000;707;293;640;0;19;191.14;0.707;1
373420;Divinity: Original Sin - Enhanced Edition;Larian Studios;Larian Studios;27 Oct, 2015;22.99;0;1000000;387;89.69;26069;2997;0;54;1;11;full;1;1;1;2.0;3;Establecido;289;0;1;0;0;1;0;1;0;0;0;1;0;0;0;1;1;1;0;0;1;0;1;1;0;0;1;1;0;0;0;1;0;0;1;0;0;0;0;1;0;1;1;0;0;0;0;1;1;1;0;0;0;0;0;0;0;0;0;0;0;0;0;0;0;0;0;0;0;0;0;0;1;0;0;0;0;0;0;1000;851;149;882;0;4;71.05;0.851;1
1621690;Core Keeper;Pugstorm;Fireshine Games, bilibili;27 Aug, 2024;9.99;0;1000000;3688;92.84;51042;3937;0;55;2;13;full;1;0;1;8.0;1;Novato;182;1;1;0;0;1;0;1;0;1;0;0;0;0;0;1;1;1;1;0;1;0;0;1;0;0;0;0;0;0;0;0;1;0;0;0;0;1;0;0;0;0;0;0;0;0;0;0;0;0;0;0;1;1;0;0;0;0;0;0;0;0;1;0;0;0;0;0;1;1;0;1;0;0;0;0;0;0;0;1000;907;93;699;0;2;81.84;0.907;1
311860;Data Hacker: Initiation;New Reality Games;New Reality Games;21 Jul, 2014;0.45;0;1000000;2;64.55;173;95;0;52;1;1;none;1;0;0;0.5;1;Novato;225;0;1;0;0;1;0;1;0;1;0;0;0;0;0;1;0;0;0;0;0;0;0;0;0;0;1;0;0;0;0;0;0;0;0;0;0;0;0;1;0;0;0;0;0;0;0;0;0;0;0;0;0;1;0;0;0;0;0;0;0;0;0;0;0;0;0;0;0;0;0;0;1;0;0;0;0;0;0;42;25;17;21;0;22;18.05;0.595;1
1089090;ONE PIECE: PIRATE WARRIORS 4;Koei Tecmo;BANDAI NAMCO Entertainment;14 Sep, 2023;31.99;0;1000000;191;91.66;18314;1666;0;40;18;12;none;1;0;0;8.0;1;Novato;301;1;0;0;0;0;0;0;0;0;0;0;0;0;0;1;1;0;0;0;0;1;1;1;0;1;0;0;0;0;0;1;0;0;0;0;0;0;0;1;0;0;0;0;0;0;0;1;1;1;1;0;0;0;0;0;0;0;0;0;0;1;0;0;0;0;0;0;0;0;0;0;0;0;0;0;0;0;0;1000;912;88;755;0;7;36.96;0.912;1
942970;Unheard - Voices of Crime;NEXT Studios;NEXT Studios, 505 Games;28 Mar, 2019;1.59;0;1000000;68;96.22;30125;1184;0;12;3;4;none;1;1;0;4.0;1;Novato;299;0;0;0;0;1;0;1;0;1;0;0;0;0;0;1;0;0;0;0;0;0;0;1;0;0;0;0;0;0;0;0;0;0;1;0;0;0;1;1;0;0;0;0;0;0;0;0;0;0;0;0;0;1;0;0;0;0;1;1;0;0;1;0;0;0;0;0;1;0;0;0;1;0;0;0;0;0;0;1000;938;62;815;0;6;8.15;0.938;1
41500;Torchlight;Runic Games;XD;27 Oct, 2009;14.99;0;1000000;40;90.84;6319;637;0;66;0;1;none;1;1;0;0.0;2;Novato;193;0;0;0;0;0;0;1;0;0;0;0;0;0;0;1;0;0;0;0;0;0;1;1;0;0;0;0;0;0;0;0;0;0;0;0;0;0;0;1;1;0;0;0;0;0;0;0;1;0;0;0;0;0;0;0;0;0;0;0;0;0;0;0;0;0;1;0;0;0;0;0;1;0;0;0;0;0;0;848;719;129;666;0;29;39.55;0.848;1
1778820;TEKKEN 8;Bandai Namco Studios Inc.;Bandai Namco Entertainment;25 Jan, 2024;31.99;0;1000000;4409;54.07;33020;28048;0;47;22;15;none;1;0;0;8.0;3;Establecido;245;1;0;0;0;0;0;0;0;0;0;0;0;0;0;1;1;0;0;0;0;1;1;1;0;0;1;0;0;0;0;0;0;0;1;0;0;0;0;0;0;0;0;0;0;0;0;0;1;0;1;0;0;0;0;0;0;0;0;0;0;1;0;0;0;0;0;0;0;0;1;1;0;0;0;0;0;0;0;999;647;352;627;0;2;241.67;0.648;1
17080;Tribes: Ascend;Hi-Rez Studios;Hi-Rez Studios;27 Jun, 2012;0.0;0;1000000;0;80.91;6946;1639;0;0;0;4;none;1;0;0;0.0;1;Novato;91;1;0;0;0;0;0;0;0;0;0;0;0;0;0;0;1;1;0;0;0;0;0;0;0;0;0;0;0;0;1;1;0;0;0;0;0;0;0;1;0;0;0;0;0;0;0;1;1;0;0;0;0;0;0;0;0;0;0;0;0;0;0;0;0;0;0;0;0;0;1;0;0;0;1;0;0;1;0;142;123;19;142;0;29;90.87;0.866;1
1522820;Orcs Must Die! 3;Robot Entertainment;Robot Entertainment;23 Jul, 2021;14.99;0;1000000;161;85.68;12067;2016;0;38;3;19;full;1;0;0;6.0;4;Establecido;145;1;1;0;0;1;0;0;0;0;0;1;0;0;0;1;1;1;1;0;1;0;1;1;0;0;1;0;0;0;0;0;0;0;0;0;0;0;0;0;0;0;1;1;0;0;0;1;1;0;0;0;0;0;0;0;0;0;0;0;0;0;0;1;0;0;0;0;0;0;0;0;0;0;0;0;0;0;0;1000;879;121;761;0;15;32.4;0.879;1
23310;The Last Remnant™;Square Enix;Square Enix;9 Apr, 2009;0.0;0;1000000;26;81.28;3308;762;0;0;0;6;none;1;0;0;1.5;5;Establecido;336;0;0;0;0;0;0;1;0;0;0;0;0;0;0;1;0;0;0;0;0;1;0;0;0;0;0;0;0;0;0;1;0;0;1;0;0;0;0;1;0;1;1;0;0;0;0;0;0;0;0;0;0;0;0;0;0;0;0;0;0;0;0;0;0;0;0;0;0;0;1;0;0;0;0;0;0;0;0;183;150;33;103;0;29;109.3;0.82;1
487220;Freebie;Free Games Info, hyperboreanGames;Back To Basics Gaming;16 Jun, 2016;0.45;0;1000000;0;73.56;1032;371;0;5;1;1;none;1;0;0;0.5;1;Novato;152;0;0;1;0;1;0;0;0;0;0;0;0;0;0;1;0;0;0;0;0;1;1;0;0;0;1;0;0;0;0;0;0;0;0;0;0;0;0;0;0;0;0;0;0;0;0;0;0;0;0;0;0;0;0;0;0;0;0;0;0;0;1;0;0;0;0;0;0;0;0;1;1;0;0;0;0;0;0;45;37;8;27;0;23;3.78;0.822;1
34440;Sid Meier's Civilization® IV;Firaxis Games;2K;25 Oct, 2006;2.99;0;1000000;1;91.04;1473;145;0;0;0;5;none;1;1;0;0.25;4;Establecido;337;0;0;0;0;0;0;0;0;0;0;1;0;0;0;1;1;0;0;0;0;0;0;0;0;0;0;0;0;0;0;0;0;0;0;0;0;0;0;0;0;1;1;0;0;0;0;0;1;0;0;0;0;1;1;0;0;0;0;0;0;0;0;0;0;0;0;0;0;0;0;0;0;0;0;0;0;0;0;3;3;0;1;0;3;1132.7;1.0;1
4570;Warhammer 40,000: Dawn of War - Anniversary Edition (Classic);Relic Entertainment;Relic Entertainment;7 Aug, 2007;6.99;0;1000000;76;94.9;10634;572;0;0;0;10;none;1;0;0;0.25;5;Establecido;214;0;0;0;0;0;0;0;0;0;0;1;0;0;0;1;1;0;0;0;0;0;0;1;0;0;1;0;0;0;0;0;0;0;1;0;0;0;0;0;0;0;1;0;0;0;0;0;1;0;0;0;0;0;0;0;0;0;0;0;0;0;0;0;0;0;0;0;0;0;0;0;0;0;0;0;0;0;0;1000;906;94;801;0;15;21.36;0.906;1
2322560;Love Is All Around;intiny;intiny;17 Oct, 2023;5.8;0;1000000;71;93.56;42490;2924;0;65;2;6;full;1;1;1;4.0;1;Novato;292;0;1;0;0;1;0;1;0;1;0;1;0;0;0;1;1;0;0;0;1;0;1;1;0;1;0;0;0;0;1;0;0;0;1;0;0;0;0;1;0;0;0;0;0;0;0;0;1;0;0;0;0;1;0;0;0;0;0;0;1;0;0;0;0;0;0;0;0;1;0;0;0;0;0;0;0;0;0;999;806;193;796;0;12;15.63;0.807;1
2344520;Diablo® IV;Blizzard Entertainment, Inc.;Blizzard Entertainment, Inc.;17 Oct, 2023;29.99;0;1000000;8835;65.54;32969;17333;0;45;4;14;full;1;0;0;8.0;1;Novato;149;1;1;1;0;0;1;1;0;0;0;0;0;0;0;1;1;1;1;0;1;0;1;0;0;1;0;0;0;0;0;0;0;0;1;0;0;0;0;1;1;0;0;0;0;0;0;1;1;0;0;0;0;0;0;0;0;0;0;0;0;0;0;0;0;0;0;0;0;0;0;0;0;0;0;0;0;0;0;999;738;261;887;0;1;100.92;0.739;1
10680;Aliens vs. Predator™;Rebellion;SEGA;16 Feb, 2010;7.99;0;1000000;49;91.09;18175;1778;0;50;2;6;none;1;0;0;0.12;5;Establecido;110;1;0;0;0;0;0;0;0;0;0;0;0;0;0;1;1;1;0;0;0;0;1;1;0;0;0;0;0;0;1;0;0;0;0;0;0;1;1;0;0;0;1;0;0;0;0;1;1;0;0;0;0;0;0;0;0;0;0;0;0;0;0;0;0;0;0;0;1;0;0;0;0;0;0;0;0;1;1;998;930;68;865;0;9;18.8;0.932;1
6880;Just Cause;Avalanche Studios;Square Enix;15 Mar, 2007;5.49;0;1000000;8;66.11;3266;1674;0;0;0;1;none;1;0;0;0.0;5;Establecido;24;1;0;0;0;0;0;0;0;0;0;0;0;0;0;1;0;0;0;0;0;0;0;0;0;0;0;0;0;0;0;1;0;0;0;0;0;0;0;1;1;0;0;0;0;0;0;0;1;0;0;0;1;0;0;0;0;0;0;0;0;0;0;0;0;0;0;0;1;0;0;0;0;0;0;0;0;0;0;818;542;276;717;0;29;20.7;0.663;1
216150;MapleStory;NEXON Korea Corporation;Nexon America Inc.;9 Aug, 2012;0.0;1;1000000;8092;62.61;8882;5305;0;0;0;1;none;1;0;0;8.0;1;Novato;114;1;1;1;0;0;1;1;0;0;0;0;0;0;0;1;1;1;0;0;0;0;0;0;0;0;1;0;0;0;0;0;0;0;1;0;0;0;0;1;0;0;0;0;1;0;0;1;1;0;1;0;0;0;0;0;0;0;0;0;0;1;1;0;0;0;0;0;0;0;0;1;0;0;1;0;0;0;0;1000;541;459;1000;0;11;1211.72;0.541;1
443110;Armored Warfare;Obsidian Entertainment, Wishlist Games;Wishlist Games;17 Nov, 2017;0.0;1;1000000;121;65.4;3238;1713;0;0;4;5;none;1;0;0;4.0;1;Novato;269;1;0;0;0;0;1;0;0;1;0;0;0;0;0;0;1;1;1;0;0;0;0;0;0;1;1;0;0;0;0;0;0;0;0;0;0;0;0;0;0;0;1;0;0;0;0;0;0;0;1;0;0;0;0;0;0;0;0;0;0;0;0;0;1;0;0;0;0;0;0;0;0;0;1;0;0;0;0;1000;514;486;1000;0;24;143.12;0.514;1
378540;The Surge;Deck13;Focus Entertainment;15 May, 2017;8.99;0;1000000;92;75.21;8236;2715;0;67;5;11;full;1;0;0;8.0;1;Novato;220;1;0;0;0;0;0;1;0;0;0;0;0;0;0;1;0;0;0;0;1;0;1;1;0;0;1;0;0;0;0;1;0;0;1;0;0;0;1;1;1;0;0;0;0;0;0;0;0;0;0;0;0;0;0;0;0;0;0;0;0;0;0;0;0;0;0;0;0;0;1;0;0;0;0;0;0;0;0;1000;692;308;850;0;13;24.93;0.692;1
527430;Warhammer 40,000: Inquisitor - Martyr;NeocoreGames;NeocoreGames;5 Jun, 2018;22.99;0;1000000;208;75.9;16053;5097;0;95;22;11;full;1;0;0;4.0;1;Novato;248;1;1;0;0;1;0;1;0;0;0;0;0;0;0;1;1;1;1;0;1;0;1;0;0;0;1;0;0;0;0;0;0;0;0;0;0;0;0;1;1;0;0;0;0;0;0;1;1;0;0;0;0;0;0;0;0;0;0;0;0;0;0;0;0;0;0;1;0;0;0;0;1;0;0;0;0;0;0;1000;768;232;849;0;12;60.61;0.768;1
753640;Outer Wilds;Mobius Digital;Annapurna Interactive;18 Jun, 2020;12.99;0;1000000;928;95.67;80833;3655;0;31;2;13;full;1;0;0;6.0;1;Novato;209;1;1;0;0;0;0;0;0;0;0;0;0;0;0;1;0;0;0;0;1;0;1;1;0;0;1;0;0;0;1;1;0;0;1;0;0;0;1;0;0;0;0;0;0;0;0;0;0;0;0;0;0;1;0;0;0;0;1;0;0;0;0;1;0;0;0;0;1;0;0;0;1;0;0;0;0;0;0;1000;938;62;758;0;1;31.01;0.938;1
334210;Fortified;Siege Camp;Siege Camp;3 Feb, 2016;7.99;0;1000000;1;74.56;1275;435;0;23;0;1;full;1;0;0;4.0;1;Novato;280;1;0;0;0;1;0;0;0;0;0;1;0;0;0;1;1;1;0;0;1;0;1;1;0;0;1;0;0;0;0;0;0;0;0;0;0;0;0;0;0;0;1;1;0;0;0;1;1;0;0;0;0;0;0;0;0;0;0;0;0;0;0;0;0;0;0;0;0;0;0;0;1;0;0;0;0;0;0;97;58;39;12;0;28;9.39;0.598;1
206480;Dungeons & Dragons Online®;Standing Stone Games;Daybreak Game Company LLC;25 Jun, 2012;0.0;1;1000000;260;71.09;5140;2090;0;0;0;3;none;1;0;0;0.0;2;Novato;119;1;1;0;0;0;1;1;0;0;0;0;0;0;0;0;1;1;0;0;0;0;0;0;0;1;0;0;0;0;0;1;0;0;0;0;0;0;0;1;0;0;0;0;0;0;0;1;1;0;0;0;1;0;0;0;0;0;1;0;0;0;0;0;0;0;0;0;0;0;0;0;0;0;1;0;0;0;0;1000;721;279;1000;0;20;231.27;0.721;1
583950;Artifact;Valve;Valve;28 Nov, 2018;0.0;1;1000000;33;46.91;11614;13144;0;0;0;12;none;1;1;1;4.0;27;AAA;233;0;0;0;0;0;0;0;0;0;0;1;0;0;0;1;1;0;0;0;0;0;0;1;0;0;0;0;0;0;0;0;0;0;0;0;0;0;0;0;0;1;1;0;0;0;0;0;1;0;0;0;0;0;0;0;0;0;0;0;0;0;0;0;0;0;0;0;1;0;1;1;0;0;0;0;0;0;0;488;335;153;488;0;29;110.07;0.686;1
921630;音灵 INVAXION;Nanjing AQUATRAX;bilibili;19 Dec, 2018;0.0;0;1000000;0;53.15;3303;2911;0;99;1;4;none;1;0;0;4.0;1;Novato;266;0;0;1;0;1;0;0;1;0;0;0;0;0;0;1;0;0;0;0;0;1;1;0;0;0;0;0;0;0;0;0;0;0;0;0;0;0;0;0;0;0;0;0;0;0;0;0;0;0;0;0;0;0;0;0;0;1;0;0;0;1;0;0;0;0;0;0;0;0;0;1;1;0;0;0;0;0;0;93;14;79;93;0;27;18.08;0.151;1
215080;WAKFU;Ankama Studio;Ankama Games;18 Sep, 2014;0.0;1;1000000;257;75.65;7744;2492;0;34;1;4;none;1;1;1;2.0;1;Novato;259;1;1;1;0;1;1;1;0;0;0;1;0;0;0;0;1;1;1;0;0;0;1;0;0;1;1;0;0;0;0;1;0;0;0;0;0;0;0;1;0;1;1;0;0;0;0;1;1;0;0;0;1;0;0;0;0;0;0;0;0;1;1;0;0;0;0;0;0;0;0;0;0;0;1;0;0;0;0;1000;808;192;1000;0;24;247.77;0.808;1
65790;ARMA: Cold War Assault;Bohemia Interactive;Bohemia Interactive;8 Aug, 2011;3.99;0;1000000;10;79.71;4857;1236;0;0;0;5;none;1;0;0;0.12;6;Establecido;338;1;0;0;0;0;0;0;0;1;0;1;0;0;0;1;0;0;0;0;0;0;0;0;0;0;0;0;0;0;1;1;0;0;0;0;0;0;0;0;0;0;1;0;0;0;0;0;1;0;0;0;1;1;0;0;0;0;0;0;0;0;0;0;1;0;0;0;0;0;0;0;0;0;0;0;0;1;0;614;515;99;385;0;29;21.71;0.839;1
311340;METAL GEAR SOLID V: GROUND ZEROES;KONAMI;KONAMI;18 Dec, 2014;10.49;0;1000000;47;84.24;14283;2673;0;16;0;8;full;1;0;0;4.0;4;Establecido;241;1;1;0;0;0;0;0;0;0;0;0;0;0;0;1;0;0;0;0;1;0;1;1;0;0;0;0;0;0;0;1;0;0;1;0;0;0;0;0;0;0;0;0;0;0;0;0;1;0;0;0;1;0;0;0;0;0;0;0;0;0;0;0;0;0;0;1;1;0;0;0;0;0;0;0;0;0;1;1000;912;88;693;0;11;11.34;0.912;1
535930;Two Point Hospital;Two Point Studios;SEGA;29 Aug, 2018;24.99;0;1000000;518;91.85;30563;2711;0;61;13;11;none;1;1;1;4.0;1;Novato;155;0;0;0;0;1;0;0;0;1;0;0;0;0;0;1;0;0;0;0;0;0;1;1;1;0;1;0;0;0;0;0;0;0;0;0;0;0;0;0;0;0;1;0;0;0;0;0;1;0;0;0;1;1;1;1;0;0;0;0;0;0;0;0;0;0;0;0;0;0;0;1;1;0;0;0;0;0;0;1000;914;86;834;0;10;58.82;0.914;1
332070;School of Dragons;JumpStart Games, Inc.;JumpStart Games, Inc.;4 Dec, 2014;0.0;0;1000000;1;61.76;3435;2127;0;110;0;9;none;1;0;0;1.0;1;Novato;296;0;1;0;0;0;1;1;0;0;0;0;0;0;0;0;1;0;0;0;0;0;1;0;0;1;0;0;0;0;1;1;0;0;0;0;0;1;0;1;0;0;0;0;0;0;0;1;1;0;1;0;0;1;0;0;0;0;0;0;0;0;0;0;0;0;0;0;1;0;0;0;0;0;1;0;0;0;0;264;221;43;264;0;28;42.55;0.837;1
414700;Outlast 2;Red Barrels;Red Barrels;24 Apr, 2017;10.49;0;1000000;119;91.31;50676;4824;0;24;0;10;full;1;0;0;4.0;3;Establecido;297;1;1;0;0;1;0;0;0;0;0;0;0;0;0;1;0;0;0;0;1;0;1;1;0;0;1;0;0;0;1;0;0;0;1;0;0;1;1;0;0;0;0;0;0;0;0;0;1;0;0;0;0;0;0;0;0;0;0;0;0;0;0;0;0;0;0;1;1;0;0;0;1;0;0;0;0;1;0;1000;875;125;850;0;3;9.77;0.875;1
270150;RUNNING WITH RIFLES;Osumia Games;Osumia Games;2 Apr, 2015;7.99;0;1000000;165;88.02;14195;1932;0;45;5;12;none;1;1;1;2.0;1;Novato;175;1;0;0;0;1;0;0;0;0;0;0;0;0;0;1;1;1;1;0;0;1;1;1;1;0;1;0;0;0;0;1;0;0;0;0;0;0;0;1;0;0;0;0;0;0;0;1;1;0;0;0;1;0;0;0;0;0;0;0;0;0;0;0;0;0;0;0;0;0;0;0;0;0;0;0;0;0;0;1000;834;166;888;0;20;112.41;0.834;1
292910;Deponia: The Complete Journey;Daedalic Entertainment;Daedalic Entertainment;8 Jul, 2014;14.49;0;1000000;31;85.77;5613;931;0;105;0;6;none;1;1;1;2.0;1;Novato;216;0;1;0;0;0;0;0;0;0;0;0;0;0;0;1;0;0;0;0;0;0;1;1;0;0;1;0;0;0;0;0;0;0;1;0;0;0;0;0;0;0;0;0;0;0;0;0;0;0;0;0;0;0;0;0;0;0;1;1;0;0;1;0;0;0;1;0;0;0;0;0;1;0;0;0;0;0;0;715;479;236;301;0;29;24.32;0.67;1
447020;Farming Simulator 17;GIANTS Software;GIANTS Software;24 Oct, 2016;14.99;0;1000000;221;93.48;23379;1630;0;17;4;18;full;1;1;0;2.0;1;Novato;276;0;0;0;0;0;0;0;0;1;0;0;0;0;0;1;1;1;0;0;1;0;1;1;0;0;1;0;0;0;1;1;0;0;0;0;0;0;0;0;0;0;1;0;0;0;0;1;1;0;0;0;1;1;1;0;0;0;0;0;0;0;0;0;1;0;0;0;0;0;0;0;0;0;0;0;0;0;0;1000;927;73;854;0;13;116.34;0.927;1
17300;Crysis;Crytek;Electronic Arts;17 Sep, 2008;29.99;0;1000000;10;79.95;10565;2649;0;0;0;9;none;1;0;0;1.0;4;Establecido;331;1;0;0;0;0;0;0;0;0;0;0;0;0;0;1;0;0;0;0;0;0;0;0;0;0;0;0;0;0;1;1;0;0;1;0;0;0;0;0;0;0;0;0;0;0;0;0;1;0;0;0;1;0;0;0;0;0;0;0;0;0;0;0;0;0;0;0;1;0;0;0;0;0;0;0;0;1;1;782;636;146;782;0;29;22.56;0.813;1
1282730;Loop Hero;Four Quarters;Devolver Digital;4 Mar, 2021;1.59;0;1000000;348;92.95;32214;2445;0;50;1;13;none;1;1;1;2.0;1;Novato;240;0;0;0;0;1;0;1;0;0;0;1;0;0;0;1;0;0;0;0;0;0;1;1;0;0;1;0;0;0;0;0;0;0;1;0;0;0;0;1;0;0;0;0;0;0;0;0;0;0;0;0;0;0;0;0;0;0;0;0;0;0;1;0;0;0;0;0;0;0;0;0;1;0;0;0;0;0;0;1000;869;131;912;0;8;32.14;0.869;1
32800;Lord of the Rings: War in the North;Snowblind Studios;Warner Bros. Interactive Entertainment;1 Nov, 2011;0.0;0;1000000;16;81.3;7603;1749;0;46;0;8;none;1;0;0;2.0;1;Novato;87;1;0;0;0;0;0;1;0;0;0;0;0;0;0;1;1;1;0;0;0;0;1;1;0;0;0;0;0;0;0;1;0;0;0;0;0;0;0;1;1;0;0;0;0;0;0;1;1;0;0;0;0;0;0;0;0;0;0;0;0;0;0;0;0;0;0;0;1;0;0;0;0;0;0;0;0;0;0;518;480;38;518;0;29;89.68;0.927;1
102500;Kingdoms of Amalur: Reckoning™;Big Huge Games, 38 Studios;38 Studios, Electronic Arts;;0.0;0;1000000;21;87.98;11366;1553;0;61;0;5;none;1;0;0;1.0;1;Novato;257;1;0;0;0;0;0;1;0;0;0;0;0;0;0;1;0;0;0;0;0;1;1;1;0;0;0;0;0;0;0;1;1;0;1;0;0;0;0;1;1;0;0;0;0;0;0;0;0;0;0;0;1;0;0;0;0;0;0;0;0;0;0;0;0;0;0;0;1;0;0;0;0;0;0;0;0;0;0;352;275;77;320;0;29;80.75;0.781;1
8850;BioShock® 2;2K Marin, 2K China, Digital Extremes, 2K Australia;2K;9 Feb, 2010;14.99;0;1000000;23;89.22;12864;1555;0;68;1;5;full;1;0;0;0.0;1;Novato;257;1;0;0;0;0;0;0;0;0;0;0;0;0;0;1;1;0;0;0;1;0;1;0;0;0;0;0;0;0;1;0;0;0;1;0;0;0;1;1;1;0;0;0;0;0;0;0;1;0;0;0;0;0;0;0;0;0;0;0;0;0;0;0;0;0;0;1;1;0;0;0;0;0;0;0;0;1;0;999;800;199;851;0;19;16.93;0.801;1
899440;GOD EATER 3;BANDAI NAMCO Studios Inc.;BANDAI NAMCO Entertainment;7 Feb, 2019;47.99;0;1000000;249;79.5;7450;1921;0;32;0;11;none;1;0;0;4.0;3;Establecido;244;1;0;0;0;0;0;0;0;0;0;0;0;0;0;1;1;1;1;0;0;1;1;1;0;0;1;0;0;0;0;1;0;0;1;0;0;0;0;1;1;0;0;0;0;0;0;1;1;0;0;0;0;0;0;0;0;0;0;0;0;1;0;0;0;0;0;0;0;0;0;0;0;0;0;0;0;0;0;1000;722;278;804;0;20;30.82;0.722;1
418240;Shadow Tactics: Blades of the Shogun;Mimimi Games;Daedalic Entertainment;6 Dec, 2016;19.99;0;1000000;218;96.05;35767;1470;0;44;2;13;full;1;1;1;4.0;1;Novato;300;0;0;0;0;1;0;0;0;0;0;1;0;0;0;1;0;0;0;0;1;0;1;1;0;0;1;0;0;0;0;0;0;0;0;0;0;1;0;0;0;0;1;0;0;0;0;0;0;0;0;0;0;0;0;0;0;0;1;0;0;0;0;0;0;0;0;0;1;0;1;0;1;0;0;0;0;0;1;1000;939;61;798;0;11;30.68;0.939;1
207230;ArcheBlade™;CodeBrush Games;Codebrush Games;25 Apr, 2014;0.0;1;1000000;3;73.15;5594;2053;0;77;0;1;none;1;0;0;2.0;1;Novato;228;1;0;0;0;1;0;0;0;0;0;0;0;0;0;0;1;1;0;0;0;0;1;1;0;0;1;0;0;0;0;0;0;0;0;0;0;0;0;1;0;0;0;0;0;0;0;1;1;0;1;0;0;0;0;0;0;0;0;0;0;1;0;0;0;0;0;0;0;0;0;0;1;0;1;0;1;0;0;116;88;28;116;0;29;44.33;0.759;1
20570;Warhammer® 40,000: Dawn of War® II Chaos Rising;Relic Entertainment, Feral Interactive (Mac/Linux);SEGA, Feral Interactive (Mac/Linux);11 Mar, 2010;0.0;0;1000000;30;90.93;3047;304;0;73;0;5;none;1;1;1;1.0;3;Establecido;274;0;0;0;0;0;0;0;0;0;0;1;0;0;0;1;1;1;0;0;0;0;0;1;0;0;0;0;0;0;0;0;0;0;0;0;0;0;0;1;0;0;1;0;0;0;0;1;1;0;0;0;0;0;0;0;0;0;0;0;0;0;0;0;0;0;0;0;1;0;0;0;0;0;0;0;0;0;0;438;375;63;438;0;29;48.83;0.856;1
17460;Mass Effect (2007);BioWare;Electronic Arts;19 Dec, 2008;29.99;0;1000000;22;93.67;15394;1040;0;0;0;5;none;1;0;0;1.0;5;Establecido;105;1;0;0;0;0;0;1;0;0;0;0;0;0;0;1;0;0;0;0;0;0;0;0;0;0;0;0;0;0;0;1;0;0;1;0;0;0;0;1;1;0;0;0;0;0;0;0;0;0;0;0;0;0;0;0;0;0;0;0;0;0;0;0;0;0;0;0;1;0;0;0;0;0;0;0;0;0;0;566;499;67;504;0;29;40.23;0.882;1
383150;Dead Island Definitive Edition;Techland;Deep Silver;31 May, 2016;14.99;0;1000000;410;82.01;20934;4593;0;57;0;8;full;1;0;1;4.0;4;Establecido;204;1;0;0;0;0;0;0;0;0;0;0;0;0;0;1;1;1;1;0;1;0;1;1;0;0;1;0;0;0;1;1;1;0;0;0;0;1;1;1;0;0;0;0;0;0;0;1;1;0;0;0;0;0;0;0;0;0;0;0;0;0;0;0;0;0;0;0;0;0;0;0;0;0;0;0;0;1;0;1000;779;221;842;0;5;20.45;0.779;1
224760;FEZ;Polytron Corporation;Trapdoor;1 May, 2013;9.99;0;1000000;37;92.69;14425;1137;0;12;1;9;full;1;1;1;2.0;1;Novato;292;0;0;0;0;1;0;0;0;0;0;0;0;0;0;1;0;0;0;0;1;0;1;1;0;0;0;0;0;0;0;0;0;0;0;0;0;0;0;0;0;0;0;0;1;1;0;0;0;0;0;0;0;0;0;0;0;0;1;0;0;0;1;0;0;0;0;0;1;1;0;1;1;0;0;0;0;0;0;1000;907;93;862;0;16;13.01;0.907;1
1178830;Bright Memory: Infinite;FYQD-Studio;FYQD-Studio, PLAYISM;11 Nov, 2021;10.49;0;1000000;44;92.02;35622;3089;0;30;10;11;none;1;0;0;8.0;2;Novato;195;1;0;0;0;1;0;0;0;0;0;0;0;0;0;1;0;0;0;0;0;1;1;1;0;0;0;0;0;0;1;0;0;0;0;0;0;0;0;0;0;0;0;0;0;0;0;0;1;0;0;0;0;0;0;0;0;0;0;0;0;0;0;0;1;0;0;0;0;0;0;0;1;0;0;0;0;1;0;1000;807;193;840;0;10;4.39;0.807;1
510840;Evolvation;Eric Ruts, Jacob Kooiman;HyperReuts;6 Feb, 2017;1.99;0;1000000;0;67.93;644;304;0;133;1;18;full;1;0;1;4.0;1;Novato;281;1;0;1;0;1;0;0;0;1;0;0;0;0;0;1;1;1;1;0;1;0;0;0;0;0;1;0;0;0;0;0;0;0;0;0;0;0;0;0;0;0;0;0;0;0;0;0;1;0;0;0;0;1;0;0;0;0;0;0;0;0;0;0;0;0;0;0;0;0;0;1;1;0;0;0;0;0;0;48;29;19;2;0;21;7.3;0.604;1
2012510;Stormgate;Frost Giant Studios;Frost Giant Studios;5 Aug, 2025;0.0;1;1000000;36;49.82;3728;3755;0;36;6;11;none;1;0;0;16.0;1;Novato;279;1;0;0;0;0;0;0;0;0;0;1;0;0;0;1;1;1;1;0;0;0;0;0;0;1;0;0;0;0;0;0;0;0;0;0;0;0;0;0;0;0;1;0;0;0;0;0;1;0;1;0;0;0;0;0;0;0;0;0;0;0;0;1;0;0;0;0;0;0;0;0;0;1;1;0;0;0;0;1000;366;634;1000;0;10;17.7;0.366;1
297000;Heroes® of Might & Magic® III - HD Edition;Dotemu;Ubisoft Entertainment;28 Jan, 2015;11.99;0;1000000;1213;79.39;18085;4694;0;13;0;9;none;1;0;0;2.0;1;Novato;253;0;0;0;0;0;0;1;0;0;0;1;0;0;0;1;1;0;0;0;0;0;1;0;0;0;0;0;0;0;0;0;0;0;0;0;0;0;0;1;0;1;1;0;0;0;0;1;1;1;0;0;0;0;0;0;0;0;0;0;0;0;0;0;0;0;0;0;1;0;0;0;0;0;0;0;0;0;0;1000;844;156;862;0;8;93.88;0.844;1
1151640;Horizon Zero Dawn™ Complete Edition;Guerrilla;PlayStation Publishing LLC;7 Aug, 2020;0.0;0;1000000;700;87.9;110049;15148;0;79;0;20;full;1;0;0;8.0;2;Novato;214;1;1;0;0;0;0;1;0;0;0;0;0;0;0;1;0;0;0;0;1;0;1;1;0;0;0;0;0;0;0;1;0;0;1;0;0;0;0;1;1;0;0;0;0;0;0;0;0;0;0;0;0;0;0;0;0;0;0;0;0;0;0;0;0;0;0;0;1;0;0;0;0;0;0;0;0;0;1;1000;857;143;718;0;5;60.35;0.857;1
334230;Town of Salem;BlankMediaGames;Digital Bandidos;15 Dec, 2014;4.99;0;1000000;117;88.15;32095;4314;0;361;2;3;none;1;1;0;2.0;1;Novato;105;1;0;1;0;0;0;1;0;0;0;1;0;0;0;0;1;0;0;0;0;0;1;1;0;1;0;0;0;0;0;0;0;0;0;0;0;1;0;1;0;0;1;0;0;0;0;0;1;0;0;0;0;0;0;0;0;0;0;0;0;0;1;0;0;0;0;0;0;0;0;1;1;0;0;0;0;0;0;1000;704;296;850;0;23;167.84;0.704;1
418070;Turbo Pug;Space Cat Studios, SnowFlame, Back To Basics Gaming;Back To Basics Gaming;9 Nov, 2015;0.45;0;1000000;2;90.55;3029;316;0;0;0;1;none;1;0;0;0.0;1;Novato;286;0;0;1;0;1;0;0;0;0;0;0;0;0;0;1;0;0;0;0;0;0;0;0;0;0;1;0;0;0;0;0;0;0;0;0;0;0;0;0;0;0;0;0;1;0;0;0;0;0;0;0;0;0;0;0;0;0;0;0;0;0;1;0;0;0;0;0;0;0;1;1;1;0;0;0;0;0;0;111;91;20;80;0;29;6.11;0.82;1
364470;The Elder Scrolls®: Legends™;Sparkypants Studios, LLC;Bethesda Softworks;31 May, 2017;0.0;0;1000000;1;74.86;8267;2776;0;0;0;8;none;1;1;0;2.0;1;Novato;236;0;0;0;0;0;0;0;0;0;0;0;0;0;0;1;1;0;0;0;0;0;0;0;0;1;1;0;0;0;0;0;0;0;1;0;0;0;0;0;0;1;1;0;0;0;0;0;1;0;0;0;0;0;0;0;0;0;0;0;0;0;0;0;0;0;0;0;1;0;0;1;0;0;1;0;0;0;0;827;654;173;827;0;29;283.13;0.791;1
1190000;Car Mechanic Simulator 2021;Red Dot Games;PlayWay S.A.;11 Aug, 2021;12.49;0;1000000;1343;95.94;28630;1211;0;46;20;17;none;1;0;0;8.0;2;Novato;280;0;0;0;0;0;0;0;1;1;0;0;0;0;0;1;0;0;0;0;0;1;1;1;1;0;1;0;0;0;1;1;0;0;0;0;0;0;0;0;0;0;1;0;0;0;0;0;0;0;0;0;1;1;0;0;0;1;1;0;0;0;0;1;1;0;0;0;1;0;0;0;1;0;0;1;0;0;0;999;950;49;937;0;3;47.11;0.951;1
601430;The Evil Within 2;Tango Gameworks;Bethesda Softworks;12 Oct, 2017;23.99;0;1000000;176;92.21;26655;2251;0;51;0;12;full;1;0;0;8.0;3;Establecido;291;1;1;0;0;0;0;0;0;0;0;0;0;0;0;1;0;0;0;0;1;0;1;1;0;0;1;0;0;0;1;1;0;0;1;0;0;1;1;0;0;0;0;0;0;0;0;0;0;0;0;0;0;0;0;0;0;0;0;0;0;0;0;0;0;0;0;1;1;0;0;0;0;0;0;0;0;0;1;1000;898;102;679;0;7;21.95;0.898;1
263500;Dragons and Titans;Wyrmbyte;Versus Evil	;12 Mar, 2014;0.0;0;1000000;1;78.9;2715;726;0;52;1;6;none;1;1;1;1.0;1;Novato;334;1;1;0;0;1;0;1;0;0;0;0;0;0;0;1;1;1;0;0;0;1;1;0;0;0;1;0;0;0;0;1;0;0;0;0;0;1;0;1;0;0;1;0;0;0;0;1;1;0;1;0;1;0;0;0;0;0;0;0;0;0;0;0;0;0;0;0;1;0;0;0;1;0;1;0;1;1;0;103;95;8;103;0;29;62.13;0.922;1
4700;Total War: MEDIEVAL II – Definitive Edition;CREATIVE ASSEMBLY, Feral Interactive (Mac), Feral Interactive (Linux);SEGA, Feral Interactive (Mac), Feral Interactive (Linux);15 Nov, 2006;19.99;0;1000000;2814;95.7;31910;1434;0;0;0;9;none;1;1;1;0.5;6;Establecido;180;0;0;0;0;0;0;0;0;0;0;1;0;0;0;1;1;0;0;0;0;0;0;0;0;0;1;0;0;0;0;0;0;0;0;0;0;0;0;0;0;1;1;0;0;0;0;0;1;0;0;0;1;1;0;0;0;0;0;0;0;0;0;0;0;0;0;0;0;0;0;0;0;0;0;0;0;0;0;1000;935;65;804;0;5;302.92;0.935;1
39140;FINAL FANTASY VII;Square Enix;Square Enix;;0.0;0;1000000;386;92.81;25998;2013;0;36;0;4;full;1;0;0;1.0;5;Establecido;84;0;0;0;0;0;0;1;0;0;0;0;0;0;0;1;0;0;0;0;1;0;1;0;0;0;0;0;0;0;0;1;0;0;1;0;0;0;0;1;0;1;1;0;0;0;0;0;0;0;0;0;0;0;0;0;0;0;0;0;0;0;0;0;0;0;0;0;1;0;0;0;0;0;0;0;0;0;0;1000;921;79;1000;0;6;58.37;0.921;1
675010;MudRunner;Saber Interactive;Focus Entertainment;30 Oct, 2017;11.99;0;1000000;280;91.12;34349;3347;0;62;4;9;full;1;0;0;2.0;2;Novato;234;0;0;0;0;0;0;0;0;1;0;0;0;0;0;1;1;1;1;0;1;0;1;1;1;0;1;0;0;0;1;1;0;0;0;0;0;0;0;0;0;0;0;0;0;0;0;1;1;0;0;0;1;1;0;0;0;1;0;0;0;0;0;0;1;0;0;0;1;0;0;0;0;0;0;0;0;0;0;1000;939;61;895;0;3;24.54;0.939;1
220440;DmC: Devil May Cry;Ninja Theory;Capcom;24 Jan, 2013;23.0;0;1000000;107;93.21;27949;2035;0;58;4;9;full;1;0;0;2.0;2;Novato;134;1;1;0;0;0;0;0;0;0;0;0;0;0;0;1;0;0;0;0;1;0;1;1;0;0;1;0;0;0;0;0;0;0;1;0;0;0;0;0;0;0;0;0;1;0;0;0;0;0;0;0;0;0;0;0;0;0;0;0;0;0;0;0;0;0;0;0;1;0;0;0;0;0;0;0;0;0;0;1000;925;75;721;0;5;16.73;0.925;1
240320;Panzar;Panzar Studio;OVALIS INVESTMENTS LIMITED;25 Nov, 2013;0.0;1;1000000;6;66.0;3397;1750;0;0;1;7;none;1;0;0;2.0;1;Novato;330;1;0;0;0;0;1;1;0;0;0;0;0;0;0;0;1;1;1;0;0;1;0;0;0;0;1;0;0;0;0;1;1;0;0;0;0;1;0;1;1;0;0;0;0;0;0;1;1;0;1;0;0;0;0;0;0;0;0;0;0;0;0;0;0;0;0;0;0;0;0;0;0;0;1;0;1;0;0;223;167;56;223;0;29;77.19;0.749;1
544730;Catan Universe;Client/Frontend: Endava  / Backend: SuperNimbus;USM;25 Apr, 2017;0.0;1;1000000;848;48.73;7826;8234;0;21;0;5;none;1;1;0;2.0;1;Novato;225;0;0;1;0;0;0;0;0;0;0;1;0;0;0;1;1;0;0;0;0;0;1;0;0;1;1;0;0;0;0;0;0;0;0;0;0;0;0;0;0;0;1;0;0;0;0;0;1;0;0;0;0;0;0;0;0;0;0;0;0;0;0;0;0;0;0;0;0;0;0;1;0;0;1;0;0;0;0;1000;295;705;1000;0;6;109.02;0.295;1
337320;Paint the Town Red;South East Games;South East Games;29 Jul, 2021;10.49;0;1000000;296;95.88;28358;1218;0;30;2;27;full;1;1;1;2.0;1;Novato;251;1;0;0;0;1;0;0;0;0;0;0;0;0;0;1;1;1;1;0;1;0;1;1;1;0;1;0;0;0;1;0;0;0;0;0;0;0;0;0;0;0;0;0;0;0;0;0;1;0;0;0;0;0;0;0;0;0;0;0;0;0;0;0;0;0;0;0;0;0;1;0;1;0;0;0;0;1;0;1000;964;36;851;0;5;33.33;0.964;1
350640;Sherlock Holmes: The Devil's Daughter;Frogwares;Frogwares;10 Jun, 2016;17.99;0;1000000;21;79.67;10985;2803;0;25;1;16;full;1;0;0;6.0;1;Novato;291;1;1;0;0;0;0;0;0;0;0;0;0;0;0;1;0;0;0;0;1;0;1;1;0;0;1;0;0;0;1;0;0;0;1;0;0;0;0;0;0;0;0;0;0;0;0;0;1;0;0;0;0;0;0;0;0;0;1;1;0;0;0;1;0;0;0;0;1;0;0;1;0;0;0;0;0;0;0;1000;816;184;908;0;19;13.57;0.816;1
2231450;Pizza Tower;Tour De Pizza;Tour De Pizza;26 Jan, 2023;10.49;0;1000000;367;98.36;65599;1094;0;74;1;12;full;1;0;0;0.5;1;Novato;213;1;0;0;0;1;0;0;0;0;0;0;0;0;0;1;1;1;0;0;1;0;1;1;0;0;0;1;1;0;0;0;0;0;0;0;0;0;0;0;0;0;0;0;1;0;0;0;0;0;0;0;0;0;0;0;0;0;0;0;0;0;1;0;0;0;0;0;0;0;1;0;1;0;0;0;0;0;0;1000;979;21;933;0;3;47.4;0.979;1
552100;Brick Rigs;Fluppisoft GmbH;Fluppisoft GmbH;14 Jul, 2023;10.49;0;1000000;983;94.55;47391;2731;0;0;0;23;none;1;0;1;8.0;1;Novato;181;0;0;0;0;0;0;0;0;1;0;0;0;0;0;1;1;0;0;0;0;1;0;1;1;0;1;0;0;0;1;1;0;0;0;0;0;0;0;0;0;0;0;0;0;0;0;0;1;0;0;0;1;1;0;0;0;1;0;0;0;0;0;0;0;0;0;0;0;0;0;0;0;1;0;0;0;1;0;1000;950;50;902;0;2;136.43;0.95;1
1475810;Ghostwire: Tokyo;Tango Gameworks;Bethesda Softworks;24 Mar, 2022;35.99;0;1000000;97;82.48;15393;3269;0;66;3;14;full;1;0;0;12.0;3;Establecido;182;1;0;0;0;0;0;0;0;0;0;0;0;0;0;1;0;0;0;0;1;0;1;1;0;0;1;0;0;0;1;1;0;0;1;0;0;0;1;0;0;0;0;0;0;0;0;0;0;0;0;0;0;0;0;0;0;0;0;0;0;0;0;0;1;0;0;0;1;0;0;0;0;0;0;0;0;1;0;1000;873;127;641;0;10;25.84;0.873;1
427270;Orcs Must Die! Unchained;Robot Entertainment;Robot Entertainment;19 Apr, 2017;0.0;0;1000000;2;68.71;4205;1915;0;132;0;5;none;1;0;0;4.0;4;Establecido;247;1;0;0;0;0;0;0;0;0;0;1;0;0;0;1;1;1;0;0;0;1;1;0;0;1;0;0;0;0;0;1;0;0;0;0;0;1;0;1;0;0;1;1;0;0;0;1;1;0;1;0;0;0;0;0;0;0;0;0;0;0;0;0;0;0;0;0;0;0;0;0;0;0;1;0;1;1;0;136;103;33;2;0;29;89.29;0.757;1
392160;X4: Foundations;Egosoft;Egosoft;30 Nov, 2018;12.49;0;1000000;2141;79.47;18951;4896;0;172;15;14;full;1;0;1;8.0;1;Novato;253;1;0;0;0;0;0;0;0;1;0;1;0;0;0;1;0;0;0;0;1;0;1;1;1;0;1;0;0;0;1;1;0;0;0;0;0;0;0;0;0;0;1;0;0;0;0;0;0;0;0;0;1;1;1;0;0;0;0;0;0;0;0;1;0;0;0;0;0;0;0;0;0;0;0;0;0;0;0;999;800;199;823;0;4;264.77;0.801;1
346330;BrainBread 2;Reperio Studios;Reperio Studios;9 Mar, 2022;0.0;1;1000000;6;73.25;3785;1382;0;100;0;19;none;1;1;1;0.5;1;Novato;235;1;1;0;0;1;0;0;0;0;0;0;0;0;0;1;1;1;1;0;0;1;1;0;1;0;0;0;0;0;1;0;0;0;0;0;0;1;1;1;1;0;0;0;0;0;0;1;1;0;0;0;0;0;0;0;0;0;0;0;0;0;0;0;0;0;0;0;0;0;0;0;1;1;1;0;0;1;0;419;307;112;419;0;29;23.6;0.733;1
3910;Sid Meier's Civilization® III Complete;Firaxis Games;2K;25 Oct, 2006;0.99;0;1000000;1383;89.68;6485;746;0;0;0;1;none;1;0;0;0.12;4;Establecido;205;0;0;0;0;0;0;0;0;0;0;1;0;0;0;1;1;0;0;0;0;0;0;0;0;0;0;0;0;0;0;0;0;0;0;0;0;0;0;0;0;1;1;0;0;0;0;0;1;0;0;0;0;1;0;1;0;0;0;0;0;0;0;0;0;0;0;0;0;0;0;0;0;0;0;0;0;0;0;1000;881;119;806;0;22;520.77;0.881;1
1380400;Saving Grace;Thomas JC Ironmonger;Ironmonger Games;2 Jan, 2021;1.99;0;1000000;0;93.1;27;2;0;20;0;1;full;1;0;0;4.0;1;Novato;253;1;1;0;0;1;0;0;0;0;0;1;0;0;0;1;0;0;0;0;1;0;1;0;0;0;0;0;0;0;1;0;0;0;1;0;0;1;1;0;0;0;1;0;0;0;0;0;0;0;0;0;1;0;0;0;0;0;0;0;0;0;0;1;0;0;0;0;0;0;0;0;0;0;0;0;0;1;0;1;1;0;0;0;1;1.28;1.0;1
805550;Assetto Corsa Competizione;Kunos Simulazioni;505 Games;29 May, 2019;200.0;0;1000000;1479;92.53;36035;2908;0;0;9;12;none;1;0;0;4.0;2;Novato;294;0;0;0;0;0;0;0;1;1;1;0;0;0;0;1;1;0;0;0;0;1;0;0;0;0;0;0;0;0;1;1;0;0;0;0;0;0;0;0;0;0;0;0;0;0;0;0;1;0;1;0;0;1;0;0;1;1;0;0;0;0;0;0;1;0;0;0;1;0;1;0;0;1;0;1;0;0;0;1000;936;64;765;0;2;51.6;0.936;1
41000;Serious Sam HD: The First Encounter;Croteam;Devolver Digital;24 Nov, 2009;7.99;0;1000000;46;93.42;7652;539;0;35;0;6;none;1;0;0;0.0;4;Establecido;278;1;0;0;0;1;0;0;0;0;0;0;0;0;0;1;1;1;1;0;0;1;1;1;0;0;1;1;1;0;1;0;0;0;0;0;0;0;0;0;0;0;0;0;0;0;0;1;1;0;0;0;0;0;0;0;0;0;0;0;0;0;0;0;0;0;0;0;0;0;1;0;1;0;0;0;0;1;0;1000;900;100;867;0;17;9.44;0.9;1
1284190;The Planet Crafter;Miju Games;Miju Games;10 Apr, 2024;11.99;0;1000000;7330;96.05;52168;2148;0;55;3;14;full;1;0;0;4.0;1;Novato;293;0;1;0;0;0;0;0;0;0;0;0;0;0;0;1;1;1;1;0;1;0;1;0;0;0;0;0;0;0;1;1;1;0;1;0;0;1;0;0;0;0;0;0;0;0;0;1;0;0;0;0;1;0;0;0;0;0;0;0;0;0;0;0;0;0;0;0;0;0;0;0;0;0;0;0;0;0;0;1000;959;41;918;0;2;74.68;0.959;1
2064650;Tower of Fantasy;Hotta Studio;Perfect World Games;19 Oct, 2022;0.0;1;1000000;354;69.23;7595;3375;0;0;0;10;none;1;0;0;8.0;1;Novato;222;1;0;0;0;0;1;1;0;0;0;0;0;0;0;0;1;1;1;0;0;0;0;0;0;1;0;0;0;0;0;1;0;0;1;0;0;0;0;1;1;0;0;0;0;0;0;0;0;0;0;0;0;0;0;0;0;0;0;0;0;1;0;0;0;0;0;0;0;0;0;0;0;0;1;0;0;0;0;1000;475;525;1000;0;10;115.0;0.475;1
56437;Warhammer 40,000: Dawn of War II: Retribution;Relic Entertainment, Feral Interactive (Mac/Linux);SEGA, Feral Interactive (Mac/Linux);;0.0;0;1000000;0;90.35;11303;1207;0;77;0;8;none;1;1;1;0.0;3;Establecido;296;0;0;0;0;0;0;0;0;0;0;1;0;0;0;1;1;1;0;0;0;0;1;1;0;0;0;0;0;0;0;0;0;0;0;0;0;0;0;1;0;0;1;0;0;0;0;1;1;0;0;0;0;0;0;0;0;0;0;0;0;0;0;0;0;0;0;0;1;0;0;0;0;0;0;0;0;0;0;1000;886;114;1000;0;21;142.53;0.886;1
585420;Trailmakers;Flashbulb;Flashbulb;18 Sep, 2019;24.99;0;1000000;903;92.49;25941;2106;0;22;16;13;full;1;0;0;8.0;1;Novato;298;1;1;0;0;1;0;0;1;1;0;0;0;0;0;1;1;1;1;0;1;0;1;1;1;0;1;0;0;0;0;1;1;0;0;0;0;1;0;0;0;0;0;0;0;0;0;0;1;0;0;0;1;0;0;0;0;1;0;0;0;0;0;0;0;0;0;0;0;0;0;0;0;0;0;0;0;0;0;1000;927;73;886;0;2;73.4;0.927;1
1562430;DREDGE;Black Salt Games;Team17;30 Mar, 2023;5.59;0;1000000;517;95.82;42127;1839;0;60;5;12;full;1;1;0;4.0;1;Novato;243;0;1;0;0;0;0;1;0;0;0;0;0;0;0;1;0;0;0;0;1;0;1;1;0;0;1;0;0;0;0;1;0;0;1;0;0;0;1;1;0;0;0;0;0;0;0;0;0;0;0;0;0;1;0;0;0;0;0;0;0;0;0;1;0;0;0;0;1;0;0;0;1;0;0;0;0;0;0;1000;973;27;817;0;2;19.39;0.973;1
1987080;Inside the Backrooms;MrFatcat;MrFatcat, Dropsiick;20 Jun, 2022;6.99;0;1000000;237;81.8;36836;8196;0;28;0;6;none;1;0;0;8.0;1;Novato;247;0;1;0;0;1;0;0;0;0;0;0;0;0;1;1;1;1;1;0;0;0;1;0;1;0;0;0;0;0;1;0;0;0;1;0;0;0;1;0;0;0;0;0;0;0;0;1;1;0;0;0;0;0;0;0;0;0;1;0;0;0;0;1;0;0;0;1;1;0;0;0;0;1;0;1;0;1;0;1000;398;602;842;1000;7;22.57;0.398;1
666220;CS2D;Unreal Software;Unreal Software;15 Nov, 2017;0.0;1;1000000;20;90.07;8950;987;0;66;0;28;none;1;0;1;0.25;1;Novato;129;1;0;1;0;1;0;0;0;0;0;0;0;0;0;1;1;1;1;0;0;0;1;1;0;0;0;0;0;0;0;0;0;0;0;0;0;1;0;0;0;0;1;0;0;0;0;1;1;0;0;0;0;0;0;0;0;0;0;0;0;0;1;0;0;0;0;0;0;0;0;1;1;0;1;0;0;1;0;999;898;101;999;0;18;36.2;0.899;1
245620;Tropico 5;Haemimont Games;Kalypso Media Digital;23 May, 2014;19.99;0;1000000;97;78.54;11092;3031;0;70;13;8;none;1;0;1;4.0;2;Novato;284;0;0;0;0;0;0;1;0;1;0;1;0;0;0;1;1;1;0;0;0;0;1;1;1;0;1;0;0;0;0;1;0;0;0;0;0;0;0;1;0;0;1;0;0;0;0;1;1;0;0;0;1;1;1;1;0;0;0;0;0;0;0;0;0;0;0;0;1;0;0;0;0;0;0;0;0;0;0;867;689;178;509;0;29;58.2;0.795;1
529340;Victoria 3;Paradox Development Studio;Paradox Interactive;25 Oct, 2022;34.99;0;1000000;4609;66.6;35043;17575;0;141;17;11;none;1;1;1;8.0;5;Establecido;279;0;0;0;0;0;0;0;0;1;0;1;0;0;0;1;1;0;0;0;0;0;1;1;1;0;0;0;0;0;0;0;0;0;0;0;0;0;0;0;0;0;1;0;0;0;0;0;1;0;0;0;1;1;1;0;0;0;0;0;0;0;0;0;0;0;0;0;0;0;0;0;0;0;0;0;0;0;0;1000;562;438;638;0;2;304.56;0.562;1
657200;Hand Simulator;HFM Games;HFM Games;18 Jul, 2017;1.99;0;1000000;20;83.92;30653;5873;0;72;0;1;none;1;0;0;2.0;1;Novato;246;0;0;0;0;0;0;0;0;1;0;0;0;0;0;1;1;0;0;0;0;0;1;0;0;0;1;0;0;0;1;1;0;0;0;0;0;0;1;0;0;0;0;0;0;0;0;0;1;0;0;0;0;1;0;0;0;0;0;0;0;0;0;0;0;0;0;0;1;0;1;0;0;0;0;1;0;1;0;1000;747;253;764;0;18;8.7;0.747;1
209160;Call of Duty®: Ghosts;Infinity Ward;Activision;25 Mar, 2014;19.79;0;1000000;106;64.43;19917;10996;0;40;51;5;full;1;0;0;6.0;7;Establecido;338;1;0;0;0;0;0;0;0;0;0;0;0;0;0;1;1;0;0;0;1;0;1;1;0;0;0;0;0;0;1;0;0;0;0;0;0;0;0;0;0;0;0;0;0;0;0;1;1;0;0;0;0;0;0;0;0;0;0;0;0;0;0;0;0;0;0;0;0;0;0;0;0;0;0;0;0;1;0;1000;870;130;801;0;10;20.71;0.87;1
6850;Hitman 2: Silent Assassin;Io-Interactive A/S;Io-Interactive A/S;15 Mar, 2007;4.99;0;1000000;19;82.77;3478;724;0;0;0;1;none;1;0;0;0.0;3;Establecido;276;1;0;0;0;0;0;0;0;0;0;0;0;0;0;1;0;0;0;0;0;0;0;1;0;0;0;0;0;0;1;0;0;0;1;0;0;0;0;0;0;0;0;0;0;0;0;0;0;0;0;0;1;0;0;0;0;0;0;0;0;0;0;0;0;0;0;0;1;0;1;0;0;0;0;0;0;1;1;1000;763;237;868;0;19;11.97;0.763;1
1388770;Cruelty Squad;Consumer Softproducts;Consumer Softproducts;15 Jun, 2021;5.99;0;1000000;50;96.85;20136;655;0;38;1;1;none;1;0;0;2.0;1;Novato;105;1;0;0;0;1;0;0;0;1;0;0;0;0;0;1;0;0;0;0;0;0;1;1;0;0;0;0;0;0;1;0;0;0;0;0;0;0;0;0;0;0;0;0;0;0;0;0;0;0;0;0;0;1;0;0;0;0;0;0;0;0;0;0;0;0;0;0;0;0;0;0;0;0;0;0;0;1;1;999;933;66;920;0;5;17.19;0.934;1
603850;Age of History II;Łukasz Jakowski;Łukasz Jakowski Games;21 Nov, 2018;3.99;0;1000000;513;89.85;41684;4711;0;21;0;19;none;1;0;0;1.0;1;Novato;259;0;0;0;0;0;0;0;0;0;0;1;0;0;0;1;1;0;0;0;0;0;0;0;1;0;0;1;0;0;0;1;0;0;0;0;0;0;0;0;0;1;1;0;0;0;0;0;1;0;0;0;1;1;0;0;0;0;0;0;0;0;0;0;0;0;0;0;0;0;0;1;1;0;0;0;0;0;0;1000;906;94;949;0;3;79.05;0.906;1
32430;STAR WARS™ - The Force Unleashed™ Ultimate Sith Edition;LucasArts;LucasArts, Lucasfilm, Disney;15 Dec, 2009;10.49;0;1000000;197;75.66;8334;2681;0;0;0;5;none;1;1;0;0.0;2;Novato;144;1;0;0;0;0;0;0;0;0;0;0;0;0;0;1;0;0;0;0;0;1;0;1;0;0;0;0;0;0;0;0;0;0;1;0;0;0;0;1;0;0;0;0;1;0;0;0;1;0;0;0;0;0;0;0;0;0;0;0;0;0;0;0;0;0;0;0;1;0;1;0;0;0;0;0;0;0;0;1000;777;223;712;0;12;13.37;0.777;1
253900;Knights and Merchants;Topware Interactive;Topware Interactive;14 Oct, 2013;5.79;0;1000000;47;84.69;3949;714;0;0;1;9;none;1;1;1;0.5;1;Novato;335;0;0;0;0;0;0;0;0;1;0;1;0;0;0;1;1;0;0;0;0;0;0;0;0;0;1;0;0;0;0;0;0;0;0;0;0;0;0;0;0;0;1;0;0;0;0;0;1;0;0;0;0;1;1;1;0;0;0;0;0;0;1;0;0;0;0;0;0;0;1;0;0;0;0;0;0;0;0;635;572;63;378;0;29;77.56;0.901;1
1113000;Persona 4 Golden;ATLUS;SEGA;13 Jun, 2020;16.99;0;1000000;962;97.02;76008;2338;0;50;0;9;full;1;0;0;2.0;2;Novato;118;0;0;0;0;0;0;1;0;0;0;0;0;0;0;1;0;0;0;0;1;0;1;1;0;0;1;0;0;0;0;0;0;0;1;0;0;0;0;1;0;1;1;0;0;0;0;0;0;0;0;0;0;0;0;0;0;0;0;0;1;1;0;0;0;0;0;0;0;0;0;0;0;0;0;0;0;0;0;1000;972;28;667;0;3;76.16;0.972;1
1016920;Unrailed!;Indoor Astronaut;Daedalic Entertainment;23 Sep, 2020;10.99;0;1000000;182;93.34;17426;1243;0;53;2;15;full;1;1;1;4.0;1;Novato;250;1;0;1;0;1;0;0;0;0;0;0;0;0;0;1;1;1;1;0;1;0;1;0;0;0;1;1;1;0;0;0;0;0;0;0;0;1;0;0;0;0;0;0;0;0;0;1;1;1;0;0;0;0;0;0;0;0;0;0;0;0;0;0;0;0;0;0;0;0;0;1;1;0;0;0;0;0;0;1000;913;87;768;0;11;11.67;0.913;1
955050;Bright Memory;FYQD-Studio;FYQD-Studio, PLAYISM;25 Mar, 2020;4.49;0;1000000;5;90.48;29613;3115;0;12;0;8;none;1;0;0;6.0;2;Novato;216;1;1;0;0;1;0;0;0;0;0;0;0;0;0;1;0;0;0;0;0;1;1;1;0;0;0;0;0;0;1;1;0;0;0;0;0;0;0;0;0;0;0;0;0;0;0;0;1;0;0;0;0;0;0;0;0;0;0;0;0;1;0;0;0;0;0;0;0;0;0;0;1;1;0;0;0;1;0;1000;648;352;912;0;21;20.85;0.648;1
1929610;Demonologist;Clock Wizard Games;Clock Wizard Games;25 Sep, 2023;10.49;0;1000000;266;86.18;18742;3006;0;21;0;25;none;1;0;0;16.0;1;Novato;227;1;1;0;0;1;0;0;0;0;0;0;0;0;0;1;1;1;1;0;0;0;1;1;0;0;0;0;0;0;1;0;0;0;0;0;0;0;1;0;0;0;0;0;0;0;0;1;1;0;0;0;0;0;0;0;0;0;0;0;0;0;0;1;0;0;0;1;0;0;0;0;1;0;0;0;0;0;0;1000;775;225;777;0;6;28.0;0.775;1
1850570;DEATH STRANDING DIRECTOR'S CUT;KOJIMA PRODUCTIONS; 505 Games;30 Mar, 2022;18.99;0;1000000;1604;92.87;36697;2819;0;63;1;20;full;1;0;0;8.0;1;Novato;296;1;1;0;0;0;0;0;0;0;0;0;0;0;0;1;0;0;0;0;1;0;1;1;0;0;1;0;0;0;0;1;0;0;1;0;0;0;1;0;0;0;0;0;0;0;0;0;1;0;0;0;0;0;0;0;0;0;0;0;0;0;0;0;0;0;0;0;1;1;0;0;0;0;0;0;0;0;1;1000;895;105;709;0;2;53.36;0.895;1
2096610;Crysis 3 Remastered;Crytek, Saber Interactive;Crytek;17 Nov, 2022;14.99;0;1000000;59;88.18;5108;685;0;37;0;12;full;1;0;0;8.0;1;Novato;159;1;0;0;0;0;0;0;0;0;0;0;0;0;0;1;0;0;0;0;1;0;1;0;0;0;1;0;0;0;1;0;0;0;1;0;0;0;0;0;0;0;0;0;0;0;0;0;0;0;0;0;1;0;0;0;0;0;0;0;0;0;0;0;0;0;0;0;0;0;0;0;0;0;0;0;0;1;1;1000;875;125;887;0;6;17.18;0.875;1
446800;Transport Fever;Urban Games;Good Shepherd Entertainment;8 Nov, 2016;14.99;0;1000000;91;83.32;8934;1788;0;53;0;13;none;1;1;1;4.0;1;Novato;290;0;0;0;0;0;0;0;0;1;0;0;0;0;0;1;0;0;0;0;0;0;1;0;1;0;0;0;0;0;0;1;0;0;0;0;0;0;0;0;0;0;1;0;0;0;0;0;1;0;0;0;1;1;1;1;0;0;0;0;0;0;0;0;1;0;0;0;0;1;0;0;0;0;0;0;0;0;0;417;334;83;337;0;29;195.25;0.801;1
250400;How to Survive;Eko Software;505 Games;29 Aug, 2014;10.49;0;1000000;10;82.65;14071;2954;0;43;9;7;full;1;0;0;4.0;1;Novato;340;1;1;0;0;0;0;1;0;0;0;0;0;0;0;1;1;1;0;0;1;0;1;1;0;0;1;1;0;0;0;1;1;0;0;0;0;1;0;1;0;0;0;0;0;0;0;1;1;1;0;0;0;0;0;0;0;0;0;0;0;0;0;0;0;0;0;0;0;0;0;0;1;0;0;0;0;0;0;572;462;110;483;0;29;32.74;0.808;1
209170;Call of Duty®: Ghosts;Infinity Ward;Activision;25 Mar, 2014;19.79;0;1000000;32;58.3;15087;10789;0;40;51;5;full;1;0;0;6.0;7;Establecido;338;1;0;0;0;0;0;0;0;0;0;0;0;0;0;1;1;0;0;0;1;0;1;1;0;0;0;0;0;0;1;0;0;0;0;0;0;0;0;0;0;0;0;0;0;0;0;1;1;0;0;0;0;0;0;0;0;0;0;0;0;0;0;0;0;0;0;0;0;0;0;0;0;0;0;0;0;1;0;531;463;68;381;0;29;115.77;0.872;1
1211020;Wobbly Life;RubberBandGames;RubberBandGames;18 Sep, 2025;12.49;0;1000000;625;97.03;26141;799;0;68;1;12;full;1;0;0;8.0;1;Novato;275;1;1;1;0;1;0;0;0;1;0;0;0;0;0;1;1;1;1;0;1;0;1;1;1;0;1;0;1;0;0;1;0;0;0;0;0;0;0;0;0;0;0;0;0;0;0;1;1;0;0;0;1;1;0;0;0;0;0;0;0;0;0;0;0;0;0;0;0;0;0;1;1;1;0;0;0;0;0;1000;961;39;920;0;3;81.76;0.961;1
1296830;暖雪 Warm Snow;BadMudStudio;bilibili;18 Jan, 2022;6.39;0;1000000;516;93.07;34444;2563;0;158;4;6;full;1;0;0;4.0;1;Novato;270;1;1;0;0;1;0;1;0;0;0;0;0;0;0;1;0;0;0;0;1;0;1;1;0;0;0;0;0;0;0;0;0;0;1;0;0;0;0;1;0;0;0;0;0;0;0;0;0;0;0;0;0;0;0;0;0;0;0;0;0;0;1;0;0;0;0;0;0;0;0;0;1;0;0;0;0;0;0;1000;899;101;711;0;8;37.45;0.899;1
410320;EARTH DEFENSE FORCE 4.1 The Shadow of New Despair;SANDLOT;D3PUBLISHER;18 Jul, 2016;19.99;0;1000000;71;95.03;9554;500;0;51;18;2;full;1;0;0;4.0;1;Novato;281;1;0;0;0;0;0;0;0;0;0;0;0;0;0;1;1;1;0;0;1;0;1;1;0;0;1;1;0;0;0;0;0;0;0;0;0;0;0;0;0;0;0;0;0;0;0;1;1;1;0;0;0;0;0;0;0;0;0;0;0;1;0;0;0;0;0;0;0;0;1;0;0;0;0;0;0;0;0;1000;946;54;715;0;24;44.21;0.946;1
261110;Killer is Dead - Nightmare Edition;KADOKAWA GAMES / GRASSHOPPER MANUFACTURE;Deep Silver;23 May, 2014;14.99;0;1000000;9;74.94;6296;2105;0;48;0;6;full;1;0;0;4.0;1;Novato;251;1;0;0;0;0;0;0;0;0;0;0;0;0;0;1;0;0;0;0;1;0;1;1;0;0;1;0;0;0;0;0;0;0;1;0;0;0;0;0;0;0;0;0;0;0;0;0;0;0;0;0;0;0;0;0;0;0;0;0;0;0;0;0;0;0;0;0;1;0;0;0;0;0;0;0;0;0;0;800;511;289;496;0;29;10.27;0.639;1
208580;STAR WARS™ Knights of the Old Republic™ II - The Sith Lords™;Obsidian Entertainment, Aspyr (Mac, Linux, & Windows Update);LucasArts, Lucasfilm, Aspyr (Mac, Linux);23 Aug, 2012;5.79;0;1000000;551;93.6;22754;1556;0;57;0;5;none;1;1;1;4.0;1;Novato;182;0;0;0;0;0;0;1;0;0;0;0;0;0;0;1;0;0;0;0;0;1;1;1;1;0;0;0;0;0;0;0;0;0;1;0;0;0;0;1;0;1;0;0;0;0;0;0;0;0;0;0;0;0;0;0;0;0;0;0;0;0;0;0;0;0;0;0;1;0;0;0;0;0;0;0;0;0;0;1000;927;73;802;0;8;67.82;0.927;1
775500;SCARLET NEXUS;BANDAI NAMCO Studios Inc.;BANDAI NAMCO Entertainment;24 Jun, 2021;47.99;0;1000000;58;81.1;13888;3237;0;53;7;12;full;1;0;0;6.0;3;Establecido;251;1;1;0;0;0;0;1;0;0;0;0;0;0;0;1;0;0;0;0;1;0;1;1;0;0;0;0;0;0;0;1;0;0;0;0;0;0;0;1;1;0;0;0;0;0;0;0;0;0;0;0;0;0;0;0;0;0;0;0;0;1;0;0;0;0;0;0;0;0;0;0;0;0;0;0;0;0;0;1000;704;296;705;0;12;29.78;0.704;1
447820;Day of Infamy;New World Interactive;New World Interactive;23 Mar, 2017;14.99;0;1000000;17;82.39;18172;3883;0;97;1;7;none;1;1;1;4.0;3;Establecido;302;1;0;0;0;1;0;0;0;0;0;1;0;0;0;0;1;1;1;0;0;1;1;1;1;0;0;0;0;0;1;1;0;0;0;0;0;0;0;0;0;0;1;0;0;0;0;1;1;0;0;0;0;1;0;0;0;0;0;0;0;0;0;0;1;0;0;0;0;0;0;0;1;0;0;0;0;1;0;746;531;215;585;0;29;71.33;0.712;1
1599600;PlateUp!;It's happening;Yogscast Games, Gamersky Games;4 Aug, 2022;2.62;0;1000000;832;94.88;22204;1197;0;26;0;12;full;1;0;0;8.0;1;Novato;278;1;0;1;0;1;0;0;0;0;0;1;0;0;0;1;1;1;1;0;1;0;1;1;1;0;0;1;1;0;0;0;0;0;0;0;0;0;0;0;0;0;1;0;0;0;0;1;0;1;0;0;0;0;1;0;0;0;0;0;0;0;0;0;0;0;0;0;0;0;0;1;0;0;0;0;0;0;0;1000;927;73;689;0;5;38.98;0.927;1
475550;Beholder;Alawar Stargaze (Warm Lamp Games);Alawar;9 Nov, 2016;7.79;0;1000000;138;91.7;25444;2303;0;60;2;14;none;1;1;1;2.0;1;Novato;235;0;1;0;0;1;0;0;0;0;0;1;0;0;0;1;0;0;0;0;0;1;1;1;0;0;1;0;0;0;0;0;0;0;1;0;0;0;0;1;0;0;1;0;0;0;0;0;0;0;0;0;0;1;0;0;0;0;0;1;0;0;1;1;0;0;0;1;1;0;0;0;1;0;0;0;0;0;0;999;912;87;766;0;6;12.67;0.913;1
257510;The Talos Principle;Croteam;Devolver Digital, Croteam;11 Dec, 2014;14.99;0;1000000;117;95.41;30399;1462;0;40;4;13;full;1;1;1;2.0;4;Establecido;213;1;1;0;0;1;0;0;0;0;0;0;0;0;0;1;0;0;0;0;1;0;1;1;1;0;1;0;0;0;1;0;0;0;1;0;0;0;0;0;0;0;0;0;0;0;0;0;0;0;0;0;0;1;0;0;0;0;1;0;0;0;0;0;0;0;0;0;1;0;1;0;1;0;0;0;0;0;0;1000;932;68;872;0;11;29.73;0.932;1
474960;Quantum Break;Remedy Entertainment;Xbox Game Studios;29 Sep, 2016;39.99;0;1000000;46;85.7;24117;4023;0;42;1;10;full;1;0;0;8.0;4;Establecido;247;1;0;0;0;0;0;0;0;0;0;0;0;0;0;1;0;0;0;0;1;0;1;1;0;0;0;0;0;0;0;1;0;0;1;0;0;0;0;0;0;0;0;0;0;0;0;0;0;0;0;0;0;0;0;0;0;0;0;0;0;0;0;0;0;0;0;0;1;0;0;0;0;0;0;0;0;0;1;1000;842;158;746;0;5;12.73;0.842;1
237110;Mortal Kombat Komplete Edition;NetherRealm Studios, High Voltage Software;Warner Bros. Interactive Entertainment;;0.0;0;1000000;37;91.5;16939;1574;0;50;0;6;full;1;0;0;2.0;1;Novato;341;1;0;0;0;0;0;0;0;0;0;0;0;0;0;1;1;1;0;0;1;0;1;1;0;0;0;1;0;0;0;0;0;0;0;0;0;0;0;0;0;0;0;0;0;0;0;1;1;1;0;0;0;0;0;0;0;0;0;0;0;0;1;0;0;0;0;0;0;0;0;0;0;0;0;0;0;0;0;1000;949;51;1000;0;25;36.54;0.949;1
444640;Bloons TD Battles;Ninja Kiwi;Ninja Kiwi;20 Apr, 2016;0.0;1;1000000;215;90.78;26414;2682;0;16;1;1;none;1;1;0;0.5;2;Novato;295;1;0;0;0;0;0;0;0;0;0;1;0;0;0;0;0;0;0;0;0;0;1;0;0;1;1;0;0;0;0;0;0;0;0;0;0;0;0;0;0;0;1;1;0;0;0;1;1;0;1;0;1;0;0;0;0;0;0;0;0;0;1;0;0;0;0;0;0;0;1;1;1;0;1;0;0;0;0;1000;908;92;1000;0;15;55.25;0.908;1
843380;Super Animal Royale;Pixile;Pixile;26 Aug, 2021;0.0;1;1000000;364;93.63;39667;2700;0;13;4;12;full;1;1;0;3.0;1;Novato;299;1;1;1;0;1;1;0;0;0;0;0;0;0;0;0;1;1;1;0;1;0;1;1;0;1;1;0;0;0;0;0;0;0;0;0;0;1;0;0;0;0;0;0;0;0;0;1;1;0;1;1;0;0;0;0;0;0;0;0;0;0;0;0;0;0;0;0;0;0;0;1;1;0;1;0;0;0;0;1000;830;170;1000;0;5;81.26;0.83;1
560130;Pillars of Eternity II: Deadfire;Obsidian Entertainment;Versus Evil, Obsidian Entertainment, Xbox Game Studios;8 May, 2018;18.99;0;1000000;233;88.04;16666;2265;0;55;10;9;none;1;1;1;4.0;5;Establecido;282;0;0;0;0;0;0;1;0;0;0;0;0;0;0;1;0;0;0;0;0;0;1;1;1;0;1;0;0;0;0;1;0;0;1;0;0;0;0;1;0;1;0;0;0;0;0;0;0;0;0;0;0;0;0;0;0;0;0;0;0;0;0;0;0;0;0;0;1;0;0;0;0;0;0;0;0;0;0;1000;854;146;746;0;13;101.88;0.854;1
4760;Rome: Total War™ - Collection;CREATIVE ASSEMBLY;SEGA;28 Aug, 2007;0.0;0;1000000;552;94.6;15304;873;0;0;0;1;none;1;0;0;0.25;2;Novato;58;0;0;0;0;0;0;0;0;0;0;1;0;0;0;1;1;0;0;0;0;0;0;0;0;0;1;0;0;0;0;0;0;0;0;0;0;0;0;0;0;1;1;0;0;0;0;0;1;0;0;0;0;1;0;0;0;0;0;0;0;0;0;0;0;0;0;0;1;0;0;0;0;0;0;0;0;0;0;1000;950;50;814;0;21;324.93;0.95;1
568220;Lobotomy Corporation | Monster Management Simulation;ProjectMoon;ProjectMoon;9 Apr, 2018;24.99;0;1000000;1524;93.81;41213;2719;0;0;1;11;none;1;0;0;8.0;1;Novato;253;0;0;0;0;1;0;0;0;1;0;0;0;0;0;1;0;0;0;0;0;0;0;0;0;0;0;0;0;0;0;0;0;0;1;0;0;0;1;0;0;0;1;0;0;0;0;0;0;0;0;0;0;1;1;0;0;0;0;0;1;1;1;0;0;0;0;0;1;0;1;0;1;0;0;0;0;0;0;1000;951;49;921;0;2;69.03;0.951;1
202750;Alan Wake's American Nightmare;Remedy Entertainment;Remedy Entertainment;22 May, 2012;40.99;0;1000000;21;72.85;6527;2433;0;12;0;10;full;1;0;0;2.0;4;Establecido;154;1;1;0;0;0;0;0;0;0;0;0;0;0;0;1;0;0;0;0;1;0;0;0;0;0;0;0;0;0;0;0;0;0;1;0;0;1;1;0;0;0;0;0;0;0;0;0;0;0;0;0;0;0;0;0;0;0;0;0;0;0;0;0;0;0;0;0;1;0;0;0;0;0;0;0;0;0;0;1000;804;196;877;0;8;6.29;0.804;1
257350;Baldur's Gate II: Enhanced Edition;Beamdog;Beamdog;15 Nov, 2013;10.49;0;1000000;279;92.06;9243;797;0;93;2;9;none;1;1;1;1.0;2;Novato;197;0;1;0;0;0;0;1;0;0;0;0;0;0;0;1;1;1;0;0;0;0;1;1;0;0;1;0;0;0;0;1;0;0;1;0;0;0;0;1;0;0;0;0;0;0;0;0;1;0;0;0;0;0;0;0;0;0;0;0;0;0;0;0;0;0;0;0;1;0;0;0;0;0;0;0;0;0;0;1000;942;58;803;0;17;142.06;0.942;1
1676130;Deadlink;Gruby Entertainment;SuperGG.com;27 Jul, 2023;12.49;0;1000000;11;89.73;3050;349;0;74;1;11;full;1;0;0;6.0;1;Novato;270;1;0;0;0;1;0;0;0;0;0;0;0;0;0;1;0;0;0;0;1;0;1;1;0;0;1;0;0;0;1;0;0;0;0;0;0;0;0;0;0;0;0;0;0;0;0;0;0;0;0;0;0;0;0;0;0;0;0;0;0;0;0;0;0;0;0;0;0;0;1;0;0;0;0;0;0;1;0;1000;829;171;510;0;29;13.12;0.829;1
34870;Sniper: Ghost Warrior 2;City Interactive;CI Games;11 Mar, 2013;5.79;0;1000000;25;75.54;13533;4383;0;38;3;10;full;1;0;0;0.5;1;Novato;101;1;0;0;0;0;0;0;0;0;0;0;0;0;0;1;1;0;0;0;1;0;1;0;0;0;0;0;0;0;1;1;0;0;0;0;0;0;0;0;0;0;1;0;0;0;0;1;1;0;0;0;0;1;0;0;0;0;0;0;0;0;0;0;0;0;0;0;1;0;1;0;0;0;0;0;0;1;1;1000;799;201;753;0;15;11.46;0.799;1
224540;Ace of Spades: Battle Builder;Jagex Limited;Jagex Limited;;0.0;0;1000000;0;65.26;11922;6346;0;77;0;9;none;1;1;0;2.0;1;Novato;342;1;0;0;0;1;0;0;0;0;0;0;0;0;0;0;1;1;0;0;0;0;1;0;1;0;1;0;0;0;1;1;0;0;0;0;0;0;0;0;0;0;0;0;0;0;0;1;1;0;0;0;1;0;0;0;0;0;0;0;0;0;0;0;0;0;0;0;0;0;0;1;1;0;1;0;0;1;0;257;187;70;257;0;29;44.76;0.728;1
816020;JUMP FORCE;Spike Chunsoft Co., Ltd.;BANDAI NAMCO Entertainment;14 Feb, 2019;0.0;0;1000000;12;73.49;16682;6019;0;50;0;14;full;1;0;0;4.0;2;Novato;197;1;0;0;0;0;0;0;0;0;0;0;0;0;0;1;1;0;0;0;1;0;1;0;0;0;0;1;0;0;0;1;0;0;1;0;0;0;0;1;0;0;0;0;0;0;0;1;1;0;0;0;0;0;0;0;0;0;0;0;0;1;0;0;0;0;0;0;0;0;0;1;0;0;0;0;0;0;0;806;546;260;806;0;29;47.15;0.677;1
699130;World War Z;Saber Interactive Inc;Saber Interactive Inc;21 Sep, 2021;8.87;0;1000000;1663;83.11;21657;4401;0;35;20;12;full;1;0;0;8.0;1;Novato;180;1;0;0;0;0;0;0;0;0;0;0;0;0;0;1;1;1;1;0;1;0;1;1;0;0;0;0;0;0;1;0;0;0;0;0;0;0;1;0;0;0;0;0;0;0;0;1;1;0;0;0;0;0;0;0;0;0;0;0;0;0;0;0;0;0;0;0;0;0;0;0;0;0;0;0;0;1;0;1000;760;240;808;0;3;83.99;0.76;1
681660;Bless Online;NEOWIZ BLESS STUDIO;NEOWIZ;23 Oct, 2018;0.0;0;1000000;0;37.32;3683;6185;0;55;0;3;none;1;0;0;8.0;1;Novato;213;1;1;0;0;0;1;1;0;0;0;0;0;0;0;1;1;1;1;0;0;0;1;0;0;1;1;0;0;0;0;1;1;0;0;0;0;0;0;1;0;0;0;0;0;0;0;0;1;0;1;0;0;0;0;0;0;0;0;0;0;1;0;0;0;0;0;0;0;0;0;0;0;1;1;0;0;0;0;42;12;30;42;0;21;72.6;0.286;1
462780;Darksiders Warmastered Edition;KAIKO, Vigil Games;THQ Nordic;29 Nov, 2016;1.57;0;1000000;87;87.81;13991;1943;0;43;0;12;full;1;0;0;4.0;1;Novato;214;1;1;0;0;0;0;1;0;0;0;0;0;0;0;1;0;0;0;0;1;0;1;1;0;0;1;0;0;0;0;1;0;0;1;0;0;0;0;1;1;0;0;0;0;1;0;0;0;0;0;0;0;0;0;0;0;0;1;0;0;0;0;0;0;0;0;0;0;0;1;0;0;0;0;0;0;0;0;1000;891;109;796;0;5;20.6;0.891;1
34460;Civilization IV: Beyond the Sword;Firaxis Games;2K;24 Jul, 2007;4.49;0;1000000;5;95.29;1516;75;0;0;0;5;none;1;1;0;0.25;4;Establecido;159;0;0;0;0;0;0;0;0;0;0;1;0;0;0;1;0;0;0;0;0;0;0;0;0;0;0;0;0;0;0;0;0;0;0;0;0;0;0;0;0;1;1;0;0;0;0;0;1;0;0;0;0;0;0;0;0;0;0;0;0;0;0;0;0;0;0;0;0;0;0;0;0;0;0;0;0;0;0;4;4;0;4;0;3;195.47;1.0;1
448510;Overcooked;Ghost Town Games Ltd.;Team17 Digital Ltd;3 Aug, 2016;8.99;0;1000000;61;90.32;13706;1469;0;12;1;7;full;1;0;0;2.0;1;Novato;225;1;0;1;0;1;0;0;0;1;0;0;0;0;0;1;1;1;0;0;1;0;1;1;0;0;1;1;1;0;0;0;0;0;0;0;0;0;0;0;0;0;0;0;0;0;0;1;1;1;0;0;0;1;0;0;0;0;0;0;0;0;0;0;0;0;0;0;0;0;1;1;1;0;0;0;0;0;0;999;821;178;874;0;8;9.19;0.822;1
1129580;Medieval Dynasty;Render Cube;Toplitz Productions;23 Sep, 2021;17.99;0;1000000;1366;90.76;40992;4174;0;44;7;18;full;1;0;0;8.0;1;Novato;220;1;1;0;0;1;0;1;0;1;0;0;0;0;0;1;1;1;1;0;1;0;1;1;0;0;1;0;0;0;1;1;1;0;0;0;0;1;0;1;0;0;0;0;0;0;0;1;1;0;0;0;1;1;1;0;0;0;0;0;0;0;0;0;1;0;0;0;1;0;0;0;0;0;0;0;0;0;0;1000;851;149;834;0;3;86.99;0.851;1
1307550;Craftopia;Pocketpair;Pocketpair;4 Sep, 2020;12.49;0;1000000;119;75.58;15406;4977;0;50;1;4;none;1;0;0;8.0;2;Novato;204;1;1;0;0;1;0;1;0;0;0;0;0;0;1;1;1;1;1;0;0;1;1;0;1;0;0;0;0;0;0;1;1;0;0;0;0;1;0;1;0;0;0;0;0;0;0;1;1;0;0;0;1;0;0;0;0;0;0;0;0;1;0;0;0;0;0;0;0;0;0;0;1;1;0;0;0;0;0;1000;579;421;886;1000;19;60.91;0.579;1
460920;Steep™;Ubisoft Annecy, Ubisoft Montpellier, Ubisoft Kiev;Ubisoft;2 Dec, 2016;23.99;0;1000000;128;82.36;25437;5447;0;41;8;12;none;1;0;0;6.0;1;Novato;233;1;0;0;0;0;0;0;0;0;1;0;0;0;0;1;1;0;0;0;0;1;0;0;0;1;1;0;0;0;1;1;0;0;0;0;0;0;0;0;0;0;0;0;0;0;0;1;1;0;0;0;1;1;0;0;1;1;0;0;0;0;0;0;1;0;0;0;1;0;0;1;0;0;0;0;0;0;0;1000;889;111;959;0;5;18.93;0.889;1
55110;Red Faction®: Armageddon™;Volition;Deep Silver ;9 Jun, 2011;14.99;0;1000000;6;72.91;3537;1314;0;58;2;7;none;1;0;0;0.0;3;Establecido;104;1;0;0;0;0;0;0;0;0;0;0;0;0;0;1;1;1;0;0;0;1;1;1;0;0;0;0;0;0;0;1;0;0;0;0;0;0;1;0;0;0;0;0;0;0;0;1;1;0;0;0;0;0;0;0;0;0;0;0;0;0;0;0;0;0;0;0;0;0;0;0;0;0;0;0;0;1;0;434;314;120;228;0;29;12.54;0.724;1
278080;DYNASTY WARRIORS 8: Xtreme Legends Complete Edition;KOEI TECMO GAMES CO., LTD.;KOEI TECMO GAMES CO., LTD.;13 May, 2014;41.69;0;1000000;242;84.03;11342;2155;0;44;21;6;none;1;0;0;0.25;2;Novato;203;1;0;0;0;0;0;0;0;0;0;0;0;0;0;1;1;1;0;0;0;1;1;0;0;0;0;1;1;0;0;0;0;0;0;0;0;0;0;1;1;0;1;0;0;0;0;1;1;1;0;0;0;0;0;0;0;0;0;0;0;0;0;0;0;0;0;0;0;0;0;1;0;0;0;0;0;0;0;1000;809;191;782;0;18;57.34;0.809;1
996580;Spyro™ Reignited Trilogy;Toys for Bob, Iron Galaxy Studios;Activision;3 Sep, 2019;39.99;0;1000000;351;93.95;19266;1240;0;105;0;14;full;1;0;0;4.0;1;Novato;270;1;1;0;0;0;0;0;0;0;0;0;0;0;0;1;0;0;0;0;1;0;1;1;0;0;1;0;0;0;0;0;0;0;0;0;0;0;0;0;0;0;0;0;1;0;0;0;0;0;0;0;0;0;0;0;0;0;0;0;0;0;0;0;0;0;0;0;1;0;0;1;0;0;0;0;0;0;0;1000;884;116;844;0;10;29.7;0.884;1
231060;Ragnarok Online 2;Gravity, Inc.;Gravity Interactive;1 May, 2013;0.0;1;1000000;5;58.04;1848;1336;0;0;5;3;none;1;0;0;2.0;1;Novato;230;0;0;0;0;0;1;1;0;0;0;0;0;0;0;1;1;0;0;0;0;0;0;0;0;0;0;0;0;0;0;1;0;0;0;0;0;0;0;1;0;0;0;0;0;0;0;0;1;0;0;0;0;0;0;0;0;0;0;0;0;1;0;0;0;0;0;0;0;0;0;0;0;0;1;0;0;0;0;142;61;81;142;0;28;125.31;0.43;1
108800;Crysis 2 - Maximum Edition;Crytek Studios;Electronic Arts;22 Mar, 2011;29.99;0;1000000;27;85.27;11621;2008;0;0;0;11;none;1;0;0;0.5;2;Novato;92;1;0;0;0;0;0;0;0;0;0;0;0;0;0;1;0;0;0;0;0;1;0;0;0;0;0;0;0;0;1;1;0;0;1;0;0;1;0;1;0;0;0;0;0;0;0;0;1;0;0;0;0;0;0;0;0;0;0;0;0;0;0;0;0;0;0;0;1;0;0;0;0;0;0;0;0;1;1;834;742;92;609;0;29;20.02;0.89;1
1094520;Sands of Salzaar;汉家松鼠Han-Squirrel Studio;XD;15 Dec, 2021;14.99;0;1000000;90;81.96;18556;4085;0;51;5;2;none;1;0;0;4.0;1;Novato;281;0;1;0;0;1;0;1;0;0;0;1;0;0;0;1;0;0;0;0;0;0;1;1;1;0;0;0;0;0;0;1;0;0;1;0;0;0;0;1;1;0;1;0;0;0;0;0;1;0;0;0;1;0;0;0;0;0;0;0;0;1;0;0;0;0;0;0;0;0;0;0;1;1;0;0;0;0;0;1000;594;406;906;0;25;49.45;0.594;1
673950;Farm Together;Milkstone Studios;Milkstone Studios;11 Oct, 2018;10.49;0;1000000;311;94.17;20462;1266;0;56;16;27;full;1;1;1;2.0;1;Novato;111;0;0;1;0;1;0;0;0;1;0;0;0;0;0;1;1;1;1;0;1;0;1;1;0;0;1;1;1;0;0;0;0;0;0;0;0;0;0;0;0;0;0;0;0;0;0;1;1;0;0;0;1;1;0;0;0;0;0;0;0;0;0;0;0;0;0;0;0;1;0;1;0;0;0;0;0;0;0;999;913;86;765;0;21;126.49;0.914;1
747660;Five Nights at Freddy's: Security Breach;Steel Wool Studios;ScottGames;16 Dec, 2021;39.99;0;1000000;196;86.46;56080;8779;0;29;1;12;full;1;0;0;8.0;1;Novato;270;1;1;0;0;1;0;0;0;0;0;0;0;0;0;1;0;0;0;0;1;0;1;0;0;0;0;0;0;0;1;0;0;0;1;0;0;0;1;0;0;0;0;0;0;0;0;0;0;0;0;0;0;0;0;0;0;0;0;0;0;0;0;1;0;0;0;0;1;0;0;0;1;0;0;0;0;0;1;1000;854;146;928;0;3;19.5;0.854;1
6910;Deus Ex: Game of the Year Edition;Ion Storm;Eidos Interactive Corp.;29 Mar, 2007;3.49;0;1000000;48;94.84;13801;751;0;0;0;1;full;1;0;0;0.06;1;Novato;284;1;0;0;0;0;0;0;0;0;0;0;0;0;0;1;1;0;0;0;1;0;0;0;0;0;0;0;0;0;1;0;0;0;1;0;0;0;0;1;1;0;0;0;0;0;0;0;0;0;0;0;0;0;0;0;0;0;0;0;0;0;0;0;0;0;0;0;1;0;0;0;0;0;0;0;0;1;1;1000;935;65;905;0;13;36.86;0.935;1
239350;Spelunky;Mossmouth;Mossmouth;8 Aug, 2013;5.99;0;1000000;60;92.09;15005;1288;0;20;0;6;full;1;0;0;2.0;1;Novato;225;0;0;0;0;1;0;0;0;0;0;0;0;0;0;1;1;1;0;0;1;0;1;0;0;0;1;1;1;0;0;0;0;0;0;0;0;0;0;0;0;0;0;0;1;0;0;1;0;1;0;0;0;0;0;0;0;0;0;0;0;0;1;0;0;0;0;0;0;0;1;0;1;0;0;0;0;0;0;1000;907;93;915;0;23;71.17;0.907;1
360430;Mafia III: Definitive Edition;Hangar 13, Aspyr (Mac);2K, Aspyr (Mac);19 May, 2020;29.99;0;1000000;869;57.28;32366;24142;0;85;0;13;full;1;1;0;6.0;1;Novato;188;1;1;0;0;0;0;0;0;0;0;0;0;0;0;1;0;0;0;0;1;0;1;1;0;0;1;0;0;0;0;1;0;0;1;0;0;0;0;0;0;0;0;0;0;0;0;0;1;0;0;0;1;0;0;0;0;0;0;0;0;0;0;0;0;0;0;0;1;0;0;0;0;0;0;0;0;1;1;999;567;432;779;0;3;37.47;0.568;1
215280;Secret World Legends;Funcom;Funcom;31 Jul, 2017;0.0;1;1000000;34;67.37;6104;2956;0;0;3;3;none;1;0;0;2.0;1;Novato;193;1;1;0;0;0;1;1;0;0;0;0;0;0;0;0;1;1;1;0;0;0;0;0;0;0;1;0;0;0;0;1;0;0;1;0;0;0;1;1;0;0;0;0;0;0;0;0;1;0;0;0;0;0;0;0;0;0;1;0;0;0;0;0;0;0;0;0;0;0;0;0;0;0;1;0;0;0;0;565;411;154;565;0;29;140.74;0.727;1
1030840;Mafia: Definitive Edition;Hangar 13;2K;24 Sep, 2020;39.99;0;1000000;686;86.81;79686;12107;0;43;1;14;full;1;0;0;6.0;1;Novato;196;1;1;0;0;0;0;0;0;0;0;0;0;0;0;1;0;0;0;0;1;0;1;1;0;0;1;0;0;0;0;1;0;0;1;0;0;0;0;0;0;0;0;0;0;0;0;0;1;0;0;0;0;0;0;0;0;1;0;0;0;0;0;0;0;0;0;0;1;0;0;0;0;0;0;0;0;0;0;1000;896;104;766;0;2;13.29;0.896;1
673130;AMID EVIL;Indefatigable;New Blood Interactive;20 Jun, 2019;8.99;0;1000000;9;93.74;6709;448;0;43;4;1;full;1;0;0;8.0;1;Novato;179;1;1;0;0;1;0;0;0;0;0;0;0;0;0;1;0;0;0;0;1;0;1;1;0;0;1;0;0;0;1;0;0;0;0;0;0;0;0;0;0;0;0;0;0;0;0;0;0;0;0;0;0;0;0;0;0;0;0;0;0;0;0;0;0;0;0;0;1;0;0;0;0;0;0;0;0;1;0;1000;850;150;763;0;23;11.11;0.85;1
377300;Thunder Tier One;KRAFTON, Inc.;KRAFTON, Inc.;7 Dec, 2021;0.0;1;1000000;102;66.78;3162;1573;0;36;0;6;none;1;0;0;8.0;1;Novato;225;1;0;0;0;0;0;0;0;1;0;0;0;0;0;1;1;1;1;0;0;0;1;1;1;0;0;0;0;0;0;0;0;0;0;0;0;0;0;0;0;0;0;0;0;0;0;1;1;0;1;0;0;0;0;0;0;0;0;0;0;0;0;0;1;0;0;0;0;0;1;0;0;0;1;0;0;0;0;1000;798;202;1000;0;13;8.17;0.798;1
323850;Move or Die;Xelu, Those Awesome Guys;Those Awesome Guys;21 Jan, 2016;0.99;0;1000000;21;89.61;20818;2415;0;66;0;16;full;1;0;1;8.0;1;Novato;153;1;0;0;0;1;0;0;0;0;0;0;0;0;0;1;1;1;1;0;1;0;1;1;1;0;1;1;1;0;0;0;0;0;0;0;0;0;0;0;0;0;0;0;1;0;0;1;1;1;0;0;0;0;0;0;0;0;0;0;0;0;1;0;0;0;0;0;0;0;0;1;1;0;0;0;0;0;0;1000;798;202;713;0;19;11.42;0.798;1
2552430;KINGDOM HEARTS -HD 1.5+2.5 ReMIX-;Square Enix;Square Enix;13 Jun, 2024;39.99;0;1000000;886;83.68;6361;1241;0;197;0;6;full;1;0;0;4.0;5;Establecido;174;1;1;0;0;0;0;1;0;0;0;0;0;0;0;1;0;0;0;0;1;0;1;1;0;0;0;0;0;0;0;0;0;0;1;0;0;0;0;1;1;0;0;0;0;0;0;0;0;0;0;0;0;0;0;0;0;0;0;0;0;1;0;1;0;0;0;0;1;0;0;0;0;0;0;0;0;0;0;1000;898;102;808;0;4;58.2;0.898;1
823500;BONEWORKS;Stress Level Zero;Stress Level Zero;10 Dec, 2019;29.99;0;1000000;38;92.26;32917;2762;0;16;1;1;none;1;0;0;8.0;1;Novato;162;1;1;0;0;1;0;0;0;1;0;0;0;0;0;1;0;0;0;0;0;0;1;0;0;0;0;0;0;0;1;0;0;0;0;0;0;0;1;0;0;0;0;0;0;0;0;0;0;0;0;0;1;1;0;0;0;0;1;0;0;0;0;0;1;0;0;0;0;0;0;0;1;0;0;1;0;1;0;1000;927;73;911;0;9;21.65;0.927;1
841370;NBA 2K19;Visual Concepts;2K;10 Sep, 2018;0.0;0;1000000;129;39.07;8866;13826;0;50;0;9;full;1;0;0;4.0;3;Establecido;185;0;0;0;0;0;0;0;0;1;1;0;0;0;0;1;1;0;0;0;1;0;1;1;0;1;0;1;0;0;0;1;0;0;0;0;0;0;0;0;0;0;0;0;0;0;0;1;1;0;0;0;0;1;0;0;1;0;0;0;0;0;0;0;1;0;0;0;1;0;0;0;0;0;0;0;0;1;0;150;73;77;150;0;29;681.43;0.487;1
204340;Serious Sam II;Croteam;Devolver Digital;31 Jan, 2012;5.79;0;1000000;61;89.64;11356;1312;0;30;2;1;none;1;0;0;0.25;4;Establecido;116;1;0;0;0;1;0;0;0;0;0;0;0;0;0;1;1;1;1;0;0;1;0;1;0;0;1;0;0;0;1;0;0;0;0;0;0;0;0;0;0;0;0;0;0;0;0;1;1;0;0;0;0;0;0;0;0;0;0;0;0;0;0;0;0;0;0;0;1;0;1;0;1;0;0;0;0;1;0;1000;916;84;856;0;8;17.29;0.916;1
794260;Outward Definitive Edition;Nine Dots Studio;Prime Matter, Deep Silver;17 May, 2022;29.99;0;1000000;469;72.88;20738;7717;0;72;1;12;full;1;0;0;6.0;1;Novato;291;0;0;0;0;0;0;1;0;0;0;0;0;0;0;1;1;1;1;0;1;0;1;0;0;0;1;1;1;0;0;1;0;0;0;0;0;1;0;1;0;0;0;0;0;0;0;1;1;1;0;0;0;0;0;0;0;0;0;0;0;0;0;0;1;0;0;0;1;0;1;0;0;0;0;0;0;0;0;1000;646;354;830;0;4;66.43;0.646;1
299460;Woodle Tree Adventures;Fabio Ferrara;Chubby Pixel;2 Mar, 2016;2.49;0;1000000;3;67.37;3717;1800;0;8;1;1;none;1;1;1;1.0;3;Establecido;266;1;1;0;0;1;0;0;0;0;0;0;0;0;0;1;1;0;0;0;0;1;1;0;0;0;1;1;0;0;0;0;0;0;0;0;0;0;0;0;0;0;0;0;1;0;0;0;1;1;0;0;0;0;0;0;0;0;0;0;0;0;0;0;0;0;0;0;0;0;0;1;1;0;0;0;0;0;0;125;69;56;49;0;29;10.61;0.552;1
2680010;The First Berserker: Khazan;Neople;NEXON;27 Mar, 2025;34.99;0;1000000;1253;89.65;15733;1816;0;57;2;11;full;1;0;0;12.0;1;Novato;257;1;1;0;0;0;0;1;0;0;0;0;0;0;0;1;0;0;0;0;1;0;1;1;0;0;0;0;0;0;0;0;0;0;0;0;0;0;0;1;1;0;0;0;0;0;0;0;0;0;0;0;0;0;0;0;0;0;0;0;0;1;0;1;0;0;1;1;1;0;1;0;0;0;0;0;0;0;0;994;906;88;609;0;3;44.32;0.911;1
1755910;Capcom Arcade 2nd Stadium;CAPCOM Co., Ltd.;CAPCOM Co., Ltd.;21 Jul, 2022;0.0;1;1000000;42;68.07;665;312;0;19;50;12;full;1;0;0;4.0;18;AAA;81;1;0;0;0;0;0;0;0;0;0;0;0;0;0;1;1;1;0;0;1;0;1;1;0;1;1;1;1;0;0;0;0;0;0;0;0;0;0;0;0;0;0;0;0;0;0;0;1;1;0;0;0;0;0;0;0;0;0;0;0;0;1;1;0;0;0;0;0;0;0;0;0;0;1;0;0;0;0;610;407;203;610;0;29;16.46;0.667;1
1266680;Strobophagia | Rave Horror;Green Tile Digital;Green Tile Digital, THQ Nordic;28 Oct, 2020;19.99;0;1000000;0;82.42;75;16;0;20;1;1;full;1;0;0;4.0;1;Novato;106;0;1;0;0;1;0;0;0;0;0;0;0;0;0;1;0;0;0;0;1;0;1;1;0;0;0;0;0;0;1;0;0;0;0;0;0;0;1;0;0;0;0;0;0;0;0;0;0;0;0;0;0;0;0;0;0;0;1;0;0;0;0;1;0;0;0;0;1;0;0;0;0;0;0;0;0;0;0;38;33;5;36;0;21;2.81;0.868;1
265550;Dead Rising 3 Apocalypse Edition;Capcom Game Studio Vancouver;Capcom;5 Sep, 2014;23.0;0;1000000;136;76.62;14615;4459;0;88;0;11;full;1;0;0;6.0;1;Novato;155;1;0;0;0;0;0;0;0;0;0;0;0;0;0;1;1;1;0;0;1;0;1;1;0;0;1;0;0;0;0;1;1;0;0;0;0;1;1;1;0;0;0;0;0;0;0;1;1;0;0;0;1;0;0;0;0;0;0;0;0;0;0;0;0;0;0;0;1;0;0;0;0;0;0;0;0;0;0;1000;811;189;718;0;10;20.07;0.811;1
246900;Viscera Cleanup Detail;RuneStorm;RuneStorm;23 Oct, 2015;7.29;0;1000000;140;92.65;20651;1639;0;85;3;1;full;1;1;0;4.0;1;Novato;291;0;0;0;0;1;0;0;0;1;0;0;0;0;0;1;1;1;1;0;1;0;1;1;1;0;1;1;1;0;1;0;0;0;0;0;0;0;1;0;0;0;0;0;0;0;0;1;1;0;0;0;1;1;0;0;0;0;0;0;0;0;0;0;0;0;0;0;0;1;0;1;1;0;0;0;0;0;0;999;875;124;772;0;9;27.38;0.876;1
253960;Jack Orlando: Director's Cut;Toontraxx Studios;Topware Interactive;4 Oct, 2013;3.99;0;1000000;33;68.78;445;202;0;0;1;3;none;1;1;1;1.0;1;Novato;317;0;1;0;0;0;0;0;0;0;0;0;0;0;0;1;0;0;0;0;0;0;0;0;0;0;1;0;0;0;0;0;0;0;0;0;0;0;0;0;0;0;0;0;0;0;0;0;0;0;0;0;0;0;0;0;0;0;0;1;0;0;0;0;0;0;0;0;0;0;0;0;0;0;0;0;0;0;0;183;161;22;25;0;28;17.83;0.88;1
450390;The Lab;Valve;Valve;5 Apr, 2016;0.0;1;1000000;18;94.94;6066;323;0;0;0;21;none;1;0;0;4.0;27;AAA;211;0;0;0;0;0;0;0;0;0;0;0;0;0;0;1;0;0;0;0;0;0;0;0;0;0;0;0;0;0;1;0;0;0;0;0;0;0;0;0;0;0;1;0;0;0;0;0;1;0;0;0;1;1;0;0;0;0;1;0;0;0;0;0;0;0;0;0;1;0;0;1;0;0;1;1;0;1;0;851;783;68;851;0;29;4.71;0.92;1
920210;LEGO® Star Wars™: The Skywalker Saga;TT Games;Warner Bros. Games, Warner Bros. Interactive Entertainment;5 Apr, 2022;25.0;0;1000000;719;90.73;40865;4173;0;45;16;15;full;1;0;0;8.0;1;Novato;251;1;1;0;0;0;0;0;0;0;0;0;0;0;0;1;1;1;0;0;1;0;1;1;0;0;0;1;1;0;0;1;0;0;1;0;0;0;0;0;0;0;0;0;0;0;0;1;1;1;0;0;0;0;0;0;0;0;1;0;0;0;0;0;0;0;0;0;0;0;0;0;0;0;0;0;0;0;0;999;838;161;789;0;4;39.46;0.839;1
17480;Command & Conquer™ Red Alert™ 3;EA Los Angeles;Electronic Arts;8 Jan, 2009;0.0;0;1000000;362;85.21;12792;2220;0;0;0;12;none;1;0;0;1.0;1;Novato;128;1;0;0;0;0;0;0;0;0;0;1;0;0;0;1;0;0;0;0;0;0;0;1;1;0;0;0;0;0;0;0;0;0;0;0;0;0;0;0;0;0;1;0;0;0;0;1;1;0;0;0;0;0;0;0;0;0;0;0;0;0;0;0;0;0;0;0;1;0;0;0;0;0;0;0;0;0;0;1000;843;157;930;0;14;65.7;0.843;1
249130;LEGO® Marvel™ Super Heroes;Traveller's Tales;Warner Bros. Interactive Entertainment;22 Oct, 2013;10.0;0;1000000;298;95.35;24959;1218;0;45;2;10;full;1;0;0;2.0;1;Novato;332;1;1;0;0;0;0;0;0;0;0;0;0;0;0;1;1;0;0;0;1;0;1;1;0;0;0;1;0;0;0;1;0;0;0;0;0;0;0;0;0;0;0;0;1;0;0;1;1;1;0;0;1;0;0;0;0;0;1;0;0;0;0;0;0;0;0;0;0;0;0;1;0;0;0;0;0;0;0;1000;962;38;722;0;4;26.52;0.962;1
1017180;The Long Drive;Genesz;Genesz;25 Sep, 2019;8.49;0;1000000;377;90.16;42761;4666;0;0;0;1;none;1;0;0;4.0;1;Novato;76;1;1;1;0;1;0;0;0;1;0;0;0;0;1;1;0;0;0;0;0;0;0;0;0;0;0;1;0;0;1;1;0;0;0;0;0;1;1;0;0;0;0;0;0;0;0;0;1;0;0;0;0;1;0;0;0;1;0;0;0;0;0;0;1;0;0;0;0;0;0;1;1;1;0;0;0;0;0;1000;790;210;913;1000;3;29.96;0.79;1
26800;Braid;Number None;Number None;10 Apr, 2009;14.99;0;1000000;5;93.44;9121;640;0;12;0;9;full;1;1;1;0.0;1;Novato;234;0;0;1;0;1;0;0;0;0;0;1;0;0;0;1;0;0;0;0;1;0;1;1;0;0;0;0;0;0;0;0;0;0;1;0;0;0;0;0;0;0;1;0;1;0;0;0;0;0;0;0;0;0;0;0;0;0;1;0;0;0;1;0;0;0;0;0;1;0;1;1;1;0;0;0;0;0;0;727;617;110;610;0;29;9.99;0.849;1
1515210;The Past Within;Rusty Lake;Rusty Lake;2 Nov, 2022;5.99;0;1000000;51;94.76;14362;794;0;24;1;23;none;1;1;0;1.0;1;Novato;256;0;1;0;0;1;0;0;0;0;0;0;0;0;0;0;1;1;1;0;0;0;1;1;0;0;0;0;0;0;0;0;0;0;1;0;0;0;1;0;0;0;0;0;0;0;0;1;1;1;0;0;0;0;0;0;0;0;1;1;0;0;1;1;0;0;0;0;1;0;0;0;1;0;0;0;0;0;0;1000;943;57;866;0;8;3.48;0.943;1
1147550;Not For Broadcast;NotGames;tinyBuild;25 Jan, 2022;12.49;0;1000000;33;94.07;10897;687;0;95;5;7;full;1;0;0;8.0;1;Novato;291;0;1;0;0;1;0;0;0;1;0;0;0;0;0;1;0;0;0;0;1;0;1;1;0;0;1;0;0;0;1;0;0;0;1;0;0;0;0;0;0;0;0;0;0;0;0;0;0;0;0;0;0;1;1;0;0;0;0;1;0;0;0;0;0;0;0;0;1;0;0;0;1;0;0;0;0;0;0;1000;907;93;811;0;12;15.82;0.907;1
640590;The LEGO® NINJAGO® Movie Video Game;Traveller's Tales, TT Games;Warner Bros. Interactive Entertainment;29 Sep, 2017;19.99;0;1000000;28;85.68;6151;1028;0;50;0;13;full;1;0;0;4.0;1;Novato;275;1;0;0;0;0;0;0;0;0;0;0;0;0;0;1;1;1;0;0;1;0;1;1;0;0;0;1;1;0;0;1;0;0;1;0;0;0;0;0;0;0;0;0;1;0;0;1;1;1;0;0;0;0;0;0;0;0;0;0;0;0;0;0;0;0;0;0;0;0;0;0;0;0;0;0;0;0;0;1000;807;193;444;0;14;13.88;0.807;1
434650;Lost Castle / 失落城堡;Hunter Studio;Neon Doctrine;31 Aug, 2016;9.99;0;1000000;114;86.9;20442;3082;0;98;2;9;full;1;1;0;2.0;1;Novato;128;1;1;0;0;1;0;1;0;0;0;0;0;0;0;1;1;1;1;0;1;0;1;1;0;0;1;1;1;0;0;0;0;0;0;0;0;0;0;1;1;0;0;0;0;0;0;0;1;0;1;0;0;0;0;0;0;0;0;0;0;0;1;0;0;0;0;0;0;0;1;0;0;0;0;0;0;0;0;1000;689;311;762;0;23;35.44;0.689;1
1774580;STAR WARS Jedi: Survivor™;Respawn;Electronic Arts;27 Apr, 2023;69.99;0;1000000;2353;68.8;46131;20923;0;53;1;12;full;1;0;0;8.0;2;Novato;119;1;1;0;0;0;0;0;0;0;0;0;0;0;0;1;0;0;0;0;1;0;1;0;0;0;0;0;0;0;0;1;0;0;1;0;0;0;0;1;0;0;0;0;0;0;0;0;1;0;0;0;0;0;0;0;0;0;0;0;0;0;0;0;0;0;0;0;1;0;1;0;0;0;0;0;0;0;0;1000;763;237;940;0;1;33.05;0.763;1
431730;Aseprite;Igara Studio;Igara Studio;22 Feb, 2016;10.49;0;1000000;4541;99.09;21620;198;0;0;0;19;none;1;1;1;0.12;1;Novato;98;0;0;0;0;0;0;0;0;0;0;0;0;0;0;0;0;0;0;0;0;0;0;0;0;0;0;0;0;0;0;0;0;0;0;0;0;0;0;0;0;0;0;0;0;0;0;0;0;0;0;0;0;0;0;0;0;0;0;0;0;0;1;0;0;0;0;0;0;0;0;0;1;0;0;0;0;0;0;1000;986;14;812;0;4;542.32;0.986;1
780310;The Riftbreaker;EXOR Studios;EXOR Studios, Surefire.Games;14 Oct, 2021;14.99;0;1000000;231;90.22;16245;1760;0;54;4;10;full;1;0;0;8.0;1;Novato;238;1;1;0;0;1;0;1;0;1;0;1;0;0;0;1;1;1;1;0;1;0;1;1;1;0;1;0;0;0;0;0;1;0;0;0;0;1;0;1;1;0;1;1;0;0;0;0;0;0;0;0;1;1;0;0;0;0;0;0;0;0;0;0;0;0;0;0;1;0;0;0;0;0;0;0;0;0;0;1000;894;106;837;0;3;50.64;0.894;1
261030;The Walking Dead: Season Two;Telltale Games;Skybound Games;17 Dec, 2013;7.99;0;1000000;199;96.48;30526;1113;0;40;0;1;full;1;1;0;3.0;2;Novato;202;0;1;0;0;0;0;0;0;0;0;0;0;0;0;1;0;0;0;0;1;0;1;0;0;0;0;0;0;0;0;0;0;0;1;0;0;1;1;0;0;0;0;0;0;0;0;0;0;0;0;0;0;0;0;0;0;0;0;1;0;0;0;0;0;0;0;0;1;0;0;0;0;0;0;0;0;0;0;1000;975;25;878;0;6;16.74;0.975;1
226840;Age of Wonders III;Triumph Studios;Paradox Interactive;31 Mar, 2014;17.99;0;1000000;163;80.24;10093;2485;0;74;3;5;none;1;1;1;2.0;1;Novato;277;0;0;0;0;0;0;1;0;0;0;1;0;0;0;1;1;1;0;0;0;0;1;1;1;0;1;1;0;0;0;0;0;0;0;0;0;0;0;1;0;1;1;0;0;0;0;1;1;0;0;0;0;0;0;0;0;0;0;0;0;0;0;0;0;0;0;0;1;0;0;0;0;0;0;0;0;0;0;839;626;213;378;0;29;252.91;0.746;1
374040;Portal Knights;Keen Games GmbH;505 Games;18 May, 2017;10.49;0;1000000;76;83.43;18093;3593;0;40;12;17;none;1;0;0;4.0;2;Novato;254;1;1;0;0;0;0;1;0;0;0;0;0;0;0;1;1;1;0;0;0;1;1;1;1;0;0;1;1;0;0;0;1;0;0;0;0;1;0;1;0;0;0;0;0;0;0;1;1;1;0;0;1;0;0;0;0;0;0;0;0;0;0;0;0;0;0;0;0;0;0;1;0;1;0;0;0;0;0;1000;832;168;752;0;16;52.94;0.832;1
1328670;Mass Effect™ Legendary Edition;BioWare;Electronic Arts;14 May, 2021;59.99;0;1000000;2420;91.06;51295;5033;0;127;0;8;full;1;0;0;8.0;5;Establecido;252;1;0;0;0;0;0;1;0;0;0;0;0;0;0;1;0;0;0;0;1;0;1;0;0;0;1;0;0;0;0;0;0;0;1;0;0;0;0;1;1;0;0;0;0;0;0;0;0;0;0;0;0;0;0;0;0;0;0;0;0;0;0;0;0;0;0;0;1;0;0;0;0;0;0;0;0;0;0;1000;906;94;926;0;2;105.58;0.906;1
1044720;Farthest Frontier;Crate Entertainment;Crate Entertainment;23 Oct, 2025;17.99;0;1000000;995;86.03;16780;2724;0;74;0;15;none;1;0;0;8.0;2;Novato;296;0;0;0;0;1;0;0;0;1;0;1;0;0;0;1;0;0;0;0;0;0;0;0;1;0;0;0;0;0;0;0;0;0;0;0;0;1;0;0;0;0;1;0;0;0;0;0;0;0;0;0;0;1;1;1;0;0;0;0;0;0;0;0;0;0;0;0;0;0;0;0;0;1;0;0;0;0;0;1000;779;221;962;0;3;96.07;0.779;1
668580;Atomic Heart;Mundfish;Focus Entertainment, 4Divinity;20 Feb, 2023;36.99;0;1000000;466;82.03;31167;6828;0;82;9;13;full;1;0;0;8.0;1;Novato;248;1;1;0;0;0;0;1;0;0;0;0;0;0;0;1;0;0;0;0;1;0;1;1;0;0;1;0;0;0;1;1;0;0;0;0;0;0;1;1;1;0;0;0;0;0;0;0;0;0;0;0;0;0;0;0;0;0;1;0;0;0;0;0;0;0;0;0;1;0;0;0;0;0;0;0;0;1;0;1000;858;142;745;0;1;33.39;0.858;1
544750;SOULCALIBUR VI;BANDAI NAMCO Studios Inc., Dimps Corporation;BANDAI NAMCO Entertainment;18 Oct, 2018;47.99;0;1000000;119;82.32;11147;2394;0;49;16;11;none;1;0;0;6.0;1;Novato;187;1;0;0;0;0;0;0;0;0;0;0;0;0;0;1;1;0;0;0;0;1;1;1;0;0;0;1;0;0;0;0;0;0;1;0;0;0;0;0;0;0;0;0;0;0;0;0;1;0;0;0;0;0;0;0;0;0;0;0;0;1;0;0;0;0;0;0;0;0;0;0;0;0;0;0;0;0;0;1000;876;124;746;0;15;64.05;0.876;1
972660;Spiritfarer®: Farewell Edition;Thunder Lotus;Thunder Lotus;18 Aug, 2020;29.99;0;1000000;702;95.21;44192;2225;0;39;2;11;full;1;1;1;4.0;2;Novato;287;0;1;0;0;1;0;0;0;1;0;0;0;0;0;1;1;1;0;0;1;0;1;1;0;0;1;1;1;0;0;0;1;0;1;0;0;0;0;0;0;0;0;0;1;0;0;1;0;1;0;0;0;1;1;0;0;0;0;0;0;0;0;0;0;0;0;0;1;1;0;0;1;0;0;0;0;0;0;1000;912;88;879;0;4;35.66;0.912;1
1150690;OMORI;OMOCAT, LLC;OMOCAT, LLC;25 Dec, 2020;19.99;0;1000000;506;97.24;78023;2214;0;84;1;4;full;1;1;0;4.0;1;Novato;170;0;1;0;0;1;0;1;0;0;0;0;0;0;0;1;0;0;0;0;1;0;1;0;0;0;0;0;0;0;0;0;0;0;1;0;0;0;1;1;0;1;0;0;0;0;0;0;0;0;0;0;0;0;0;0;0;0;0;0;0;1;1;0;0;0;0;0;1;0;0;0;1;0;0;0;0;0;0;1000;961;39;886;0;3;37.23;0.961;1
1043500;Tree Simulator 2020;;;;1.99;0;20000;0;95.86;463;20;0;0;0;1;none;0;0;0;0.49;1;Novato;119;0;0;1;0;1;0;0;0;1;0;0;0;0;0;1;0;0;0;0;0;0;0;0;0;0;0;0;0;0;0;0;0;0;0;0;0;0;0;0;0;0;0;0;0;0;0;0;0;0;0;0;0;1;0;0;0;0;0;0;0;0;0;0;0;0;0;0;0;0;0;1;1;0;0;0;0;0;0;48;46;2;36;0;26;100.96;0.958;0
426310;Perception;;;;14.99;0;20000;0;72.53;441;167;0;33;0;10;full;0;0;0;4.0;1;Novato;160;0;1;0;0;1;0;0;0;0;0;0;0;0;0;1;0;0;0;0;1;0;1;0;0;0;0;0;0;0;1;0;0;0;1;0;0;0;1;0;0;0;0;0;0;0;0;0;0;0;0;0;0;0;0;0;0;0;0;0;0;0;0;0;0;0;0;1;1;0;0;0;1;0;0;0;0;0;1;68;49;19;63;0;26;5.58;0.721;0
250380;Knock-knock;;;;9.99;0;200000;2;86.97;1668;250;0;18;0;5;full;0;0;0;0.0;1;Novato;300;0;1;1;0;0;0;0;0;0;0;0;0;0;0;1;0;0;0;0;1;0;1;0;0;0;1;0;0;0;0;0;0;0;1;0;0;1;1;0;0;0;1;0;1;0;0;0;0;0;0;0;0;0;0;0;0;0;1;0;0;0;1;0;0;0;0;0;1;0;1;0;0;0;0;0;0;0;0;347;308;39;287;0;29;12.87;0.888;1
940310;Corpse Party 2: Dead Patient;;;;9.99;0;20000;0;70.59;264;110;0;10;0;2;none;0;0;0;4.0;1;Novato;298;0;0;0;0;1;0;1;0;0;0;0;0;0;0;1;0;0;0;0;0;1;1;0;0;0;1;0;0;0;0;0;0;0;0;0;0;0;1;1;0;0;0;0;0;0;0;0;0;0;0;0;0;0;0;0;0;0;0;0;1;1;0;0;0;0;0;0;0;0;0;0;1;0;0;0;0;0;0;92;45;47;82;0;28;4.68;0.489;0
979920;Supremacy: 1914;;;;0.0;1;200000;334;74.75;2895;978;0;0;4;14;none;0;0;0;2.0;1;Novato;300;0;0;0;0;0;1;0;0;1;0;1;0;0;0;0;1;1;1;0;0;0;0;0;0;1;0;0;0;0;0;0;0;0;0;0;0;0;0;0;0;0;1;0;0;0;0;1;1;0;0;0;0;1;0;0;0;0;0;0;0;0;0;0;0;0;0;0;0;0;0;0;0;0;1;0;0;0;0;1000;695;305;1000;0;22;190.17;0.695;1
2239960;Centauri's Favourite Archer;;;;4.49;0;20000;0;100.0;2;0;0;0;0;1;none;0;0;0;0.5;1;Novato;288;0;1;0;0;1;0;1;0;0;0;0;0;0;1;1;0;0;0;0;0;1;0;0;0;0;0;0;0;0;0;0;0;0;1;0;0;0;0;1;1;0;0;0;0;0;0;0;0;0;0;0;0;0;0;0;0;0;0;0;0;0;0;0;0;0;0;0;0;0;0;0;0;1;0;0;0;0;0;2;2;0;2;2;1;0.11;1.0;0
1566070;The Radiants;;;;16.99;0;20000;1;85.9;67;11;0;0;0;1;none;0;0;0;2.0;1;Novato;177;0;1;1;0;1;0;1;0;1;0;0;0;0;0;1;0;0;0;0;0;0;0;0;0;0;0;0;0;0;0;0;0;0;1;0;0;0;0;0;0;0;0;0;0;0;0;0;0;0;0;0;0;0;0;0;0;0;0;0;1;1;1;0;0;0;0;0;0;0;0;1;0;0;0;0;0;0;0;42;33;9;37;0;21;19.6;0.786;0
2693730;Dawnsbury Days;;;;2.99;0;50000;22;98.0;589;12;0;114;3;1;none;0;0;0;2.0;1;Novato;293;0;0;0;0;1;0;1;0;0;0;1;0;0;0;1;0;0;0;0;0;0;1;1;1;0;1;1;0;0;0;0;0;0;0;0;0;0;0;1;0;0;1;0;0;0;0;0;0;0;0;0;0;0;0;0;0;0;0;0;0;1;0;0;0;0;0;0;0;0;0;0;1;0;0;0;0;0;0;898;881;17;850;0;27;18.11;0.981;1
2751720;Project Ictos;;;;2.99;0;20000;0;100.0;15;0;0;26;1;1;full;0;0;0;8.0;1;Novato;57;1;0;1;0;1;0;0;0;0;0;0;0;0;0;1;0;0;0;0;1;0;1;1;0;0;0;0;0;0;0;0;0;0;0;0;0;0;0;0;0;0;0;0;0;0;0;0;0;0;0;0;0;0;0;0;0;0;0;0;0;0;1;0;0;0;0;1;0;0;1;1;1;0;0;0;0;0;0;15;15;0;14;0;3;1.74;1.0;0
1381720;OUBEY VR – Reise der Monaden;;;;0.0;1;50000;0;100.0;10;0;0;0;0;2;none;0;0;0;8.0;1;Novato;300;0;0;0;0;1;0;0;0;0;0;0;0;0;0;1;0;0;0;0;0;0;0;0;0;0;0;0;0;0;0;0;0;0;0;0;0;0;0;0;0;0;0;0;0;0;0;0;0;0;0;0;0;0;0;0;0;0;0;0;0;0;0;0;0;0;0;0;1;1;0;0;1;0;1;1;0;0;0;7;6;1;7;0;5;3.5;0.857;1
727220;Nightingale Downs;;;;0.44;0;20000;0;58.33;14;10;0;5;0;1;none;0;0;0;2.0;1;Novato;277;0;1;1;0;0;0;1;0;0;0;0;0;0;0;1;0;0;0;0;0;1;1;0;0;0;0;0;0;0;0;0;0;0;1;0;0;0;0;1;0;1;0;0;0;0;0;0;0;0;0;0;0;0;0;0;0;0;0;0;0;1;1;0;0;0;1;0;0;0;0;1;0;0;0;0;0;0;0;5;2;3;4;0;5;3.22;0.4;0
2376540;The Haunted Building;;;;4.99;0;20000;0;86.39;292;46;0;18;0;4;none;0;0;0;4.0;1;Novato;270;0;1;0;0;1;0;0;0;0;0;0;0;0;0;1;0;0;0;0;0;0;1;0;0;0;0;0;0;0;1;0;0;0;1;0;0;0;1;0;0;0;0;0;0;0;0;0;0;0;0;0;0;0;0;0;0;0;1;0;0;0;0;1;1;0;0;0;1;0;0;0;1;0;0;0;0;0;0;390;339;51;341;0;29;8.19;0.869;0
1740180;Bombs Away;;;;11.99;0;50000;0;100.0;1;0;0;0;0;1;full;0;0;0;2.0;1;Novato;281;1;0;0;0;1;0;0;0;0;0;0;0;0;0;0;1;0;0;0;1;0;0;0;0;0;0;0;0;0;0;0;0;0;0;0;0;0;0;0;0;0;1;0;0;0;0;0;0;0;1;0;0;0;0;0;0;0;0;0;0;0;0;1;0;0;0;0;0;0;0;0;0;0;0;0;0;0;0;0;0;0;0;0;0;0.0;0.0;1
1215390;Animal Revolt Battle Simulator;;;;14.99;0;200000;165;95.76;5808;257;0;5;0;10;none;0;0;0;6.0;1;Novato;245;1;0;0;0;0;0;0;0;1;0;1;0;0;0;1;0;0;0;0;0;0;1;0;1;0;0;0;0;0;0;0;0;0;0;0;0;0;0;0;0;0;1;0;0;0;0;0;0;0;0;0;1;1;0;0;0;0;0;0;0;0;0;1;0;0;0;0;0;0;0;1;1;0;0;0;0;0;0;1000;946;54;960;0;16;124.32;0.946;1
304730;Train Fever;;;;10.49;0;200000;9;64.28;2251;1251;0;39;1;15;none;0;0;0;2.0;1;Novato;269;0;0;1;0;1;0;0;0;1;0;0;0;0;0;1;0;0;0;0;0;0;1;0;0;0;0;0;0;0;0;1;0;0;0;0;0;0;0;0;0;0;1;0;0;0;0;0;1;0;0;0;1;1;1;1;0;0;0;0;0;1;0;0;0;0;0;0;0;0;0;1;1;0;0;0;0;0;0;100;71;29;77;0;28;109.58;0.71;1
1044920;Grand Battle;;;;0.0;1;20000;0;68.0;17;8;0;23;1;1;full;0;0;0;6.0;1;Novato;143;1;0;0;0;0;0;1;0;0;0;0;0;0;0;1;1;1;0;0;1;0;1;0;0;0;0;1;1;0;0;1;1;0;0;0;0;0;0;1;1;0;0;0;0;0;0;1;0;1;0;0;0;0;0;0;0;0;0;0;0;0;0;0;0;0;0;0;0;0;0;0;0;0;1;0;0;0;0;6;4;2;6;0;5;15.73;0.667;0
63500;Swords and Soldiers HD;;;;5.99;0;200000;2;77.97;793;224;0;25;1;6;none;0;0;0;0.25;1;Novato;295;1;0;1;0;1;0;0;0;0;0;1;0;0;0;1;1;0;0;0;0;0;1;0;0;0;0;0;0;0;0;0;0;0;0;0;0;0;0;0;0;0;1;1;0;0;0;0;1;0;0;0;0;0;0;0;0;0;0;0;0;0;1;0;0;0;0;0;0;0;0;1;1;0;0;0;0;0;0;92;75;17;41;0;29;9.1;0.815;1
7260;Loki;;;;9.99;0;20000;1;64.13;143;80;0;0;0;1;none;0;0;0;0.5;1;Novato;309;0;0;0;0;0;0;1;0;0;0;0;0;0;0;1;1;0;0;0;0;0;0;0;0;0;0;0;0;0;0;0;0;0;0;0;0;0;0;1;1;0;0;0;0;0;0;0;0;0;0;0;0;0;0;0;0;0;0;0;0;0;0;0;0;0;0;0;0;0;0;0;0;0;0;0;0;0;0;27;22;5;26;0;19;24.64;0.815;0
368450;Rememoried;;;;5.79;0;20000;0;57.46;131;97;0;3;0;1;none;0;0;0;3.0;1;Novato;255;0;1;0;0;1;0;0;0;0;0;0;0;0;0;1;0;0;0;0;0;1;1;0;0;0;1;0;0;0;1;0;0;0;0;0;0;0;0;0;0;0;0;0;1;0;0;0;0;0;0;0;0;0;0;0;0;0;1;0;0;0;0;0;0;0;0;1;1;0;1;0;1;0;0;0;0;0;0;18;12;6;17;0;13;2.86;0.667;0
1392190;Rock Paper Sock;;;;1.49;0;50000;0;25.0;4;12;0;0;0;1;none;0;0;0;4.0;1;Novato;128;0;1;1;0;1;1;0;0;0;0;0;0;0;0;0;1;0;0;0;0;0;0;0;0;0;0;0;0;0;0;0;0;0;0;0;0;0;0;1;0;0;0;0;0;0;0;0;1;0;1;0;0;0;0;0;0;0;0;0;0;0;0;1;0;0;0;0;0;1;0;1;1;0;0;0;0;0;0;5;0;5;4;0;5;3.02;0.0;1
3463050;Dreams of Aether;;;;0.99;0;50000;3;97.24;1162;33;0;15;0;2;full;0;0;0;0.5;1;Novato;199;1;0;0;0;0;0;0;0;0;0;0;0;0;0;1;0;0;0;0;1;0;1;0;0;0;0;0;0;0;0;0;0;0;0;0;0;0;0;0;0;0;0;0;0;0;0;0;0;0;0;0;0;0;0;0;0;0;0;0;0;0;1;0;0;0;1;0;0;0;0;1;1;0;0;0;0;0;0;1000;953;47;182;0;14;3.36;0.953;1
2060870;Invincible Presents: Atom Eve;;;;5.79;0;50000;1;96.31;391;15;0;35;1;4;full;0;0;0;8.0;1;Novato;249;0;1;0;0;0;0;0;0;0;0;0;0;0;0;1;0;0;0;0;1;0;1;1;0;0;0;0;0;0;0;0;0;0;1;0;0;0;0;0;0;0;0;0;0;0;0;0;0;0;0;0;0;0;0;0;0;0;0;0;1;0;1;0;0;0;0;0;0;0;0;0;0;0;0;0;0;0;0;394;376;18;364;0;29;6.53;0.954;1
1620540;Pixel Cup Soccer - Ultimate Edition;;;;8.99;0;100000;7;86.36;728;115;0;40;0;11;full;0;0;0;2.0;1;Novato;293;1;0;1;0;1;0;0;0;1;1;0;0;0;0;1;1;1;0;0;1;0;1;1;1;0;1;1;1;0;0;0;0;0;0;0;0;0;0;0;0;0;0;0;0;0;0;1;1;1;1;0;0;1;1;0;1;0;0;0;0;0;0;0;0;0;0;0;0;0;0;0;0;0;0;0;0;0;0;337;259;78;320;0;29;17.86;0.769;1
1105590;Dream Cycle;;;;10.49;0;50000;1;60.75;161;104;0;22;0;1;full;0;0;0;8.0;1;Novato;282;1;1;0;0;1;0;0;0;0;0;0;0;0;0;1;0;0;0;0;1;0;1;0;0;0;0;0;0;0;1;0;0;0;1;0;0;1;0;0;0;0;0;0;0;0;0;0;0;0;0;0;0;0;0;0;0;0;0;0;0;0;0;0;0;0;0;1;0;0;0;0;0;0;0;0;0;0;1;37;8;29;32;0;21;9.11;0.216;1
380140;The Secret of Tremendous Corporation;;;;0.0;1;100000;1;81.74;291;65;0;0;3;1;full;0;0;0;0.5;1;Novato;127;0;1;1;0;1;0;0;0;0;0;0;0;0;0;1;0;0;0;0;1;0;0;1;0;0;0;0;0;0;0;0;0;0;0;0;0;0;0;0;0;0;0;0;0;0;0;0;0;0;0;0;0;0;0;0;0;0;1;1;0;0;1;0;0;0;1;0;0;0;0;1;1;0;1;0;0;0;0;24;21;3;24;0;13;3.21;0.875;1
712730;SIMULACRA;;;;2.99;0;200000;5;90.48;3972;418;0;24;0;2;none;0;0;0;2.0;1;Novato;70;0;1;0;0;1;0;0;0;1;0;0;0;0;0;1;0;0;0;0;0;0;1;1;0;0;0;0;0;0;0;0;0;0;1;0;0;0;1;0;0;0;0;0;0;0;0;0;0;0;0;0;0;1;0;0;0;0;1;1;1;0;0;0;0;0;0;1;1;0;0;0;0;0;0;0;0;0;0;887;777;110;730;0;29;6.83;0.876;1
259130;Wasteland 1 - The Original Classic;;;;5.99;0;200000;1;78.9;359;96;0;0;0;1;none;0;0;0;1.0;1;Novato;292;0;1;0;0;1;0;1;0;0;0;1;0;0;0;1;0;0;0;0;0;0;0;1;0;0;0;0;0;0;0;1;0;0;0;0;0;0;0;1;0;1;1;0;0;0;0;0;0;0;0;0;0;0;0;0;0;0;0;0;0;0;1;0;0;0;0;0;0;0;0;0;1;0;0;0;0;0;0;56;45;11;36;0;28;16.83;0.804;1
1810820;Etrian Odyssey III HD;;;;39.99;0;20000;44;90.24;518;56;0;29;1;9;full;0;0;0;4.0;1;Novato;189;0;1;0;0;0;0;1;0;0;0;0;0;0;0;1;1;0;0;0;1;0;1;1;0;0;0;0;0;0;1;0;0;0;0;0;0;0;0;1;0;0;0;0;0;0;0;0;1;0;0;0;0;0;0;0;0;0;0;0;0;1;1;1;0;0;0;0;0;0;0;0;0;0;0;0;0;0;0;380;322;58;294;0;29;50.67;0.847;0
678090;Symploke: Legend of Gustavo Bueno (Chapter 1);;;;0.0;1;20000;0;83.54;66;13;0;0;0;2;none;0;0;0;0.49;1;Novato;245;0;1;0;0;1;0;0;0;0;0;0;0;0;0;1;0;0;0;0;0;0;0;0;0;0;0;0;0;0;0;0;0;0;0;0;0;0;0;0;0;0;0;0;0;0;0;0;0;0;0;0;0;0;0;0;0;0;0;1;0;0;0;0;0;0;0;0;0;0;0;0;1;0;1;0;0;0;0;12;11;1;12;0;8;3.12;0.917;0
759940;前程似锦 Excellent Expectations;;;;2.99;0;20000;1;86.01;818;133;0;10;0;2;none;0;0;0;1.0;1;Novato;126;0;0;0;0;1;0;0;0;0;0;0;0;0;0;1;0;0;0;0;0;0;1;0;0;0;1;0;0;0;0;0;0;0;1;0;0;0;0;0;0;0;0;0;0;0;0;0;0;0;0;0;0;1;0;0;0;0;1;0;0;1;0;0;0;0;0;0;0;0;0;1;1;0;0;0;0;0;0;73;56;17;66;0;26;4.64;0.767;0
941850;Vanguard: Normandy 1944;;;;14.99;0;20000;0;60.44;110;72;0;0;0;6;none;0;0;0;0.0;1;Novato;151;1;0;0;0;0;0;0;0;0;0;0;0;0;1;0;1;0;0;0;0;0;0;0;0;0;0;0;0;0;0;0;0;0;0;0;0;0;0;0;0;0;0;0;0;0;0;0;1;0;0;0;0;0;0;0;0;0;0;0;0;0;0;0;0;0;0;0;0;0;0;0;0;1;0;0;0;1;0;15;8;7;7;15;11;4.15;0.533;0
3409720;POGO Epoch: Impossible 99%;;;;3.59;0;50000;0;50.0;2;2;0;0;0;19;none;0;0;0;8.0;1;Novato;208;0;0;0;0;1;1;0;0;1;1;0;0;0;1;1;1;1;1;0;0;1;0;0;0;0;0;0;0;0;0;0;0;0;0;0;0;0;0;0;0;0;0;0;1;0;0;0;1;0;0;0;0;1;0;0;1;0;0;0;0;0;0;0;1;0;0;0;0;0;0;0;0;1;0;0;0;0;0;4;2;2;1;4;3;2.0;0.5;1
649640;Ashes Cricket;;;;24.99;0;50000;0;82.08;403;88;0;32;0;1;full;0;0;0;4.0;1;Novato;267;0;0;0;0;1;0;0;0;0;1;0;0;0;0;1;1;1;1;0;1;0;1;1;0;0;0;1;1;0;0;0;0;0;0;0;0;0;0;0;0;0;0;0;0;0;0;0;0;0;0;0;0;0;0;0;1;0;0;0;0;0;0;0;0;0;0;0;0;0;0;0;1;0;0;0;0;0;0;53;45;8;53;0;23;42.79;0.849;1
689070;Asyula 方舟之链;;;;1.39;0;50000;0;89.02;219;27;0;32;0;1;none;0;0;0;0.5;1;Novato;303;0;1;0;0;1;0;1;0;0;0;0;0;0;0;1;0;0;0;0;0;0;1;1;0;0;0;0;0;0;0;0;0;0;0;0;0;0;0;1;0;0;0;0;0;0;0;0;0;0;0;0;0;0;0;0;0;0;0;0;0;1;1;0;0;0;0;0;0;0;0;1;1;0;0;0;0;0;0;11;10;1;11;0;10;16.08;0.909;1
1029780;Going Medieval;;;;14.99;0;500000;713;89.88;16633;1873;0;94;2;11;none;0;0;0;8.0;1;Novato;242;0;0;0;0;1;0;1;0;1;0;1;0;0;0;1;0;0;0;0;0;0;1;1;1;0;1;0;0;0;0;0;1;0;0;0;0;1;0;1;0;0;1;0;0;0;0;0;0;0;0;0;1;1;1;1;0;0;0;0;0;0;0;1;0;0;0;0;0;0;0;0;1;1;0;0;0;0;0;1000;793;207;780;0;3;99.15;0.793;1
949290;Winkeltje: The Little Shop;;;;7.99;0;100000;13;88.8;1522;192;0;24;1;16;full;0;0;0;6.0;1;Novato;264;0;0;1;0;1;0;0;0;1;0;1;0;0;0;1;0;0;0;0;1;0;1;1;0;0;1;0;0;0;0;0;1;0;0;0;0;0;0;0;0;0;1;0;0;0;0;0;0;0;0;0;1;1;1;0;0;0;0;0;0;0;0;0;0;0;0;0;0;0;0;0;0;0;0;0;0;0;0;337;266;71;286;0;29;32.82;0.789;1
615610;Orbt XL;;;;0.89;0;200000;1;96.73;3259;110;0;31;0;28;full;0;0;0;2.0;1;Novato;297;1;0;1;0;1;0;0;0;0;0;0;0;0;0;1;0;0;0;0;1;0;1;1;0;0;1;0;0;0;0;0;0;0;0;0;0;1;0;0;0;0;0;0;0;0;0;0;0;0;0;0;0;0;0;0;0;0;0;0;0;0;1;0;0;0;0;0;0;1;1;1;1;0;0;0;0;0;0;294;276;18;281;0;29;3.81;0.939;1
335620;Star Traders: Frontiers;;;;7.99;0;100000;66;84.1;3047;576;0;34;2;1;none;0;0;0;1.0;1;Novato;241;0;0;0;0;0;0;1;0;0;0;1;0;0;0;1;0;0;0;0;0;0;1;0;1;0;1;0;0;0;0;1;0;0;0;0;0;0;0;1;0;0;1;0;0;0;0;0;0;0;0;0;1;1;1;0;0;0;0;0;0;0;1;0;0;0;0;0;0;0;1;0;0;0;0;0;0;0;0;448;342;106;435;0;29;133.11;0.763;1
2813290;Spiderbro 2;;;;0.0;1;100000;0;80.0;4;1;0;34;1;1;none;0;0;0;1.0;1;Novato;211;0;1;1;0;1;0;0;0;0;0;0;0;0;0;1;0;0;0;0;0;1;1;1;0;0;0;0;0;0;0;0;0;0;0;0;0;0;1;0;0;0;0;0;0;0;0;0;0;0;0;0;0;0;0;0;0;0;1;0;0;0;1;0;0;0;0;1;1;0;0;1;0;0;0;0;0;0;0;7;5;2;7;0;6;4.22;0.714;1
34820;Combat Wings: Battle of Britain;;;;2.99;0;100000;0;80.11;580;144;0;0;0;5;none;0;0;0;0.25;1;Novato;305;0;0;0;0;0;0;0;0;1;0;0;0;0;0;1;1;0;0;0;0;0;0;0;0;0;0;0;0;0;0;0;0;0;0;0;0;0;0;0;0;0;0;0;0;0;0;0;1;0;0;0;0;1;0;0;0;0;0;0;0;0;0;0;0;0;0;0;0;0;0;0;0;0;0;0;0;0;0;63;58;5;46;0;27;9.94;0.921;1
2189750;Mission: Aliens;;;;0.49;0;50000;0;100.0;5;0;0;0;0;1;none;0;0;0;4.0;1;Novato;267;1;1;0;0;0;0;0;0;0;0;0;0;0;0;1;0;0;0;0;0;0;0;0;0;0;0;0;0;0;1;0;0;0;0;0;0;0;0;0;0;0;0;0;0;0;0;0;0;0;0;0;0;0;0;0;0;0;0;0;0;0;0;1;0;0;0;0;1;0;0;0;0;0;0;0;0;1;0;4;4;0;3;0;4;0.31;1.0;1
675690;Tribal Wars;;;;0.0;1;100000;66;71.95;531;207;0;28;0;22;none;0;0;0;0.5;1;Novato;269;1;0;0;0;0;1;0;0;0;0;1;0;0;0;0;1;0;0;0;0;0;1;0;0;1;0;0;0;0;0;0;0;0;0;0;0;0;0;0;0;0;1;0;0;0;0;0;0;0;1;0;0;0;0;0;0;0;0;0;0;0;1;0;0;0;0;0;0;0;0;0;0;0;1;0;0;0;0;261;178;83;261;0;29;103.17;0.682;1
533340;Captivity;;;;0.99;0;50000;0;55.97;75;59;0;0;0;1;none;0;0;0;2.0;1;Novato;287;1;1;1;0;1;0;0;0;0;0;0;0;0;0;1;0;0;0;0;0;1;0;0;0;0;1;0;0;0;0;0;0;0;0;0;0;0;1;0;0;0;0;0;0;0;0;0;0;0;0;0;0;0;0;0;0;0;0;0;0;0;0;0;0;0;0;0;1;0;0;1;1;0;0;0;0;0;0;18;8;10;16;0;15;6.73;0.444;1
836480;恋爱模拟器 Love Simulation;;;;1.99;0;200000;0;55.03;574;469;0;60;0;2;none;0;0;0;2.0;1;Novato;103;0;0;1;0;0;0;0;0;1;0;1;0;0;0;1;0;0;0;0;0;0;1;1;0;0;0;0;0;0;0;0;0;0;0;0;0;0;0;0;0;0;1;0;0;0;0;0;0;0;0;0;0;1;0;0;0;0;0;0;1;0;0;0;0;0;0;0;0;0;0;1;0;0;0;0;0;0;0;36;20;16;32;0;20;8.78;0.556;1
1098293;DOOM Eternal: The Ancient Gods - Part Two;;;;11.99;0;200000;0;60.76;3121;2016;0;0;0;13;none;0;0;0;8.0;1;Novato;152;1;0;0;0;0;0;0;0;0;0;0;0;0;0;1;0;0;0;0;0;1;1;1;0;0;0;0;0;0;1;0;0;0;0;0;0;0;0;0;0;0;0;0;0;0;0;0;1;0;0;0;0;0;0;0;0;0;0;0;0;0;0;0;0;0;0;0;0;0;1;0;0;0;0;0;0;1;0;1000;484;516;788;0;27;0.01;0.484;1
2007930;Fallen Bride Mege;;;;5.8;0;20000;0;62.22;140;85;0;0;1;3;none;0;0;0;4.0;1;Novato;196;0;1;0;0;0;0;1;0;0;0;0;0;0;0;1;0;0;0;0;0;0;0;1;0;0;0;0;0;0;0;0;0;0;1;0;0;0;0;1;0;0;0;0;0;0;0;0;0;0;0;0;0;1;0;0;0;0;0;0;1;1;1;0;0;0;0;0;0;0;0;0;0;0;0;0;0;0;0;74;45;29;71;0;27;2.63;0.608;0
1167450;DAEMON X MACHINA;;;;49.99;0;200000;22;86.54;5517;858;0;61;15;8;none;0;0;0;6.0;1;Novato;183;1;0;0;0;0;0;0;0;0;0;0;0;0;0;1;1;1;1;0;0;1;1;1;0;0;1;0;0;0;0;0;0;0;0;0;0;0;0;1;0;0;0;0;0;0;0;1;1;0;1;0;0;0;0;0;0;0;0;0;0;1;0;0;0;0;0;0;0;0;0;0;0;0;0;0;0;0;0;868;543;325;613;0;29;21.78;0.626;1
284390;The Last Door - Collector's Edition;;;;9.99;0;100000;2;94.51;2205;128;0;16;1;5;none;0;0;0;1.0;1;Novato;163;0;1;0;0;1;0;0;0;0;0;0;0;0;0;1;0;0;0;0;0;0;1;0;0;0;1;0;0;0;0;0;0;0;1;0;0;0;1;0;0;0;0;0;0;0;0;0;0;0;0;0;0;0;0;0;0;0;1;1;0;0;1;0;0;0;0;0;0;0;0;0;1;0;0;0;0;0;0;298;282;16;251;0;29;7.33;0.946;1
776050;F/A-18E Super Hornet;;;;9.99;0;20000;0;66.67;4;2;0;0;0;1;none;0;0;0;0.25;1;Novato;230;1;0;0;0;0;0;0;0;1;0;0;0;0;0;1;1;0;0;0;0;0;0;1;0;0;0;0;0;0;0;0;0;0;0;0;0;0;0;0;0;0;0;0;0;0;0;0;1;0;0;0;0;1;0;0;0;0;0;0;0;0;0;0;1;0;0;0;0;0;0;0;0;0;0;0;0;0;0;5;3;2;5;0;3;6.27;0.6;0
265610;Epic Battle Fantasy 4;;;;7.99;0;100000;11;96.96;3062;96;0;110;1;6;none;0;0;0;2.0;1;Novato;237;0;1;0;0;0;0;1;0;0;0;0;0;0;0;1;0;0;0;0;0;0;1;1;0;0;1;0;0;0;0;0;0;0;0;0;0;0;0;1;0;1;1;0;0;0;0;0;0;0;0;0;0;0;0;0;0;0;0;0;0;1;1;0;0;0;0;0;0;0;0;1;1;0;0;0;0;0;0;407;399;8;363;0;29;40.16;0.98;1
1189290;The Black Grimoire: Cursebreaker;;;;7.99;0;50000;9;89.87;568;64;0;262;0;1;none;0;0;0;8.0;1;Novato;290;0;1;0;0;1;0;1;0;0;0;0;0;0;0;1;0;0;0;0;0;1;0;1;0;0;0;0;0;0;0;1;1;0;0;0;0;0;0;1;0;0;0;0;0;0;0;0;0;0;0;0;0;0;0;0;0;0;0;1;0;0;0;1;0;0;0;0;0;0;0;0;1;0;0;0;0;0;0;734;611;123;681;111;28;42.11;0.832;1
1684210;Horror Villa 恐怖撤锁;;;;0.0;1;20000;0;66.67;52;26;0;0;0;2;none;0;0;0;2.0;1;Novato;158;0;0;0;0;1;0;0;1;0;0;0;0;0;0;1;0;0;0;0;0;0;0;0;0;0;0;0;0;0;0;0;0;0;1;0;0;0;1;0;0;0;0;0;0;0;0;0;1;0;0;0;0;0;0;0;0;1;1;0;0;0;0;0;0;0;0;0;0;0;0;0;1;0;0;0;0;0;0;41;22;19;41;0;23;0.93;0.537;0
1636490;Star Of The Show;;;;0.0;1;20000;0;54.55;6;5;0;0;0;1;none;0;0;0;9.0;1;Novato;228;0;0;0;0;0;0;0;0;1;0;1;0;0;0;1;0;0;0;0;0;0;0;0;0;0;0;0;0;0;1;0;0;0;0;0;0;0;1;0;0;0;1;0;0;0;0;0;0;0;0;0;0;1;0;0;0;0;1;1;0;0;0;1;0;0;0;1;0;0;0;0;0;0;0;0;0;0;0;6;4;2;6;0;4;4.04;0.667;0
617620;Disturbed: Beyond Aramor;;;;2.5;0;20000;0;94.74;36;2;0;38;0;3;full;0;0;0;0.25;1;Novato;254;0;1;1;0;1;0;0;0;0;0;0;0;0;0;1;0;0;0;0;1;0;1;0;0;0;1;0;0;0;1;0;0;0;0;0;0;0;1;0;0;0;0;0;0;0;0;0;0;0;0;0;0;1;0;0;0;0;1;1;1;0;1;0;0;0;0;1;1;0;1;0;0;0;0;0;0;0;0;5;3;2;1;0;5;10.21;0.6;0
566160;Zup! 6;;;;1.49;0;100000;0;94.54;2024;117;0;2448;1;103;none;0;0;0;0.25;1;Novato;39;0;0;1;0;1;0;0;0;0;0;0;0;0;0;1;0;0;0;0;0;0;1;1;0;0;1;0;0;0;0;0;0;0;0;0;0;0;0;0;0;0;0;0;0;0;0;0;0;0;0;0;0;0;0;0;0;0;1;1;0;0;1;0;0;0;0;0;0;1;1;1;1;0;0;0;0;1;0;414;384;30;402;0;29;9.19;0.928;1
288370;Strike Suit Zero: Director's Cut;;;;10.49;0;200000;0;82.45;310;66;0;13;0;5;full;0;0;0;4.0;1;Novato;250;1;0;0;0;1;0;0;0;0;0;0;0;0;0;1;0;0;0;0;1;0;1;0;0;0;1;0;0;0;0;0;0;0;0;0;0;0;0;0;0;0;0;0;0;0;0;0;0;0;0;0;0;1;0;0;0;0;0;0;0;0;0;0;0;0;0;0;0;0;0;0;1;0;0;0;0;0;0;35;29;6;32;0;18;8.11;0.829;1
505460;Foxhole;;;;14.99;0;1000000;2821;83.63;36855;7213;0;0;1;6;none;0;0;0;8.0;1;Novato;252;1;0;0;0;1;1;1;0;0;0;1;0;0;0;0;1;0;0;0;0;0;0;0;0;0;0;0;0;0;0;1;1;0;0;0;0;0;0;1;0;0;1;0;0;0;0;1;1;0;1;0;1;0;0;0;0;0;0;0;0;0;0;0;0;0;0;0;0;0;0;0;0;0;0;0;0;0;0;1000;366;634;885;0;2;711.86;0.366;1
534560;Ramify;;;;2.19;0;100000;0;89.13;41;5;0;15;0;8;none;0;0;0;4.0;1;Novato;59;0;0;1;0;1;0;0;0;0;0;0;0;0;0;1;0;0;0;0;0;0;1;0;0;0;1;0;0;0;0;0;0;0;1;0;0;0;0;0;0;0;0;0;0;0;0;0;0;0;0;0;0;0;0;0;0;0;1;1;0;0;0;0;0;0;0;0;1;0;1;1;1;0;0;0;0;0;0;15;14;1;15;0;9;3.79;0.933;1
1681160;Piratopia;;;;0.0;1;100000;0;84.06;886;168;0;0;0;1;none;0;0;0;2.0;1;Novato;196;1;1;1;0;1;1;0;0;0;0;0;0;0;1;0;1;1;1;0;0;0;0;1;0;1;0;0;0;0;0;1;0;0;0;0;0;0;0;0;0;0;0;0;0;0;0;0;1;0;1;0;0;0;0;0;0;0;0;0;0;0;0;0;0;0;0;0;0;0;0;0;0;1;1;0;0;0;0;80;46;34;80;80;26;4.8;0.575;1
1934680;Age of Mythology: Retold;;;;22.99;0;500000;1559;90.03;15043;1665;0;132;9;25;none;0;0;0;8.0;1;Novato;217;0;0;0;0;0;0;0;0;0;0;1;0;0;0;1;1;1;1;0;0;1;1;1;0;0;0;0;0;0;0;0;0;0;1;0;0;0;0;0;0;0;1;0;0;0;0;1;1;0;1;0;0;0;0;0;0;0;0;0;0;0;0;1;0;0;0;0;0;0;0;0;0;0;0;0;0;0;0;1000;876;124;755;0;2;87.82;0.876;1
1325890;SILT;;;;1.12;0;100000;2;76.88;522;157;0;21;0;10;full;0;0;0;8.0;1;Novato;193;0;1;0;0;1;0;0;0;0;0;0;0;0;0;1;0;0;0;0;1;0;1;0;0;0;0;0;0;0;0;0;0;0;0;0;0;0;1;0;0;0;0;0;0;0;0;0;0;0;0;0;0;0;0;0;0;0;1;0;0;0;1;0;0;0;0;1;1;0;0;0;1;0;0;0;0;0;0;514;414;100;405;0;29;5.76;0.805;1
410120;AGON - The Mysterious Codex (Trilogy);;;;9.99;0;20000;0;68.97;60;27;0;0;0;6;none;0;0;0;0.25;1;Novato;130;0;1;0;0;0;0;0;0;0;0;0;0;0;0;1;0;0;0;0;0;0;0;0;0;0;1;0;0;0;0;0;0;0;0;0;0;0;0;0;0;0;0;0;0;0;0;0;0;0;0;0;0;0;0;0;0;0;1;1;0;0;0;0;0;0;0;0;0;0;0;0;0;0;0;0;0;0;0;16;9;7;13;0;11;8.93;0.562;0
1484960;Escape to Moscow;;;;0.0;1;20000;0;86.46;383;60;0;2;0;2;none;0;0;0;2.0;1;Novato;286;0;1;1;0;1;0;0;0;0;0;0;0;0;0;1;0;0;0;0;0;0;1;0;0;0;0;0;0;0;1;0;0;0;1;0;0;0;0;0;0;0;0;0;0;0;0;0;0;0;0;0;0;0;0;0;0;0;0;0;1;1;1;0;0;0;0;0;1;0;0;1;1;0;0;0;0;0;0;122;108;14;122;0;28;3.49;0.885;0
1795180;Ice Station Z;;;;4.99;0;20000;0;75.71;134;43;0;13;6;6;full;0;0;0;8.0;1;Novato;39;1;1;0;0;1;0;0;0;0;0;0;0;0;0;1;1;1;1;0;1;0;1;1;0;0;0;0;0;0;0;1;0;0;0;0;0;0;0;0;0;0;0;0;0;0;0;0;0;0;1;0;1;0;0;0;0;0;0;0;0;0;0;1;1;0;0;0;1;0;0;0;0;0;0;0;0;0;0;73;57;16;69;0;22;14.39;0.781;0
400660;Reverse Crawl;;;;5.99;0;50000;0;88.48;499;65;0;18;0;1;none;0;0;0;0.25;1;Novato;288;1;1;0;0;0;0;1;0;0;0;1;0;0;0;1;0;0;0;0;0;0;1;0;0;0;0;0;0;0;0;0;0;0;0;0;0;1;0;1;0;1;1;0;0;0;0;0;0;0;0;0;0;0;0;0;0;0;0;0;0;1;1;0;0;0;0;0;0;0;0;1;1;0;0;0;0;0;0;25;22;3;18;0;17;8.32;0.88;1
2145480;Inversion Institute;;;;4.99;0;20000;0;100.0;2;0;0;0;0;1;none;0;0;0;4.0;1;Novato;306;0;0;1;0;0;0;0;0;1;0;0;0;0;0;1;0;0;0;0;0;0;0;0;0;0;0;0;0;0;0;0;1;0;0;0;0;0;0;0;0;0;0;0;0;0;0;0;0;0;0;0;0;1;0;0;0;0;1;0;0;1;0;0;0;0;0;0;0;1;0;1;0;0;0;0;0;0;0;0;0;0;0;0;0;0.0;0.0;0
434340;Spheria;;;;3.99;0;50000;0;100.0;2;0;0;22;0;1;full;0;0;0;1.0;1;Novato;104;0;0;1;0;1;0;0;0;0;0;0;0;0;0;1;0;0;0;0;1;0;1;0;0;0;0;0;0;0;0;0;0;0;0;0;0;0;0;0;0;0;0;0;1;0;0;0;0;0;0;0;0;0;0;0;0;0;1;0;0;0;0;1;1;0;0;0;0;1;0;1;0;0;0;0;0;0;0;0;0;0;0;0;0;0.0;0.0;1
522010;Lost Crew;;;;1.99;0;50000;0;84.31;43;8;0;2;0;2;none;0;0;0;1.0;1;Novato;261;1;1;1;0;1;0;0;0;1;0;0;0;0;0;1;0;0;0;0;0;0;1;0;0;0;1;0;0;0;0;0;0;0;1;0;0;0;0;0;0;0;0;0;0;0;0;0;0;0;0;0;0;1;0;0;0;0;0;0;0;0;0;0;0;0;0;0;0;0;0;1;1;0;0;0;0;0;0;4;3;1;2;0;4;2.38;0.75;1
2582740;Virago: Reality New;;;;0.0;1;20000;0;83.33;5;1;0;0;0;1;full;0;0;0;4.0;1;Novato;293;0;1;0;0;0;0;0;0;0;0;0;0;0;0;1;0;0;0;0;1;0;0;0;0;0;0;0;0;0;0;0;0;0;1;0;0;1;1;0;0;0;0;0;0;0;0;0;0;0;0;0;0;0;0;0;0;0;0;0;0;0;0;1;0;0;0;1;1;0;0;0;0;0;0;0;0;0;1;10;7;3;10;0;9;1.36;0.7;0
1592950;Deadlokk;;;;4.99;0;20000;0;0.0;0;7;0;0;0;1;none;0;0;0;6.0;1;Novato;269;1;0;0;0;0;0;0;0;0;0;0;0;0;1;1;1;1;1;0;0;0;0;0;0;0;0;0;0;0;0;0;0;0;0;0;0;0;0;0;0;0;0;0;0;0;0;1;1;0;0;0;0;0;0;0;0;0;0;0;0;0;0;0;0;0;0;0;0;0;0;0;0;1;0;0;0;0;0;1;0;1;0;1;1;0.28;0.0;0
25900;King's Bounty: The Legend;;;;3.99;0;200000;101;90.84;3013;304;0;62;0;10;none;0;0;0;1.0;1;Novato;192;0;0;0;0;0;0;1;0;0;0;1;0;0;0;1;0;0;0;0;0;0;1;1;0;0;0;0;0;0;0;1;0;0;0;0;0;0;0;1;0;1;1;0;0;0;0;0;0;0;0;0;0;0;0;0;0;0;0;0;0;0;0;0;0;0;0;0;1;0;0;0;0;0;0;0;0;0;0;863;775;88;707;0;29;78.09;0.898;1
754110;Escort Commander;;;;2.99;0;20000;0;73.33;11;4;0;28;0;1;none;0;0;0;1.0;1;Novato;226;1;0;1;0;1;0;0;0;0;0;1;0;0;0;1;0;0;0;0;0;0;1;0;0;0;0;0;0;0;0;0;0;0;0;0;0;0;0;0;0;0;1;0;0;0;0;0;0;0;0;0;0;0;0;0;0;0;0;0;0;0;0;0;0;0;0;0;0;0;0;1;1;0;0;0;0;0;0;0;0;0;0;0;0;0.0;0.0;0
1563700;当火车鸣笛三秒;;;;9.99;0;50000;1;81.42;355;81;0;8;0;2;none;0;0;0;2.0;1;Novato;151;0;1;1;0;1;0;0;0;0;0;0;0;0;0;1;0;0;0;0;0;0;1;0;0;0;0;0;0;0;0;0;0;0;1;0;0;0;1;0;0;0;0;0;0;0;0;0;0;0;0;0;0;0;0;0;0;0;1;0;1;0;1;0;1;0;0;0;0;0;0;1;0;0;0;0;0;0;0;119;90;29;110;0;28;4.63;0.756;1
4520;Full Spectrum Warrior;;;;5.79;0;100000;2;71.57;214;85;0;0;0;6;none;0;0;0;0.25;1;Novato;320;1;0;0;0;0;0;0;0;0;0;1;0;0;0;1;1;1;0;0;0;0;0;0;0;0;0;0;0;0;0;0;0;0;0;0;0;0;0;0;0;0;1;0;0;0;0;0;0;0;0;0;0;1;0;0;0;0;0;0;0;0;0;0;0;0;0;0;0;0;0;0;0;0;0;0;0;0;0;72;62;10;64;0;26;14.67;0.861;1
407020;Star Sky;;;;0.54;0;20000;0;75.39;239;78;0;18;0;2;full;0;0;0;0.5;1;Novato;195;0;1;1;0;1;0;0;0;0;0;0;0;0;0;1;0;0;0;0;1;0;1;0;0;0;1;0;0;0;0;0;0;0;0;0;0;0;0;0;0;0;0;0;0;0;0;0;0;0;0;0;0;1;0;0;0;0;0;0;0;0;1;0;0;0;0;0;1;0;0;1;1;0;0;0;0;0;0;56;42;14;55;0;24;4.79;0.75;0
1776970;月に寄りそう乙女の作法;;;;39.99;0;50000;58;97.55;3656;92;0;38;0;3;none;0;0;0;4.0;1;Novato;145;0;1;1;0;0;0;0;0;0;0;0;0;0;0;1;0;0;0;0;0;0;1;1;0;0;1;0;0;0;0;0;0;0;1;0;0;0;0;0;0;0;0;0;0;0;0;0;0;0;0;0;0;0;0;0;0;0;0;0;1;1;0;0;0;0;1;0;0;0;0;1;0;0;0;0;0;0;0;1000;972;28;785;0;16;34.4;0.972;1
233610;Distance;;;;24.99;0;200000;19;92.46;6648;542;0;31;1;1;none;0;0;0;4.0;1;Novato;174;1;0;0;0;1;0;0;1;0;0;0;0;0;0;1;1;0;0;0;0;1;1;0;1;0;1;1;0;0;0;0;0;0;0;0;0;1;1;0;0;0;0;0;1;0;0;0;1;0;0;0;0;0;0;0;0;1;0;0;0;0;0;0;0;0;0;0;1;0;0;0;1;0;0;1;0;0;0;790;702;88;632;0;29;33.73;0.889;1
612540;Sudden Strike 3;;;;5.99;0;50000;4;70.5;141;59;0;0;0;3;none;0;0;0;1.0;1;Novato;240;0;0;0;0;0;0;0;0;0;0;1;0;0;0;1;0;0;0;0;0;0;0;0;0;0;0;0;0;0;0;0;0;0;0;0;0;0;0;0;0;0;1;0;0;0;0;0;1;0;0;0;0;0;0;0;0;0;0;0;0;0;0;0;0;0;0;0;0;0;0;0;0;0;0;0;0;0;0;44;36;8;33;0;23;158.14;0.818;1
1659600;Teenage Mutant Ninja Turtles: The Cowabunga Collection;;;;18.99;0;20000;5;87.88;754;104;0;13;0;6;none;0;0;0;4.0;1;Novato;191;1;0;0;0;0;0;0;0;0;0;0;0;0;0;1;1;1;1;0;0;0;1;1;0;0;1;1;1;0;0;0;0;0;0;0;0;0;0;0;0;0;0;0;1;0;0;1;1;1;1;0;0;0;0;0;0;0;0;0;0;0;1;0;0;0;0;0;0;0;0;0;0;0;0;0;0;0;0;409;370;39;315;0;29;9.43;0.905;0
368780;President for a Day - Corruption;;;;4.49;0;20000;175;57.28;59;44;0;5;0;2;none;0;0;0;1.0;1;Novato;249;0;0;1;0;1;0;0;0;0;0;1;0;0;0;1;0;0;0;0;0;0;1;0;0;0;1;0;0;0;0;0;0;0;0;0;0;0;0;0;0;0;1;0;0;0;0;0;0;0;0;0;0;0;0;0;0;0;0;0;0;0;0;0;0;0;0;0;0;0;0;1;1;0;0;0;0;0;0;38;29;9;29;0;20;8.54;0.763;0
240620;Wanderlust Adventures;;;;9.99;0;100000;0;59.76;150;101;0;37;1;1;full;0;0;0;0.78;1;Novato;274;1;1;0;0;1;0;1;0;0;0;0;0;0;0;1;1;1;1;0;1;0;1;1;0;0;1;0;0;0;0;1;1;0;0;0;0;0;0;1;1;0;0;0;0;0;0;0;1;0;0;0;0;0;0;0;0;0;0;0;0;0;1;0;0;0;0;0;0;0;1;0;1;0;0;0;0;0;0;11;7;4;11;0;9;8.99;0.636;1
446550;Infinite Minigolf;;;;14.99;0;20000;0;77.34;99;29;0;40;2;7;full;0;0;0;2.0;1;Novato;263;0;0;1;0;1;0;0;0;0;1;0;0;0;0;1;1;0;0;0;1;0;1;1;0;0;1;1;0;0;0;0;0;0;0;0;0;0;0;0;0;0;0;0;0;0;0;0;1;0;0;0;0;0;0;0;1;0;0;0;0;0;0;1;0;0;0;0;0;1;0;1;1;0;0;1;0;0;0;15;12;3;12;0;10;11.4;0.8;0
2878200;Supreme Ruler Global Outbreak;;;;10.49;0;500000;1;100.0;1;0;0;0;0;5;none;0;0;0;8.0;1;Novato;224;0;0;0;0;1;0;0;0;1;0;1;0;0;0;1;1;0;0;0;0;0;0;0;0;0;0;0;0;0;0;0;0;0;0;0;0;1;0;0;0;0;1;0;0;0;0;0;0;0;0;0;0;1;0;0;0;0;0;0;0;0;1;1;0;0;0;0;0;0;0;0;0;0;0;0;0;0;0;3;2;1;3;0;3;8.58;0.667;1
1147760;The End of an Actress;;;;5.79;0;20000;0;87.1;27;4;0;5;1;1;none;0;0;0;0.5;1;Novato;223;0;0;0;0;1;0;0;0;0;0;0;0;0;0;1;0;0;0;0;0;0;1;0;0;0;0;0;0;0;0;0;0;0;1;0;0;0;0;0;0;0;0;0;0;0;0;0;0;0;0;0;0;0;0;0;0;0;0;0;1;1;0;0;1;0;0;0;1;0;0;1;1;0;0;0;0;0;0;9;6;3;6;0;8;5.41;0.667;0
2983140;Trials of Innocence;;;;8.99;0;20000;31;93.4;708;50;0;11;1;3;full;0;0;0;4.0;1;Novato;286;0;1;1;0;1;0;1;0;1;0;0;0;0;0;1;0;0;0;0;1;0;1;1;0;0;0;0;0;0;0;0;0;0;1;0;0;0;0;1;0;0;0;0;0;0;0;0;0;0;0;0;0;0;0;0;0;0;1;1;1;1;1;0;0;0;0;0;0;0;0;0;0;0;0;0;0;0;0;1000;919;81;715;0;12;29.44;0.919;0
429600;Fairy Tale Mysteries: The Puppet Thief;;;;7.99;0;50000;0;65.31;241;128;0;17;0;11;none;0;0;0;0.5;1;Novato;57;0;1;1;0;0;0;0;0;0;0;0;0;0;0;1;0;0;0;0;0;0;1;1;0;0;1;0;0;0;0;0;0;0;1;0;0;0;1;0;0;0;0;0;0;0;0;0;0;0;0;0;0;0;0;0;0;0;1;1;0;0;1;0;0;0;0;0;1;0;0;1;1;0;0;0;0;0;0;53;38;15;32;0;26;4.66;0.717;1
849100;Alaskan Road Truckers;;;;11.0;0;100000;17;63.29;1891;1097;0;30;6;10;none;0;0;0;16.0;1;Novato;212;1;1;1;0;0;0;0;1;1;0;0;0;0;0;1;0;0;0;0;0;1;1;0;0;0;1;0;0;0;1;1;0;0;0;0;0;1;0;0;0;0;0;0;0;0;0;0;0;0;0;0;0;1;1;0;0;1;0;0;0;0;0;1;1;0;0;0;1;1;0;0;1;0;0;0;0;0;0;970;520;450;804;0;29;18.01;0.536;1
2814270;In a Detective's Mind;;;;0.0;1;20000;0;83.33;10;2;0;0;0;2;none;0;0;0;0.01;1;Novato;167;0;0;0;0;1;0;0;0;0;0;0;0;0;0;1;0;0;0;0;0;0;0;0;0;0;0;0;0;0;0;0;0;0;1;0;0;0;0;0;0;0;0;0;0;0;0;0;0;0;0;0;0;0;0;0;0;0;0;0;0;0;1;0;0;0;0;0;0;0;0;1;1;0;1;0;0;0;0;13;10;3;13;0;9;3.36;0.769;0
628570;Trivia Night;;;;4.49;0;50000;5;60.81;45;29;0;0;0;2;none;0;0;0;0.5;1;Novato;92;0;0;1;0;1;0;0;0;0;0;0;0;0;0;1;1;0;0;0;0;1;0;0;0;0;1;1;0;0;0;0;0;0;0;0;0;0;0;0;0;0;0;0;0;0;0;0;0;0;0;0;0;0;0;0;0;0;0;0;0;0;1;0;0;0;0;0;0;0;0;1;1;1;0;0;0;0;0;29;18;11;24;0;17;4.34;0.621;1
1606940;The Mystery of Caketropolis;;;;9.99;0;50000;0;96.97;96;3;0;25;1;1;full;0;0;0;2.0;1;Novato;178;0;1;1;0;1;0;0;0;0;0;0;0;0;0;1;0;0;0;0;1;0;1;1;0;0;0;0;0;0;0;0;0;0;1;0;0;0;0;0;0;0;0;0;0;0;0;0;0;0;0;0;0;0;0;0;0;0;1;0;0;0;1;0;0;0;0;0;1;0;0;1;0;0;0;0;0;0;0;14;11;3;13;0;12;11.88;0.786;1
375010;Energy Balance;;;;2.19;0;200000;0;68.67;217;99;0;9;1;9;none;0;0;0;1.0;1;Novato;263;0;0;1;0;1;0;0;0;0;0;0;0;0;0;1;0;0;0;0;0;0;1;1;0;0;1;0;0;0;0;0;0;0;0;0;0;0;0;0;0;0;0;0;0;0;0;0;0;0;0;0;0;0;0;0;0;0;1;0;0;0;0;0;0;0;0;0;0;0;0;1;1;0;0;0;0;0;0;32;20;12;12;0;19;5.38;0.625;1
1063770;Pew Dew Redemption;;;;0.0;1;100000;0;83.91;1366;262;0;20;0;1;none;0;0;0;0.0;1;Novato;193;1;1;0;0;1;0;0;0;0;0;0;0;0;0;1;0;0;0;0;0;0;0;0;0;0;0;0;0;0;0;0;0;0;0;0;0;0;1;0;0;0;0;0;0;0;0;0;1;0;0;0;0;0;0;0;0;0;0;0;0;1;0;0;0;0;0;0;0;0;0;0;1;0;1;0;0;0;0;45;36;9;45;0;19;3.56;0.8;1
1730590;The Entropy Centre;;;;10.49;0;500000;15;90.02;3312;367;0;27;1;13;full;0;0;0;4.0;1;Novato;161;0;1;0;0;0;0;0;0;0;0;0;0;0;0;1;0;0;0;0;1;0;1;1;0;0;0;0;0;0;1;0;0;0;1;0;0;0;0;0;0;0;0;0;1;0;0;0;0;0;0;0;0;0;0;0;0;0;1;0;0;0;0;0;0;0;0;0;1;0;1;0;0;0;0;0;0;1;0;1000;861;139;759;0;16;10.72;0.861;1
1384060;BattleJuice Alchemist;;;;10.49;0;100000;0;95.74;45;2;0;30;0;12;full;0;0;0;8.0;1;Novato;299;1;1;0;0;1;0;1;0;0;0;0;0;0;1;1;0;0;0;0;1;0;0;1;0;0;0;0;0;0;0;1;1;0;0;0;0;0;0;1;1;0;1;0;0;0;0;0;0;0;0;0;0;0;1;0;0;0;0;0;0;0;0;0;0;0;0;0;0;0;0;0;0;1;0;0;0;0;0;49;46;3;25;49;10;3.28;0.939;1
793490;Exocraft;;;;0.0;1;100000;2;52.94;189;168;0;79;0;1;none;0;0;0;1.0;1;Novato;188;1;0;1;0;1;1;1;0;1;0;1;0;0;0;0;1;1;1;0;0;0;1;0;0;1;0;0;0;0;0;0;0;0;0;0;0;0;0;0;0;0;1;0;0;0;0;0;0;0;0;0;0;1;1;0;0;0;0;0;0;0;1;0;0;0;0;0;0;0;0;1;0;0;1;0;0;0;0;36;18;18;36;0;18;8.84;0.5;1
977880;Eastward;;;;12.49;0;500000;48;84.21;13339;2501;0;30;3;7;full;0;0;0;4.0;1;Novato;266;1;1;0;0;1;0;1;0;0;0;0;0;0;0;1;0;0;0;0;1;0;1;1;0;0;1;0;0;0;0;0;0;0;1;0;0;0;0;1;1;0;0;0;0;0;0;0;0;0;0;0;0;0;0;0;0;0;0;0;0;0;1;0;0;0;0;1;1;1;0;1;1;0;0;0;0;0;0;1000;777;223;760;0;17;22.71;0.777;1
2593370;The Hungry Lamb: Traveling in the Late Ming Dynasty;;;;9.99;0;1000000;181;96.36;50859;1921;0;16;2;8;none;0;0;0;2.0;1;Novato;300;0;1;0;0;1;0;1;0;0;0;0;0;0;0;1;0;0;0;0;0;1;1;1;0;0;1;0;0;0;0;0;0;0;1;0;0;0;0;1;0;0;0;0;0;0;0;0;0;0;0;0;0;0;0;0;0;0;0;0;1;1;0;0;0;0;0;1;0;0;0;1;0;0;0;0;0;0;0;1000;932;68;800;0;2;10.4;0.932;1
315860;Celestian Tales: Old North;;;;12.99;0;100000;1;69.77;307;133;0;18;3;1;full;0;0;0;2.0;1;Novato;264;0;0;0;0;1;0;1;0;0;0;0;0;0;0;1;0;0;0;0;1;0;1;0;0;0;1;0;0;0;0;0;0;0;1;0;0;0;0;1;0;1;0;0;0;0;0;0;0;0;0;0;0;0;0;0;0;0;0;0;0;1;0;0;0;0;0;0;0;0;0;0;1;0;0;0;0;0;0;14;10;4;11;0;11;4.31;0.714;1
1463780;Mohism: Battle of Words;;;;9.99;0;50000;0;78.38;464;128;0;10;0;3;none;0;0;0;1.0;1;Novato;282;0;1;0;0;1;0;0;0;0;0;0;0;0;0;1;0;0;0;0;0;1;1;0;0;0;1;0;0;0;0;0;0;0;1;0;0;0;0;0;0;0;0;0;0;0;0;0;0;0;0;0;0;0;0;0;0;0;1;1;1;1;1;0;0;0;0;0;1;0;0;1;1;0;0;0;0;0;0;67;44;23;66;0;27;11.39;0.657;1
2091620;Septaroad Voyager;;;;7.99;0;20000;0;90.0;27;3;0;0;0;1;full;0;0;0;8.0;1;Novato;242;0;0;0;0;0;0;1;0;0;0;0;0;0;1;1;0;0;0;0;1;0;0;1;0;0;0;0;0;0;0;1;0;0;0;0;0;0;0;1;0;0;0;0;0;0;0;0;0;0;0;0;0;0;0;0;0;0;0;0;0;1;0;0;0;0;0;0;1;0;0;0;0;1;0;0;0;0;0;8;6;2;6;8;8;4.38;0.75;0
444220;Asteroid Bounty Hunter;;;;0.44;0;200000;0;65.35;513;272;0;32;0;1;full;0;0;0;0.5;1;Novato;160;1;1;1;0;1;0;1;0;0;0;0;0;0;0;1;0;0;0;0;1;0;1;1;0;0;1;0;0;0;0;0;0;0;0;0;0;0;0;1;0;0;0;0;0;0;0;0;0;0;0;0;0;0;0;0;0;0;0;0;0;0;0;0;0;0;0;0;0;0;0;1;1;0;0;0;0;0;0;64;48;16;13;0;26;24.63;0.75;1
2442460;Citizen Sleeper 2: Starward Vector;;;;12.49;0;50000;14;94.15;1239;77;0;30;3;4;full;0;0;0;4.0;1;Novato;254;0;1;0;0;1;0;1;0;0;0;0;0;0;0;1;0;0;0;0;1;0;1;1;0;0;1;0;0;0;0;0;0;0;1;0;0;0;0;1;0;0;0;0;0;0;0;0;0;0;0;0;0;0;0;0;0;0;0;0;0;0;0;0;0;0;0;0;1;0;0;0;1;0;0;0;0;0;0;1000;899;101;928;0;13;14.86;0.899;1
1991420;SuperDuck!;;;;3.99;0;20000;0;50.0;2;2;0;8;0;2;full;0;0;0;2.0;1;Novato;125;0;1;0;0;1;0;0;0;0;0;0;0;0;0;1;0;0;0;0;1;0;1;1;0;0;0;0;0;0;0;0;0;0;0;0;0;0;0;0;0;0;0;0;1;0;0;0;0;0;0;0;0;0;0;0;0;0;1;0;0;0;1;0;0;0;0;0;0;0;0;0;1;0;0;0;0;0;0;0;0;0;0;0;0;0.0;0.0;0
2544550;Guidelicious;;;;0.0;1;50000;0;90.0;36;4;0;9;0;1;none;0;0;0;4.0;1;Novato;148;0;1;0;0;1;0;0;0;1;0;0;0;0;0;1;0;0;0;0;0;0;1;0;0;0;0;0;0;0;1;0;0;0;0;0;0;0;1;0;0;0;0;0;0;0;0;0;0;0;0;0;0;0;0;0;0;0;0;1;1;0;1;0;0;0;0;0;0;1;0;0;0;0;0;0;0;0;0;40;36;4;40;0;24;1.14;0.9;1
352620;Porcunipine;;;;5.79;0;50000;0;77.04;151;45;0;30;0;2;full;0;0;0;1.0;1;Novato;148;1;0;0;0;1;0;0;0;0;0;0;0;0;0;1;1;0;0;0;1;0;1;0;0;0;1;1;0;0;0;0;0;0;0;0;0;0;0;0;0;0;0;0;0;0;0;0;0;1;0;0;0;0;0;0;0;0;0;0;0;0;0;0;0;0;0;0;0;0;0;0;1;0;0;0;0;0;0;37;28;9;12;0;16;20.02;0.757;1
1813470;Abandonware : The Horror Collection;;;;2.99;0;20000;0;83.33;10;2;0;31;0;1;none;0;0;0;2.0;1;Novato;182;1;1;1;0;1;0;0;0;0;0;0;0;0;1;1;0;0;0;0;0;1;1;0;0;0;0;0;0;0;0;0;0;0;0;0;0;0;1;0;0;0;0;0;0;0;0;0;0;0;0;0;0;0;0;0;0;0;1;0;0;0;0;0;0;0;0;0;0;0;0;1;0;1;0;0;0;0;0;1;0;1;1;1;1;1.28;0.0;0
1946970;Isle of Arrows;;;;12.99;0;200000;28;79.32;790;206;0;9;0;6;none;0;0;0;2.0;1;Novato;242;0;0;0;0;1;0;0;0;0;0;1;0;0;0;1;0;0;0;0;0;0;1;1;0;0;0;0;0;0;0;0;0;0;0;0;0;0;0;0;0;0;1;1;0;0;0;0;0;0;0;0;0;0;0;1;0;0;1;0;0;0;0;1;0;0;0;0;0;0;0;1;0;0;0;0;0;0;0;359;272;87;235;0;29;74.33;0.758;1
575990;Knot;;;;1.49;0;20000;0;70.37;19;8;0;12;1;1;full;0;0;0;1.0;1;Novato;37;0;0;1;0;1;0;0;0;1;0;0;0;0;0;1;0;0;0;0;1;0;1;0;0;0;1;0;0;0;0;0;0;0;0;0;0;0;0;0;0;0;0;0;0;0;0;0;0;0;0;0;0;1;0;0;0;0;1;0;0;0;0;1;1;0;0;0;1;1;0;1;1;0;0;0;0;0;0;7;6;1;7;0;6;8.33;0.857;0
652270;Dark and Bright;;;;2.49;0;20000;0;91.67;11;1;0;28;0;2;none;0;0;0;0.25;1;Novato;189;0;0;0;0;1;0;1;0;0;0;0;0;0;0;1;0;0;0;0;0;0;1;0;0;0;0;0;0;0;0;0;0;0;1;0;0;0;0;1;0;0;0;0;0;0;0;0;0;0;0;0;0;0;0;0;0;0;1;0;0;0;1;0;0;0;0;0;1;0;0;0;1;0;0;0;0;0;0;0;0;0;0;0;0;0.0;0.0;0
1139800;Chinatris;;;;1.99;0;50000;1;86.59;975;151;0;171;0;2;full;0;0;0;4.0;1;Novato;215;0;0;1;0;1;0;0;0;0;0;0;0;0;0;1;0;0;0;0;1;0;1;0;0;0;0;0;0;0;0;0;0;0;0;0;0;0;0;0;0;0;1;0;0;0;0;0;0;0;0;0;0;0;0;0;0;0;1;0;0;0;1;0;0;0;0;0;0;0;0;1;1;0;0;0;0;0;0;107;76;31;70;0;28;5.43;0.71;1
982580;女巫与六便士 the sibyl and sixpence;;;;1.49;0;50000;0;81.09;639;149;0;0;1;2;none;0;0;0;0.0;1;Novato;199;0;0;1;0;1;0;0;0;0;0;0;0;0;0;1;0;0;0;0;0;0;0;0;0;0;0;0;0;0;0;0;0;0;0;0;0;0;0;0;0;0;0;0;0;0;0;0;0;0;0;0;0;0;0;0;0;0;0;0;1;0;0;0;0;0;0;0;0;0;0;1;1;0;0;0;0;0;0;70;37;33;28;0;24;2.91;0.529;1
2232880;Beast Saga;;;;9.29;0;100000;55;81.73;917;205;0;88;1;2;full;0;0;0;0.0;1;Novato;295;0;1;0;0;1;0;1;0;0;0;0;0;0;0;1;0;0;0;0;1;0;1;1;0;0;0;0;0;0;0;1;0;0;1;0;0;0;0;1;0;0;0;0;0;0;0;0;0;0;0;0;1;0;0;0;0;0;0;0;0;0;1;0;0;0;0;0;0;0;0;0;1;1;0;0;0;0;0;1000;790;210;829;553;4;57.81;0.79;1
313120;Stranded Deep;;;;9.99;0;1000000;256;74.45;34118;11710;0;37;1;6;full;0;0;0;8.0;1;Novato;239;0;1;0;0;1;0;0;0;0;0;0;0;0;0;1;1;1;1;0;1;0;1;0;1;0;0;1;1;0;1;1;1;0;0;0;0;1;0;0;0;0;1;0;0;0;0;1;1;0;0;0;1;1;0;0;0;0;0;0;0;0;0;0;1;0;0;0;1;0;0;0;1;1;0;0;0;0;0;1000;700;300;853;0;6;25.47;0.7;1
721940;Daily Run;;;;0.99;0;20000;0;61.08;124;79;0;5000;0;1;none;0;0;0;1.0;1;Novato;117;0;0;1;0;1;0;0;0;0;0;0;0;0;0;1;0;0;0;0;0;0;1;0;0;0;0;0;0;0;0;0;0;0;0;0;0;0;0;0;0;0;0;0;0;0;0;0;0;0;0;0;0;0;0;0;0;0;0;0;0;0;0;0;0;0;0;0;0;0;0;1;1;0;0;0;0;0;0;52;43;9;43;0;24;6.41;0.827;0
781030;DK Online;;;;0.0;1;200000;204;48.02;340;368;0;63;5;4;none;0;0;0;2.0;1;Novato;292;1;1;0;0;0;1;1;0;0;0;0;0;0;0;0;1;1;1;0;0;0;1;0;0;1;0;0;0;0;0;1;0;0;0;0;0;0;0;1;1;0;0;0;0;0;0;0;1;0;1;0;0;0;0;0;0;0;0;0;0;0;0;1;0;0;0;0;0;0;0;0;0;0;1;0;0;0;0;175;124;51;175;0;29;258.3;0.709;1
644640;Band of Defenders;;;;9.99;0;50000;0;51.02;200;192;0;47;0;10;none;0;0;0;4.0;1;Novato;257;1;0;0;0;0;0;0;0;0;0;0;0;0;0;1;1;1;1;0;0;0;1;0;0;0;1;0;0;0;1;0;0;0;0;0;0;0;0;0;0;0;1;1;0;0;0;0;0;0;0;0;1;0;0;0;0;0;0;0;0;0;0;0;0;0;0;0;0;0;0;0;0;0;0;0;0;1;0;15;5;10;11;0;10;10.01;0.333;1
1089650;Project Zero Deaths;;;;0.0;1;100000;1;78.39;410;113;0;0;0;1;none;0;0;0;2.0;1;Novato;302;1;0;0;0;0;0;0;0;0;0;0;0;0;1;0;1;1;1;0;0;1;0;0;0;1;0;0;0;0;0;0;0;0;0;0;0;0;0;0;0;0;0;0;1;0;0;0;1;0;0;0;0;0;0;0;0;0;0;0;0;0;1;0;0;0;0;0;0;0;0;0;1;1;1;0;0;0;0;11;9;2;11;11;8;24.14;0.818;1
3063220;SCP-087;;;;2.49;0;20000;0;44.0;11;14;0;0;0;1;none;0;0;0;8.0;1;Novato;281;1;1;0;0;1;0;0;0;0;0;0;0;0;0;1;0;0;0;0;0;0;0;0;0;0;0;0;0;0;1;0;0;0;0;0;0;0;1;0;0;0;0;0;0;0;0;0;1;0;0;0;0;0;0;0;0;0;1;0;0;0;0;1;0;0;0;0;0;0;0;0;1;0;0;0;0;0;0;28;12;16;18;0;8;0.45;0.429;0
1783280;Ghostlore;;;;10.49;0;50000;8;81.21;536;124;0;33;1;13;full;0;0;0;4.0;1;Novato;298;1;0;0;0;1;0;1;0;0;0;0;0;0;0;1;1;1;0;0;1;0;1;1;1;0;0;1;1;0;0;0;1;0;0;0;0;0;0;1;1;0;0;0;0;0;0;1;0;1;0;0;0;0;0;0;0;0;0;0;0;0;1;0;0;0;0;0;0;0;0;0;1;0;0;0;0;0;0;201;162;39;184;0;29;20.06;0.806;1
686500;Sylvio 2;;;;14.99;0;20000;0;61.84;47;29;0;24;1;1;full;0;0;0;0.0;1;Novato;241;0;1;0;0;0;0;0;0;0;0;0;0;0;0;1;0;0;0;0;1;0;1;0;0;0;0;0;0;0;0;0;0;0;0;0;0;0;1;0;0;0;0;0;0;0;0;0;0;0;0;0;0;0;0;0;0;0;0;0;0;0;0;0;0;0;0;0;0;0;0;0;0;0;0;0;0;0;0;7;4;3;7;0;6;5.37;0.571;0
1666600;The Dragon Apprentice;;;;17.99;0;50000;0;66.67;2;1;0;7;0;1;none;0;0;0;4.0;1;Novato;280;1;1;0;0;1;0;1;0;0;0;0;0;0;1;1;0;0;0;0;0;1;0;0;0;0;0;0;0;0;0;0;0;0;0;0;0;0;0;0;1;0;0;0;0;0;0;0;0;0;0;0;0;0;0;0;0;0;0;0;0;0;0;0;0;0;0;0;1;0;0;0;0;1;0;0;0;0;0;0;0;0;0;0;0;0.0;0.0;1
1449070;Journey to the West;;;;10.49;0;100000;17;81.2;1365;316;0;93;3;5;none;0;0;0;2.0;1;Novato;271;0;1;0;0;1;0;1;0;0;0;1;0;0;0;1;0;0;0;0;0;0;1;1;1;0;0;0;0;0;0;0;0;0;1;0;0;0;0;1;0;0;1;0;0;0;0;0;0;0;0;0;0;0;0;0;0;0;0;0;0;0;1;0;0;0;0;0;0;0;0;0;0;0;0;0;0;0;0;252;204;48;230;0;27;65.25;0.81;1
3429500;POPOPOSAN;;;;1.99;0;20000;0;87.1;27;4;0;5;0;4;full;0;0;0;8.0;1;Novato;267;1;1;1;0;1;0;0;0;1;1;0;0;0;0;1;0;0;0;0;1;0;1;1;0;0;0;1;0;0;1;0;0;0;1;0;0;0;1;0;0;0;0;0;0;0;0;0;0;0;0;0;0;1;0;0;0;0;0;0;0;1;0;1;0;0;0;0;1;1;0;0;0;0;0;0;0;0;0;48;41;7;44;0;13;0.75;0.854;0
475240;ORCS;;;;0.0;0;50000;1;81.51;335;76;0;0;0;1;full;0;0;0;2.0;1;Novato;104;1;1;0;0;1;0;0;0;0;0;0;0;0;0;1;0;0;0;0;1;0;0;0;0;0;1;0;0;0;0;0;0;0;0;0;0;0;0;0;0;0;0;0;1;0;0;0;0;0;0;0;0;0;0;0;0;0;0;0;0;0;1;0;0;0;0;0;0;0;1;0;1;0;0;0;0;0;0;25;20;5;22;0;13;2.67;0.8;1
42670;Singularity™;;;;29.99;0;200000;11;92.92;5183;395;0;0;0;5;none;0;0;0;0.25;1;Novato;334;1;0;0;0;0;0;0;0;0;0;0;0;0;0;1;1;0;0;0;0;0;0;0;0;0;0;0;0;0;1;0;0;0;1;0;0;0;1;0;0;0;0;0;0;0;0;0;1;0;0;0;0;0;0;0;0;0;0;0;0;0;0;0;0;0;0;0;1;0;0;0;0;0;0;0;0;1;0;807;752;55;755;0;29;9.15;0.932;1
1597310;Airship: Kingdoms Adrift;;;;7.69;0;50000;16;73.19;606;222;0;143;2;3;none;0;0;0;8.0;1;Novato;286;1;1;0;0;0;0;1;0;1;0;1;0;0;0;1;1;0;0;0;0;0;1;1;0;0;0;0;0;0;0;1;0;0;1;0;0;0;0;1;0;0;1;0;0;0;0;0;0;0;1;0;1;1;1;0;0;0;0;0;0;0;0;1;0;0;0;0;0;0;0;0;0;0;0;0;0;0;0;602;455;147;504;0;29;47.53;0.756;1
1240730;Dark Room;;;;2.99;0;20000;0;53.66;22;19;0;12;0;1;none;0;0;0;4.0;1;Novato;182;0;1;0;0;1;0;0;0;0;0;0;0;0;0;1;0;0;0;0;0;0;1;0;0;0;0;0;0;0;0;0;0;0;1;0;0;0;1;0;0;0;0;0;0;0;0;0;0;0;0;0;0;0;0;0;0;0;1;1;0;0;0;1;0;0;0;1;1;0;0;1;1;0;0;0;0;0;0;11;9;2;8;0;10;2.65;0.818;0
823610;Dungeon Of Dragon Knight;;;;6.59;0;50000;1;77.52;269;78;0;25;2;9;none;0;0;0;2.0;1;Novato;268;0;1;0;0;1;0;1;0;0;0;1;0;0;0;1;0;0;0;0;0;0;1;1;1;0;1;0;0;0;1;0;0;0;0;0;0;0;1;1;0;0;1;0;0;0;0;0;0;0;0;0;0;0;0;0;0;0;1;0;0;0;0;0;0;0;0;0;0;0;0;0;1;0;0;0;0;0;0;41;26;15;40;0;20;15.66;0.634;1
898690;Zombie;;;;2.99;0;20000;0;38.89;7;11;0;0;0;1;none;0;0;0;0.0;1;Novato;112;1;0;1;0;1;0;0;0;1;0;0;0;0;0;1;0;0;0;0;0;0;0;0;0;0;0;0;0;0;1;0;0;0;0;0;0;1;0;0;0;0;1;0;0;0;0;0;1;0;0;0;0;1;0;0;0;0;0;0;0;0;0;1;0;0;0;0;0;0;0;1;1;0;0;0;0;1;0;11;8;3;8;0;8;0.76;0.727;0
377600;Tcheco in the Castle of Lucio;;;;0.44;0;100000;0;89.99;899;100;0;0;0;2;full;0;0;0;1.0;1;Novato;226;1;0;0;0;1;0;0;0;0;0;0;0;0;0;1;0;0;0;0;1;0;0;0;0;0;1;0;0;0;0;0;0;0;0;0;0;0;0;0;0;0;0;0;1;0;0;0;0;0;0;0;0;0;0;0;0;0;0;0;0;0;1;0;0;0;0;0;0;0;1;0;1;0;0;0;0;0;0;58;51;7;48;0;26;5.11;0.879;1
2142790;Fields of Mistria;;;;7.79;0;500000;1616;97.93;19544;414;0;0;0;1;full;0;0;0;6.0;1;Novato;189;0;0;0;0;1;0;1;0;1;0;0;0;0;1;1;0;0;0;0;1;0;0;0;0;0;0;0;0;0;0;1;1;0;0;0;0;0;0;1;0;0;0;0;0;0;0;0;0;0;0;0;1;1;0;0;0;0;0;0;0;1;1;0;0;0;0;0;0;1;0;0;0;1;0;0;0;0;0;1000;965;35;917;1000;3;64.42;0.965;1
15900;7 Wonders II;;;;9.99;0;50000;14;79.8;162;41;0;0;0;1;none;0;0;0;0.25;1;Novato;342;0;0;1;0;0;0;0;0;0;0;0;0;0;0;1;0;0;0;0;0;0;0;0;0;0;0;0;0;0;0;0;0;0;0;0;0;0;0;0;0;0;0;0;0;0;0;0;0;0;0;0;0;0;0;0;0;0;1;0;0;0;0;0;0;0;0;0;0;0;0;1;0;0;0;0;0;0;0;26;22;4;13;0;18;64.1;0.846;1
623920;Chicago 1930 : The Prohibition;;;;4.99;0;50000;0;69.62;110;48;0;0;0;5;none;0;0;0;0.25;1;Novato;216;0;0;0;0;0;0;0;0;0;0;1;0;0;0;1;0;0;0;0;0;0;0;0;0;0;0;0;0;0;0;0;0;0;0;0;0;0;0;0;0;0;1;0;0;0;0;0;0;0;0;0;0;0;0;0;0;0;0;0;0;0;0;0;0;0;0;0;0;0;0;0;0;0;0;0;0;0;0;35;27;8;24;0;20;9.79;0.771;1
2073370;Ansiolisis;;;;1.99;0;50000;0;100.0;4;0;0;0;0;3;none;0;0;0;2.0;1;Novato;118;0;1;0;0;1;0;0;0;0;0;0;0;0;0;1;0;0;0;0;0;0;0;0;0;0;0;0;0;0;0;0;0;0;0;0;0;0;0;0;0;0;0;0;0;0;0;0;0;0;0;0;0;0;0;0;0;0;0;1;1;0;1;0;1;0;0;1;0;1;0;0;0;0;0;0;0;0;0;0;0;0;0;0;0;0.0;0.0;1
2352600;Weak Soul;;;;9.99;0;20000;0;80.0;12;3;0;97;0;6;none;0;0;0;2.0;1;Novato;226;1;1;0;0;1;0;0;0;0;0;1;0;0;0;1;0;0;0;0;0;0;1;0;0;0;0;0;0;0;0;0;1;0;0;0;0;0;0;0;0;0;1;0;0;0;0;0;0;0;0;0;0;0;0;0;0;0;0;0;0;0;1;0;0;0;0;1;0;0;0;0;0;0;0;0;0;0;0;3;0;3;3;0;3;4.32;0.0;0
445220;Avorion;;;;12.49;0;500000;618;90.25;12286;1328;0;68;4;9;none;0;0;0;4.0;1;Novato;261;1;0;0;0;1;0;0;0;1;0;0;0;0;0;1;1;1;1;0;0;0;1;0;1;0;1;0;0;0;0;1;0;0;0;0;0;0;0;0;1;0;0;0;0;0;0;0;0;0;0;0;1;1;1;0;0;0;0;0;0;0;0;1;0;0;0;0;0;0;0;0;0;0;0;0;0;0;0;1000;847;153;853;0;15;256.85;0.847;1
326460;ShellShock Live;;;;9.99;0;1000000;297;93.26;32540;2353;0;63;0;11;full;0;0;0;1.0;1;Novato;288;1;0;1;0;1;1;0;0;0;0;1;0;0;0;1;1;1;1;0;1;0;1;0;0;1;1;1;1;0;0;0;0;0;0;0;0;0;0;0;0;1;1;0;0;0;0;1;1;0;0;0;0;0;0;0;0;0;0;0;0;0;1;0;0;0;0;0;0;0;0;1;1;1;0;0;0;0;0;1000;850;150;758;0;12;102.68;0.85;1
1319850;ValiDate: Struggling Singles in your Area;;;;14.99;0;20000;0;66.19;92;47;0;68;0;1;none;0;0;0;4.0;1;Novato;144;0;1;1;0;1;0;1;0;0;0;0;0;0;0;1;0;0;0;0;0;0;1;0;0;0;0;0;0;0;0;0;0;0;0;0;0;0;0;0;0;0;0;0;0;0;0;0;0;0;0;0;0;0;0;0;0;0;0;0;1;0;1;0;1;0;1;0;0;0;0;1;1;0;0;0;0;0;0;50;27;23;36;0;17;10.91;0.54;0
1082450;Gold Hunter;;;;12.49;0;50000;4;41.6;270;379;0;10;0;17;none;0;0;0;8.0;1;Novato;204;0;0;0;0;1;0;0;0;1;0;0;0;0;1;1;1;1;1;0;0;1;0;0;0;0;0;0;0;0;1;1;0;0;0;0;0;0;0;0;0;0;0;0;0;0;0;1;1;0;1;0;1;1;0;0;0;0;0;0;0;0;0;0;0;0;0;0;0;0;0;1;1;1;1;0;0;0;0;218;61;157;169;218;29;41.43;0.28;1
2843640;Idle Colony;;;;3.59;0;20000;0;81.57;301;68;0;19;1;6;none;0;0;0;8.0;1;Novato;236;0;0;1;0;1;0;0;0;1;0;1;0;0;0;1;0;0;0;0;0;0;1;1;0;0;0;0;0;0;0;0;0;0;0;0;0;0;0;0;0;0;1;0;0;0;0;0;0;0;0;0;0;1;1;0;0;0;0;0;0;0;1;0;0;0;0;0;0;0;0;1;1;0;0;0;0;0;0;556;461;95;547;0;18;38.54;0.829;0
40720;Samorost 2;;;;0.65;0;200000;3;86.6;2106;326;0;13;1;29;none;0;0;0;0.0;1;Novato;245;0;1;1;0;1;0;0;0;0;0;0;0;0;0;1;0;0;0;0;0;0;1;0;0;0;0;0;0;0;0;0;0;0;1;0;0;0;0;0;0;0;0;0;0;0;0;0;0;0;0;0;0;0;0;0;0;0;1;1;0;0;1;0;0;0;0;0;1;0;0;1;0;0;0;0;0;0;0;881;774;107;788;0;29;1.63;0.879;1
1255660;Mya of the Desert;;;;0.0;1;20000;0;65.83;79;41;0;13;0;1;full;0;0;0;4.0;1;Novato;280;1;1;1;0;1;0;0;0;0;0;0;0;0;0;1;0;0;0;0;1;0;0;0;0;0;0;0;0;0;0;1;0;0;0;0;0;0;0;0;0;0;0;0;1;0;0;0;0;0;0;0;0;0;0;0;0;0;1;0;0;0;0;0;0;0;0;0;1;0;0;1;1;0;1;0;0;0;0;10;8;2;10;0;8;7.06;0.8;0
822830;Ouroboros;;;;2.99;0;50000;1;94.2;130;8;0;0;0;1;none;0;0;0;2.0;1;Novato;211;1;1;0;0;1;0;1;0;0;0;0;0;0;0;1;0;0;0;0;0;0;0;0;0;0;0;0;0;0;0;0;0;0;1;0;0;0;0;1;0;0;0;0;0;0;0;0;0;0;0;0;0;0;0;0;0;0;1;0;0;1;1;0;0;0;0;0;0;0;0;0;1;0;0;0;0;0;0;29;25;4;28;0;21;8.73;0.862;1
1794640;Kiss/OFF;;;;5.79;0;20000;1;100.0;19;0;0;16;0;1;none;0;0;0;4.0;1;Novato;251;0;1;0;0;1;0;0;0;1;0;0;0;0;0;1;0;0;0;0;0;0;1;0;0;0;0;0;0;0;0;0;0;0;0;0;0;0;0;0;0;0;0;0;0;0;0;0;0;0;0;0;0;1;0;0;0;0;0;0;1;1;0;0;0;0;1;0;0;0;0;0;0;0;0;0;0;0;0;28;26;2;28;0;15;19.14;0.929;0
1399760;Randomlands;;;;0.99;0;100000;0;66.67;8;4;0;0;0;2;none;0;0;0;4.0;1;Novato;183;1;0;0;0;1;0;0;0;0;0;0;0;0;0;1;0;0;0;0;0;0;0;0;0;0;0;0;0;0;1;0;0;0;0;0;0;0;0;0;0;0;0;0;0;0;0;0;0;0;0;0;0;0;0;0;0;0;0;0;0;0;0;1;0;0;0;0;0;0;0;0;0;0;0;0;0;1;0;2;2;0;2;0;2;1.7;1.0;1
578990;Two Worlds II HD - Shattered Embrace;;;;12.49;0;20000;0;37.5;12;20;0;66;1;3;none;0;0;0;4.0;1;Novato;295;0;0;0;0;1;0;1;0;0;0;0;0;0;0;1;0;0;0;0;0;0;1;1;0;0;1;0;0;0;0;0;0;0;0;0;0;0;0;1;0;0;0;0;0;0;0;0;0;0;0;0;0;0;0;0;0;0;0;0;0;0;0;0;0;0;0;0;0;0;0;0;1;0;0;0;0;0;0;19;8;11;4;0;14;8.44;0.421;0
1901370;Ib;;;;5.1;0;200000;16;99.02;4343;43;0;1;0;11;full;0;0;0;2.0;1;Novato;72;0;1;0;0;1;0;0;0;0;0;0;0;0;0;1;0;0;0;0;1;0;1;1;0;0;1;0;0;0;0;0;0;0;1;0;0;1;1;1;0;0;0;0;0;0;0;0;0;0;0;0;0;0;0;0;0;0;1;0;0;1;1;0;0;0;0;0;1;0;0;1;1;0;0;0;0;0;0;1000;987;13;909;0;15;7.4;0.987;1
1423540;Air Gun Fighter;;;;4.99;0;20000;0;25.0;2;6;0;0;0;1;full;0;0;0;0.0;1;Novato;32;1;0;0;0;0;0;0;0;1;0;0;0;0;0;1;0;0;0;0;1;0;0;0;0;0;0;0;0;0;0;0;0;0;0;0;0;0;0;0;0;0;0;0;0;0;0;0;0;0;0;0;0;1;0;0;0;0;0;0;0;0;0;1;1;0;0;0;0;0;0;0;0;0;0;0;0;0;0;1;0;1;1;0;1;2.07;0.0;0
814370;Monster Sanctuary;;;;10.49;0;500000;166;91.51;10468;971;0;41;2;9;full;0;0;0;2.0;1;Novato;108;1;1;0;0;1;0;1;0;0;0;1;0;0;0;1;1;0;0;0;1;0;1;1;0;0;1;0;0;0;0;0;0;0;1;0;0;0;0;1;0;1;1;0;1;1;0;0;0;0;1;0;0;0;0;0;0;0;0;0;0;0;1;0;0;0;0;0;0;0;1;0;1;0;0;0;0;0;0;1000;887;113;816;0;12;42.83;0.887;1
285310;RollerCoaster Tycoon®: Deluxe;;;;1.49;0;500000;236;94.46;7282;427;0;0;0;5;none;0;0;0;0.5;1;Novato;267;0;0;0;0;0;0;0;0;1;0;1;0;0;0;1;0;0;0;0;0;0;0;0;0;0;0;0;0;0;0;1;0;0;0;0;0;0;0;0;0;0;1;0;0;0;0;0;1;0;0;0;1;1;1;1;0;0;0;0;0;0;0;0;0;0;0;0;0;1;0;1;0;0;0;0;0;0;0;1000;928;72;919;0;22;42.84;0.928;1
269230;Aces Wild: Manic Brawling Action!;;;;9.99;0;50000;0;75.57;266;86;0;0;0;1;none;0;0;0;0.31;1;Novato;235;1;0;0;0;1;0;0;0;0;0;0;0;0;0;1;1;0;0;0;0;1;0;0;0;0;0;1;0;0;0;0;0;0;0;0;0;0;0;0;0;0;0;0;0;0;0;1;0;1;0;0;0;0;0;0;0;0;0;0;0;1;0;0;0;0;0;0;0;0;0;0;1;0;0;0;0;0;0;16;7;9;11;0;14;8.89;0.438;1
602920;Sketch! Run!;;;;4.49;0;100000;8;90.0;18;2;0;0;0;1;none;0;0;0;4.0;1;Novato;249;0;0;0;0;1;0;0;0;0;0;0;0;0;1;1;0;0;0;0;0;0;0;0;0;0;1;0;0;0;0;0;0;0;0;0;0;0;0;0;0;0;0;0;0;0;0;0;0;0;0;0;0;0;0;0;0;0;0;0;0;0;0;0;0;0;0;0;0;0;0;0;1;1;0;0;0;0;0;28;19;9;26;28;15;6.6;0.679;1
1170940;Outerstellar;;;;0.0;1;20000;3;76.42;94;29;0;0;0;1;none;0;0;0;8.0;1;Novato;191;1;0;0;0;1;1;0;0;0;0;0;0;0;1;0;1;0;0;0;0;0;0;0;0;0;0;0;0;0;0;0;1;0;0;0;0;1;0;0;0;0;0;0;0;0;0;0;1;0;1;0;0;0;0;0;0;0;0;0;0;0;0;1;0;0;0;0;0;0;0;0;0;1;0;0;0;1;0;93;60;33;93;93;27;28.73;0.645;0
2017980;Haunted Mansion;;;;0.45;0;50000;0;40.0;2;3;0;0;0;1;none;0;0;0;4.0;1;Novato;225;0;0;0;0;1;0;0;0;0;0;0;0;0;0;1;0;0;0;0;0;0;0;0;0;0;0;0;0;0;1;0;0;0;0;0;0;0;1;0;0;0;0;0;0;0;0;0;0;0;0;0;0;0;0;0;0;0;0;0;0;0;0;1;0;0;0;0;0;0;0;1;0;0;0;0;0;0;0;2;2;0;1;0;2;0.26;1.0;1
411980;TY the Tasmanian Tiger 3;;;;7.99;0;20000;1;82.3;186;40;0;36;1;2;full;0;0;0;4.0;1;Novato;254;1;1;0;0;1;0;0;0;0;0;0;0;0;0;1;1;0;0;0;1;0;1;1;0;0;1;1;0;0;0;1;0;0;0;0;0;0;0;0;0;0;0;0;1;0;0;0;0;0;0;0;0;0;0;0;0;0;0;0;0;0;0;0;0;0;0;0;0;0;0;0;1;0;0;0;0;0;0;69;46;23;66;0;28;12.53;0.667;0
2461780;网瘾少年2005 Internet addicted youth 2005;;;;1.37;0;20000;0;97.37;444;12;0;29;0;4;none;0;0;0;2.0;1;Novato;248;0;0;0;0;1;0;1;0;0;0;0;0;0;0;1;0;0;0;0;0;0;0;0;0;0;0;0;0;0;0;0;0;0;1;0;0;0;0;1;0;0;0;0;0;0;0;0;0;0;0;0;0;0;0;0;0;0;1;0;0;0;1;0;0;0;0;0;1;0;0;0;1;0;0;0;0;0;0;326;313;13;302;0;27;3.61;0.96;0
575330;Oh...Sir! The Hollywood Roast;;;;2.49;0;50000;0;84.83;341;61;0;20;1;1;full;0;0;0;1.0;1;Novato;260;0;1;0;0;1;0;0;0;1;0;0;0;0;0;1;1;0;0;0;1;0;1;1;1;0;1;1;0;0;0;0;0;0;0;0;0;0;0;0;0;0;0;0;0;0;0;0;1;0;0;0;0;1;0;0;0;0;0;0;0;0;1;0;0;0;0;0;0;0;0;0;1;0;0;0;0;0;0;49;36;13;41;0;26;6.39;0.735;1
514080;Deadly Dozen;;;;5.79;0;100000;0;75.93;41;13;0;0;0;1;none;0;0;0;0.5;1;Novato;114;1;1;1;0;0;0;0;0;1;1;1;0;0;0;1;0;0;0;0;0;0;0;0;0;0;0;0;0;0;1;0;0;0;0;0;0;0;0;0;0;0;1;0;0;0;0;1;0;0;0;0;0;1;0;0;1;0;0;0;0;0;0;0;0;0;0;0;0;0;0;1;0;0;0;0;0;1;1;12;8;4;12;0;9;8.87;0.667;1
944080;Pode;;;;10.49;0;20000;3;91.74;400;36;0;9;0;18;none;0;0;0;4.0;1;Novato;229;0;1;1;0;1;0;0;0;0;0;0;0;0;0;1;1;1;0;0;0;1;1;0;0;0;0;1;1;0;0;0;0;0;0;0;0;0;0;0;0;0;0;0;0;0;0;1;0;1;0;0;0;0;0;0;0;0;1;0;0;0;0;0;0;0;0;0;0;0;0;1;1;0;0;0;0;0;0;318;283;35;292;0;29;6.32;0.89;0
3319780;Encounter: A 8-Bit Noir Adventure...;;;;1.99;0;20000;0;100.0;8;0;0;52;1;3;none;0;0;0;0.5;1;Novato;278;0;1;1;0;0;0;0;0;0;0;0;0;0;0;1;0;0;0;0;0;0;1;1;0;0;0;0;0;0;0;0;1;0;0;0;0;0;0;0;0;0;0;0;0;0;0;0;0;0;0;0;0;0;0;0;0;0;0;0;1;0;1;0;0;0;0;0;0;0;0;0;0;0;0;0;0;0;0;21;21;0;15;0;7;9.51;1.0;0
1325380;Live Empire;;;;2.99;0;20000;0;46.77;116;132;0;7;1;3;none;0;0;0;2.0;1;Novato;155;0;0;1;0;0;0;1;0;1;0;1;0;0;0;1;0;0;0;0;0;0;1;1;0;0;1;0;0;0;0;0;0;0;0;0;0;0;0;1;0;0;1;0;0;0;0;0;0;0;0;0;0;1;1;0;0;0;0;0;0;0;0;0;0;0;0;0;0;0;0;1;1;1;0;0;0;0;0;7;2;5;6;0;6;2.16;0.286;0
3008960;Dungeon Reborn;;;;0.0;1;20000;0;100.0;1;0;0;1;0;1;none;0;0;0;8.0;1;Novato;215;1;0;1;0;1;0;1;0;0;0;1;0;0;0;1;0;0;0;0;0;1;0;0;0;0;0;0;0;0;0;0;0;0;0;0;0;1;0;1;1;0;1;0;0;0;0;0;0;0;0;0;0;0;0;0;0;0;0;0;0;1;1;0;0;0;0;0;0;0;0;0;0;1;0;0;0;0;0;12;9;3;12;1;7;2.74;0.75;0
476540;Google Spotlight Stories: Pearl;;;;0.0;1;20000;0;95.97;357;15;0;0;0;1;none;0;0;0;4.0;1;Novato;284;0;1;0;0;0;0;0;0;0;0;0;0;0;0;1;0;0;0;0;0;0;0;0;0;0;0;0;0;0;0;0;0;0;0;0;0;0;0;0;0;0;0;0;0;0;0;0;0;0;0;0;0;0;0;0;0;0;0;0;0;0;0;0;0;0;0;0;0;0;0;0;0;0;1;1;0;0;0;26;23;3;26;0;15;10.21;0.885;0
1726390;Adventure of Rikka - The Cursed Kingdom;;;;2.99;0;20000;0;95.12;39;2;0;27;0;9;full;0;0;0;2.0;1;Novato;280;1;1;0;0;1;0;1;0;0;0;0;0;0;0;1;0;0;0;0;1;0;1;0;0;0;0;0;0;0;0;1;0;0;0;0;0;0;0;1;1;0;0;0;0;0;0;0;0;0;0;0;0;0;0;0;0;0;1;0;0;0;1;0;0;0;0;0;0;0;0;0;0;0;0;0;0;0;0;45;43;2;24;0;15;8.74;0.956;0
2673490;Seifuku Kanojo;;;;14.99;0;50000;2;80.92;424;100;0;18;0;2;none;0;0;0;4.0;1;Novato;109;0;1;1;0;0;0;0;0;1;0;0;0;0;0;1;0;0;0;0;0;1;1;1;0;0;1;0;0;0;0;0;0;0;1;0;0;0;0;0;0;0;0;0;0;0;0;0;0;0;0;0;0;1;0;0;0;0;0;0;1;1;1;0;0;0;0;0;0;0;0;1;0;0;0;0;0;0;0;562;449;113;363;0;26;12.62;0.799;1
903950;Last Oasis;;;;14.99;0;1000000;153;62.08;14952;9133;0;40;1;11;none;0;0;0;8.0;1;Novato;203;1;1;0;0;1;1;1;0;0;0;0;0;0;1;0;1;0;0;0;0;1;1;0;0;0;0;0;0;0;0;1;1;0;0;0;0;1;0;1;0;0;0;0;0;0;0;0;1;0;1;0;1;0;0;0;0;0;0;0;0;0;0;0;0;0;0;0;0;0;0;0;1;1;0;0;0;0;0;961;488;473;754;961;29;371.55;0.508;1
1137350;Filament;;;;8.99;0;50000;7;86.13;615;99;0;29;1;9;full;0;0;0;4.0;1;Novato;155;0;0;0;0;1;0;0;0;0;0;1;0;0;0;1;0;0;0;0;1;0;1;1;0;0;0;0;0;0;0;0;0;0;1;0;0;0;0;0;0;0;1;0;0;0;0;0;0;0;0;0;1;0;0;0;0;0;1;0;0;0;1;0;0;0;0;0;0;0;1;1;1;0;0;0;0;0;0;127;85;42;101;0;28;20.34;0.669;1
1647390;Dexter Stardust : Adventures in Outer Space;;;;9.99;0;50000;0;94.68;89;5;0;25;0;2;none;0;0;0;8.0;1;Novato;51;0;1;1;0;1;0;0;0;0;0;0;0;0;0;1;0;0;0;0;0;0;1;1;0;0;0;0;0;0;0;0;0;0;0;0;0;0;0;0;0;0;0;0;0;0;0;0;0;0;0;0;0;0;0;0;0;0;1;1;1;1;1;0;0;0;1;0;0;0;0;1;0;0;0;0;0;0;0;31;28;3;31;0;18;7.28;0.903;1
615530;Love, Money, Rock'n'Roll;;;;4.99;0;200000;19;80.08;5504;1369;0;20;3;4;full;0;0;0;2.0;1;Novato;228;0;1;1;0;1;0;0;0;0;0;0;0;0;0;1;0;0;0;0;1;0;1;1;0;0;1;0;0;0;0;0;0;0;1;0;0;0;0;0;0;0;0;0;0;0;0;0;0;0;0;0;0;1;0;0;0;0;0;0;1;1;1;0;0;0;0;0;1;0;0;1;0;0;0;0;0;0;0;1000;763;237;745;0;23;41.04;0.763;1
46360;Theatre of War 2: Kursk 1943;;;;2.99;0;20000;0;69.09;152;68;0;0;1;3;none;0;0;0;0.25;1;Novato;216;0;0;0;0;0;0;0;0;1;0;1;0;0;0;1;1;1;0;0;0;0;0;1;0;0;0;0;0;0;0;0;0;0;0;0;0;0;0;0;0;0;1;0;0;0;0;0;0;0;0;0;0;1;0;0;0;0;0;0;0;0;0;0;0;0;0;0;0;0;0;0;0;0;0;0;0;0;0;36;23;13;27;0;21;32.02;0.639;0
336300;Hearthlands;;;;8.49;0;20000;0;82.11;335;73;0;50;0;7;none;0;0;0;2.0;1;Novato;265;0;0;0;0;1;0;0;0;1;0;1;0;0;0;1;0;0;0;0;0;0;1;0;0;0;0;0;0;0;0;0;0;0;0;0;0;0;0;0;0;0;1;0;0;0;0;0;0;0;0;0;0;1;1;1;0;0;0;0;0;0;0;0;0;0;0;0;0;0;0;0;1;0;0;0;0;0;0;20;17;3;15;0;16;32.34;0.85;0
342380;Sakura Angels;;;;9.99;0;100000;0;83.37;1810;361;0;0;0;2;none;0;0;0;1.0;1;Novato;267;0;0;1;0;1;0;0;0;0;0;0;0;0;0;1;0;0;0;0;0;0;0;0;0;0;1;0;0;0;0;0;0;0;1;0;0;0;0;0;0;0;0;0;0;0;0;0;0;0;0;0;0;1;0;0;0;0;0;0;1;1;0;0;0;0;0;0;1;0;0;1;1;0;0;0;0;0;0;61;52;9;42;0;26;5.04;0.852;1
630720;Mana Spark;;;;11.99;0;50000;0;78.77;523;141;0;20;0;6;none;0;0;0;2.0;1;Novato;193;1;0;0;0;1;0;1;0;0;0;0;0;0;0;1;0;0;0;0;0;1;1;1;0;0;1;1;0;0;0;0;0;0;0;0;0;0;0;1;1;0;0;0;0;0;0;0;0;1;0;0;0;0;0;0;0;0;0;0;0;0;1;0;0;0;0;0;1;0;1;0;1;0;0;0;0;0;0;80;65;15;42;0;27;28.06;0.812;1
709790;The Red Front;;;;2.12;0;20000;0;53.33;8;7;0;34;0;6;none;0;0;0;4.0;1;Novato;287;1;0;0;0;1;0;0;0;0;0;0;0;0;0;1;0;0;0;0;0;1;1;1;0;0;0;0;0;0;0;0;0;0;0;0;0;0;0;0;0;0;0;0;0;0;0;0;0;0;0;0;0;0;0;0;0;0;0;0;0;0;0;0;0;0;0;0;0;0;0;0;1;0;0;0;0;0;0;3;2;1;3;0;3;1.9;0.667;0
1028570;Lofi Ping Pong;;;;0.0;1;100000;5;84.87;1402;250;0;6;1;17;full;0;0;0;0.5;1;Novato;27;0;0;0;0;1;0;0;0;0;0;0;0;0;0;1;1;0;0;0;1;0;1;1;0;0;1;0;0;0;0;0;0;0;0;0;0;0;0;0;0;0;0;0;0;0;0;0;0;1;0;0;0;0;0;0;1;0;0;0;0;0;1;0;0;0;0;0;0;1;1;0;1;0;0;0;0;0;0;707;593;114;707;0;29;2.42;0.839;1
560370;SWAT 3: Tactical Game of the Year Edition;;;;9.99;0;50000;2;65.25;231;123;0;0;0;1;none;0;0;0;0.25;1;Novato;36;1;0;0;0;0;0;0;0;1;0;0;1;0;0;1;0;0;0;0;0;0;0;0;0;0;0;0;0;0;1;0;0;0;0;0;0;0;0;0;0;0;1;0;0;0;0;1;1;0;0;0;0;1;0;0;0;0;0;0;0;0;0;0;0;0;0;0;0;0;0;0;0;0;0;0;0;1;0;68;49;19;65;0;27;8.44;0.721;1
461850;Abrix 2 - Diamond version;;;;1.49;0;100000;0;84.28;193;36;0;6;1;2;none;0;0;0;1.0;1;Novato;279;0;0;1;0;1;0;0;0;0;0;1;0;0;0;1;0;0;0;0;0;0;0;1;0;0;0;0;0;0;0;0;0;0;0;0;0;0;0;0;0;0;1;0;0;0;0;0;0;0;0;0;0;0;0;0;0;0;1;0;0;0;0;0;0;0;0;0;0;0;0;1;1;0;0;0;0;0;0;2;2;0;2;0;2;9.06;1.0;1
2963880;Murky Divers;;;;5.49;0;200000;23;89.0;4022;497;0;0;0;14;full;0;0;0;8.0;1;Novato;172;1;1;0;0;1;0;0;0;0;0;0;0;0;0;1;1;1;1;0;1;0;0;1;1;0;0;0;0;0;1;0;0;0;0;0;0;0;1;0;0;0;0;0;0;0;0;0;1;0;0;0;0;0;0;0;0;0;0;0;0;0;0;0;0;0;0;0;1;0;0;0;0;0;0;0;0;0;0;1000;812;188;706;0;15;7.05;0.812;1
724180;Morgan lives in a Rocket House in VR;;;;0.0;1;20000;0;90.2;46;5;0;0;1;1;none;0;0;0;8.0;1;Novato;208;0;0;1;0;1;0;0;0;0;0;0;0;0;0;1;0;0;0;0;0;0;0;0;0;0;0;0;0;0;0;0;0;0;0;0;0;0;0;0;0;0;0;0;0;0;0;0;0;0;0;0;0;0;0;0;0;0;0;0;0;0;0;0;0;0;0;0;0;0;0;1;1;0;1;1;0;0;0;8;5;3;8;0;7;7.86;0.625;0
1711950;GWENT: Rogue Mage (Single-Player Expansion);;;;7.49;0;200000;14;53.73;605;521;0;45;0;11;none;0;0;0;4.0;1;Novato;178;0;0;0;0;0;0;0;0;0;0;1;0;0;0;1;0;0;0;0;0;0;1;0;0;1;0;0;0;0;0;0;0;0;0;0;0;0;0;0;0;0;1;0;0;0;0;0;0;0;0;0;0;0;0;0;0;0;1;0;0;0;1;1;0;0;0;0;0;0;0;0;0;0;0;0;0;0;0;347;189;158;341;0;29;23.95;0.545;1
3304770;Exposed Livestream;;;;2.89;0;50000;17;83.33;195;39;0;5;0;4;none;0;0;0;0.0;1;Novato;272;0;1;0;0;0;0;1;0;0;0;0;0;0;0;1;0;0;0;0;0;1;1;1;0;0;0;0;0;0;0;0;0;0;0;0;0;0;0;1;0;0;0;0;0;0;0;0;0;0;0;0;0;0;1;0;0;0;0;1;1;1;1;0;0;0;0;0;0;0;0;0;0;0;0;0;0;0;0;501;407;94;475;0;14;3.67;0.812;1
1968730;Bounty of One;;;;3.99;0;100000;67;88.07;2436;330;0;100;1;12;full;0;0;0;4.0;1;Novato;254;1;0;1;0;1;0;1;0;0;0;0;0;0;0;1;1;1;0;0;1;0;1;1;0;0;0;1;1;0;0;0;0;0;0;0;0;0;0;1;1;0;0;0;0;0;0;1;0;1;0;0;0;0;0;0;0;0;0;0;0;0;0;0;0;0;0;0;0;0;0;1;0;0;0;0;0;0;0;800;668;132;733;0;29;42.78;0.835;1
914320;Swarm Simulator: Evolution;;;;0.0;1;50000;23;77.94;417;118;0;0;0;10;none;0;0;0;2.0;1;Novato;80;0;0;1;0;1;0;1;0;1;0;0;0;0;0;1;0;0;0;0;0;0;0;0;0;1;0;0;0;0;0;0;0;0;0;0;0;0;0;1;0;0;0;0;0;0;0;0;0;0;0;0;0;1;0;0;0;0;0;0;0;0;0;0;0;0;0;0;0;0;0;1;1;0;1;0;0;0;0;68;49;19;68;0;27;138.61;0.721;1
939000;Crisis VRigade;;;;9.99;0;20000;0;77.21;210;62;0;12;0;1;none;0;0;0;4.0;1;Novato;227;1;0;1;0;1;0;0;0;0;0;0;0;0;0;1;1;1;1;0;0;0;0;0;0;0;0;0;0;0;1;0;0;0;0;0;0;0;0;0;0;0;0;0;0;0;0;1;1;0;0;0;0;0;0;0;0;0;0;0;0;0;0;0;0;0;0;0;0;0;1;1;1;0;0;1;0;1;0;18;11;7;18;0;14;1.32;0.611;0
2768430;ATLYSS;;;;5.79;0;200000;297;97.11;16289;484;0;20;0;1;full;0;0;0;2.0;1;Novato;250;1;1;1;0;1;0;1;0;0;0;0;0;0;1;1;1;1;1;0;1;0;1;0;0;0;0;0;0;0;0;0;0;0;0;0;0;0;0;1;1;0;0;0;0;0;0;0;1;0;1;0;0;0;0;0;0;0;0;0;0;0;0;1;0;0;0;0;1;0;0;0;0;1;0;0;0;0;0;999;962;37;834;999;5;34.23;0.963;1
2472970;Hoverkitty In The Hoververse Chapter Two;;;;4.99;0;20000;0;100.0;2;0;0;0;0;1;full;0;0;0;8.0;1;Novato;183;1;1;0;0;0;0;0;0;0;0;0;0;0;0;1;0;0;0;0;1;0;0;0;0;0;0;0;0;0;1;0;0;0;0;0;0;0;0;0;0;0;0;0;0;0;0;0;0;0;0;0;0;0;0;0;0;0;1;0;0;0;0;1;0;0;0;0;0;0;0;0;0;0;0;0;0;1;0;0;0;0;0;0;0;0.0;0.0;0
990110;87 Aftermath: A Rolling Ball Game;;;;9.99;0;20000;0;60.0;3;2;0;10;0;1;full;0;0;0;8.0;1;Novato;288;1;1;1;0;1;0;0;1;0;0;1;0;0;0;1;0;0;0;0;1;0;1;0;0;0;0;0;0;0;0;0;0;0;0;0;0;0;0;0;0;0;1;0;1;0;0;0;0;0;0;0;0;0;0;0;0;1;1;0;0;0;0;1;0;0;1;0;1;0;0;1;0;0;0;0;0;0;0;1;0;1;1;0;1;1.13;0.0;0
1773890;100 hidden dogs;;;;0.89;0;20000;0;93.52;491;34;0;100;0;1;none;0;0;0;1.0;1;Novato;128;0;1;1;0;1;0;0;0;0;0;0;0;0;0;1;0;0;0;0;0;0;1;0;0;0;1;0;0;0;0;0;0;0;0;0;0;0;0;0;0;0;0;0;0;0;0;0;0;0;0;0;0;0;0;0;0;0;1;1;0;0;1;0;0;0;0;0;0;0;0;1;0;0;0;0;0;0;0;192;172;20;184;0;29;1.39;0.896;0
244590;Epigenesis;;;;0.0;1;50000;2;65.33;750;398;0;11;0;1;none;0;0;0;2.0;1;Novato;333;1;0;0;0;1;0;0;0;0;1;0;0;0;0;1;1;0;0;0;0;0;1;1;0;0;1;0;0;0;0;0;0;0;0;0;0;0;0;0;0;0;0;0;0;0;0;0;1;0;0;0;0;0;0;0;1;0;0;0;0;0;0;0;0;0;0;0;0;0;0;0;1;0;1;0;0;1;0;26;16;10;26;0;17;6.85;0.615;1
751470;Deadstep;;;;3.29;0;20000;0;71.11;32;13;0;0;0;10;none;0;0;0;6.0;1;Novato;295;1;1;1;0;1;0;0;0;0;0;1;0;0;0;1;0;0;0;0;0;0;0;0;0;0;0;0;0;0;1;0;0;0;0;0;0;1;1;0;0;0;1;0;0;0;0;0;1;0;0;0;0;0;0;0;0;0;0;0;0;0;0;0;1;0;0;1;1;0;1;1;1;0;0;0;0;0;0;7;5;2;6;0;6;5.38;0.714;0
904600;Small Sister;;;;0.44;0;20000;0;40.71;46;67;0;29;0;2;none;0;0;0;0.25;1;Novato;202;0;0;1;0;1;0;0;0;0;0;1;0;0;0;1;0;0;0;0;0;0;1;1;0;0;0;0;0;0;0;0;0;0;0;0;0;0;0;0;0;0;1;0;0;0;0;0;0;0;0;0;0;1;0;0;0;0;0;0;0;0;1;0;0;0;0;0;0;0;0;1;1;0;0;0;0;0;0;16;7;9;13;0;10;1.92;0.438;0
633110;FAST BEAT LOOP RACER GT | 環狀賽車GT;;;;9.99;0;50000;0;67.18;391;191;0;0;0;2;full;0;0;0;4.0;1;Novato;254;0;0;0;0;0;0;0;1;0;0;0;0;0;0;1;1;0;0;0;1;0;0;1;0;0;1;0;0;0;0;0;0;0;0;0;0;0;0;0;0;0;0;0;0;0;0;0;1;0;0;0;0;0;0;0;0;1;0;0;0;1;0;0;0;0;0;0;0;0;0;0;0;0;0;0;0;0;0;50;29;21;44;0;26;4.88;0.58;1
1333410;Stream Racer;;;;0.0;1;50000;0;85.23;225;39;0;53;0;1;none;0;0;0;4.0;1;Novato;294;0;0;1;0;0;1;0;1;1;0;0;0;0;1;1;1;0;0;0;0;0;1;0;0;0;0;0;0;0;0;0;0;0;0;0;0;0;0;0;0;0;0;0;0;0;0;0;1;0;1;0;0;1;0;0;0;1;0;0;0;0;0;1;0;0;0;0;1;1;0;1;0;1;1;0;0;0;0;27;24;3;27;27;17;24.12;0.889;1
1344930;MagVigor;;;;0.0;1;20000;0;100.0;2;0;0;0;0;2;none;0;0;0;0.01;1;Novato;133;1;0;0;0;1;1;1;0;0;0;0;0;0;0;1;1;0;0;0;0;0;0;0;0;1;0;0;0;0;0;0;1;0;0;0;0;1;0;1;1;0;0;0;0;0;0;0;0;0;1;0;0;0;0;0;0;0;0;0;0;0;0;1;1;0;0;0;0;0;0;0;0;0;0;0;0;0;0;7;6;1;7;0;7;3.72;0.857;0
833270;Citrouille: Sweet Witches;;;;9.99;0;20000;0;82.22;74;16;0;23;0;11;full;0;0;0;2.0;1;Novato;239;0;0;0;0;1;0;0;0;0;0;0;0;0;0;1;1;1;0;0;1;0;1;1;0;0;0;1;1;0;0;0;0;0;0;0;0;0;0;0;0;0;0;0;1;0;0;1;0;1;0;0;0;0;0;0;0;0;0;0;0;1;1;0;0;0;1;0;0;0;1;0;1;0;0;0;0;0;0;30;26;4;19;0;18;4.41;0.867;0
2102940;Jade Order;;;;0.99;0;20000;0;88.24;15;2;0;15;0;2;none;0;0;0;1.0;1;Novato;241;0;1;0;0;1;0;0;0;0;0;1;0;0;0;1;0;0;0;0;0;0;1;0;0;0;0;0;0;0;0;0;0;0;0;0;0;0;0;0;0;0;1;0;0;0;0;0;0;0;0;0;0;0;0;0;0;0;1;0;0;0;1;0;0;0;0;0;1;0;0;1;0;0;0;0;0;0;0;4;3;1;4;0;4;10.74;0.75;0
1747790;Catellite-609: feline space adventure;;;;12.99;0;20000;0;84.38;27;5;0;10;1;4;none;0;0;0;2.0;1;Novato;221;0;1;1;0;1;0;0;0;0;0;0;0;0;0;1;0;0;0;0;0;0;1;0;0;0;0;0;0;0;0;0;1;0;0;0;0;0;0;0;0;0;0;0;0;0;0;0;0;0;0;0;0;0;1;0;0;0;0;0;0;0;1;0;0;0;0;0;1;1;0;0;0;0;0;0;0;0;0;4;1;3;4;0;4;5.15;0.25;0
263880;Aqua Kitty - Milk Mine Defender;;;;6.99;0;50000;0;86.46;415;65;0;34;0;1;full;0;0;0;1.0;1;Novato;229;1;0;0;0;1;0;0;0;0;0;0;0;0;0;1;1;0;0;0;1;0;1;1;0;0;1;1;0;0;0;0;0;0;0;0;0;0;0;0;0;0;0;0;0;0;0;1;0;1;0;0;0;0;0;0;0;0;0;0;0;0;1;0;0;0;0;0;0;0;1;0;1;0;0;0;0;0;0;12;9;3;9;0;10;2.21;0.75;1
1687940;Lolita Expedition;;;;5.99;0;50000;2;89.52;188;22;0;24;3;1;none;0;0;0;0.25;1;Novato;275;0;1;0;0;1;0;1;0;0;0;1;0;0;1;1;0;0;0;0;0;1;1;0;0;0;0;0;0;0;0;1;0;0;1;0;0;0;0;1;0;0;1;0;0;0;0;0;0;0;0;0;1;0;0;0;0;0;0;0;0;1;0;0;0;0;0;0;0;0;0;0;0;1;0;0;0;0;0;14;7;7;13;14;11;18.34;0.5;1
1208470;Foxfall;;;;0.99;0;20000;0;50.0;1;1;0;0;0;1;none;0;0;0;4.0;1;Novato;63;1;1;1;0;1;0;1;0;0;0;0;0;0;0;1;0;0;0;0;0;0;0;0;0;0;0;0;0;0;0;0;0;0;0;0;0;0;0;1;0;0;0;0;0;0;0;0;0;0;0;0;0;0;0;0;0;0;0;0;0;0;0;0;0;0;0;0;0;0;0;1;1;0;0;0;0;0;0;0;0;0;0;0;0;0.0;0.0;0
264220;Mr. Bree+;;;;2.99;0;20000;0;84.42;195;36;0;43;0;6;full;0;0;0;1.0;1;Novato;270;1;1;0;0;1;0;0;0;0;0;0;0;0;0;1;0;0;0;0;1;0;1;0;0;0;1;0;0;0;0;0;0;0;0;0;0;0;0;0;0;0;0;0;1;0;0;0;0;0;0;0;0;0;0;0;0;0;0;0;0;0;1;0;0;0;0;0;0;0;1;0;1;0;0;0;0;0;0;5;3;2;2;0;5;5.73;0.6;0
1461020;Attack of the Mechadonk - The ultimate donkey;;;;0.89;0;20000;0;88.89;8;1;0;2;0;1;none;0;0;0;0.25;1;Novato;228;1;0;1;0;1;0;0;0;0;0;0;0;0;0;1;0;0;0;0;0;1;1;0;0;0;0;0;0;0;0;0;0;0;0;0;0;0;0;0;0;0;0;0;0;0;0;0;0;0;0;0;0;0;0;0;0;0;0;0;0;0;1;0;0;0;0;0;0;0;0;1;1;0;0;0;0;0;0;1;0;1;1;0;1;0.18;0.0;0
3158270;Football Life Simulator;;;;8.99;0;50000;55;74.71;644;218;0;29;0;26;none;0;0;0;8.0;1;Novato;248;0;0;0;0;1;0;0;0;1;1;0;0;0;1;1;0;0;0;0;0;0;0;1;0;0;0;0;0;0;1;0;0;0;0;0;0;0;0;0;0;0;0;0;0;0;0;0;0;0;0;0;0;1;1;0;1;0;0;0;0;0;0;1;1;0;0;0;0;0;0;0;1;1;0;0;0;1;0;1000;730;270;977;1000;14;7.46;0.73;1
552580;Jade's Journey;;;;0.46;0;50000;0;57.5;46;34;0;6;0;1;full;0;0;0;0.12;1;Novato;150;0;1;1;0;1;0;1;0;0;0;1;0;0;0;1;0;0;0;0;1;0;1;1;0;0;1;0;0;0;0;0;0;0;0;0;0;0;0;1;0;0;1;0;0;0;0;0;0;0;0;0;0;0;0;0;0;0;0;0;0;0;0;0;0;0;0;0;0;0;0;1;1;0;0;0;0;0;0;18;14;4;16;0;13;3.01;0.778;1
1895860;Monster Girls and the Mysterious Adventure 2;;;;24.99;0;20000;13;90.03;271;30;0;58;0;2;full;0;0;0;4.0;1;Novato;178;0;0;0;0;1;0;1;0;1;0;1;0;0;0;1;0;0;0;0;1;0;1;1;0;0;0;0;0;0;0;0;0;0;0;0;0;0;0;1;0;0;1;0;0;0;0;0;0;0;0;0;0;1;0;0;0;0;0;0;0;1;0;1;0;0;0;0;1;0;0;0;1;0;0;0;0;0;0;86;71;15;86;0;28;211.52;0.826;0
1447330;Born Race;;;;1.99;0;20000;0;97.62;41;1;0;24;0;2;full;0;0;0;2.0;1;Novato;285;1;1;0;0;1;0;0;0;0;0;0;0;0;0;1;0;0;0;0;1;0;1;0;0;0;0;0;0;0;0;0;0;0;0;0;0;0;0;0;0;0;0;0;1;0;0;0;0;0;0;0;0;0;0;0;0;0;0;0;0;0;1;0;0;0;0;0;0;0;0;0;1;0;0;0;0;0;0;1;1;0;1;0;1;7.02;1.0;0
661990;Arcana Heart 3 LOVEMAX SIXSTARS!!!!!! XTEND;;;;29.99;0;100000;8;84.86;325;58;0;56;2;2;full;0;0;0;2.0;1;Novato;212;1;0;0;0;0;0;0;0;0;0;0;0;0;0;1;1;0;0;0;1;0;1;1;0;0;0;1;0;0;0;0;0;0;0;0;0;0;0;0;0;0;0;0;0;0;0;0;0;0;0;0;0;0;0;0;0;0;0;0;0;1;1;0;0;0;0;0;0;0;0;0;0;0;0;0;0;0;0;126;111;15;100;0;28;20.96;0.881;1
1542000;Thearchy;;;;0.0;1;20000;0;83.33;5;1;0;26;0;1;none;0;0;0;4.0;1;Novato;65;1;1;1;0;1;0;1;0;1;0;0;0;0;0;1;0;0;0;0;0;0;1;0;0;0;0;0;0;0;0;0;0;0;0;0;0;0;0;1;0;0;0;0;0;0;0;0;0;0;0;0;0;0;0;0;0;0;0;0;0;0;1;0;0;0;0;0;0;0;0;1;1;0;0;0;0;0;0;5;5;0;5;0;4;0.88;1.0;0
698260;Star Shelter;;;;19.99;0;50000;0;77.49;334;97;0;0;0;1;none;0;0;0;8.0;1;Novato;282;1;1;0;0;1;0;1;0;1;0;0;0;0;0;1;1;1;0;0;0;1;0;1;0;0;0;1;1;0;0;1;1;0;0;0;0;1;0;1;0;0;0;0;0;0;0;0;0;1;0;0;1;1;0;0;0;0;0;0;0;0;0;0;0;0;0;0;0;0;0;0;0;0;0;1;0;1;0;27;15;12;19;0;17;8.55;0.556;1
2565960;Only Up! 1;;;;4.99;0;50000;0;50.0;1;1;0;0;0;103;none;0;0;0;8.0;1;Novato;291;0;1;0;0;1;0;0;0;0;0;1;0;0;0;1;0;0;0;0;0;1;0;0;0;0;0;0;0;0;0;0;0;0;0;0;0;0;0;0;0;0;1;0;1;0;0;0;0;0;0;0;0;0;0;0;0;0;0;0;0;0;0;0;1;0;0;0;0;0;0;1;1;0;0;0;0;0;0;70;28;42;67;0;25;5.43;0.4;1
851950;Heroine of the Sniper;;;;9.99;0;20000;3;95.11;350;18;0;26;0;5;none;0;0;0;2.0;1;Novato;186;1;0;0;0;1;0;0;0;0;0;0;0;0;0;1;0;0;0;0;0;0;1;1;0;0;0;0;0;0;1;0;0;0;0;0;0;0;0;0;0;0;0;0;0;0;0;0;0;0;0;0;0;0;0;0;0;0;0;0;0;1;0;0;0;0;0;0;0;0;0;0;1;0;0;0;0;1;0;64;58;6;63;0;25;3.11;0.906;0
1924360;Lil' Guardsman;;;;10.49;0;20000;8;94.95;922;49;0;48;1;4;full;0;0;0;8.0;1;Novato;238;0;1;1;0;1;0;0;0;0;0;0;0;0;0;1;0;0;0;0;1;0;1;1;0;0;1;0;0;0;0;0;0;0;1;0;0;0;0;0;0;0;0;0;0;0;0;0;0;0;0;0;0;0;0;0;0;0;1;1;0;0;1;0;0;0;0;0;0;0;0;1;1;0;0;0;0;0;0;1000;935;65;914;0;28;10.58;0.935;0
2869500;穿越迷宫世界  Cross the Maze World;;;;6.29;0;20000;0;100.0;1;0;0;0;0;2;none;0;0;0;4.0;1;Novato;117;1;1;1;0;1;0;0;0;0;0;0;0;0;0;1;0;0;0;0;0;0;0;0;0;0;0;0;0;0;0;1;0;0;0;0;0;0;0;0;0;0;0;0;0;0;0;0;0;0;0;0;0;0;0;0;0;0;1;0;0;0;0;1;0;0;1;0;0;0;0;1;1;0;0;0;0;0;0;1;1;0;1;0;1;0.78;1.0;0
2182770;Escape From Zombies;;;;8.99;0;50000;0;66.67;8;4;0;6;0;2;none;0;0;0;2.0;1;Novato;241;1;1;0;0;0;1;0;0;1;0;0;0;0;1;1;1;1;1;0;0;0;0;0;0;0;0;0;0;0;1;0;0;0;0;0;0;1;1;0;0;0;0;0;0;0;0;1;1;0;0;0;0;1;0;0;0;0;0;0;0;0;0;0;0;0;0;0;0;0;0;0;0;1;0;0;0;1;0;0;0;0;0;0;0;0.0;0.0;1
1294380;Dark Lord: Peacemaker;;;;6.29;0;20000;0;97.3;36;1;0;24;0;1;none;0;0;0;0.0;1;Novato;179;0;1;1;0;1;0;1;0;0;0;0;0;0;0;1;0;0;0;0;0;0;1;1;0;0;0;0;0;0;0;0;0;0;1;0;0;0;0;1;0;0;0;0;0;0;0;0;0;0;0;0;0;0;0;0;0;0;0;0;0;1;0;0;0;0;0;0;0;0;0;1;1;0;0;0;0;0;0;2;2;0;0;0;2;7.6;1.0;0
854860;Cows VS Vikings;;;;8.99;0;20000;0;84.45;353;65;0;13;1;3;none;0;0;0;1.0;1;Novato;192;0;1;1;0;1;0;0;0;0;0;1;0;0;1;1;0;0;0;0;0;0;1;1;0;0;1;0;0;0;0;0;0;0;1;0;0;0;0;0;0;0;1;1;0;0;0;0;0;0;0;0;0;0;0;0;0;0;0;0;0;0;0;0;0;0;0;0;0;0;0;1;1;1;0;0;0;0;0;11;4;7;10;11;9;10.99;0.364;0
359440;Artifact Adventure;;;;3.99;0;20000;0;73.33;132;48;0;0;0;2;none;0;0;0;0.0;1;Novato;267;0;0;0;0;1;0;1;0;0;0;0;0;0;0;1;0;0;0;0;0;1;0;0;0;0;1;0;0;0;0;1;0;0;0;0;0;0;0;1;0;1;0;0;0;0;0;0;0;0;0;0;0;0;0;0;0;0;0;0;0;0;1;0;0;0;0;0;0;0;0;0;1;0;0;0;0;0;0;19;14;5;19;0;11;16.83;0.737;0
1490410;The fairy tale you don't know;;;;3.9;0;20000;1;77.07;158;47;0;0;0;2;none;0;0;0;4.0;1;Novato;244;0;1;1;0;1;0;1;0;0;0;1;0;0;0;1;0;0;0;0;0;1;0;0;0;0;0;0;0;0;0;0;0;0;1;0;0;0;0;1;0;0;1;0;0;0;0;0;0;0;0;0;0;0;0;0;0;0;1;0;0;1;1;0;0;0;0;0;0;0;0;1;1;0;0;0;0;0;0;59;44;15;57;0;23;2.88;0.746;0
1564620;Dungeonman;;;;1.99;0;50000;0;0.0;0;1;0;0;0;1;none;0;0;0;4.0;1;Novato;195;0;0;0;0;1;0;1;0;0;0;1;0;0;1;1;0;0;0;0;0;0;0;0;0;0;0;0;0;0;0;0;0;0;0;0;0;0;0;1;0;0;1;0;0;0;0;0;0;0;0;0;0;0;0;0;0;0;0;0;0;0;0;0;0;0;1;0;0;0;0;0;0;1;0;0;0;0;0;0;0;0;0;0;0;0.0;0.0;1
801480;Agent A: A puzzle in disguise;;;;10.49;0;200000;17;95.3;5230;258;0;30;0;11;full;0;0;0;2.0;1;Novato;172;0;1;0;0;1;0;0;0;0;0;0;0;0;0;1;0;0;0;0;1;0;1;0;0;0;0;0;0;0;0;0;0;0;1;0;0;0;0;0;0;0;0;0;0;0;0;0;0;0;0;0;0;0;0;0;0;0;1;1;0;0;0;0;0;0;0;0;0;0;0;1;0;0;0;0;0;0;0;1000;933;67;964;0;20;6.35;0.933;1
517780;Ogre;;;;5.0;0;20000;1;66.14;166;85;0;10;1;8;none;0;0;0;2.0;1;Novato;216;0;0;0;0;1;0;0;0;0;0;1;0;0;0;1;1;0;0;0;0;0;1;1;1;0;1;1;0;0;0;0;0;0;0;0;0;0;0;0;0;1;1;0;0;0;0;0;1;0;0;0;0;1;0;0;0;0;0;0;0;0;0;0;0;0;0;0;0;0;0;0;1;0;0;0;0;0;0;36;26;10;28;0;21;15.68;0.722;0
1168610;Natural Instincts: European Forest;;;;5.79;0;50000;1;48.54;133;141;0;46;0;7;none;0;0;0;4.0;1;Novato;251;0;0;1;0;1;0;0;0;1;0;1;0;0;1;1;0;0;0;0;0;0;1;1;0;0;0;0;0;0;0;1;0;0;0;0;0;0;0;0;0;0;1;0;0;0;0;0;0;0;0;0;1;1;1;0;0;0;0;0;0;0;0;1;0;0;0;0;1;1;0;1;0;1;0;0;0;0;0;52;10;42;47;52;23;2.58;0.192;1
562860;Ion Fury;;;;12.49;0;500000;27;91.0;7029;695;0;62;3;1;full;0;0;0;1.0;1;Novato;282;1;0;0;0;1;0;0;0;0;0;0;0;0;0;1;0;0;0;0;1;0;1;1;0;0;1;0;0;0;1;0;0;0;0;0;0;0;0;0;0;0;0;0;0;0;0;0;0;0;0;0;0;0;0;0;0;0;0;0;0;0;0;0;0;0;0;0;0;0;0;0;1;0;0;0;0;1;0;868;750;118;681;0;29;18.12;0.864;1
1576020;Saighead;;;;2.99;0;20000;0;100.0;3;0;0;24;0;1;none;0;0;0;2.0;1;Novato;192;0;1;0;0;1;0;0;0;0;0;1;0;0;0;1;0;0;0;0;0;0;0;0;0;0;0;0;0;0;0;0;0;0;0;0;0;0;0;0;0;0;1;0;0;0;0;0;0;0;0;0;0;0;0;0;0;0;1;1;0;0;1;0;0;0;0;0;1;0;0;1;1;0;0;0;0;0;0;0;0;0;0;0;0;0.0;0.0;0
2188480;She Who Rises;;;;0.89;0;20000;0;50.0;1;1;0;0;0;1;none;0;0;0;0.12;1;Novato;176;0;0;0;0;0;0;1;0;0;0;0;0;0;0;1;0;0;0;0;0;1;0;0;0;0;0;0;0;0;0;0;0;0;0;0;0;0;0;1;0;0;0;0;0;0;0;0;0;0;0;0;0;0;0;0;0;0;0;0;0;0;1;0;0;0;0;0;0;0;0;0;0;0;0;0;0;0;0;2;1;1;2;0;2;2.18;0.5;0
427930;Army of Tentacles: (Not) A Cthulhu Dating Sim;;;;3.29;0;200000;0;53.41;47;41;0;48;8;1;none;0;0;0;2.0;1;Novato;290;0;1;1;0;1;0;1;0;0;0;0;0;0;0;1;0;0;0;0;0;0;1;0;0;0;1;0;0;0;0;0;0;0;0;0;0;0;1;1;0;0;0;0;0;0;0;0;0;0;0;0;0;0;0;0;0;0;0;0;1;0;0;0;0;0;0;0;0;0;0;1;0;0;0;0;0;0;0;7;4;3;2;0;7;8.68;0.571;1
1210910;Night Of The Living Dead VR;;;;0.0;1;20000;0;88.89;16;2;0;0;0;1;none;0;0;0;4.0;1;Novato;293;1;0;1;0;0;0;0;0;1;0;0;0;0;0;1;0;0;0;0;0;0;0;0;0;0;0;0;0;0;0;0;0;0;0;0;0;0;0;0;0;0;0;0;0;0;0;0;0;0;0;0;0;1;0;0;0;0;0;0;0;0;0;0;0;0;0;0;0;0;0;1;0;0;1;1;0;0;0;6;6;0;6;0;4;2.08;1.0;0
438480;Rock 'N' Roll Defense;;;;0.0;0;500000;42;86.61;2374;367;0;240;1;13;none;0;0;0;1.0;1;Novato;194;1;1;1;0;0;0;0;0;0;0;1;0;0;0;1;0;0;0;0;0;0;1;1;0;0;1;0;0;0;0;0;0;0;0;0;0;0;0;0;0;0;1;1;0;0;0;0;0;0;0;0;0;0;0;0;0;0;0;0;0;0;1;0;0;0;0;0;0;0;1;1;1;0;0;0;0;0;0;1000;880;120;971;0;11;9.55;0.88;1
2510960;Temtem: Swarm;;;;7.29;0;100000;68;80.99;1368;321;0;137;1;13;full;0;0;0;4.0;1;Novato;293;1;0;1;0;0;0;1;0;0;0;0;0;0;0;1;1;1;1;0;1;0;1;1;0;0;1;0;0;0;0;0;0;0;0;0;0;0;0;0;1;0;0;0;0;0;0;1;1;0;0;0;0;0;0;0;0;0;0;0;0;0;0;0;0;0;0;0;0;0;0;0;0;1;0;0;0;0;0;1000;730;270;904;522;13;23.51;0.73;1
227100;Sniper Elite: Nazi Zombie Army;;;;14.99;0;200000;6;88.35;4065;536;0;26;0;7;none;0;0;0;0.0;1;Novato;252;1;0;0;0;0;0;0;0;0;0;0;0;0;0;1;1;1;0;0;0;1;1;1;0;0;1;0;0;0;0;1;0;0;0;0;0;1;1;0;0;0;0;0;0;0;0;1;1;0;0;0;0;0;0;0;0;0;0;0;0;0;0;0;0;0;0;0;0;0;0;0;0;0;0;0;0;1;1;335;295;40;275;0;29;15.57;0.881;1
593530;Jelly in the sky;;;;5.79;0;20000;0;53.6;67;58;0;0;0;2;none;0;0;0;2.0;1;Novato;329;1;0;0;0;0;0;0;0;0;0;0;0;0;0;1;1;0;0;0;0;0;0;0;0;0;0;1;0;0;0;0;0;0;0;0;0;0;0;0;0;0;0;0;0;0;0;0;0;0;0;0;0;0;0;0;0;0;0;0;0;0;1;0;0;0;0;0;0;0;0;0;0;0;0;0;0;0;0;1;1;0;1;0;1;9.82;1.0;0
347040;Keebles;;;;5.79;0;50000;0;74.23;72;25;0;36;0;1;none;0;0;0;1.0;1;Novato;269;1;0;0;0;1;0;0;0;0;0;0;0;0;0;1;0;0;0;0;0;0;1;1;0;0;1;0;0;0;0;0;0;0;0;0;0;0;0;0;0;0;0;0;0;0;0;0;0;0;0;0;0;0;0;0;0;0;1;0;0;0;1;0;0;0;0;0;0;0;0;0;1;0;0;0;0;0;0;10;9;1;5;0;7;11.88;0.9;1
23380;Gyromancer;;;;4.99;0;100000;1;51.99;170;157;0;0;0;6;none;0;0;0;0.0;1;Novato;314;0;0;0;0;0;0;1;0;0;0;0;0;0;0;1;0;0;0;0;0;0;0;0;0;0;0;0;0;0;0;0;0;0;0;0;0;0;0;1;0;0;0;0;0;0;0;0;0;0;0;0;0;0;0;0;0;0;1;0;0;0;0;0;0;0;0;0;0;0;0;1;0;0;0;0;0;0;0;32;15;17;20;0;18;11.18;0.469;1
2633640;Eyes: The Horror Game;;;;2.99;0;50000;5;92.38;461;38;0;28;0;25;full;0;0;0;4.0;1;Novato;148;0;1;0;0;0;0;0;0;0;0;0;0;0;0;1;0;0;0;0;1;0;1;1;0;0;0;0;0;0;1;0;0;0;0;0;0;0;1;0;0;0;0;0;0;0;0;0;1;0;0;0;0;1;0;0;0;0;1;0;0;0;0;1;0;0;0;1;0;0;0;0;0;0;0;0;0;0;1;825;747;78;779;0;25;6.37;0.905;1
860910;Hentai 3018;;;;0.53;0;200000;3;77.04;842;251;0;3445;0;103;none;0;0;0;0.5;1;Novato;166;1;0;1;0;1;0;0;0;0;0;0;0;0;0;1;0;0;0;0;0;0;1;0;0;0;1;0;0;0;0;0;0;0;0;0;0;0;0;0;0;0;0;0;0;0;0;0;0;0;0;0;0;0;0;0;0;0;0;0;0;0;0;0;0;0;0;0;0;0;0;1;1;0;0;0;0;0;0;428;359;69;397;0;29;9.28;0.839;1
2662590;UltraNothing;;;;2.49;0;20000;1;96.67;29;1;0;31;0;1;full;0;0;0;2.0;1;Novato;63;0;1;0;0;0;0;0;0;0;0;1;0;0;0;1;0;0;0;0;1;0;1;1;0;0;0;0;0;0;0;0;0;0;0;0;0;0;0;0;0;0;1;0;1;0;0;0;0;0;0;0;0;0;0;0;0;0;1;0;0;0;1;0;0;0;0;0;0;0;0;0;0;0;0;0;0;0;0;49;47;2;47;0;20;20.39;0.959;0
2630020;Nightmare Knight ~Sacred Maiden & Fallen Magic~;;;;4.29;0;50000;16;88.18;358;48;0;0;0;3;none;0;0;0;8.0;1;Novato;224;0;1;0;0;1;0;1;0;0;0;0;0;0;0;1;0;0;0;0;0;0;0;1;0;0;0;0;0;0;0;0;0;0;1;0;0;0;0;1;0;0;0;0;0;0;0;0;0;0;0;0;0;0;0;0;0;0;0;0;0;0;1;0;0;0;0;0;0;0;0;0;1;0;0;0;0;0;0;562;493;69;523;0;19;11.29;0.877;1
2110510;DREAM LOGIC;;;;0.59;0;20000;0;90.18;303;33;0;7;0;1;none;0;0;0;4.0;1;Novato;240;0;1;0;0;1;0;0;0;0;0;0;0;0;0;1;0;0;0;0;0;0;1;0;0;0;0;0;0;0;1;0;0;0;1;0;0;0;1;0;0;0;0;0;0;0;0;0;0;0;0;0;0;0;0;0;0;0;1;0;0;0;0;1;0;0;0;0;1;1;0;0;1;0;0;0;0;0;0;156;143;13;150;0;29;1.37;0.917;0
2487350;Alex Jones: NWO Wars;;;;17.76;0;100000;0;92.0;1633;142;0;0;0;1;full;0;0;0;2.0;1;Novato;254;1;0;0;0;1;0;0;0;0;0;0;0;0;0;1;0;0;0;0;1;0;0;1;0;0;0;0;0;0;0;0;0;0;0;0;0;0;0;0;0;0;0;0;0;0;0;0;0;0;0;0;0;0;0;0;0;0;0;0;0;0;1;0;0;0;0;0;0;0;0;0;0;0;0;0;0;0;0;1000;901;99;942;0;29;1.13;0.901;1
3218600;Game of Fate 2: A Century's Promise;;;;12.99;0;20000;2;81.83;833;185;0;50;2;11;none;0;0;0;8.0;1;Novato;283;0;1;0;0;0;0;1;0;1;0;0;0;0;0;1;0;0;0;0;0;0;1;1;0;0;0;0;0;0;1;0;0;0;1;0;0;0;0;1;0;0;0;0;0;0;0;0;0;0;0;0;0;1;0;0;0;0;0;0;0;0;0;0;0;0;0;0;0;0;0;0;0;0;0;0;0;0;0;999;784;215;826;0;17;13.24;0.785;0
2071280;Ravenswatch;;;;14.99;0;200000;2578;80.12;12942;3211;0;45;10;12;full;0;0;0;8.0;1;Novato;247;1;1;0;0;0;0;0;0;0;0;0;0;0;0;1;1;1;1;0;1;0;0;1;0;0;0;0;0;0;0;0;0;0;0;0;0;0;0;1;0;0;0;0;0;0;0;1;1;0;0;0;0;0;0;0;0;0;0;0;0;0;0;0;0;0;0;1;1;0;1;0;1;1;0;0;0;0;0;1000;812;188;692;0;4;72.32;0.812;1
982700;Space Battle VR;;;;0.99;0;20000;0;67.02;63;31;0;0;0;9;none;0;0;0;4.0;1;Novato;301;1;0;0;0;1;0;0;0;0;0;0;0;0;0;1;0;0;0;0;0;0;0;0;0;0;0;0;0;0;1;1;0;0;0;0;0;0;0;0;0;0;0;0;0;0;0;0;0;0;0;0;1;1;0;0;0;0;0;0;0;0;0;0;1;0;0;0;1;0;0;0;1;1;0;1;0;0;0;12;7;5;12;0;11;2.3;0.583;0
814000;ONE PIECE ODYSSEY;;;;11.83;0;100000;22;79.79;2515;637;0;56;5;15;full;0;0;0;8.0;1;Novato;156;1;1;1;0;0;0;1;0;0;0;0;0;0;0;1;0;0;0;0;1;0;1;1;0;0;0;0;0;0;0;1;0;0;1;0;0;0;0;1;0;0;0;0;0;0;0;0;0;0;0;0;0;0;0;0;0;0;0;0;0;1;0;1;0;0;0;0;0;0;0;0;0;0;0;0;0;0;0;814;563;251;575;0;29;26.55;0.692;1
821250;Flotsam;;;;6.24;0;200000;44;76.98;2114;632;0;42;1;12;full;0;0;0;8.0;1;Novato;201;0;0;0;0;1;0;0;0;1;0;1;0;0;0;1;0;0;0;0;1;0;1;1;0;0;1;0;0;0;0;1;1;0;0;0;0;1;0;0;0;0;1;0;0;0;0;0;0;0;0;0;1;1;1;1;0;0;0;0;0;0;0;0;0;0;0;0;0;0;0;1;0;1;0;0;0;0;0;1000;851;149;953;0;6;31.77;0.851;1
1401730;Crashlands 2;;;;7.49;0;50000;81;85.61;1374;231;0;40;2;10;full;0;0;0;2.0;1;Novato;231;1;1;0;0;1;0;1;0;0;0;0;0;0;0;1;0;0;0;0;1;0;1;1;0;0;0;0;0;0;0;1;1;0;1;0;0;1;0;1;1;0;0;0;0;0;0;0;0;0;0;0;1;0;0;0;0;0;0;0;0;0;1;0;0;0;0;0;0;1;0;0;1;0;0;0;0;0;0;1000;897;103;862;0;14;27.32;0.897;1
497050;Shape Shifter;;;;0.9;0;50000;0;53.11;94;83;0;0;0;1;none;0;0;0;0.12;1;Novato;253;0;0;1;0;1;0;0;0;0;0;0;0;0;0;1;0;0;0;0;0;0;0;0;0;0;1;0;0;0;0;0;0;0;0;0;0;0;0;0;0;0;0;0;0;0;0;0;0;0;0;0;0;0;0;0;0;0;0;0;0;0;0;0;0;0;0;0;0;0;0;1;1;0;0;0;0;0;0;25;14;11;15;0;17;6.01;0.56;1
2723880;Notes To Myself;;;;0.0;1;100000;0;88.89;32;4;0;6;1;1;none;0;0;0;2.0;1;Novato;48;1;1;0;0;1;0;0;0;0;0;0;0;0;0;1;0;0;0;0;0;1;1;0;0;0;0;0;0;0;1;0;0;0;0;0;0;0;1;0;0;0;0;0;0;0;0;0;0;0;0;0;0;0;0;0;0;0;0;0;0;0;0;0;0;0;0;0;0;0;0;0;1;0;1;0;0;0;0;37;32;5;37;0;14;1.45;0.865;1
2697380;Arsenal;;;;0.89;0;20000;0;100.0;4;0;0;0;0;1;none;0;0;0;0.0;1;Novato;70;1;0;0;0;0;0;0;0;0;0;0;0;0;0;1;0;0;0;0;0;0;0;0;0;0;0;0;0;0;0;0;0;0;0;0;0;0;0;0;0;0;0;0;0;0;0;0;0;0;0;0;0;0;0;0;0;0;0;0;0;0;1;0;0;0;0;0;0;0;0;0;0;0;0;0;0;0;0;2;2;0;2;0;2;0.16;1.0;0
471330;VERSUS SQUAD;;;;4.49;0;100000;0;79.26;451;118;0;68;1;8;full;0;0;0;2.0;1;Novato;288;1;0;0;0;1;0;0;0;0;0;0;0;0;0;1;1;1;1;0;1;0;1;1;0;0;1;1;1;0;0;1;0;0;0;0;0;1;0;0;0;0;1;1;0;0;0;1;1;0;0;0;0;0;0;0;0;0;0;0;0;0;0;0;0;0;0;0;0;0;0;0;1;0;0;0;0;0;0;25;14;11;20;0;17;10.12;0.56;1
2757220;SCP: Descent;;;;3.99;0;20000;0;55.1;54;44;0;6;0;1;full;0;0;0;8.0;1;Novato;187;0;0;0;0;1;0;0;0;0;0;0;0;0;0;1;0;0;0;0;1;0;1;0;0;0;0;0;0;0;1;0;0;0;0;0;0;0;1;0;0;0;0;0;0;0;0;1;1;0;0;0;0;0;0;0;0;0;1;0;0;0;0;1;1;0;0;1;1;0;0;0;1;0;0;0;0;0;1;109;61;48;103;0;24;2.53;0.56;0
2374660;Secret Archives;;;;9.49;0;20000;1;67.78;61;29;0;8;0;7;none;0;0;0;16.0;1;Novato;295;1;1;0;0;1;0;1;0;0;0;0;0;0;0;1;0;0;0;0;0;0;0;0;0;0;0;0;0;0;0;0;0;0;0;0;0;1;0;1;0;0;0;0;0;0;0;0;0;0;0;0;0;0;0;0;0;0;1;0;0;0;0;1;1;0;0;0;0;0;0;0;0;0;0;0;0;0;0;110;73;37;106;0;24;6.6;0.664;0
420180;Chronicle of Innsmouth;;;;12.99;0;50000;1;78.45;182;50;0;42;0;3;none;0;0;0;0.5;1;Novato;274;0;1;0;0;0;0;0;0;0;0;0;0;0;0;1;0;0;0;0;0;0;1;1;0;0;1;0;0;0;0;0;0;0;0;0;0;0;1;0;0;0;0;0;0;0;0;0;0;0;0;0;0;0;0;0;0;0;0;1;0;0;0;0;0;0;0;0;0;0;0;0;0;0;0;0;0;0;0;59;45;14;54;0;23;5.9;0.763;1
1709240;Strange Investigations: Becoming Collector's Edition;;;;10.49;0;20000;1;87.5;14;2;0;0;0;1;none;0;0;0;1.0;1;Novato;24;0;1;1;0;0;0;0;0;0;0;0;0;0;0;1;0;0;0;0;0;0;0;0;0;0;0;0;0;0;0;0;0;0;1;0;0;0;0;0;0;0;0;0;0;0;0;0;0;0;0;0;0;0;0;0;0;0;1;1;0;0;0;0;0;0;0;1;1;0;0;1;0;0;0;0;0;0;0;6;5;1;6;0;6;4.67;0.833;0
874770;Goinund;;;;1.49;0;20000;0;90.48;19;2;0;1;0;5;none;0;0;0;2.0;1;Novato;121;1;0;0;0;1;0;0;0;0;0;0;0;0;0;1;0;0;0;0;0;0;1;0;0;0;0;0;0;0;0;0;0;0;0;0;0;0;0;0;0;0;0;0;0;0;0;0;0;0;0;0;0;0;0;0;0;0;0;0;0;0;0;1;0;0;0;1;1;0;0;0;0;0;0;0;0;0;0;0;0;0;0;0;0;0.0;0.0;0
2221740;VataZombie;;;;0.99;0;20000;0;93.33;14;1;0;8;0;2;none;0;0;0;6.0;1;Novato;272;0;1;0;0;1;0;0;0;0;0;0;0;0;0;1;0;0;0;0;0;0;0;0;0;0;0;0;0;0;1;0;0;0;0;0;0;1;0;0;0;0;1;1;0;0;0;0;0;0;0;0;0;0;0;0;0;0;0;0;0;0;0;1;1;0;0;0;0;0;0;0;0;0;0;0;0;1;0;6;6;0;5;0;5;0.23;1.0;0
3601710;White Day Lost Class Funds;;;;1.49;0;20000;0;0.0;0;1;0;6;0;3;none;0;0;0;8.0;1;Novato;277;0;0;0;0;1;0;1;0;0;0;0;0;0;0;1;0;0;0;0;0;0;0;0;0;0;0;0;0;0;1;0;0;0;0;0;0;0;0;1;0;0;0;0;0;0;0;0;0;0;0;0;0;0;0;0;0;0;1;0;0;0;0;0;0;0;0;0;0;0;0;0;1;0;0;0;0;0;0;0;0;0;0;0;0;0.0;0.0;0
423760;Hit Tank PRO;;;;2.99;0;50000;0;60.48;75;49;0;0;0;1;none;0;0;0;0.0;1;Novato;199;1;1;1;0;1;0;0;0;0;0;1;0;0;0;1;0;0;0;0;0;0;0;0;0;0;1;0;0;0;0;0;0;0;0;0;0;0;0;0;0;0;1;0;0;0;0;0;0;0;0;0;0;0;0;0;0;0;0;0;0;0;1;0;0;0;0;0;1;0;0;1;1;0;0;0;0;0;0;7;1;6;0;0;6;2.99;0.143;1
2688570;The Inn-Sanity;;;;3.54;0;50000;3;96.7;1112;38;0;23;0;3;none;0;0;0;6.0;1;Novato;255;0;1;0;0;0;0;0;0;0;0;0;0;0;0;1;0;0;0;0;0;0;1;0;0;0;0;0;0;0;1;0;0;0;1;0;0;0;1;0;0;0;0;0;0;0;0;0;0;0;0;0;0;0;0;0;0;0;0;0;0;0;0;1;1;0;0;1;1;0;0;0;0;0;0;0;0;0;1;1000;950;50;955;0;17;3.74;0.95;1
3017580;Paragnosia;;;;1.24;0;50000;3;95.12;78;4;0;6;0;4;full;0;0;0;4.0;1;Novato;238;0;1;1;0;1;0;0;0;1;0;0;0;0;0;1;0;0;0;0;1;0;1;1;0;0;0;0;0;0;1;0;0;0;0;0;0;0;1;0;0;0;0;0;0;0;0;0;0;0;0;0;0;1;0;0;0;0;1;1;0;0;0;1;1;0;0;1;1;0;0;0;0;0;0;0;0;0;1;1000;897;103;50;0;4;3.36;0.897;1
1389160;Dark Fracture: Prologue;;;;0.0;1;100000;3;84.22;1121;210;0;8;0;1;none;0;0;0;6.0;1;Novato;286;1;1;0;0;1;0;0;0;1;0;0;0;0;0;1;0;0;0;0;0;0;1;0;0;0;0;0;0;0;1;0;0;0;0;0;0;0;1;0;0;0;0;0;0;0;0;0;1;0;0;0;0;1;0;0;0;0;0;0;0;0;0;0;0;0;0;1;1;0;0;0;1;0;1;0;0;0;0;224;160;64;224;0;29;2.05;0.714;1
2117790;Crash Override;;;;4.99;0;20000;0;100.0;4;0;0;46;0;1;full;0;0;0;1.0;1;Novato;293;1;0;0;0;1;0;0;0;0;0;1;0;0;1;1;0;0;0;0;1;0;1;0;0;0;0;0;0;0;0;0;0;0;0;0;0;0;0;0;0;0;0;0;0;0;0;0;0;0;0;0;0;0;0;0;0;0;0;0;0;0;1;0;0;0;0;0;0;0;0;0;0;1;0;0;0;0;0;0;0;0;0;0;0;0.0;0.0;0
440640;Sweet F. Cake;;;;9.95;0;20000;2;89.46;433;51;0;37;2;3;none;0;0;0;1.0;1;Novato;103;0;1;1;0;1;0;0;0;0;0;0;0;0;0;1;0;0;0;0;0;0;1;0;0;0;1;0;0;0;0;0;0;0;1;0;0;0;0;0;0;0;0;0;0;0;0;0;0;0;0;0;0;0;0;0;0;0;0;0;1;1;0;0;0;0;0;0;0;0;0;1;1;0;0;0;0;0;0;59;42;17;56;0;25;17.4;0.712;0
1685590;NetSpace Saga Ep.1;;;;1.99;0;20000;0;100.0;1;0;0;0;0;2;full;0;0;0;3.91;1;Novato;297;0;0;0;0;0;0;1;0;0;0;0;0;0;0;1;0;0;0;0;1;0;0;1;0;0;0;0;0;0;0;0;0;0;1;0;0;0;0;1;0;0;0;0;0;0;0;0;0;0;0;0;0;0;0;0;0;0;0;0;0;1;0;1;0;0;0;1;0;0;0;0;0;0;0;0;0;0;0;0;0;0;0;0;0;0.0;0.0;0
454950;Mainlining;;;;7.29;0;100000;0;77.71;272;78;0;0;1;1;none;0;0;0;4.0;1;Novato;287;0;1;0;0;1;0;0;0;1;0;0;0;0;0;1;0;0;0;0;0;0;0;0;0;0;1;0;0;0;0;0;0;0;1;0;0;0;0;0;0;0;0;0;0;0;0;0;0;0;0;0;0;1;0;0;0;0;1;1;0;0;1;0;0;0;0;0;0;0;0;0;1;0;0;0;0;0;0;45;29;16;35;0;23;5.37;0.644;1
2298140;RUN GUN ZR;;;;4.99;0;20000;0;66.67;2;1;0;12;0;1;none;0;0;0;8.0;1;Novato;216;1;1;0;0;1;0;0;0;1;1;0;0;0;0;1;0;0;0;0;0;0;1;0;0;0;0;0;0;0;0;0;0;0;0;0;0;1;1;0;0;0;0;0;0;0;0;0;0;0;0;0;0;1;0;0;0;0;0;0;0;0;0;0;0;0;0;1;1;0;0;0;0;0;0;1;0;1;0;1;1;0;0;0;1;0.37;1.0;0
2217060;Graceward - Complete Edition;;;;4.99;0;20000;0;100.0;5;0;0;36;1;1;none;0;0;0;0.25;1;Novato;210;1;1;0;0;1;0;0;0;0;0;0;0;0;0;1;0;0;0;0;0;0;0;0;0;0;0;0;0;0;0;0;0;0;1;0;0;0;0;0;0;0;0;0;0;0;0;0;0;0;0;0;0;0;0;0;0;0;0;1;0;0;1;0;0;0;0;1;1;0;0;0;0;0;0;0;0;0;0;1;1;0;1;0;1;1.68;1.0;0
2406830;Rolling Ball : Sphere Guider;;;;0.0;1;20000;0;87.5;7;1;0;18;0;1;none;0;0;0;0.5;1;Novato;55;1;0;1;0;1;0;0;1;0;0;0;0;0;0;1;0;0;0;0;0;0;0;0;0;0;0;0;0;0;0;0;0;0;0;0;0;1;0;0;0;0;0;0;1;0;0;0;0;0;0;0;0;0;0;0;0;1;1;0;0;0;0;1;0;0;0;0;0;0;1;1;1;0;0;0;0;0;0;7;6;1;7;0;5;0.95;0.857;0
1009230;live Mince;;;;1.99;0;20000;0;12.5;1;7;0;10;0;2;none;0;0;0;4.0;1;Novato;174;1;0;1;0;1;0;0;0;0;0;0;0;0;0;1;0;0;0;0;0;0;1;0;0;0;0;0;0;0;0;0;0;0;0;0;0;0;1;0;0;0;0;0;0;0;0;0;0;0;0;0;0;0;0;0;0;0;0;0;0;0;0;1;0;0;0;0;0;0;0;1;1;0;0;0;0;0;0;1;1;0;1;0;1;0.17;1.0;0
3292540;+1%;;;;0.9;0;20000;0;66.67;2;1;0;16;0;1;none;0;0;0;2.0;1;Novato;149;0;0;0;0;1;0;0;0;1;0;0;0;0;0;1;0;0;0;0;0;0;1;1;0;0;0;0;0;0;0;0;0;0;0;0;0;0;0;0;0;0;0;0;0;0;0;0;0;0;0;0;1;1;1;0;0;0;0;0;0;0;1;0;0;0;0;0;0;1;0;1;0;0;0;0;0;0;0;4;2;2;4;0;2;4.83;0.5;0
615680;Vagrant Hearts Zero;;;;0.46;0;20000;1;50.0;18;18;0;0;0;1;none;0;0;0;0.12;1;Novato;92;0;1;1;0;1;0;1;0;0;0;1;0;0;0;1;0;0;0;0;0;1;0;0;0;0;1;0;0;0;0;0;0;0;0;0;0;0;0;1;0;0;1;0;0;0;0;0;0;0;0;0;0;0;0;0;0;0;0;0;0;0;0;0;0;0;0;0;0;0;0;1;1;0;0;0;0;0;0;17;13;4;10;0;10;9.2;0.765;0
2220520;Zero-G-Racer : Drone FPV arcade game;;;;9.99;0;100000;0;44.44;4;5;0;9;0;18;none;0;0;0;4.0;1;Novato;134;1;0;1;0;1;0;1;1;1;1;1;0;0;0;1;0;0;0;0;0;0;1;0;0;0;0;0;0;0;1;0;0;0;0;0;0;0;0;1;1;0;0;0;0;0;0;0;0;0;0;0;0;0;0;0;1;1;0;0;0;0;0;0;0;0;0;0;0;0;0;0;0;0;0;0;0;1;0;1;0;1;1;0;1;1.43;0.0;1
1231990;Gestalt: Steam & Cinder;;;;9.99;0;50000;7;80.33;1311;321;0;36;1;7;full;0;0;0;0.0;1;Novato;201;1;1;0;0;1;0;1;0;0;0;0;0;0;0;1;0;0;0;0;1;0;1;1;0;0;0;0;0;0;0;0;0;0;1;0;0;0;0;1;0;0;0;0;1;1;0;0;0;0;0;0;0;0;0;0;0;0;0;0;0;1;1;0;0;0;0;0;1;0;0;0;1;0;0;0;0;0;0;1000;790;210;790;0;18;11.96;0.79;1
1359800;The Soldiers Factory;;;;10.99;0;20000;0;100.0;6;0;0;15;0;2;full;0;0;0;4.0;1;Novato;234;1;1;0;0;1;0;0;0;0;0;0;0;0;0;1;0;0;0;0;1;0;1;0;0;0;0;0;0;0;0;0;0;0;1;0;0;0;0;0;0;0;0;0;0;0;0;0;0;0;0;0;0;0;0;0;0;0;0;0;0;0;0;0;0;0;0;0;0;0;0;0;0;0;0;0;0;0;1;2;2;0;0;0;2;4.74;1.0;0
397190;Sengoku Jidai: Shadow of the Shogun;;;;14.99;0;20000;2;76.88;143;43;0;0;8;4;none;0;0;0;1.0;1;Novato;196;0;0;0;0;0;0;0;0;0;0;1;0;0;0;1;1;0;0;0;0;0;0;0;0;0;0;0;0;0;0;0;0;0;0;0;0;0;0;0;0;0;1;0;0;0;0;0;0;0;0;0;0;0;0;0;0;0;0;0;0;0;0;0;0;0;0;0;0;0;0;0;0;0;0;0;0;0;0;36;27;9;33;0;18;18.65;0.75;0
1712680;Captures;;;;1.99;0;20000;0;100.0;3;0;0;32;0;1;none;0;0;0;2.0;1;Novato;26;0;0;0;0;0;0;0;0;0;1;1;0;0;0;1;0;0;0;0;0;0;1;0;0;0;0;0;0;0;0;0;0;0;0;0;0;0;0;0;0;0;1;0;0;0;0;0;0;0;0;0;0;0;0;0;1;0;0;0;0;0;1;0;0;0;0;0;0;0;0;0;0;0;0;0;0;0;0;1;0;1;1;0;1;7.1;0.0;0
615180;Firewood;;;;1.24;0;20000;0;75.47;120;39;0;8;1;2;none;0;0;0;2.0;1;Novato;182;0;1;1;0;1;0;0;0;0;0;0;0;0;0;1;0;0;0;0;0;0;1;0;0;0;1;0;0;0;0;0;0;0;1;0;0;0;1;0;0;0;0;0;0;0;0;0;0;0;0;0;0;0;0;0;0;0;1;0;0;0;1;0;0;0;0;0;0;0;0;1;1;0;0;0;0;0;0;12;10;2;12;0;12;2.35;0.833;0
2192640;The Iron Union;;;;0.89;0;200000;0;80.0;4;1;0;15;0;3;full;0;0;0;2.0;1;Novato;175;1;1;1;0;1;0;0;0;1;0;0;0;0;0;1;0;0;0;0;1;0;0;0;0;0;0;0;0;0;0;0;0;0;0;0;0;0;0;0;0;0;0;0;0;0;0;0;0;0;0;0;0;0;0;0;0;0;0;0;0;0;0;0;1;0;0;0;0;1;0;0;0;0;0;0;0;0;0;0;0;0;0;0;0;0.0;0.0;1
269990;Infinite Space III: Sea of Stars;;;;4.99;0;20000;0;69.84;88;38;0;52;1;1;none;0;0;0;2.0;1;Novato;268;0;1;0;0;1;0;0;0;0;0;0;0;0;0;1;0;0;0;0;0;0;0;0;0;0;0;0;0;0;0;0;0;0;0;0;0;0;0;0;0;0;0;0;0;0;0;0;0;0;0;0;0;0;0;0;0;0;0;0;0;0;0;0;0;0;0;0;0;0;0;0;1;0;0;0;0;0;0;10;4;6;5;0;9;10.49;0.4;0
1017410;Tetra Project - 原石计划;;;;9.99;0;50000;0;90.96;503;50;0;0;0;1;none;0;0;0;1.0;1;Novato;85;0;0;0;0;1;0;0;0;0;0;1;0;0;1;1;0;0;0;0;0;0;0;1;0;0;0;0;0;0;0;0;0;0;0;0;0;0;0;0;0;0;1;0;0;0;0;0;0;0;0;0;0;0;0;0;0;0;0;0;0;0;0;0;0;0;0;0;0;0;0;0;1;1;0;0;0;0;0;27;7;20;26;27;12;11.29;0.259;1
619880;ATOMEGA;;;;1.99;0;50000;1;76.24;1277;398;0;31;0;10;full;0;0;0;4.0;1;Novato;238;1;0;0;0;1;0;0;0;0;0;0;0;0;0;0;1;0;0;0;1;0;1;1;0;0;1;0;0;0;1;0;0;0;0;0;0;0;0;0;0;0;0;0;0;0;0;0;1;0;1;0;0;0;0;0;0;0;0;0;0;0;0;0;0;0;0;0;0;0;0;0;1;0;0;0;0;1;0;361;283;78;325;0;29;8.76;0.784;1
2153160;Blind Sound;;;;0.81;0;50000;0;70.0;7;3;0;5;0;6;none;0;0;0;4.0;1;Novato;267;1;1;0;0;1;0;0;0;0;0;0;0;0;0;1;0;0;0;0;0;0;1;0;0;0;0;0;0;0;1;0;0;0;1;0;0;0;1;0;0;0;0;0;0;0;0;0;0;0;0;0;0;0;0;0;0;0;1;0;0;0;0;1;0;0;0;1;1;0;1;0;0;0;0;0;0;0;0;3;2;1;3;0;3;0.85;0.667;1
1604640;Tender: Creature Comforts;;;;9.99;0;20000;0;90.0;90;10;0;10;0;1;none;0;0;0;0.25;1;Novato;166;0;0;1;0;1;0;0;0;1;0;0;0;0;0;1;0;0;0;0;0;0;1;1;0;0;0;0;0;0;0;0;0;0;1;0;0;0;0;1;0;0;0;0;0;0;0;0;0;0;0;0;0;1;0;0;0;0;0;0;1;0;1;0;0;0;1;0;0;0;0;1;0;0;0;0;0;0;0;26;22;4;26;0;19;6.31;0.846;0
537700;Octave;;;;3.99;0;20000;0;71.52;118;47;0;0;0;6;none;0;0;0;1.0;1;Novato;164;0;1;0;0;1;0;0;0;0;0;0;0;0;0;1;0;0;0;0;0;0;0;0;0;0;1;0;0;0;0;0;0;0;0;0;0;0;1;0;0;0;0;0;0;0;0;0;0;0;0;0;0;0;0;0;0;0;0;1;0;0;0;0;0;0;0;0;0;0;0;0;1;0;0;0;0;0;0;10;3;7;8;0;8;3.04;0.3;0
527450;Cockroach Simulator;;;;0.99;0;100000;3;80.54;2500;604;0;0;0;1;none;0;0;0;1.0;1;Novato;176;0;0;0;0;1;0;0;0;1;0;0;0;0;0;0;1;0;0;0;0;0;0;0;0;0;1;0;0;0;1;1;0;0;1;0;0;1;1;0;0;0;1;0;0;0;0;0;1;0;0;0;1;1;0;0;0;0;0;0;0;0;0;0;0;0;0;0;1;0;0;0;1;0;0;0;0;0;0;347;270;77;261;0;29;4.68;0.778;1
1285510;A Day Without Me;;;;2.39;0;20000;1;72.0;54;21;0;4;0;10;full;0;0;0;1.0;1;Novato;284;0;1;0;0;1;0;0;0;0;0;0;0;0;0;1;0;0;0;0;1;0;1;1;0;0;0;0;0;0;0;0;0;0;1;0;0;0;1;0;0;0;0;0;0;0;0;0;0;0;0;0;0;0;0;0;0;0;1;0;0;0;0;0;0;0;1;1;0;0;0;0;0;0;0;0;0;0;0;25;6;19;12;0;12;1.91;0.24;0
2279270;The Duduk Master;;;;2.99;0;20000;0;0.0;0;1;0;0;0;4;full;0;0;0;4.0;1;Novato;285;0;1;0;0;1;0;1;0;0;0;0;0;0;0;1;0;0;0;0;1;0;0;0;0;0;0;0;0;0;0;0;0;0;0;0;0;0;0;1;0;0;0;0;1;1;0;0;0;0;0;0;0;0;0;0;0;0;0;0;0;0;1;0;0;0;0;0;0;0;0;0;0;0;0;0;0;0;0;0;0;0;0;0;0;0.0;0.0;0
348430;Quell Reflect;;;;3.99;0;20000;0;94.59;175;10;0;38;0;10;full;0;0;0;2.0;1;Novato;50;0;0;0;0;1;0;0;0;0;0;0;0;0;0;1;0;0;0;0;1;0;1;1;0;0;0;0;0;0;0;0;0;0;0;0;0;0;0;0;0;0;0;0;0;0;0;0;0;0;0;0;0;0;0;0;0;0;1;0;0;0;0;0;0;0;0;0;0;1;0;1;1;0;0;0;0;0;0;27;24;3;15;0;16;8.94;0.889;0
427820;Hitman GO: Definitive Edition;;;;3.99;0;200000;2;85.62;1900;319;0;26;0;6;full;0;0;0;1.0;1;Novato;136;0;0;0;0;0;0;0;0;0;0;1;0;0;0;1;0;0;0;0;1;0;1;1;0;0;1;0;0;0;0;0;0;0;0;0;0;0;0;0;0;1;1;0;0;0;0;0;0;0;0;0;0;0;0;0;0;0;1;0;0;0;0;0;0;0;0;0;1;0;0;1;0;0;0;0;0;0;1;384;340;44;360;0;29;14.79;0.885;1
622010;The Fall of Lazarus;;;;0.0;1;50000;0;63.16;72;42;0;9;0;2;full;0;0;0;4.0;1;Novato;196;0;1;0;0;1;0;0;0;0;0;0;0;0;0;1;0;0;0;0;1;0;1;1;0;0;1;0;0;0;1;0;0;0;1;0;0;0;0;0;0;0;0;0;0;0;0;0;0;0;0;0;0;0;0;0;0;0;1;0;0;0;0;0;0;0;0;0;1;0;0;0;1;0;0;0;0;0;0;16;11;5;16;0;11;5.69;0.688;1
464620;Siralim 2;;;;7.99;0;50000;0;92.24;416;35;0;608;4;1;full;0;0;0;4.0;1;Novato;294;0;0;0;0;1;0;1;0;0;0;0;0;0;0;1;0;0;0;0;1;0;1;0;0;0;1;0;0;0;0;0;0;0;0;0;0;0;0;1;0;1;0;0;0;0;0;0;0;0;0;0;0;0;0;0;0;0;0;0;0;0;1;0;0;0;0;0;0;0;0;0;1;0;0;0;0;0;0;10;7;3;10;0;10;18.99;0.7;1
1033700;Kingdoms Of Rhea;;;;4.99;0;20000;0;46.88;60;68;0;0;0;1;none;0;0;0;8.0;1;Novato;133;1;1;0;0;1;0;1;0;0;0;0;0;0;0;1;0;0;0;0;0;1;0;0;0;0;0;0;0;0;0;1;0;0;1;0;0;0;0;1;1;0;0;0;0;0;0;0;0;0;0;0;0;0;0;0;0;0;0;0;0;0;0;0;0;0;0;0;1;0;1;0;1;0;1;0;0;0;0;5;1;4;0;0;5;0.64;0.2;0
1556980;Internet Generation;;;;19.99;0;100000;0;84.0;1181;225;0;20;0;2;full;0;0;0;2.0;1;Novato;247;1;1;0;0;1;0;0;0;0;0;0;0;0;0;1;0;0;0;0;1;0;1;1;0;0;0;0;0;0;0;0;0;0;1;0;0;0;0;0;0;0;0;0;0;0;0;0;0;0;0;0;0;0;0;0;0;0;0;0;0;1;1;0;0;0;0;0;0;0;0;0;0;0;0;0;0;0;0;259;202;57;242;0;29;4.55;0.78;1
700880;Kingdom: The Far Reaches;;;;9.99;0;100000;0;85.71;6;1;0;0;0;1;none;0;0;0;0.5;1;Novato;188;0;1;0;0;0;0;0;0;0;0;0;0;0;0;1;0;0;0;0;0;0;0;0;0;0;0;0;0;0;0;0;0;0;1;0;0;0;0;1;0;0;0;0;0;0;0;0;0;0;0;0;0;0;0;0;0;0;0;1;0;0;1;0;0;0;1;0;0;0;0;1;0;0;0;0;0;0;0;4;4;0;4;0;4;4.53;1.0;1
1565940;Maya Treasures;;;;0.89;0;20000;0;50.0;9;9;0;0;0;2;none;0;0;0;4.0;1;Novato;111;0;0;1;0;1;0;0;0;0;0;1;0;0;0;1;0;0;0;0;0;0;0;0;0;0;0;0;0;0;0;0;0;0;0;0;0;0;0;0;0;0;1;0;0;0;0;0;0;0;0;0;0;0;0;0;0;0;1;0;0;0;1;0;0;0;0;0;0;1;0;1;0;0;0;0;0;0;0;1;0;1;1;0;1;0.1;0.0;0
1916860;『絵話 -kaiwa-』;;;;4.99;0;50000;0;85.71;12;2;0;0;1;3;none;0;0;0;0.0;1;Novato;127;0;1;0;0;1;0;0;0;0;0;0;0;0;0;1;0;0;0;0;0;0;0;0;0;0;0;0;0;0;0;0;0;0;0;0;0;0;1;0;0;0;0;0;0;0;0;0;0;0;0;0;0;0;0;0;0;0;0;0;0;0;0;0;1;0;0;0;0;0;0;0;1;0;0;0;0;0;0;3;3;0;3;0;3;1.48;1.0;1
2148240;Insomnia;;;;6.99;0;20000;0;71.43;5;2;0;0;0;1;none;0;0;0;4.0;1;Novato;241;0;1;1;0;1;0;0;0;0;0;0;0;0;1;1;0;0;0;0;0;0;0;0;0;0;0;0;0;0;0;0;0;0;0;0;0;0;1;0;0;0;0;0;0;0;0;0;0;0;0;0;0;0;0;0;0;0;0;0;0;0;0;0;0;0;0;1;1;0;0;0;0;1;0;0;0;0;0;0;0;0;0;0;0;0.0;0.0;0
2274340;Colossal Cave VR;;;;7.34;0;20000;0;87.5;7;1;0;24;0;13;none;0;0;0;4.0;1;Novato;273;0;1;1;0;0;0;0;0;0;0;1;0;0;0;1;0;0;0;0;0;0;1;0;0;0;0;0;0;0;1;0;0;0;0;0;0;0;0;0;0;0;1;0;0;0;0;0;0;0;0;0;0;0;0;0;0;0;1;1;0;0;0;1;0;0;0;0;1;0;0;1;0;0;0;1;0;0;0;6;5;1;6;0;6;2.48;0.833;0
1705930;Born Into Fear;;;;1.43;0;50000;0;88.81;238;30;0;12;0;1;none;0;0;0;0.0;1;Novato;153;0;1;0;0;1;0;0;0;0;0;0;0;0;0;1;0;0;0;0;0;0;1;0;0;0;0;0;0;0;1;0;0;0;0;0;0;0;1;0;0;0;0;0;0;0;0;0;0;0;0;0;0;0;0;0;0;0;0;0;0;0;0;1;1;0;0;0;1;0;0;0;1;0;0;0;0;0;1;66;55;11;61;0;24;3.07;0.833;1
965580;Root;;;;14.99;0;200000;179;89.98;3971;442;0;58;7;10;none;0;0;0;2.0;1;Novato;216;0;0;0;0;1;0;0;0;1;0;1;0;0;0;1;1;0;0;0;0;1;1;0;0;0;0;0;0;0;0;0;0;0;0;0;0;0;0;0;0;0;1;0;0;0;0;0;1;0;1;0;0;1;0;0;0;0;1;0;0;0;0;0;0;0;0;0;0;0;0;0;1;1;0;0;0;0;0;999;896;103;885;0;13;28.6;0.897;1
1210030;노베나 디아볼로스;;;;18.99;0;100000;4;93.77;1446;96;0;70;2;1;none;0;0;0;4.0;1;Novato;176;0;1;0;0;1;0;0;0;1;0;0;0;0;0;1;0;0;0;0;0;0;1;0;0;0;0;0;0;0;0;0;0;0;1;0;0;1;1;0;0;0;0;0;0;0;0;0;0;0;0;0;0;1;0;0;0;0;1;0;1;1;0;0;0;0;0;1;1;0;0;0;1;0;0;0;0;0;0;141;120;21;136;0;28;14.1;0.851;1
225640;Sacred 2 Gold;;;;0.0;0;200000;46;75.91;2637;837;0;0;0;5;none;0;0;0;1.0;1;Novato;296;0;0;0;0;0;0;1;0;0;0;0;0;0;0;1;0;0;0;0;0;0;0;0;0;0;0;0;0;0;0;1;0;0;1;0;0;0;0;1;1;0;0;0;0;0;0;1;1;0;0;0;1;0;0;0;0;0;0;0;0;0;0;0;0;0;0;0;1;0;0;0;0;0;0;0;0;0;0;593;452;141;426;0;29;61.72;0.762;1
514490;Ultimate Word Search 2: Letter Boxed;;;;0.99;0;50000;1;38.71;36;57;0;0;0;1;none;0;0;0;1.0;1;Novato;221;0;0;1;0;0;0;0;0;0;0;0;0;0;0;1;0;0;0;0;0;0;0;0;0;0;0;0;0;0;0;0;0;0;0;0;0;0;0;0;0;0;0;0;0;0;0;0;0;0;0;0;0;0;0;0;0;0;1;0;0;0;0;0;0;0;0;0;0;0;0;1;0;0;0;0;0;0;0;7;2;5;1;0;6;2.26;0.286;1
1528130;Suicide Countdown: 7 Days;;;;1.49;0;200000;0;81.87;858;190;0;3;1;5;none;0;0;0;1.0;1;Novato;242;0;1;0;0;1;0;1;0;0;0;0;0;0;0;1;0;0;0;0;0;0;1;1;0;0;0;0;0;0;0;0;0;0;0;0;0;0;1;0;0;0;0;0;0;0;0;0;0;0;0;0;0;0;0;0;0;0;1;0;1;1;0;0;0;0;0;0;0;0;0;0;0;0;0;0;0;0;0;150;104;46;144;0;29;3.95;0.693;1
283980;"Spy Fox in ""Dry Cereal""";;;;6.99;0;50000;5;95.04;613;32;0;0;0;4;none;0;0;0;0.5;1;Novato;257;0;1;1;0;0;0;0;0;0;0;0;0;0;0;1;0;0;0;0;0;0;0;1;0;0;1;0;0;0;0;0;0;0;1;0;0;0;0;0;0;0;0;0;0;0;0;0;0;0;0;0;0;0;0;0;0;0;1;1;0;0;1;0;0;0;0;0;0;0;0;1;0;0;0;0;0;0;0;187;176;11;154;0;29;4.97;0.941;1
515960;Martha Is Dead;;;;14.99;0;100000;12;79.9;2513;632;0;22;2;13;full;0;0;0;8.0;1;Novato;298;0;1;0;0;1;0;0;0;0;0;0;0;0;0;1;0;0;0;0;1;0;1;1;0;0;1;0;0;0;1;0;0;0;1;0;0;0;1;0;0;0;0;0;0;0;0;0;0;0;0;0;0;0;0;0;0;0;0;0;0;0;0;0;0;0;0;1;1;0;0;0;1;0;0;0;0;0;0;1000;739;261;664;0;23;9.1;0.739;1
1569200;Brewmaster: Beer Brewing Simulator;;;;8.99;0;50000;3;77.94;834;236;0;54;0;8;full;0;0;0;4.0;1;Novato;300;0;0;0;0;0;0;0;0;1;0;0;0;0;0;1;0;0;0;0;1;0;1;1;1;0;0;0;0;0;1;0;1;0;0;0;0;0;0;0;0;0;0;0;0;0;0;0;0;0;0;0;1;1;1;0;0;0;0;0;0;0;0;1;1;0;0;0;0;1;0;1;1;0;0;0;0;0;0;452;303;149;362;0;29;11.45;0.67;1
1376020;BattleMaster;;;;0.0;1;50000;0;62.5;5;3;0;0;0;1;none;0;0;0;1.0;1;Novato;157;0;0;0;0;1;0;0;0;0;0;1;0;0;0;1;0;0;0;0;0;0;0;0;0;0;0;0;0;0;0;0;0;0;0;0;0;0;0;0;0;0;1;0;0;0;0;0;0;0;0;0;0;0;0;0;0;0;0;0;0;0;1;0;0;0;0;0;0;0;0;0;1;0;0;0;0;0;0;6;3;3;6;0;6;2.9;0.5;1
329830;The Moon Sliver;;;;1.49;0;200000;0;75.3;826;271;0;0;1;1;none;0;0;0;0.0;1;Novato;235;0;1;0;0;0;0;0;0;0;0;0;0;0;0;1;0;0;0;0;0;0;0;0;0;0;1;0;0;0;1;0;0;0;1;0;0;0;1;0;0;0;0;0;0;0;0;0;0;0;0;0;0;0;0;0;0;0;1;1;0;0;0;1;0;0;0;1;1;0;0;0;1;0;0;0;0;0;0;151;122;29;139;0;28;1.31;0.808;1
868150;Takelings House Party;;;;10.49;0;20000;1;77.94;272;77;0;0;0;1;none;0;0;0;4.0;1;Novato;295;0;0;1;0;1;0;0;0;0;0;0;0;0;1;0;1;1;0;0;0;1;0;0;0;0;0;1;1;0;0;0;0;0;0;0;0;0;0;0;0;0;0;0;0;0;0;0;0;1;1;0;0;0;0;0;0;0;0;0;0;0;0;1;0;0;0;0;0;0;0;1;1;1;0;1;0;0;1;61;50;11;40;61;25;4.53;0.82;0
3138780;Do No Harm;;;;5.68;0;20000;22;73.96;443;156;0;46;0;13;none;0;0;0;2.0;1;Novato;273;0;0;0;0;0;0;0;0;1;0;0;0;0;0;1;0;0;0;0;0;1;1;1;0;0;0;0;0;0;1;0;0;0;1;0;0;0;0;0;0;0;0;0;0;0;0;0;0;0;0;0;0;1;1;0;0;0;1;1;0;0;0;1;0;0;0;1;1;0;0;0;0;0;0;0;0;0;0;899;671;228;851;0;15;7.5;0.746;0
253330;Neverending Nightmares;;;;7.99;0;100000;1;76.03;2217;699;0;4;0;16;full;0;0;0;1.0;1;Novato;257;1;1;0;0;1;0;0;0;0;0;0;0;0;0;1;0;0;0;0;1;0;1;1;0;0;1;0;0;0;0;0;0;0;0;0;0;0;1;0;0;0;0;0;0;0;0;0;0;0;0;0;0;0;0;0;0;0;0;0;0;0;1;0;0;0;0;1;1;0;0;0;1;0;0;0;0;0;0;361;293;68;312;0;29;4.34;0.812;1
2008100;Rule the Waves 3;;;;11.39;0;20000;96;89.31;785;94;0;0;1;1;none;0;0;0;4.0;1;Novato;127;0;0;0;0;0;0;0;0;1;0;1;0;0;0;1;0;0;0;0;0;0;0;1;0;0;0;0;0;0;0;0;0;0;0;0;0;0;0;0;0;0;1;0;0;0;0;0;0;0;0;0;0;1;1;0;0;0;0;0;0;0;1;0;0;0;0;0;0;0;0;0;0;0;0;0;0;0;0;509;435;74;388;0;29;136.67;0.855;0
304170;Kick-Ass 2;;;;9.99;0;100000;0;28.09;91;233;0;21;0;6;none;0;0;0;2.0;1;Novato;223;1;1;0;0;0;0;0;0;0;0;0;0;0;0;1;0;0;0;0;0;1;1;1;0;0;1;0;0;0;0;0;0;0;0;0;0;0;0;0;0;0;0;0;0;0;0;0;0;0;0;0;0;0;0;0;0;0;0;1;0;1;0;0;0;0;0;0;0;0;0;0;0;0;1;0;0;0;0;77;31;46;67;0;27;3.53;0.403;1
699920;Despotism 3k;;;;7.99;0;200000;12;77.79;2862;817;0;30;1;9;full;0;0;0;0.5;1;Novato;161;0;0;0;0;1;0;0;0;1;0;1;0;0;0;1;0;0;0;0;1;0;1;0;0;0;1;0;0;0;0;0;0;0;0;0;0;0;0;0;0;0;1;0;0;0;0;0;0;0;0;0;0;1;1;0;0;0;0;0;0;0;1;0;0;0;0;0;0;0;1;0;1;0;0;0;0;0;0;648;469;179;158;0;29;9.21;0.724;1
2251650;Mimicry;;;;4.99;0;20000;0;50.0;3;3;0;0;0;1;none;0;0;0;6.0;1;Novato;269;1;1;0;0;1;0;1;0;0;0;1;0;0;1;1;0;0;0;0;0;0;0;0;0;0;0;0;0;0;0;0;0;0;0;0;0;0;0;0;0;0;1;0;0;1;0;0;0;0;0;0;0;0;0;0;0;0;0;0;0;0;0;0;0;0;0;0;0;0;0;0;0;1;0;0;0;0;1;1;0;1;1;1;1;2.2;0.0;0
835650;Rising Lords;;;;10.49;0;20000;12;72.16;661;255;0;12;1;13;full;0;0;0;4.0;1;Novato;188;0;0;0;0;1;0;0;0;1;0;1;0;0;0;1;1;1;1;0;1;0;1;0;1;0;1;0;0;0;0;0;0;0;0;0;0;0;0;0;0;1;1;0;0;0;0;1;1;0;0;0;1;1;0;1;0;0;0;0;0;0;1;0;0;0;0;0;0;0;0;0;1;1;0;0;0;0;0;313;210;103;296;13;29;62.99;0.671;0
697490;Space Wrangler;;;;0.99;0;20000;0;0.0;0;8;0;1;0;1;none;0;0;0;4.0;1;Novato;251;0;1;1;0;1;0;0;1;1;0;0;0;0;1;1;0;0;0;0;0;0;1;1;0;0;0;0;0;0;0;0;0;0;0;0;0;0;0;0;0;0;0;0;0;0;0;0;0;0;0;0;0;1;0;0;0;1;0;0;0;0;0;0;0;0;0;0;1;0;0;1;1;1;0;0;0;0;0;0;0;0;0;0;0;0.0;0.0;0
1049280;Pilgrims;;;;0.69;0;200000;5;96.07;4909;201;0;45;1;19;full;0;0;0;4.0;1;Novato;279;0;1;1;0;1;0;0;0;0;0;0;0;0;0;1;0;0;0;0;1;0;1;1;0;0;1;0;0;0;0;0;0;0;0;0;0;0;0;0;0;0;0;0;0;0;0;0;0;0;0;0;0;0;0;0;0;0;1;1;0;0;1;0;0;0;1;0;0;1;0;1;1;0;0;0;0;0;0;1000;961;39;919;0;11;2.65;0.961;1
1291220;Crash The Core;;;;4.99;0;20000;0;71.15;37;15;0;10;0;1;none;0;0;0;4.0;1;Novato;256;0;1;0;0;1;0;1;0;0;0;1;0;0;0;1;1;1;0;0;0;0;1;0;0;0;0;1;1;0;0;0;0;0;0;0;0;0;0;1;0;1;1;0;0;0;0;0;0;1;0;0;0;0;1;0;0;0;0;0;0;0;0;0;0;0;0;0;0;0;0;0;0;0;0;0;0;0;0;6;3;3;6;0;6;2.91;0.5;0
1388430;История бомжа;;;;1.49;0;20000;0;70.33;64;27;0;0;0;1;none;0;0;0;4.0;1;Novato;248;0;1;0;0;1;0;0;0;0;0;0;0;0;0;1;0;0;0;0;0;0;0;0;0;0;0;0;0;0;0;0;0;0;1;0;0;1;0;0;0;0;0;0;0;0;0;0;0;0;0;0;0;0;0;0;0;0;0;0;0;0;0;1;0;0;0;0;0;0;0;0;1;0;0;0;0;0;0;18;14;4;10;0;12;0.26;0.778;0
658700;V-Rally 4;;;;14.99;0;100000;13;66.94;747;369;0;49;6;11;full;0;0;0;4.0;1;Novato;268;0;0;0;0;0;0;0;1;0;0;0;0;0;0;1;1;0;0;0;1;0;1;1;0;0;0;1;0;0;0;0;0;0;0;0;0;0;0;0;0;0;0;0;0;0;0;0;0;0;0;0;0;1;0;0;0;1;0;0;0;0;0;0;0;0;0;0;0;0;0;0;0;0;0;0;0;0;0;483;348;135;339;0;29;10.29;0.72;1
49300;Commander: Conquest of the Americas;;;;1.99;0;100000;7;51.67;93;87;0;50;2;4;none;0;0;0;2.0;1;Novato;282;0;0;0;0;0;0;0;0;0;0;1;0;0;0;1;0;0;0;0;0;0;1;0;0;0;0;0;0;0;0;0;0;0;0;0;0;0;0;0;0;0;1;0;0;0;0;0;1;0;0;0;0;0;1;1;0;0;0;0;0;0;0;0;0;0;0;0;0;0;0;0;0;0;0;0;0;0;0;21;11;10;16;0;17;72.57;0.524;1
1730260;Retro Gadgets;;;;19.99;0;20000;1;93.0;425;32;0;0;0;8;none;0;0;0;4.0;1;Novato;107;0;0;0;0;0;0;0;0;1;0;0;0;0;1;1;0;0;0;0;0;0;0;1;1;0;0;0;0;0;0;0;0;0;0;0;0;0;0;0;0;0;0;0;0;0;0;0;0;0;0;0;1;1;0;0;0;0;1;0;0;0;1;0;0;0;0;0;0;0;1;0;0;1;0;0;0;0;0;219;182;37;202;219;29;21.18;0.831;0
711070;Kim Jong-Boom;;;;1.49;0;20000;0;42.16;43;59;0;100;0;1;none;0;0;0;1.0;1;Novato;240;0;0;1;0;1;0;0;0;0;0;0;0;0;0;1;0;0;0;0;0;0;1;0;0;0;0;0;0;0;0;0;0;0;0;0;0;0;0;0;0;0;0;0;0;0;0;0;0;0;0;0;0;0;0;0;0;0;0;0;0;0;0;0;0;0;0;0;0;0;0;1;1;0;0;0;0;0;0;15;12;3;7;0;12;1.78;0.8;0
686610;Sobreviva;;;;0.99;0;20000;0;57.14;8;6;0;0;0;6;none;0;0;0;1.0;1;Novato;116;1;0;1;0;1;0;0;0;0;0;1;0;0;0;1;0;0;0;0;0;0;0;0;0;0;0;0;0;0;0;0;0;0;0;0;0;1;0;1;0;0;1;0;0;0;0;1;1;0;1;1;0;0;0;0;0;0;0;0;0;0;0;1;0;0;0;0;0;0;0;1;1;0;1;0;0;0;0;4;3;1;2;0;4;0.17;0.75;0
747920;Hero Plus;;;;0.0;1;50000;35;60.23;159;105;0;0;0;1;none;0;0;0;0.25;1;Novato;276;0;0;0;0;0;1;0;0;0;0;0;0;0;0;0;1;0;0;0;0;0;0;0;0;1;0;0;0;0;0;0;0;0;0;0;0;0;0;0;0;0;0;0;0;0;0;0;0;0;0;0;0;0;0;0;0;0;0;0;0;0;0;0;0;0;0;0;0;0;0;0;0;0;1;0;0;0;0;55;46;9;55;0;23;538.12;0.836;1
1197220;Another Try;;;;2.99;0;20000;6;54.75;167;138;0;0;0;1;none;0;0;0;4.0;1;Novato;166;1;1;0;0;1;1;0;0;0;0;0;0;0;0;1;1;1;1;0;0;0;0;0;0;0;0;0;0;0;0;1;1;0;0;0;0;1;0;0;0;0;0;0;0;0;0;1;1;0;0;0;0;0;0;0;0;0;0;0;0;0;0;1;0;0;0;0;0;0;0;0;1;0;0;0;0;0;0;65;8;57;57;0;21;1.56;0.123;0
1090760;Distant Kingdoms;;;;0.0;0;20000;0;43.42;132;172;0;0;0;1;none;0;0;0;4.0;1;Novato;233;0;0;0;0;1;0;0;0;1;0;1;0;0;1;1;0;0;0;0;0;0;0;1;0;0;0;0;0;0;0;0;0;0;0;0;0;0;0;0;0;0;1;0;0;0;0;0;0;0;0;0;0;1;0;1;0;0;0;0;0;0;0;0;0;0;0;0;0;0;0;0;1;1;0;0;0;0;0;6;0;6;6;6;5;13.38;0.0;0
80300;Puzzle Bots;;;;4.99;0;20000;0;76.36;126;39;0;0;0;1;none;0;0;0;0.06;1;Novato;242;0;1;0;0;1;0;0;0;0;0;0;0;0;0;1;0;0;0;0;0;0;0;0;0;0;0;0;0;0;0;0;0;0;0;0;0;0;0;0;0;0;0;0;0;0;0;0;0;0;0;0;0;0;0;0;0;0;1;1;0;0;0;0;0;0;0;0;0;0;0;0;1;0;0;0;0;0;0;11;9;2;4;0;10;29.38;0.818;0
393520;Iconoclasts;;;;6.79;0;200000;4;86.64;4098;632;0;11;1;8;full;0;0;0;1.0;1;Novato;285;1;1;0;0;1;0;0;0;0;0;0;0;0;0;1;0;0;0;0;1;0;1;1;0;0;1;0;0;0;0;1;0;0;1;0;0;0;0;0;0;0;0;0;1;1;0;0;0;0;0;0;0;0;0;0;0;0;1;0;0;0;1;0;0;0;0;0;0;0;0;0;1;0;0;0;0;0;0;738;614;124;585;0;29;17.92;0.832;1
468930;Phantaruk;;;;2.99;0;20000;0;62.11;141;86;0;23;1;4;none;0;0;0;2.0;1;Novato;287;1;1;0;0;1;0;0;0;0;0;0;0;0;0;1;0;0;0;0;0;1;1;0;0;0;0;0;0;0;1;0;0;0;0;0;0;0;1;0;0;0;0;0;0;0;0;0;0;0;0;0;0;0;0;0;0;0;0;0;0;0;0;0;1;0;0;0;1;0;0;0;1;0;0;0;0;0;1;30;18;12;18;0;18;4.36;0.6;0
735570;Project Rhombus;;;;0.9;0;100000;0;92.41;1291;106;0;4;0;1;full;0;0;0;1.0;1;Novato;196;1;0;1;0;1;0;0;0;0;0;0;0;0;0;1;0;0;0;0;1;0;1;1;0;0;0;0;0;0;0;0;0;0;0;0;0;0;0;0;0;0;0;0;0;0;0;0;0;0;0;0;0;0;0;0;0;0;0;0;0;0;1;0;0;0;0;0;0;0;1;1;1;0;1;0;0;0;0;78;68;10;31;0;25;7.55;0.872;1
970800;Short Circuit VR;;;;0.0;1;50000;0;82.03;105;23;0;0;0;1;none;0;0;0;4.0;1;Novato;257;0;0;0;0;1;0;0;0;1;0;0;0;0;1;1;0;0;0;0;0;0;0;0;0;0;0;0;0;0;0;0;0;0;0;0;0;0;0;0;0;0;0;0;0;0;0;0;0;0;0;0;0;1;0;0;0;0;0;0;0;0;0;0;0;0;0;0;0;0;0;0;1;1;1;1;0;0;0;17;13;4;17;17;11;2.37;0.765;1
488580;Hover 2030;;;;0.44;0;50000;0;74.36;87;30;0;0;0;1;none;0;0;0;2.0;1;Novato;61;1;0;1;0;1;0;0;0;0;0;0;0;0;0;1;0;0;0;0;0;1;0;0;0;0;1;0;0;0;0;0;0;0;0;0;0;0;0;0;0;0;0;0;1;0;0;0;0;0;0;0;0;0;0;0;0;0;0;0;0;0;1;0;0;0;0;0;0;0;0;1;1;0;0;0;0;0;0;22;16;6;20;0;13;7.07;0.727;1
600370;Paradigm;;;;14.99;0;200000;0;94.37;1491;89;0;18;1;1;none;0;0;0;2.0;1;Novato;250;0;1;0;0;1;0;0;0;0;0;0;0;0;0;1;0;0;0;0;0;0;1;0;0;0;1;0;0;0;0;0;0;0;1;0;0;0;0;0;0;0;0;0;0;0;0;0;0;0;0;0;0;0;0;0;0;0;1;1;0;0;1;0;0;0;0;0;1;0;0;0;1;0;0;0;0;0;0;172;158;14;101;0;29;10.3;0.919;1
1905020;Greyhill Incident;;;;2.09;0;100000;1;41.28;232;330;0;26;2;10;none;0;0;0;8.0;1;Novato;303;0;1;0;0;1;0;0;0;0;0;0;0;0;0;1;0;0;0;0;0;1;1;0;0;0;1;0;0;0;1;0;0;0;1;0;0;1;1;0;0;0;0;0;0;0;0;0;0;0;0;0;0;0;0;0;0;0;0;0;0;0;0;0;0;0;0;1;1;0;0;0;1;0;0;0;0;1;1;240;115;125;219;0;29;4.06;0.479;1
567010;Game Royale 2 - The Secret of Jannis Island;;;;0.59;0;20000;0;76.86;93;28;0;0;0;1;none;0;0;0;2.0;1;Novato;272;0;1;0;0;0;0;0;0;0;0;0;0;0;0;1;0;0;0;0;0;0;0;0;0;0;0;0;0;0;0;0;0;0;0;0;0;0;0;0;0;0;0;0;0;0;0;0;0;0;0;0;0;0;0;0;0;0;0;1;0;0;0;0;0;0;0;0;0;0;0;0;0;0;0;0;0;0;0;14;9;5;14;0;12;2.13;0.643;0
663920;Died Of Fear;;;;0.0;0;20000;0;61.54;24;15;0;0;0;1;none;0;0;0;1.0;1;Novato;103;0;1;1;0;1;0;0;0;0;0;0;0;0;0;1;0;0;0;0;0;0;0;0;0;0;0;0;0;0;0;0;0;0;0;0;0;0;0;0;0;0;0;0;0;0;0;0;0;0;0;0;0;0;0;0;0;0;0;0;0;0;1;0;0;0;0;0;0;0;0;1;1;0;0;0;0;0;0;5;4;1;4;0;5;817.4;0.8;0
2214220;Trench Tales;;;;12.49;0;20000;7;73.36;157;57;0;0;0;1;none;0;0;0;0.01;1;Novato;238;1;1;0;0;1;0;0;0;0;0;0;0;0;1;1;0;0;0;0;0;1;0;1;0;0;0;0;0;0;0;1;0;0;1;0;0;0;1;0;0;0;0;0;0;0;0;0;0;0;0;0;0;0;0;0;0;0;0;0;0;0;0;1;1;0;0;0;0;0;0;0;0;1;0;0;0;0;0;614;438;176;526;614;13;4.42;0.713;0
2414900;Soulknight Survivor;;;;1.49;0;50000;0;64.29;9;5;0;61;0;4;full;0;0;0;4.0;1;Novato;278;1;0;0;0;0;0;0;0;0;0;0;0;0;0;1;0;0;0;0;1;0;1;1;0;0;0;0;0;0;0;0;1;0;0;0;0;0;0;1;0;0;0;0;0;0;0;0;0;0;0;0;0;0;0;0;0;0;0;0;0;0;1;0;0;0;0;0;0;0;0;0;0;0;0;0;0;0;0;11;8;3;10;0;7;4.56;0.727;1
1751160;Failling Capsule;;;;0.99;0;20000;0;0.0;0;1;0;0;1;1;none;0;0;0;1.0;1;Novato;55;0;0;1;0;0;0;0;0;0;0;1;0;0;0;1;0;0;0;0;0;0;0;0;0;0;0;0;0;0;0;0;0;0;0;0;0;0;0;0;0;0;1;0;0;0;0;0;0;0;0;0;0;0;0;0;0;0;1;0;0;0;0;0;0;0;0;0;0;0;0;1;0;0;0;0;0;0;0;0;0;0;0;0;0;0.0;0.0;0
1287130;Island of Penance;;;;0.88;0;20000;0;55.13;86;70;0;0;0;3;none;0;0;0;4.0;1;Novato;284;0;1;0;0;1;0;1;0;0;0;0;0;0;0;1;0;0;0;0;0;0;0;1;0;0;0;0;0;0;0;0;0;0;0;0;0;0;0;1;0;0;0;0;0;0;0;0;0;0;0;0;0;0;0;0;0;0;0;0;0;1;0;0;0;0;0;0;0;0;0;0;1;0;0;0;0;0;0;171;94;77;142;0;19;6.2;0.55;0
1512530;极限求生;;;;0.0;1;500000;0;50.0;10;10;0;0;0;1;none;0;0;0;8.0;1;Novato;277;0;0;0;0;1;1;1;0;0;0;0;0;0;0;0;1;0;0;0;0;1;0;0;0;0;0;0;0;0;0;0;0;0;0;0;0;1;0;1;0;0;0;0;0;0;0;0;0;0;0;1;0;0;0;0;0;0;0;0;0;0;0;0;1;0;0;0;0;0;0;0;0;0;0;0;0;0;0;5;3;2;5;0;4;2.5;0.6;1
1879690;Spirits Chronicles: Born in Flames Collector's Edition;;;;4.49;0;20000;1;76.92;10;3;0;0;0;4;none;0;0;0;1.0;1;Novato;147;0;1;1;0;0;0;0;0;0;0;0;0;0;0;1;0;0;0;0;0;0;0;0;0;0;0;0;0;0;1;0;0;0;1;0;0;0;0;0;0;0;0;0;0;0;0;0;0;0;0;0;0;0;0;0;0;0;1;1;1;0;1;0;0;0;0;1;1;1;0;1;0;0;0;0;0;0;0;7;5;2;6;0;5;5.99;0.714;0
1781160;Electrician Simulator - First Shock;;;;0.0;1;200000;1;80.75;1502;358;0;0;0;9;none;0;0;0;8.0;1;Novato;209;0;1;1;0;1;0;0;0;1;0;0;0;0;0;1;0;0;0;0;0;0;0;0;0;0;0;0;0;0;1;1;1;0;0;0;0;0;0;0;0;0;0;0;0;0;0;0;0;0;0;0;1;1;0;0;0;0;1;0;0;0;0;1;1;0;0;0;0;1;0;1;1;0;0;0;0;0;0;167;115;52;167;0;29;2.02;0.689;1
1892600;Red Hero Adventure;;;;9.99;0;20000;0;33.33;4;8;0;0;0;2;none;0;0;0;0.5;1;Novato;248;0;1;0;0;0;0;0;0;0;0;0;0;0;0;1;0;0;0;0;0;0;0;0;0;0;0;0;0;0;0;0;0;0;0;0;0;0;0;0;0;0;0;0;1;0;0;0;0;0;0;0;0;0;0;0;0;0;0;0;0;0;0;0;0;0;0;0;0;0;0;0;0;0;0;0;0;0;0;8;5;3;2;0;7;1.71;0.625;0
1554920;Neon Shooter;;;;1.99;0;20000;0;100.0;2;0;0;0;0;1;none;0;0;0;2.0;1;Novato;262;1;0;0;0;0;0;0;0;0;0;0;0;0;0;1;0;0;0;0;0;0;0;0;0;0;0;0;0;0;0;0;0;0;0;0;0;0;0;0;0;0;0;0;0;0;0;0;0;0;0;0;0;0;0;0;0;0;0;0;0;0;1;0;0;0;0;0;0;0;0;0;0;0;0;0;0;0;0;0;0;0;0;0;0;0.0;0.0;0
623340;Stars End;;;;2.84;0;100000;2;62.57;871;521;0;25;1;9;full;0;0;0;8.0;1;Novato;226;1;1;0;0;1;1;0;0;1;0;0;0;0;0;1;1;1;1;0;1;0;1;0;0;0;1;0;0;0;0;1;1;0;0;0;0;1;0;0;0;0;0;0;0;0;0;1;1;0;1;0;1;1;0;0;0;0;0;0;0;0;0;0;0;0;0;0;0;0;0;0;0;0;0;0;0;1;0;136;35;101;104;0;29;18.44;0.257;1
531730;Corona Blossom Vol.2 The Truth From Beyond;;;;9.99;0;20000;0;97.73;172;4;0;22;1;3;none;0;0;0;1.0;1;Novato;286;0;1;1;0;0;0;0;0;0;0;0;0;0;0;1;0;0;0;0;0;1;1;1;0;0;1;0;0;0;0;0;0;0;0;0;0;0;0;0;0;0;0;0;0;0;0;0;0;0;0;0;0;0;0;0;0;0;0;0;1;1;0;0;0;0;0;0;0;0;0;1;0;0;0;0;0;0;0;26;26;0;24;0;19;10.79;1.0;0
772500;Distortions;;;;0.0;0;20000;0;58.91;119;83;0;0;1;2;none;0;0;0;1.0;1;Novato;137;1;1;0;0;1;0;1;0;0;0;0;0;0;0;1;0;0;0;0;0;1;0;0;0;0;0;0;0;0;0;1;0;0;0;0;0;0;0;1;0;0;0;0;0;0;0;0;0;0;0;0;0;0;0;0;0;0;0;0;0;0;0;0;0;0;0;0;1;0;0;0;1;0;0;0;0;0;0;33;13;20;16;0;21;3.11;0.394;0
1724440;Epic Fantasy Battle Simulator;;;;9.99;0;20000;2;87.1;378;56;0;0;0;31;none;0;0;0;8.0;1;Novato;267;1;0;1;0;0;0;0;0;1;0;1;0;0;1;1;0;0;0;0;0;0;0;0;0;0;0;0;0;0;0;0;0;0;0;0;0;0;0;0;0;0;1;0;0;0;0;0;0;0;0;0;1;1;0;0;0;0;0;0;0;0;0;1;1;0;0;0;0;0;0;0;0;1;0;0;0;0;0;104;70;34;100;104;28;11.13;0.673;0
339840;The Moment of Silence;;;;7.99;0;20000;0;64.15;68;38;0;0;0;8;none;0;0;0;0.25;1;Novato;243;0;1;0;0;1;0;0;0;0;0;0;0;0;0;1;0;0;0;0;0;0;0;1;0;0;0;0;0;0;0;0;0;0;1;0;0;0;0;0;0;0;0;0;0;0;0;0;0;0;0;0;0;0;0;0;0;0;0;1;0;0;0;0;0;0;0;0;0;0;0;0;1;0;0;0;0;0;0;18;11;7;14;0;12;18.0;0.611;0
1552250;Three of Cards;;;;0.0;1;100000;1;94.44;323;19;0;13;0;2;none;0;0;0;1.0;1;Novato;288;1;1;0;0;1;0;1;0;0;0;0;0;0;0;1;0;0;0;0;0;0;1;0;0;0;0;0;0;0;0;0;0;0;1;0;0;0;0;1;1;0;0;0;1;1;0;0;0;0;0;0;0;0;0;0;0;0;1;0;0;0;0;0;0;0;0;1;1;0;0;0;0;0;0;0;0;0;1;37;33;4;37;0;23;2.79;0.892;1
1691420;START AGAIN: a prologue;;;;10.99;0;100000;4;96.39;481;18;0;0;1;2;none;0;0;0;4.0;1;Novato;72;0;0;0;0;1;0;1;0;0;0;0;0;0;0;1;0;0;0;0;0;1;0;0;0;0;0;0;0;0;0;0;0;0;1;0;0;0;0;1;0;0;0;0;0;0;0;0;0;0;0;0;0;0;0;0;0;0;0;0;0;0;1;0;0;0;0;0;0;0;0;0;0;0;0;0;0;0;0;449;430;19;407;0;29;4.28;0.958;1
2680330;HunterX: code name T;;;;8.99;0;20000;3;88.5;100;13;0;62;0;11;full;0;0;0;2.0;1;Novato;180;1;1;0;0;1;0;1;0;0;0;0;0;0;0;1;0;0;0;0;1;0;1;1;0;0;0;0;0;0;0;0;0;0;0;0;0;0;0;1;1;0;0;0;1;1;0;0;0;0;0;0;0;0;0;0;0;0;0;0;0;1;0;1;0;0;0;0;1;0;0;0;1;0;0;0;0;0;0;111;96;15;95;0;26;18.12;0.865;0
577230;Three Kingdoms The Last Warlord;;;;3.99;0;200000;59;70.27;2669;1129;0;89;11;11;none;0;0;0;2.0;1;Novato;218;0;0;0;0;1;0;0;0;1;0;1;0;0;0;1;0;0;0;0;0;0;1;1;1;0;1;0;0;0;0;0;0;0;1;0;0;1;0;0;0;1;1;0;0;0;0;0;0;0;0;0;0;1;0;0;0;0;0;0;0;0;1;0;1;0;0;0;0;0;0;0;0;0;0;0;0;0;0;399;187;212;374;0;29;111.71;0.469;1
345460;War of Omens Card Game;;;;0.0;1;100000;16;86.36;589;93;0;0;0;1;none;0;0;0;4.0;1;Novato;300;0;0;0;0;1;0;0;0;0;0;1;0;0;0;1;1;0;0;0;0;0;0;0;0;1;0;0;0;0;0;0;0;0;0;0;0;0;0;0;0;0;1;0;0;0;0;0;0;0;0;0;0;0;0;0;0;0;0;0;0;0;0;0;0;0;0;0;0;0;0;0;1;0;1;0;0;0;0;56;50;6;56;0;24;106.57;0.893;1
677020;Eventide 3: Legacy of Legends;;;;7.99;0;20000;0;84.34;237;44;0;28;0;9;none;0;0;0;1.0;1;Novato;40;0;1;1;0;0;0;0;0;0;0;0;0;0;0;1;0;0;0;0;0;0;1;1;0;0;1;0;0;0;0;0;0;0;1;0;0;0;1;0;0;0;0;0;0;0;0;0;0;0;0;0;0;0;0;0;0;0;1;1;1;0;1;0;0;0;0;0;1;1;0;1;1;0;0;0;0;0;0;43;37;6;35;0;22;5.32;0.86;0
248710;Iesabel;;;;4.99;0;100000;0;31.12;234;518;0;48;0;7;none;0;0;0;2.0;1;Novato;289;1;0;0;0;1;0;1;0;0;0;0;0;0;0;1;0;0;0;0;0;0;0;0;0;0;0;0;0;0;0;0;0;0;0;0;0;0;0;1;1;0;0;0;0;0;0;1;0;0;0;0;0;0;0;0;0;0;0;0;0;0;0;0;0;0;0;0;0;0;0;0;1;0;0;0;0;0;0;25;13;12;9;0;18;13.16;0.52;1
1210250;Island Saver;;;;0.0;1;200000;15;95.42;3414;164;0;33;2;6;full;0;0;0;4.0;1;Novato;220;1;1;0;0;0;0;0;0;0;0;0;0;0;0;1;0;0;0;0;1;0;1;1;0;0;0;0;0;0;1;0;0;0;0;0;0;0;0;0;0;0;0;0;0;0;0;0;1;0;0;0;0;0;0;0;0;0;0;0;0;0;0;0;0;0;0;0;0;0;0;1;1;0;1;0;0;1;0;973;909;64;973;0;29;96.41;0.934;1
1735950;Paper Bride;;;;7.99;0;200000;10;91.63;1882;172;0;20;0;7;none;0;0;0;2.0;1;Novato;237;0;1;1;0;1;0;1;0;0;0;0;0;0;0;1;0;0;0;0;0;0;1;0;0;0;0;0;0;0;0;0;0;0;1;0;0;0;1;1;0;0;0;0;0;0;0;0;0;0;0;0;0;0;0;0;0;0;1;0;0;0;1;0;0;0;0;0;1;0;0;1;0;0;0;0;0;0;0;491;440;51;392;0;29;6.37;0.896;1
282900;"Hyperdimension Neptunia Re;Birth1";;;;7.99;0;500000;20;94.28;11414;692;0;45;21;3;full;0;0;0;4.0;1;Novato;258;0;0;0;0;0;0;1;0;0;0;1;0;0;0;1;0;0;0;0;1;0;1;1;0;0;1;0;0;0;0;0;0;0;1;0;0;0;0;1;0;1;1;0;0;0;0;0;0;0;0;0;0;0;0;0;0;0;0;0;1;1;0;0;0;0;0;0;0;0;0;1;0;0;0;0;0;0;0;788;691;97;588;0;29;39.5;0.877;1
688060;Odd Realm;;;;10.49;0;50000;7;85.74;818;136;0;0;1;1;none;0;0;0;4.0;1;Novato;291;0;0;0;0;1;0;0;0;1;0;1;0;0;0;1;0;0;0;0;0;0;0;1;0;0;0;0;0;0;0;0;1;0;0;0;0;1;0;0;0;0;1;0;0;0;0;0;0;0;0;0;1;1;1;1;0;0;0;0;0;0;1;0;0;0;0;0;1;0;0;0;1;0;0;0;0;0;0;239;165;74;222;27;27;28.23;0.69;1
342080;Rogue Invader;;;;9.99;0;50000;0;92.06;58;5;0;25;1;1;none;0;0;0;8.0;1;Novato;31;1;0;0;0;1;0;0;0;0;0;0;0;0;0;1;0;0;0;0;0;0;1;0;0;0;1;0;0;0;0;0;0;0;0;0;0;0;0;0;0;0;0;0;0;0;0;0;0;0;0;0;0;0;0;0;0;0;0;0;0;0;0;0;0;0;0;0;0;0;0;0;0;0;0;0;0;0;0;6;6;0;3;0;5;10.68;1.0;1
251490;Gravity Ghost;;;;5.79;0;20000;0;96.69;292;10;0;19;1;1;full;0;0;0;2.0;1;Novato;336;0;0;0;0;1;0;0;0;0;0;0;0;0;0;1;0;0;0;0;1;0;1;1;0;0;0;0;0;0;0;0;0;0;1;0;0;0;0;0;0;0;0;0;0;0;0;0;0;0;0;0;0;0;0;0;0;0;1;0;0;0;0;0;0;0;0;0;1;0;0;0;1;0;0;0;0;0;0;13;13;0;8;0;10;6.58;1.0;0
308270;Buzz Aldrin's Space Program Manager;;;;2.99;0;20000;1;77.04;369;110;0;19;0;5;none;0;0;0;2.0;1;Novato;199;0;0;0;0;0;0;0;0;1;0;1;0;0;0;1;1;0;0;0;0;0;0;0;0;0;1;0;0;0;0;0;0;0;0;0;0;0;0;0;0;1;1;0;0;0;0;0;1;0;0;0;0;1;1;0;0;0;0;0;0;0;0;0;0;0;0;0;0;0;0;0;0;0;0;0;0;0;0;45;33;12;35;0;23;63.41;0.733;0
348950;Ame no Marginal -Rain Marginal-;;;;7.29;0;50000;0;86.86;357;54;0;0;1;2;none;0;0;0;1.0;1;Novato;247;0;0;0;0;1;0;0;0;0;0;0;0;0;0;1;0;0;0;0;0;0;0;1;0;0;1;0;0;0;0;0;0;0;1;0;0;0;0;0;0;0;0;0;0;0;0;0;0;0;0;0;0;0;0;0;0;0;0;0;1;1;1;0;0;0;0;0;0;0;0;1;1;0;0;0;0;0;0;38;33;5;26;0;22;4.87;0.868;1
351910;Valhalla Hills;;;;3.99;0;200000;4;55.2;722;586;0;26;3;12;none;0;0;0;4.0;1;Novato;166;0;0;0;0;1;0;0;0;1;0;1;0;0;0;1;0;0;0;0;0;1;1;1;0;0;1;0;0;0;0;0;0;0;0;0;0;0;0;0;0;0;1;0;0;0;0;0;0;0;0;0;0;1;1;1;0;0;0;0;0;0;0;0;0;0;0;0;0;0;0;0;1;1;0;0;0;0;0;94;52;42;48;0;28;15.9;0.553;1
2198070;Cardboard Town;;;;6.99;0;100000;12;82.4;1503;321;0;20;0;11;full;0;0;0;4.0;1;Novato;180;0;0;1;0;1;0;0;0;1;0;1;0;0;0;1;0;0;0;0;1;0;1;1;0;0;1;1;0;0;0;0;0;0;0;0;0;0;0;0;0;0;1;0;0;0;0;0;0;0;0;0;0;1;1;1;0;0;0;0;0;0;0;0;0;0;0;0;0;0;0;1;0;0;0;0;0;0;0;1000;732;268;884;0;27;7.85;0.732;1
1014270;Plaguepunk Justice;;;;1.44;0;100000;0;100.0;14;0;0;13;0;5;none;0;0;0;0.5;1;Novato;160;0;0;0;0;1;0;0;0;0;0;1;0;0;0;1;0;0;0;0;0;0;1;0;0;0;0;0;0;0;0;0;0;0;1;0;0;0;0;0;0;0;1;0;0;0;0;0;0;0;0;0;0;0;0;0;0;0;0;0;0;0;1;0;0;0;0;1;1;0;0;0;0;0;0;0;0;0;1;0;0;0;0;0;0;0.0;0.0;1
1285210;CasinoLife Poker - #1 Free Texas Holdem 3D;;;;0.0;1;50000;0;58.99;82;57;0;35;3;1;none;0;0;0;2.0;1;Novato;215;0;0;1;0;0;1;0;0;1;1;1;0;0;0;0;1;0;0;0;0;0;1;0;0;1;0;0;0;0;1;0;0;0;0;0;0;0;0;0;0;0;1;0;0;0;0;0;1;0;1;0;0;0;0;0;1;0;0;0;0;0;0;1;1;0;0;0;0;0;0;1;0;0;1;0;0;0;0;17;7;10;17;0;15;32.55;0.412;1
814610;Last Rites;;;;3.99;0;20000;0;59.02;36;25;0;0;0;1;none;0;0;0;0.25;1;Novato;246;1;0;0;0;0;0;0;0;0;0;0;0;0;0;1;0;0;0;0;0;1;0;0;0;0;0;0;0;0;0;0;0;0;0;0;0;0;1;0;0;0;0;0;0;0;0;0;0;0;0;0;0;0;0;0;0;0;0;0;0;0;0;0;0;0;0;0;0;0;0;0;0;0;0;0;0;1;0;16;8;8;9;0;15;4.24;0.5;0
824830;Corpse Party: Blood Drive;;;;19.99;0;20000;0;76.74;264;80;0;38;0;3;none;0;0;0;2.0;1;Novato;293;0;0;0;0;1;0;0;0;0;0;0;0;0;0;1;0;0;0;0;0;1;1;1;0;0;1;0;0;0;0;0;0;0;0;0;0;0;1;0;0;0;0;0;0;0;0;0;0;0;0;0;0;0;0;0;0;0;0;0;1;1;0;0;0;0;0;0;0;0;0;0;1;0;0;0;0;0;0;106;64;42;101;0;29;18.62;0.604;0
465280;Yesterday Origins;;;;14.99;0;100000;3;82.7;569;119;0;36;0;8;full;0;0;0;2.0;1;Novato;260;0;1;0;0;0;0;0;0;0;0;0;0;0;0;1;0;0;0;0;1;0;1;0;0;0;1;0;0;0;0;0;0;0;1;0;0;0;0;0;0;0;0;0;0;0;0;0;0;0;0;0;0;0;0;0;0;0;1;1;0;0;0;0;0;0;0;1;0;0;0;0;0;0;0;0;0;0;0;101;82;19;69;0;29;11.11;0.812;1
286000;Tooth and Tail;;;;19.99;0;200000;3;79.91;3242;815;0;38;1;13;full;0;0;0;2.0;1;Novato;288;1;0;1;0;1;0;0;0;0;0;1;0;0;0;1;1;0;0;0;1;0;1;0;1;0;1;1;0;0;0;0;0;0;1;0;0;0;0;0;0;0;1;0;0;0;0;1;1;1;0;0;0;0;0;0;0;0;0;0;0;0;1;0;0;0;0;0;0;0;0;1;1;0;0;0;0;0;0;259;202;57;164;0;29;22.98;0.78;1
584370;The Trail: Frontier Challenge;;;;14.99;0;20000;1;75.64;236;76;0;25;0;9;none;0;0;0;1.0;1;Novato;222;0;1;0;0;1;0;0;0;1;0;0;0;0;0;1;1;0;0;0;0;0;1;0;0;0;1;0;0;0;0;0;1;0;0;0;0;1;0;1;0;0;0;0;0;0;0;0;1;0;0;0;0;1;0;0;0;0;0;0;0;0;0;0;0;0;0;0;0;0;0;0;1;0;0;0;0;0;0;33;27;6;32;0;19;32.84;0.818;0
480500;Dogfight Elite;;;;0.0;1;20000;0;58.33;21;15;0;0;0;103;none;0;0;0;1.0;1;Novato;263;1;0;0;0;1;1;0;0;1;0;1;0;0;0;1;1;1;1;0;0;1;0;0;0;1;0;0;0;0;0;0;0;0;0;0;0;0;0;0;0;0;1;0;0;0;0;0;0;0;0;0;0;1;0;0;0;0;0;0;0;0;0;1;1;0;0;0;0;0;0;0;1;0;0;1;1;1;0;27;15;12;27;0;20;10.69;0.556;0
341640;Relativity Wars - A Science Space RTS;;;;5.99;0;20000;0;41.67;10;14;0;0;0;1;none;0;0;0;1.0;1;Novato;116;0;1;0;0;1;0;1;0;1;0;1;0;0;0;1;0;0;0;0;0;0;0;0;0;0;0;0;0;0;0;0;0;0;0;0;0;0;0;1;0;0;1;0;0;0;0;0;0;0;0;0;0;1;0;0;0;0;0;0;0;0;0;0;0;0;0;0;0;0;0;0;1;0;0;0;0;0;0;0;0;0;0;0;0;0.0;0.0;0
2157560;Granblue Fantasy Versus: Rising;;;;34.99;0;200000;1736;82.53;4586;971;0;48;56;9;none;0;0;0;4.0;1;Novato;242;1;0;0;0;0;0;0;0;0;0;0;0;0;0;1;1;0;0;0;0;1;0;1;0;0;0;1;0;0;0;0;0;0;1;0;0;0;0;0;1;0;0;0;0;0;0;0;1;0;1;0;0;0;0;0;0;0;0;0;0;1;0;0;0;0;0;0;0;0;0;0;0;0;1;0;0;0;0;999;829;170;772;0;10;124.39;0.83;1
1375860;Pin Puck;;;;2.5;0;20000;0;100.0;2;0;0;0;0;1;full;0;0;0;1.0;1;Novato;201;1;0;0;0;1;0;0;0;0;1;0;0;0;0;1;1;0;0;0;1;0;0;0;0;0;0;1;0;0;0;0;0;0;0;0;0;0;0;0;0;0;0;0;0;0;0;0;1;0;1;0;0;0;0;0;1;0;0;0;0;0;1;0;0;0;0;0;0;0;0;0;1;0;0;0;0;0;0;2;2;0;1;0;2;3.18;1.0;0
645290;Mechanism;;;;12.99;0;20000;0;68.94;111;50;0;18;1;6;full;0;0;0;4.0;1;Novato;166;0;1;0;0;1;0;0;0;0;0;0;0;0;0;1;0;0;0;0;1;0;1;0;0;0;1;0;0;0;0;1;0;0;1;0;0;0;1;0;0;0;0;0;0;0;0;0;0;0;0;0;0;0;0;0;0;0;1;0;0;0;0;0;0;0;0;1;1;0;0;0;1;0;0;0;0;0;0;21;13;8;19;0;15;4.35;0.619;0
1823540;Criminal Archives: City on Fire Collector's Edition;;;;4.49;0;50000;2;85.71;30;5;0;0;0;8;none;0;0;0;1.0;1;Novato;200;0;1;1;0;0;0;0;0;0;0;0;0;0;0;1;0;0;0;0;0;0;0;0;0;0;0;0;0;0;1;0;0;0;1;0;0;0;0;0;0;0;0;0;0;0;0;0;0;0;0;0;0;0;0;0;0;0;1;1;1;0;1;0;1;0;0;1;1;0;0;1;0;0;0;0;0;0;0;24;19;5;24;0;14;5.64;0.792;1
450110;Amigdala;;;;0.0;1;20000;0;70.0;98;42;0;15;0;1;full;0;0;0;4.0;1;Novato;281;1;1;0;0;1;0;0;0;0;0;0;0;0;0;1;0;0;0;0;1;0;1;1;0;0;1;0;0;0;0;0;0;0;0;0;0;0;1;0;0;0;0;0;0;0;0;0;0;0;0;0;0;0;0;0;0;0;0;0;0;0;0;0;0;0;0;0;0;0;0;0;1;0;0;1;0;0;0;23;17;6;23;0;15;35.08;0.739;0
2111220;The Resurrection Of Amelia : Across two worlds;;;;1.49;0;20000;0;88.24;30;4;0;13;0;3;none;0;0;0;4.0;1;Novato;200;1;1;0;0;1;0;1;0;0;0;0;0;0;0;1;0;0;0;0;0;0;0;0;0;0;0;0;0;0;0;0;0;0;0;0;0;0;0;1;1;0;0;0;0;0;0;0;0;0;0;0;0;0;0;0;0;0;1;0;0;0;1;0;0;0;0;0;0;0;0;0;0;0;0;0;0;0;0;5;2;3;2;0;3;3.32;0.4;0
1524230;Mori's Nightmare : Hide and seek;;;;0.99;0;50000;0;66.13;41;21;0;0;0;5;none;0;0;0;1.0;1;Novato;64;1;1;1;0;1;0;0;0;0;0;0;0;0;0;1;0;0;0;0;0;0;0;0;0;0;0;0;0;0;0;0;0;0;0;0;0;0;1;0;0;0;0;0;0;0;0;0;0;0;0;0;0;0;0;0;0;0;0;0;0;0;1;0;0;0;0;0;0;0;0;0;0;0;0;0;0;0;0;9;6;3;8;0;7;2.59;0.667;1
2254310;Mecha Blade;;;;9.99;0;20000;0;33.33;1;2;0;20;1;1;none;0;0;0;4.0;1;Novato;242;1;1;0;0;0;0;1;0;0;0;1;0;0;0;1;0;0;0;0;0;0;1;0;0;0;0;0;0;0;0;0;0;0;1;0;0;0;0;1;0;0;1;0;0;0;0;0;0;0;0;0;0;0;0;0;0;0;0;0;0;0;1;0;0;0;0;0;0;0;0;0;0;0;0;0;0;0;0;1;1;0;0;0;1;0.23;1.0;0
836850;Tiny Tanks;;;;9.99;0;20000;0;66.4;83;42;0;29;0;25;full;0;0;0;1.0;1;Novato;194;1;0;1;0;1;0;0;0;0;0;0;0;0;1;0;1;0;0;0;1;0;0;1;0;0;0;1;0;0;0;0;0;0;0;0;0;0;0;0;0;0;0;0;0;0;0;1;1;1;0;0;0;1;0;0;0;0;0;0;0;0;0;0;0;0;0;0;0;0;0;1;1;1;0;0;0;0;0;8;7;1;6;8;7;3.72;0.875;0
1323190;Sbeve;;;;0.0;1;20000;0;64.29;9;5;0;6;0;1;none;0;0;0;4.0;1;Novato;57;0;1;0;0;0;0;0;0;0;0;0;0;0;1;1;0;0;0;0;0;0;1;0;0;0;0;0;0;0;0;0;0;0;0;0;0;0;0;0;0;0;0;0;0;0;0;0;0;0;0;0;0;0;0;0;0;0;0;0;0;0;0;0;0;0;0;0;0;0;0;0;0;1;0;0;0;0;0;7;6;1;7;7;6;1.29;0.857;0
1011510;Wizard And Minion Idle;;;;0.0;1;100000;175;90.34;692;74;0;69;0;1;none;0;0;0;1.0;1;Novato;270;0;0;0;0;0;0;1;0;0;0;1;0;0;0;1;0;0;0;0;0;0;0;0;0;1;0;0;0;0;0;0;0;0;0;0;0;0;0;1;0;0;1;0;0;0;0;0;0;0;0;0;0;1;1;0;0;0;0;0;0;0;1;0;0;0;0;0;0;0;0;1;1;0;1;0;0;0;0;162;137;25;162;0;29;702.56;0.846;1
226120;Weird Worlds: Return to Infinite Space;;;;4.99;0;100000;0;65.51;397;209;0;0;0;1;none;0;0;0;0.12;1;Novato;118;0;1;1;0;1;0;0;0;0;0;1;0;0;0;1;0;0;0;0;0;0;0;0;0;0;0;0;0;0;0;0;0;0;0;0;0;0;0;0;0;0;1;0;0;0;0;0;0;0;0;0;0;0;0;0;0;0;0;0;0;0;0;0;0;0;0;0;0;0;0;1;1;0;0;0;0;0;0;33;26;7;15;0;19;7.99;0.788;1
2389040;ShapeHero Factory;;;;12.0;0;20000;52;88.6;544;70;0;38;1;12;full;0;0;0;8.0;1;Novato;225;0;0;1;0;1;0;0;0;1;0;1;0;0;0;1;0;0;0;0;1;0;1;1;0;0;0;0;0;0;0;0;1;0;0;0;0;0;0;0;0;0;1;1;0;0;0;0;0;0;0;0;0;1;0;0;0;0;1;0;0;0;0;0;0;0;0;0;1;0;0;0;0;1;0;0;0;0;0;986;874;112;959;690;19;47.87;0.886;0
1177400;江湖余生：缘起;;;;11.99;0;50000;0;77.73;562;161;0;0;1;1;none;0;0;0;2.0;1;Novato;88;0;1;0;0;1;0;1;0;1;0;0;0;0;0;1;0;0;0;0;0;0;0;1;0;0;0;0;0;0;0;0;0;0;1;0;0;1;0;1;0;0;0;0;0;0;0;0;0;0;0;0;0;1;0;0;0;0;0;0;0;0;0;0;0;0;0;0;0;0;0;0;1;0;0;0;0;0;0;57;39;18;36;0;25;18.28;0.684;1
1535790;Sword of Hypotenuse;;;;7.99;0;20000;0;0.0;0;1;0;0;1;1;full;0;0;0;4.0;1;Novato;252;1;1;0;0;1;0;0;0;0;0;0;0;0;0;1;1;1;0;0;1;0;0;0;0;0;0;1;1;0;0;0;0;0;0;0;0;0;0;0;0;0;0;0;0;1;0;0;0;0;0;0;0;0;0;0;0;0;0;0;0;0;0;1;0;0;1;0;0;0;0;0;0;0;0;0;0;0;0;0;0;0;0;0;0;0.0;0.0;0
871540;BMX Streets;;;;12.49;0;50000;128;76.41;1911;590;0;10;0;10;full;0;0;0;6.0;1;Novato;298;0;0;1;0;1;0;0;0;1;1;0;0;0;0;1;0;0;0;0;1;0;1;0;0;0;0;0;0;0;0;1;0;0;0;0;0;0;0;0;0;0;0;0;0;0;0;0;1;0;0;0;1;1;0;0;1;0;0;0;0;0;0;1;1;0;0;0;0;0;0;1;1;0;0;0;0;0;0;1000;859;141;963;0;7;45.88;0.859;1
423700;Apocalypse Hotel - The Post-Apocalyptic Hotel Simulator!;;;;6.99;0;20000;0;34.25;25;48;0;14;2;1;none;0;0;0;1.0;1;Novato;175;0;0;1;0;1;0;1;0;1;0;0;0;0;0;1;0;0;0;0;0;0;1;0;0;0;0;0;0;0;0;1;1;0;0;0;0;0;0;1;1;0;0;0;0;0;0;0;0;0;0;0;1;1;0;0;0;0;0;0;0;0;0;0;0;0;0;1;1;0;0;1;1;0;0;0;0;0;0;0;0;0;0;0;0;0.0;0.0;0
313690;LEGO® Batman™ 3: Beyond Gotham;;;;16.99;0;500000;76;89.14;7792;949;0;70;10;10;full;0;0;0;2.0;1;Novato;158;1;1;0;0;0;0;0;0;0;0;0;0;0;0;1;1;0;0;0;1;0;1;1;0;0;0;1;0;0;0;1;0;0;0;0;0;0;0;0;0;0;0;0;0;0;0;1;1;1;0;0;1;0;0;0;0;0;1;0;0;0;0;0;0;0;0;0;0;0;0;0;0;0;0;0;0;0;0;1000;843;157;743;0;9;25.96;0.843;1
2084100;The Dancer: Definitive Edition;;;;0.99;0;20000;0;100.0;8;0;0;17;0;1;none;0;0;0;2.0;1;Novato;129;1;0;0;0;1;0;0;0;0;0;0;0;0;0;1;0;0;0;0;0;0;1;0;0;0;0;0;0;0;0;0;0;0;0;0;0;0;1;0;0;0;0;0;0;0;0;0;0;0;0;0;0;0;0;0;0;0;0;0;0;0;0;1;0;0;0;0;0;0;0;0;1;0;0;0;0;1;0;1;1;0;0;0;1;1.4;1.0;0
1406150;Delta Light;;;;0.89;0;20000;0;93.75;15;1;0;96;0;1;full;0;0;0;0.5;1;Novato;272;0;0;0;0;1;0;0;0;0;0;1;0;0;0;1;0;0;0;0;1;0;1;1;0;0;0;0;0;0;0;0;0;0;0;0;0;0;0;0;0;0;1;0;0;0;0;0;0;0;0;0;0;0;0;0;0;0;1;0;0;0;1;0;0;0;0;0;0;1;0;0;0;0;0;0;0;0;0;3;2;1;1;0;1;3.14;0.667;0
1266540;Ships At Sea;;;;7.49;0;100000;44;66.67;1274;637;0;0;1;13;none;0;0;0;8.0;1;Novato;296;0;0;0;0;0;0;0;0;1;0;0;0;0;1;1;1;1;1;0;0;0;0;1;0;0;0;0;0;0;1;0;0;0;0;0;0;0;0;0;0;0;0;0;0;0;0;1;0;0;0;0;1;0;1;0;0;0;0;0;0;0;0;1;0;0;0;0;0;1;0;0;0;1;0;0;0;0;0;999;671;328;866;999;17;29.37;0.672;1
2128270;Path of Achra;;;;4.99;0;50000;94;98.41;2537;41;0;102;0;1;none;0;0;0;0.5;1;Novato;276;0;0;0;0;0;0;1;0;0;0;0;0;0;0;1;0;0;0;0;0;0;1;1;0;0;0;0;0;0;0;0;0;0;0;0;0;0;0;1;0;0;0;0;0;0;0;0;0;0;0;0;0;0;0;0;0;0;0;0;0;0;1;0;0;0;0;0;0;0;0;0;1;0;0;0;0;0;0;1000;976;24;973;0;17;47.53;0.976;1
1014010;Hotel Ever After - Ella's Wish;;;;8.49;0;20000;0;70.18;40;17;0;0;0;17;none;0;0;0;0.5;1;Novato;38;0;0;1;0;0;0;0;0;0;0;0;0;0;0;1;0;0;0;0;0;0;0;0;0;0;0;0;0;0;0;0;0;0;0;0;0;0;0;0;0;0;0;0;0;0;0;0;0;0;0;0;0;0;0;0;0;0;0;0;0;0;0;0;0;0;0;0;0;0;0;1;0;0;0;0;0;0;0;3;3;0;2;0;3;7.64;1.0;0
1197520;Familia;;;;0.0;1;100000;0;97.92;47;1;0;60;0;1;full;0;0;0;2.0;1;Novato;180;0;1;1;0;1;0;1;0;0;0;0;0;0;0;1;0;0;0;0;1;0;1;0;0;0;0;0;0;0;0;0;0;0;1;0;0;0;0;1;0;0;0;0;0;0;0;0;0;0;0;0;0;0;0;0;0;0;0;0;0;0;1;0;0;0;0;0;0;0;0;0;0;0;0;0;0;0;0;10;8;2;10;0;9;1.98;0.8;1
252670;Nihilumbra;;;;7.99;0;100000;1;88.4;2607;342;0;24;0;11;none;0;0;0;2.0;1;Novato;282;0;1;1;0;1;0;0;0;0;0;0;0;0;0;1;0;0;0;0;0;0;1;1;0;0;1;0;0;0;0;0;0;0;1;0;0;0;0;0;0;0;0;0;1;0;0;0;0;0;0;0;0;0;0;0;0;0;1;0;0;0;1;0;0;0;0;1;1;0;1;1;1;0;0;0;0;0;0;154;136;18;118;0;29;7.6;0.883;1
1059980;Just King;;;;1.99;0;20000;4;90.41;1310;139;0;97;1;9;full;0;0;0;1.0;1;Novato;225;1;0;1;0;1;0;1;0;0;0;1;0;0;0;1;0;0;0;0;1;0;1;1;0;0;1;0;0;0;0;0;0;0;0;0;0;0;0;1;1;0;1;0;0;0;0;0;0;0;1;0;0;0;0;0;0;0;0;0;0;0;1;0;0;0;0;0;0;0;0;1;1;0;0;0;0;0;0;252;200;52;217;0;29;18.63;0.794;0
429330;Stikbold! A Dodgeball Adventure;;;;5.79;0;20000;4;89.08;408;50;0;26;1;6;full;0;0;0;2.0;1;Novato;262;1;0;0;0;1;0;0;0;0;1;0;0;0;0;1;1;1;0;0;1;0;1;1;0;0;1;1;1;0;0;0;0;0;0;0;0;0;0;0;0;0;0;0;0;0;0;0;1;1;1;0;0;0;0;0;1;0;0;0;0;0;0;0;0;0;0;0;0;0;0;0;1;0;0;0;0;0;0;45;41;4;30;0;22;3.66;0.911;0
780210;Freeways;;;;2.99;0;100000;41;88.47;1658;216;0;4;0;1;none;0;0;0;1.0;1;Novato;101;0;0;0;0;1;0;0;0;1;0;0;0;0;0;1;0;0;0;0;0;0;1;1;0;0;0;0;0;0;0;0;0;0;0;0;0;0;0;0;0;0;0;0;0;0;0;0;0;0;0;0;0;1;0;0;0;0;1;0;0;0;1;0;0;0;0;0;0;0;0;1;1;0;0;0;0;0;0;781;736;45;762;0;29;18.12;0.942;1
567340;The Deal;;;;0.46;0;50000;1;86.75;72;11;0;12;0;1;none;0;0;0;0.5;1;Novato;165;0;1;1;0;1;0;1;0;0;0;1;0;0;0;1;0;0;0;0;0;1;1;1;0;0;1;0;0;0;0;0;0;0;0;0;0;0;0;1;0;0;1;0;0;0;0;0;0;0;0;0;0;0;0;0;0;0;0;0;0;0;0;0;0;0;0;0;0;0;0;1;1;0;0;0;0;0;0;15;14;1;13;0;11;13.19;0.933;1
296210;Brigade E5: New Jagged Union;;;;2.49;0;20000;2;71.53;98;39;0;0;0;3;none;0;0;0;0.5;1;Novato;274;0;0;0;0;0;0;0;0;1;0;1;0;0;0;1;0;0;0;0;0;0;0;1;0;0;0;0;0;0;0;0;0;0;0;0;0;0;0;1;0;1;1;0;0;0;0;0;0;0;0;0;0;1;0;0;0;0;0;0;0;0;0;0;0;0;0;0;0;0;0;0;0;0;0;0;0;0;0;34;31;3;28;0;18;32.1;0.912;0
2950340;LEGO® Harry Potter™ Collection;;;;39.99;0;20000;92;81.67;548;123;0;84;0;12;full;0;0;0;4.0;1;Novato;169;1;1;1;0;0;0;0;0;0;0;0;0;0;0;1;1;1;0;0;1;0;1;1;0;0;0;1;1;0;0;0;0;0;0;0;0;0;0;0;0;0;0;0;0;0;0;1;1;1;0;0;0;0;0;0;0;0;1;0;0;0;0;1;0;0;0;0;0;0;0;1;0;0;0;0;0;0;0;999;828;171;844;0;19;26.45;0.829;0
1072870;Random War;;;;0.89;0;20000;0;93.33;14;1;0;23;0;1;none;0;0;0;4.0;1;Novato;236;1;0;1;0;1;0;0;0;0;0;0;0;0;0;1;0;0;0;0;0;0;1;0;0;0;0;0;0;0;0;0;0;0;0;0;0;0;0;0;0;0;0;0;0;0;0;0;0;0;0;0;0;0;0;0;0;0;0;0;0;0;0;0;0;0;0;0;0;0;0;1;1;0;0;0;0;0;0;1;0;1;1;0;1;8.47;0.0;0
2254740;Persona 5 Tactica;;;;50.99;0;50000;13;74.35;1348;465;0;40;3;13;full;0;0;0;6.0;1;Novato;189;0;0;0;0;0;0;1;0;0;0;1;0;0;0;1;0;0;0;0;1;0;1;1;0;0;1;0;0;0;0;0;0;0;0;0;0;0;0;1;0;0;1;0;0;0;0;0;0;0;0;0;0;0;0;0;0;0;0;0;0;1;1;0;0;0;0;0;0;0;0;0;0;0;0;0;0;0;0;879;579;300;614;0;29;27.19;0.659;1
1659920;Antecrypt;;;;3.59;0;50000;0;87.5;28;4;0;9;0;1;full;0;0;0;0.0;1;Novato;109;1;0;0;0;1;0;0;0;0;0;0;0;0;0;1;0;0;0;0;1;0;1;1;0;0;0;0;0;0;0;0;0;0;0;0;0;0;0;0;0;0;0;0;0;0;0;0;0;0;0;0;0;0;0;0;0;0;0;0;0;0;1;0;0;0;0;0;0;0;0;0;0;0;0;0;0;0;0;10;10;0;8;0;7;4.6;1.0;1
734580;BattleRush;;;;0.0;1;200000;1;69.17;1995;889;0;0;10;1;none;0;0;0;2.0;1;Novato;196;1;1;0;0;1;1;0;0;0;0;0;0;0;0;0;1;0;0;0;0;0;0;0;0;0;0;0;0;0;1;1;1;0;0;0;0;1;1;0;0;0;1;0;0;0;0;0;1;0;0;1;0;0;0;0;0;0;0;0;0;0;0;0;0;0;0;0;0;0;0;0;1;1;1;0;0;1;0;117;85;32;117;0;27;18.16;0.726;1
2285570;Immortal Seeker;;;;6.99;0;100000;2;60.67;364;236;0;93;0;3;full;0;0;0;4.0;1;Novato;292;0;1;1;0;1;0;1;0;0;0;0;0;0;0;1;0;0;0;0;1;0;1;1;0;0;0;0;0;0;0;0;0;0;0;0;0;1;0;1;0;0;0;0;0;0;0;0;0;0;0;0;0;0;0;0;0;0;0;0;0;0;0;1;0;0;0;0;0;1;0;1;0;0;0;0;0;0;0;35;15;20;26;0;16;24.43;0.429;1
392080;Wayward Terran Frontier: Zero Falls;;;;29.99;0;50000;4;69.01;354;159;0;0;0;1;none;0;0;0;3.0;1;Novato;300;0;0;0;0;1;0;1;0;1;0;0;0;0;1;1;0;0;0;0;0;0;0;0;0;0;0;0;0;0;0;1;1;0;0;0;0;0;0;1;0;0;0;0;0;0;0;0;0;0;0;0;1;1;0;0;0;0;0;0;0;0;1;0;0;0;0;0;0;0;0;0;1;1;0;0;0;0;0;112;65;47;102;112;24;67.66;0.58;1
1452990;Hero Allstars: Void Invasion;;;;3.29;0;50000;1;90.36;75;8;0;31;0;1;none;0;0;0;1.0;1;Novato;150;0;1;0;0;1;0;1;0;0;0;0;0;0;0;1;0;0;0;0;0;0;1;1;0;0;0;0;0;0;0;0;0;0;1;0;0;0;0;1;0;0;0;0;0;0;0;0;0;0;0;0;0;0;0;0;0;0;0;0;0;1;1;0;0;0;0;0;0;0;0;0;1;0;0;0;0;0;0;17;15;2;17;0;11;19.31;0.882;1
1515750;Star Squadron: Student Driver;;;;0.0;1;20000;0;66.67;6;3;0;4;0;1;none;0;0;0;16.0;1;Novato;141;1;0;0;0;1;0;0;0;0;0;0;0;0;0;1;0;0;0;0;0;1;0;0;0;0;0;0;0;0;0;0;0;0;0;0;0;0;0;0;0;0;0;0;0;0;0;0;0;0;0;0;0;0;0;0;0;1;0;0;0;0;1;0;0;0;0;0;0;0;0;0;1;0;0;0;0;0;0;6;4;2;6;0;5;6.86;0.667;0
447950;Bad Caterpillar;;;;1.99;0;20000;0;95.27;141;7;0;11;0;1;full;0;0;0;0.12;1;Novato;212;1;0;1;0;1;0;0;0;0;0;0;0;0;0;1;0;0;0;0;1;0;1;0;0;0;1;0;0;0;0;0;0;0;0;0;0;0;0;0;0;0;0;0;0;0;0;0;0;0;0;0;0;0;0;0;0;0;0;0;0;0;0;0;0;0;0;0;0;0;0;1;1;0;0;0;0;0;0;11;11;0;6;0;11;10.67;1.0;0
209750;Cannon Fodder 3;;;;14.99;0;20000;0;53.98;95;81;0;0;0;1;none;0;0;0;1.0;1;Novato;267;1;0;0;0;0;0;0;0;0;0;0;0;0;0;1;0;1;0;0;0;0;0;0;0;0;0;0;0;0;0;0;0;0;0;0;0;0;0;0;0;0;1;0;0;0;0;0;0;0;0;0;0;0;0;0;0;0;0;0;0;0;0;0;0;0;0;0;0;0;0;0;0;0;0;0;0;0;0;19;12;7;11;0;13;4.68;0.632;0
2019300;Dokimon: Quest;;;;7.99;0;20000;7;81.19;164;38;0;44;1;4;full;0;0;0;4.0;1;Novato;206;0;1;1;0;0;0;1;0;0;0;1;0;0;0;1;0;0;0;0;1;0;1;1;0;0;0;0;0;0;0;1;0;0;1;0;0;0;0;1;0;0;1;0;0;0;0;0;0;0;0;0;0;0;0;0;0;0;0;0;0;0;1;0;0;0;0;0;0;1;0;1;0;0;0;0;0;0;0;374;296;78;317;0;19;12.74;0.791;0
1445790;Make Way;;;;1.74;0;50000;21;92.11;1284;110;0;27;1;9;full;0;0;0;4.0;1;Novato;238;1;0;1;0;1;0;0;1;0;0;0;0;0;0;1;1;0;0;0;1;0;1;1;0;0;1;1;0;0;0;0;0;0;0;0;0;0;0;0;0;0;0;0;0;0;0;0;1;0;1;0;0;0;0;0;0;1;0;0;0;0;0;1;0;0;0;0;0;0;0;1;0;0;0;0;0;0;0;1000;889;111;692;0;17;7.35;0.889;1
287580;Pandora: First Contact;;;;14.99;0;100000;5;62.64;394;235;0;80;1;5;none;0;0;0;2.0;1;Novato;286;0;0;0;0;0;0;0;0;1;0;1;0;0;0;1;1;1;0;0;0;0;1;1;0;0;0;0;0;0;0;0;0;0;0;0;0;0;0;0;0;1;1;0;0;0;0;0;1;0;0;0;0;1;0;0;0;0;0;0;0;0;0;0;0;0;0;0;0;0;0;0;0;0;0;0;0;0;0;39;23;16;29;0;22;119.02;0.59;1
1055540;A Short Hike;;;;4.49;0;200000;13;99.16;18904;160;0;12;0;5;full;0;0;0;2.0;1;Novato;131;0;1;0;0;1;0;0;0;0;0;0;0;0;0;1;0;0;0;0;1;0;1;1;0;0;1;0;0;0;0;1;0;0;0;0;0;0;0;0;0;0;0;0;0;0;0;0;0;0;0;0;0;0;0;0;0;0;0;0;0;0;0;0;0;0;0;0;0;1;0;1;1;0;0;0;0;0;0;1000;992;8;862;0;5;5.14;0.992;1
2602110;Noah's Descent into Madness;;;;0.89;0;50000;0;80.0;4;1;0;13;0;1;full;0;0;0;4.0;1;Novato;207;1;1;0;0;1;0;0;0;0;0;0;0;0;0;1;0;0;0;0;1;0;1;0;0;0;0;0;0;0;1;0;0;0;0;0;0;0;1;0;0;0;1;0;0;0;0;0;0;0;0;0;0;0;0;0;0;0;1;0;0;0;0;1;1;0;0;1;1;0;0;0;0;0;0;0;0;0;0;1;0;1;1;0;1;1.15;0.0;1
1081810;时之扉;;;;0.0;1;50000;0;46.51;20;23;0;0;0;1;none;0;0;0;2.0;1;Novato;140;1;1;0;0;1;1;1;0;0;0;1;0;0;0;1;1;1;1;0;0;0;0;0;0;1;0;0;0;0;0;0;0;0;1;0;0;0;0;1;0;0;1;0;0;0;0;0;0;0;0;0;0;0;0;0;0;0;0;0;0;1;1;0;0;0;1;0;0;0;0;0;0;0;1;0;0;0;0;6;4;2;6;0;6;1.63;0.667;1
3142060;Mine From Here;;;;0.89;0;20000;0;100.0;3;0;0;0;0;1;none;0;0;0;8.0;1;Novato;222;0;0;1;0;1;0;0;0;0;0;1;0;0;1;1;0;0;0;0;0;0;0;0;0;0;0;0;0;0;0;0;0;0;0;0;0;0;0;0;0;0;1;0;0;0;0;0;0;0;0;0;0;0;0;0;0;0;1;0;0;0;1;0;0;0;0;0;0;0;0;1;1;1;0;0;0;0;0;3;3;0;2;3;2;2.92;1.0;0
1397650;Jetborne Racing;;;;5.79;0;50000;1;88.36;448;59;0;0;0;1;none;0;0;0;8.0;1;Novato;299;0;0;0;0;1;0;0;1;1;0;0;0;0;0;1;1;0;0;0;0;0;0;0;0;0;0;0;0;0;0;0;0;0;0;0;0;0;0;0;0;0;0;0;0;0;0;0;1;0;0;0;0;1;0;0;0;1;0;0;0;0;0;0;0;0;0;0;0;0;0;0;1;0;0;1;0;0;0;89;71;18;80;0;28;3.32;0.798;1
681100;Supermagical;;;;2.49;0;50000;0;78.85;41;11;0;28;1;8;none;0;0;0;1.0;1;Novato;293;0;1;1;0;1;0;1;0;0;0;0;0;0;0;1;0;0;0;0;0;1;1;1;0;0;0;0;0;0;0;0;0;0;0;0;0;0;0;1;0;0;0;1;0;0;0;0;0;0;0;0;0;0;1;0;0;0;1;0;0;0;1;0;0;0;0;0;0;0;0;0;1;0;0;0;0;0;0;6;5;1;4;0;5;11.67;0.833;1
1413310;幻刃录;;;;0.0;1;20000;0;50.0;6;6;0;0;0;1;none;0;0;0;0.5;1;Novato;211;0;0;1;0;0;1;1;0;0;0;0;0;0;0;0;1;1;1;0;0;0;0;0;0;1;0;0;0;0;0;0;0;0;0;0;0;0;0;1;0;0;0;0;0;0;0;1;1;0;1;0;0;0;0;0;0;0;0;0;0;0;0;0;0;0;0;0;0;0;0;1;0;0;1;0;0;0;0;4;3;1;4;0;4;0.54;0.75;0
1143420;70 Seconds! Adventure;;;;0.99;0;20000;0;41.18;7;10;0;5;0;1;none;0;0;0;0.0;1;Novato;282;1;1;1;0;1;0;1;0;0;0;0;0;0;0;1;0;0;0;0;0;0;1;0;0;0;0;0;0;0;0;0;0;0;0;0;0;0;0;1;0;0;0;0;0;0;0;0;0;0;0;0;0;0;0;0;0;0;0;0;0;0;0;0;0;0;0;0;0;0;0;1;1;0;0;0;0;0;0;4;2;2;2;0;4;2.6;0.5;0
1178400;Pro Cycling Manager 2020;;;;12.99;0;20000;55;87.09;823;122;0;69;0;9;none;0;0;0;4.0;1;Novato;226;0;0;0;0;0;0;0;0;1;1;1;0;0;0;1;1;0;0;0;0;0;1;1;1;0;1;0;0;0;0;0;0;0;0;0;0;0;0;0;0;0;1;0;0;0;0;1;1;0;0;0;0;1;1;0;1;1;0;0;0;0;0;0;1;0;0;0;1;1;0;1;0;0;0;0;0;0;0;46;40;6;31;0;23;353.15;0.87;0
2083120;Car Jump Challenge;;;;3.99;0;20000;0;100.0;1;0;0;25;0;29;none;0;0;0;2.0;1;Novato;57;1;0;0;0;0;0;0;0;0;0;0;0;0;0;1;0;0;0;0;0;0;1;0;0;0;0;0;0;0;0;0;0;0;0;0;0;0;0;0;0;0;0;0;1;0;0;0;0;0;0;0;0;0;0;0;0;0;0;0;0;0;1;0;0;0;0;0;0;0;0;0;1;0;0;0;0;0;0;1;1;0;1;0;1;0.08;1.0;0
790710;World of Warplanes;;;;0.0;1;1000000;64;71.41;3646;1460;0;0;11;24;none;0;0;0;4.0;1;Novato;177;1;0;0;0;0;1;0;0;1;0;0;0;0;0;0;1;1;1;0;0;0;0;0;0;1;1;0;0;0;1;0;0;0;0;0;0;0;0;0;0;0;0;0;0;0;0;0;0;0;1;0;0;1;0;0;0;0;0;0;0;0;0;1;1;0;0;0;1;0;0;0;0;0;0;0;0;1;0;1000;602;398;1000;0;22;60.65;0.602;1
39560;Painkiller: Resurrection;;;;7.99;0;50000;1;26.13;156;441;0;0;0;5;none;0;0;0;0.0;1;Novato;205;1;0;0;0;0;0;0;0;0;0;0;0;0;0;1;1;0;0;0;0;0;0;0;0;0;0;0;0;0;0;0;0;0;0;0;0;0;1;0;0;0;0;0;0;0;0;0;0;0;0;0;0;0;0;0;0;0;0;0;0;0;0;0;0;0;0;0;0;0;0;0;0;0;0;0;0;1;0;119;21;98;107;0;29;6.24;0.176;1
2670360;The Smell of Death - A Tsugunohi Tale - STEAM EDITION;;;;3.59;0;20000;0;94.29;33;2;0;0;0;4;none;0;0;0;2.0;1;Novato;306;0;1;0;0;1;0;0;0;0;0;0;0;0;0;1;0;0;0;0;0;0;0;0;0;0;0;0;0;0;0;0;0;0;1;0;0;0;1;0;0;0;0;0;0;0;0;0;1;0;0;0;0;0;0;0;0;0;0;0;0;0;1;0;0;0;0;1;1;0;0;1;1;0;0;0;0;0;0;27;24;3;27;0;16;1.28;0.889;0
708340;Shark Simulator;;;;0.0;1;50000;2;88.43;512;67;0;17;0;1;full;0;0;0;2.0;1;Novato;118;1;0;1;0;1;0;0;0;1;0;0;0;0;0;1;0;0;0;0;1;0;1;0;0;0;0;0;0;0;0;0;0;0;0;0;0;0;0;0;0;0;0;0;0;0;0;0;1;0;0;0;1;1;0;0;0;0;0;0;0;0;0;0;0;0;0;0;0;0;0;1;1;0;1;0;0;0;0;147;133;14;147;0;29;7.85;0.905;1
913740;WORLD OF HORROR;;;;10.49;0;200000;23;91.55;8588;793;0;0;1;7;none;0;0;0;1.0;1;Novato;298;0;0;0;0;1;0;1;0;0;0;0;0;0;0;1;0;0;0;0;0;0;0;0;0;0;0;0;0;0;0;0;0;0;0;0;0;1;1;1;0;0;0;0;0;0;0;0;0;0;0;0;0;0;0;0;0;0;0;1;0;1;1;0;0;0;0;0;1;0;0;0;0;0;0;0;0;0;0;1000;711;289;885;0;22;19.9;0.711;1
961010;The Hand of Glory;;;;18.99;0;20000;0;94.95;188;10;0;56;1;3;none;0;0;0;2.0;1;Novato;231;0;1;0;0;0;0;0;0;0;0;0;0;0;0;1;0;0;0;0;0;0;1;0;0;0;1;0;0;0;0;0;0;0;1;0;0;0;0;0;0;0;0;0;0;0;0;0;0;0;0;0;0;0;0;0;0;0;1;1;0;0;1;0;0;0;0;0;1;1;0;0;1;0;0;0;0;0;0;47;41;6;43;0;21;16.47;0.872;0
345990;ABRACA - Imagic Games;;;;14.99;0;20000;0;76.0;38;12;0;30;0;6;full;0;0;0;3.0;1;Novato;288;1;0;0;0;0;0;0;0;0;0;0;0;0;0;0;1;0;0;0;1;0;1;0;0;0;0;1;0;0;0;0;0;0;0;0;0;0;0;0;0;0;0;0;0;0;0;0;0;0;0;0;0;0;0;0;1;1;0;0;0;0;1;0;0;0;1;0;0;0;0;0;0;0;0;0;0;0;0;1;0;1;1;0;1;13.02;0.0;0
1126550;I'm from area 51;;;;1.99;0;20000;0;66.67;8;4;0;0;0;2;none;0;0;0;2.0;1;Novato;249;0;0;0;0;1;0;0;0;0;0;0;0;0;0;1;0;0;0;0;0;0;0;0;0;0;0;0;0;0;0;0;0;0;0;0;0;0;0;0;0;0;0;0;0;0;0;0;0;0;0;0;0;0;0;0;0;0;0;0;0;0;0;0;0;0;0;0;0;0;0;0;1;0;0;0;0;0;1;2;0;2;1;0;2;0.46;0.0;0
8790;GTR 2 FIA GT Racing Game;;;;7.99;0;50000;0;91.54;292;27;0;0;0;1;none;0;0;0;0.5;1;Novato;46;0;0;0;0;0;0;0;1;1;1;0;0;0;0;1;1;0;0;0;0;0;0;0;0;0;0;0;0;0;0;0;0;0;0;0;0;0;0;0;0;0;0;0;0;0;0;0;1;0;0;0;0;1;0;0;1;1;0;0;0;0;0;0;0;0;0;0;0;0;0;0;0;0;0;0;0;0;0;64;60;4;56;0;26;116.3;0.938;1
1627720;Lies of P;;;;35.99;0;1000000;1363;92.09;48336;4149;0;53;3;12;full;0;0;0;8.0;1;Novato;164;1;1;0;0;0;0;1;0;0;0;0;0;0;0;1;0;0;0;0;1;0;1;1;0;0;0;0;0;0;0;0;0;0;1;0;0;0;0;1;1;0;0;0;0;0;0;0;0;0;0;0;0;0;0;0;0;0;0;0;0;0;0;1;0;0;0;1;1;0;1;0;0;0;0;0;0;0;0;1000;809;191;650;0;1;42.44;0.809;1
1173820;FINAL FANTASY VI;;;;13.99;0;500000;174;91.42;3484;327;0;37;2;12;none;0;0;0;4.0;1;Novato;228;0;0;0;0;0;0;1;0;0;0;0;0;0;0;1;0;0;0;0;0;1;1;1;0;0;1;0;0;0;0;0;0;0;1;0;0;0;0;1;0;0;0;0;0;0;0;0;0;0;0;0;0;0;0;0;0;0;0;0;0;0;1;0;0;0;0;0;0;0;0;0;0;0;0;0;0;0;0;1000;950;50;897;0;14;35.32;0.95;1
1835810;Amelie;;;;0.99;0;20000;0;91.54;357;33;0;7;0;2;none;0;0;0;0.5;1;Novato;256;0;0;0;0;1;0;0;0;1;0;0;0;0;0;1;0;0;0;0;0;0;0;0;0;0;0;0;0;0;0;0;0;0;1;0;0;0;1;0;0;0;0;0;0;0;0;0;0;0;0;0;0;1;0;0;0;0;0;0;1;1;1;0;0;0;0;1;1;0;0;0;1;0;0;0;0;0;0;221;199;22;212;0;29;2.5;0.9;0
15210;Silent Hunter® III;;;;1.99;0;200000;54;87.84;2145;297;0;0;0;2;none;0;0;0;0.0;1;Novato;283;0;0;0;0;0;0;0;0;1;0;0;0;0;0;1;1;1;0;0;0;0;0;0;0;0;0;0;0;0;0;1;0;0;0;0;0;0;0;0;0;0;1;0;0;0;0;0;1;0;0;0;0;1;0;0;0;0;0;0;0;0;0;0;1;0;0;0;0;0;0;0;0;0;0;0;0;0;0;453;409;44;444;0;29;71.91;0.903;1
284100;Unclaimed World;;;;8.99;0;20000;0;50.48;105;103;0;16;1;1;none;0;0;0;1.0;1;Novato;294;0;0;0;0;1;0;0;0;1;0;1;0;0;0;1;0;0;0;0;0;0;1;0;0;0;1;0;0;0;0;0;0;0;0;0;0;1;0;0;0;0;1;0;0;0;0;0;0;0;0;0;1;1;0;0;0;0;0;0;0;0;0;0;0;0;0;0;0;0;0;0;1;1;0;0;0;0;0;22;10;12;17;0;15;7.68;0.455;0
2368400;Complex Loop;;;;9.99;0;50000;0;92.86;52;4;0;10;0;4;none;0;0;0;2.0;1;Novato;299;0;1;0;0;1;0;1;0;1;0;0;0;0;0;1;0;0;0;0;0;0;1;0;0;0;0;0;0;0;0;0;0;0;0;0;0;1;0;1;0;0;0;0;0;0;0;0;0;0;0;0;0;1;0;0;0;0;0;1;1;1;1;0;0;0;0;1;0;0;0;0;0;0;0;0;0;0;0;36;34;2;34;0;18;7.52;0.944;1
851530;Mini-Dead;;;;0.0;1;100000;0;94.26;821;50;0;11;1;1;none;0;0;0;2.0;1;Novato;68;1;0;0;0;1;0;0;0;0;0;0;0;0;0;1;0;0;0;0;0;0;1;0;0;0;0;0;0;0;0;0;0;0;0;0;0;0;0;0;0;0;0;0;0;0;0;0;0;0;0;0;0;0;0;0;0;0;0;0;0;0;1;0;0;0;0;0;0;0;1;0;1;0;1;0;0;0;0;136;127;9;136;0;28;2.02;0.934;1
428750;Neon Chrome;;;;7.99;0;20000;2;91.34;1055;100;0;14;2;6;full;0;0;0;2.0;1;Novato;284;1;1;0;0;1;0;1;0;0;0;0;0;0;0;1;1;1;0;0;1;0;1;1;1;0;1;1;1;0;0;0;0;0;0;0;0;0;0;1;0;0;0;0;0;0;0;0;0;1;0;0;0;0;0;0;0;0;0;0;0;0;0;0;0;0;0;0;0;0;0;0;1;0;0;0;0;0;0;60;53;7;35;0;23;24.27;0.883;0
1544470;Princess Tier:Part 1;;;;2.99;0;20000;0;85.71;6;1;0;0;0;1;none;0;0;0;2.0;1;Novato;167;1;1;0;0;1;0;1;0;0;0;0;0;0;0;1;0;0;0;0;0;0;0;0;0;0;0;0;0;0;0;0;0;0;1;0;0;0;0;1;0;0;0;0;0;0;0;0;0;0;0;0;0;1;0;0;0;0;0;0;1;0;1;0;0;0;0;0;0;1;0;0;0;0;0;0;0;0;0;0;0;0;0;0;0;0.0;0.0;0
1880490;Meet me at NooN;;;;9.99;0;20000;0;100.0;73;0;0;26;0;9;full;0;0;0;2.0;1;Novato;211;0;0;1;0;1;0;0;0;0;0;1;0;0;0;1;0;0;0;0;1;0;1;1;0;0;0;0;0;0;0;0;0;0;0;0;0;0;0;0;0;0;1;0;1;0;0;0;0;0;0;0;0;0;0;0;0;0;1;0;0;0;0;0;0;0;0;0;0;0;0;1;0;0;0;0;0;0;0;6;6;0;4;0;5;7.62;1.0;0
2387720;おいでませ、こくりさん - Welcome Kokurisan -;;;;24.99;0;20000;0;100.0;9;0;0;0;0;16;none;0;0;0;4.0;1;Novato;149;0;1;1;0;0;0;0;0;1;0;0;0;0;0;1;0;0;0;0;0;0;0;0;0;0;0;0;0;0;0;0;0;0;1;0;0;0;0;0;0;0;0;0;0;0;0;0;0;0;0;0;0;1;0;0;0;0;0;0;1;0;1;0;0;0;0;0;1;1;0;1;0;0;0;0;0;0;0;3;3;0;3;0;3;2.11;1.0;0
1174270;IKO 39;;;;12.99;0;20000;0;64.52;20;11;0;4;0;2;none;0;0;0;8.0;1;Novato;215;1;1;1;0;1;0;0;0;0;0;0;0;0;0;1;0;0;0;0;0;0;1;1;0;0;0;1;0;0;0;1;0;0;1;0;0;1;0;0;0;0;0;0;0;0;0;0;0;0;0;0;0;0;0;0;0;0;1;0;0;0;0;1;0;0;0;0;1;0;0;0;0;0;0;0;0;0;0;11;1;10;7;0;7;1.34;0.091;0
311770;LEGO® Pirates of the Caribbean: The Video Game;;;;10.49;0;200000;51;91.25;4565;438;0;0;0;10;full;0;0;0;2.0;1;Novato;296;1;1;0;0;0;0;0;0;0;0;0;0;0;0;1;1;1;0;0;1;0;0;1;0;0;1;1;1;0;0;1;0;0;0;0;0;0;0;0;0;0;0;0;0;0;0;1;1;1;0;0;0;0;0;0;0;0;0;0;0;0;0;0;0;0;0;0;1;0;0;0;0;0;0;0;0;0;0;1000;896;104;684;0;17;17.87;0.896;1
348740;Abyss Cave;;;;3.29;0;20000;0;83.33;20;4;0;16;0;2;none;0;0;0;6.0;1;Novato;198;1;1;0;0;1;0;0;0;0;0;1;0;0;0;1;0;0;0;0;0;0;1;1;0;0;1;0;0;0;0;0;0;0;0;0;0;0;0;0;0;0;1;1;0;0;0;0;0;0;0;0;0;0;0;0;0;0;0;0;0;0;0;0;0;0;0;0;0;0;0;0;1;0;0;0;0;0;0;24;19;5;17;4;16;5.88;0.792;0
327510;WASTED;;;;12.99;0;100000;1;76.77;899;272;0;21;0;1;full;0;0;0;2.0;1;Novato;291;1;0;0;0;1;0;1;0;0;0;0;0;0;0;1;0;0;0;0;1;0;1;1;0;0;1;0;0;0;1;0;0;0;0;0;0;0;0;1;0;0;0;0;0;0;0;0;0;0;0;0;0;0;0;0;0;0;0;0;0;0;0;0;0;0;0;0;0;0;0;0;1;0;0;0;0;1;0;72;60;12;40;0;27;34.38;0.833;1
1716150;Fated Blade;;;;0.52;0;20000;0;75.0;3;1;0;0;1;1;none;0;0;0;0.12;1;Novato;173;0;0;0;0;1;0;1;0;0;0;0;0;0;0;1;0;0;0;0;0;1;0;0;0;0;0;0;0;0;0;0;0;0;0;0;0;0;0;1;0;0;0;0;0;0;0;0;0;0;0;0;0;0;0;0;0;0;0;0;0;0;1;0;0;0;0;0;0;0;0;0;1;0;0;0;0;0;0;1;1;0;0;0;1;7.05;1.0;0
534010;Defense of Egypt: Cleopatra Mission;;;;2.99;0;20000;5;69.88;116;50;0;0;0;6;none;0;0;0;1.0;1;Novato;98;0;0;1;0;1;0;0;0;0;0;1;0;0;0;1;0;0;0;0;0;0;0;0;0;0;1;0;0;0;0;0;0;0;0;0;0;0;0;0;0;0;1;1;0;0;0;0;0;0;0;0;0;0;0;0;0;0;0;0;0;0;0;0;0;0;0;0;0;0;0;1;1;0;0;0;0;0;0;29;25;4;10;0;16;6.47;0.862;0
839460;Psycho Squirrels;;;;2.99;0;20000;0;100.0;3;0;0;0;0;1;none;0;0;0;2.0;1;Novato;67;0;0;1;0;1;0;0;0;0;0;1;0;0;0;1;0;0;0;0;0;0;0;0;0;0;0;0;0;0;0;0;0;0;0;0;0;0;0;0;0;0;1;0;0;0;0;0;0;0;0;0;0;0;0;0;0;0;1;0;0;0;0;0;0;0;0;0;0;0;0;1;1;0;0;0;0;0;0;0;0;0;0;0;0;0.0;0.0;0
1308840;Consternation II;;;;0.0;1;20000;0;89.87;71;8;0;13;0;1;none;0;0;0;4.0;1;Novato;278;1;1;0;0;1;0;0;0;1;0;0;0;0;0;1;0;0;0;0;0;0;1;0;0;0;0;0;0;0;1;0;0;0;0;0;0;0;1;0;0;0;0;0;0;0;0;0;0;0;0;0;0;1;0;0;0;0;1;0;0;0;0;1;0;0;0;1;1;0;0;0;1;0;1;0;0;0;0;18;16;2;18;0;10;2.9;0.889;0
1633740;Pegasus: Broken Wings;;;;3.99;0;200000;0;75.0;12;4;0;23;0;1;none;0;0;0;2.0;1;Novato;250;0;1;1;0;1;0;1;0;0;0;0;0;0;0;1;0;0;0;0;0;1;1;0;0;0;0;0;0;0;0;0;0;0;1;0;0;0;0;1;0;0;0;0;0;0;0;0;0;0;0;0;0;0;0;0;0;0;0;0;1;0;0;0;0;0;0;0;0;0;0;0;0;0;0;0;0;0;0;0;0;0;0;0;0;0.0;0.0;1
726840;City Game Studio: Your Game Dev Adventure Begins;;;;9.99;0;200000;8;89.07;864;106;0;87;2;16;none;0;0;0;2.0;1;Novato;270;0;1;1;0;1;0;0;0;1;0;1;0;0;0;1;0;0;0;0;0;0;1;1;1;0;1;0;0;0;0;0;1;0;0;0;0;0;0;0;0;0;1;0;0;0;0;0;0;0;0;0;1;1;1;1;0;0;0;0;0;0;1;0;0;0;0;0;0;0;0;1;1;0;0;0;0;0;0;707;659;48;675;0;29;28.96;0.932;1
1460710;Updive;;;;4.99;0;50000;0;0.0;0;2;0;0;0;1;none;0;0;0;2.0;1;Novato;171;0;1;1;0;1;0;0;0;1;1;0;0;0;0;1;0;0;0;0;0;0;0;0;0;0;0;0;0;0;1;0;0;0;0;0;0;0;0;0;0;0;0;0;0;0;0;0;0;0;0;0;0;1;0;0;1;0;0;0;0;0;0;1;1;0;1;0;0;0;0;1;0;0;0;0;0;0;0;1;0;1;0;0;1;0.62;0.0;1
1208380;PhyxBox;;;;0.0;1;20000;0;61.54;24;15;0;0;0;1;none;0;0;0;0.0;1;Novato;77;0;0;0;0;0;0;0;0;1;0;0;0;0;1;1;0;0;0;0;0;0;0;0;0;0;0;0;0;0;0;0;0;0;0;0;0;0;0;0;0;0;0;0;0;0;0;0;0;0;0;0;0;1;0;0;0;0;0;0;0;0;0;0;0;0;0;0;0;0;0;0;0;1;1;1;0;0;0;5;3;2;5;5;5;3.5;0.6;0
303290;OZMAFIA!!;;;;17.99;0;20000;2;82.98;546;112;0;0;0;1;none;0;0;0;0.25;1;Novato;265;0;1;0;0;0;0;0;0;0;0;0;0;0;0;1;0;0;0;0;0;0;0;1;0;0;1;0;0;0;0;0;0;0;1;0;0;0;0;0;0;0;0;0;0;0;0;0;0;0;0;0;0;0;0;0;0;0;0;0;1;1;0;0;0;0;0;0;0;0;0;0;0;0;0;0;0;0;0;82;62;20;66;0;28;27.72;0.756;0
1404150;Escape the City;;;;4.49;0;20000;0;65.31;32;17;0;0;0;1;none;0;0;0;8.0;1;Novato;231;1;0;0;0;1;0;0;0;0;0;0;0;0;0;1;0;0;0;0;0;0;0;0;0;0;0;0;0;0;0;0;0;0;0;0;0;0;0;0;0;0;0;0;0;0;0;0;0;0;0;0;0;0;0;0;0;0;0;0;0;0;0;1;0;0;0;0;0;0;0;0;1;0;0;0;0;1;0;5;3;2;3;0;3;4.43;0.6;0
448690;Lionessy Story;;;;2.99;0;50000;1;54.46;55;46;0;0;0;2;full;0;0;0;0.12;1;Novato;340;0;0;0;0;1;0;0;0;0;0;0;0;0;0;1;0;0;0;0;1;0;0;1;0;0;1;0;0;0;0;0;0;0;0;0;0;0;0;0;0;0;0;0;0;0;0;0;0;0;0;0;0;0;0;0;0;0;0;0;1;0;0;0;0;0;0;0;0;0;0;0;1;0;0;0;0;0;0;18;7;11;13;0;12;2.94;0.389;1
3149310;Dr. Yaga Lost House;;;;1.49;0;20000;0;60.0;3;2;0;2;0;1;none;0;0;0;8.0;1;Novato;256;0;1;0;0;1;0;0;0;0;0;0;0;0;0;1;0;0;0;0;0;0;1;0;0;0;0;0;0;0;1;0;0;0;0;0;0;0;1;0;0;0;0;0;0;0;0;0;0;0;0;0;0;0;0;0;0;0;0;0;0;0;0;1;1;0;0;0;1;0;0;0;1;0;0;0;0;1;0;5;3;2;3;0;2;1.43;0.6;0
711660;CHUCHEL;;;;1.19;0;50000;16;83.96;3375;645;0;7;1;27;none;0;0;0;1.0;1;Novato;244;0;1;1;0;1;0;0;0;0;0;0;0;0;0;1;0;0;0;0;0;0;1;1;0;0;1;0;0;0;0;0;0;0;1;0;0;0;0;0;0;0;0;0;0;0;0;0;0;0;0;0;0;0;0;0;0;0;1;1;0;0;1;0;0;0;1;0;0;0;0;1;1;0;0;0;0;0;0;1000;908;92;909;0;16;4.39;0.908;1
40930;The Misadventures of P.B. Winterbottom;;;;3.74;0;100000;0;87.91;400;55;0;12;0;5;none;0;0;0;0.0;1;Novato;147;0;1;0;0;1;0;0;0;0;0;0;0;0;0;1;0;0;0;0;0;1;1;1;0;0;0;0;0;0;0;0;0;0;0;0;0;0;0;0;0;0;0;0;1;0;0;0;0;0;0;0;0;0;0;0;0;0;1;0;0;0;1;0;0;0;0;0;0;0;0;0;1;0;0;0;0;0;0;17;11;6;17;0;13;3.24;0.647;1
313210;Alpha Zylon;;;;2.49;0;20000;0;61.05;105;67;0;0;0;1;none;0;0;0;0.25;1;Novato;26;1;0;0;0;0;0;0;0;0;0;0;0;0;0;1;0;0;0;0;0;0;0;0;0;0;0;0;0;0;0;0;0;0;0;0;0;0;1;0;0;0;0;0;0;0;0;0;0;0;0;0;0;0;0;0;0;0;0;0;0;0;0;0;0;0;0;0;0;0;0;0;0;0;0;0;0;1;0;16;11;5;13;0;13;1.1;0.688;0
501120;Clock Simulator;;;;2.49;0;20000;0;86.4;362;57;0;8;0;4;none;0;0;0;1.0;1;Novato;269;0;0;0;0;1;0;0;0;1;0;0;0;0;0;1;0;0;0;0;0;0;1;0;0;0;1;0;0;0;0;0;0;0;0;0;0;0;0;0;0;0;0;0;0;0;0;0;0;0;0;0;0;1;0;0;0;0;0;0;0;0;0;0;1;0;0;0;0;0;0;0;1;0;0;0;0;0;0;149;128;21;136;0;24;3.04;0.859;0
747310;Hyper Knights: Battles;;;;2.99;0;20000;0;61.18;52;33;0;30;0;13;none;0;0;0;1.0;1;Novato;124;0;0;0;0;1;0;0;0;1;0;1;0;0;0;1;0;0;0;0;0;1;1;1;1;0;0;0;0;0;0;0;0;0;0;0;0;0;0;0;0;0;1;0;0;0;0;0;0;0;0;0;1;1;0;0;0;0;0;0;0;0;0;0;0;0;0;0;0;0;0;0;1;0;0;0;0;0;0;5;3;2;4;0;5;4.01;0.6;0
578620;GORN;;;;10.49;0;200000;14;94.08;7680;483;0;0;0;1;none;0;0;0;8.0;1;Novato;122;1;0;0;0;1;0;0;0;0;0;0;0;0;0;1;0;0;0;0;0;0;0;0;0;0;0;0;0;0;1;0;0;0;0;0;0;0;1;0;0;0;0;0;0;0;0;0;0;0;0;0;0;0;0;0;0;0;0;0;0;0;0;0;0;0;0;0;0;0;0;0;1;1;0;1;0;0;0;539;495;44;461;0;29;11.18;0.918;1
2456740;inZOI;;;;24.99;0;1000000;1039;79.33;16548;4311;0;0;1;15;none;0;0;0;12.0;1;Novato;306;0;1;1;0;0;0;0;0;1;0;0;0;0;1;1;0;0;0;0;0;1;0;1;0;0;0;0;0;0;0;0;0;0;0;0;0;0;0;0;0;0;0;0;0;0;0;0;0;0;0;0;1;1;0;1;0;0;0;0;0;0;0;0;1;0;0;0;0;1;0;1;0;1;0;0;0;0;0;1000;770;230;929;1000;2;51.98;0.77;1
267530;The LEGO® Movie - Videogame;;;;19.99;0;500000;30;86.84;4571;693;0;48;1;10;full;0;0;0;2.0;1;Novato;335;1;1;0;0;0;0;0;0;0;0;0;0;0;0;1;1;0;0;0;1;0;1;1;0;0;0;1;0;0;0;1;0;0;0;0;0;0;0;1;0;0;0;0;1;0;0;1;1;1;0;0;1;0;0;0;0;0;0;0;0;0;0;0;0;0;0;0;0;0;0;1;0;0;0;0;0;0;0;1000;879;121;598;0;17;17.76;0.879;1
402980;Osteya;;;;4.99;0;50000;8;60.14;83;55;0;0;0;1;none;0;0;0;1.0;1;Novato;157;1;1;1;0;1;0;0;0;0;0;0;0;0;0;1;0;0;0;0;0;1;0;0;0;0;1;0;0;0;0;0;0;0;0;0;0;0;0;0;0;0;0;0;1;0;0;0;0;0;0;0;0;0;0;0;0;0;0;0;0;0;1;0;0;0;0;0;0;0;0;1;1;0;0;0;0;0;0;27;18;9;25;0;17;6.15;0.667;1
248610;Door Kickers;;;;10.49;0;500000;18;94.3;9277;561;0;43;1;8;none;0;0;0;2.0;1;Novato;149;1;0;0;0;1;0;0;0;1;0;1;0;0;0;1;1;1;1;0;0;0;1;1;1;0;1;1;0;0;0;0;0;0;0;0;0;0;0;0;0;0;1;0;0;0;0;1;1;0;0;0;0;1;0;0;0;0;1;0;0;0;1;0;0;0;0;0;0;0;1;0;1;0;0;0;0;0;0;678;611;67;527;0;29;29.26;0.901;1
287720;Nostradamus: The Last Prophecy;;;;4.99;0;50000;0;68.57;144;66;0;0;0;6;none;0;0;0;1.0;1;Novato;266;0;1;1;0;0;0;0;0;0;0;0;0;0;0;1;0;0;0;0;0;0;0;0;0;0;0;0;0;0;1;0;0;0;0;0;0;0;0;0;0;0;0;0;0;0;0;0;0;0;0;0;0;0;0;0;0;0;1;1;0;0;0;0;0;0;0;0;0;0;0;1;0;0;0;0;0;0;0;34;25;9;18;0;19;9.99;0.735;1
21670;Bionic Commando;;;;9.99;0;200000;5;72.46;1234;469;0;0;0;10;none;0;0;0;1.5;1;Novato;339;1;1;0;0;0;0;0;0;0;0;0;0;0;0;1;1;0;0;0;0;1;0;1;0;0;0;0;0;0;0;1;0;0;0;0;0;0;0;0;0;0;0;0;0;0;0;0;1;0;0;0;0;0;0;0;0;0;0;0;0;0;0;0;0;0;0;0;0;0;0;0;0;0;0;0;0;0;0;327;231;96;228;0;29;7.64;0.706;1
564310;Serious Sam Fusion 2017 (beta);;;;7.99;0;200000;54;93.01;4674;351;0;76;0;6;full;0;0;0;4.0;1;Novato;198;1;0;0;0;1;0;0;0;0;0;0;0;0;0;1;1;1;1;0;1;0;1;1;1;0;0;1;1;0;1;0;0;0;0;0;0;0;0;0;0;0;0;0;0;0;0;1;1;1;0;0;0;0;0;0;0;0;0;0;0;0;0;0;0;0;0;0;0;0;1;0;1;0;0;1;0;1;0;1000;920;80;902;0;23;37.37;0.92;1
1184420;天降锦鲤 ~ My Lucky Koi;;;;4.99;0;20000;0;93.67;311;21;0;15;0;2;none;0;0;0;0.0;1;Novato;148;0;1;1;0;1;0;1;0;0;0;0;0;0;0;1;0;0;0;0;0;0;0;0;0;0;0;0;0;0;0;0;0;0;0;0;0;0;0;1;0;0;0;0;0;0;0;0;0;0;0;0;0;0;0;0;0;0;0;0;1;1;1;0;0;0;1;0;0;0;0;1;1;0;0;0;0;0;0;20;18;2;16;0;14;3.1;0.9;0
786770;Z: The End;;;;2.99;0;20000;0;83.33;5;1;0;20;0;1;none;0;0;0;2.0;1;Novato;220;1;1;1;0;1;0;0;0;0;0;0;0;0;1;1;0;0;0;0;0;1;1;1;0;0;0;0;0;0;0;1;1;0;0;0;0;1;0;0;0;0;0;0;0;0;0;0;0;0;0;0;1;0;0;0;0;0;0;0;0;0;1;0;0;0;0;0;0;0;0;1;1;1;0;0;0;0;0;0;0;0;0;0;0;0.0;0.0;0
700910;Royal Agents: Sweet Zombie;;;;3.99;0;20000;0;100.0;3;0;0;0;0;1;none;0;0;0;4.0;1;Novato;281;0;0;0;0;0;0;0;0;0;0;1;1;1;0;1;0;0;0;0;0;0;0;0;0;0;0;0;0;0;0;0;0;0;0;0;0;0;0;0;0;0;1;0;0;0;0;0;0;0;0;0;0;0;0;0;0;0;0;0;0;0;0;0;0;0;0;0;0;0;0;0;0;0;0;0;0;0;0;0;0;0;0;0;0;0.0;0.0;0
2916770;DigDigDrill;;;;2.49;0;20000;40;94.61;386;22;0;47;0;2;full;0;0;0;4.0;1;Novato;205;0;1;1;0;1;0;0;0;0;0;0;0;0;0;1;0;0;0;0;1;0;1;1;0;0;0;0;0;0;0;0;1;0;0;0;0;0;0;0;0;0;0;0;0;0;0;0;0;0;0;0;0;0;0;0;0;0;1;0;0;0;1;0;0;0;0;0;0;1;0;1;0;0;0;0;0;0;0;594;564;30;576;0;18;36.01;0.949;0
1166290;Death and Taxes;;;;7.49;0;500000;30;86.88;6106;922;0;60;1;8;none;0;0;0;2.0;1;Novato;269;0;1;1;0;1;0;0;0;1;0;1;0;0;0;1;0;0;0;0;0;0;1;1;0;0;1;0;0;0;0;0;0;0;1;0;0;0;0;0;0;0;1;0;0;0;0;0;0;0;0;0;0;1;0;0;0;0;1;1;0;0;1;0;0;0;0;0;1;0;0;1;1;0;0;0;0;0;0;1000;833;167;878;0;9;6.28;0.833;1
461520;Grizzly Valley;;;;0.0;0;100000;0;39.68;100;152;0;0;0;6;none;0;0;0;1.0;1;Novato;174;1;1;0;0;1;0;0;0;0;0;0;0;0;0;1;0;0;0;0;0;0;0;0;0;0;1;0;0;0;0;0;0;0;0;0;0;1;1;0;0;0;0;0;0;0;0;0;1;0;0;0;0;0;0;0;0;0;0;0;0;0;0;0;0;0;0;0;0;0;0;0;1;0;0;0;0;0;1;20;11;9;20;0;14;4.49;0.55;1
1936860;Crash Test Oliver;;;;0.0;1;20000;0;90.91;10;1;0;25;0;1;full;0;0;0;4.0;1;Novato;191;1;1;0;0;1;0;0;0;0;0;0;0;0;0;1;0;0;0;0;1;0;1;0;0;0;0;0;0;0;0;0;0;0;0;0;0;0;0;0;0;0;0;0;1;1;0;0;0;0;0;0;0;0;0;0;0;0;0;0;0;0;0;0;0;0;0;0;1;0;1;0;0;0;0;0;0;0;0;8;7;1;8;0;6;2.84;0.875;0
925470;Endless Jade Sea -Midori no Umi-;;;;1.99;0;20000;0;84.11;360;68;0;0;2;2;none;0;0;0;2.0;1;Novato;287;0;1;0;0;1;0;1;0;0;0;0;0;0;0;1;0;0;0;0;0;0;0;0;0;0;0;0;0;0;0;0;0;0;0;0;0;0;0;1;0;0;0;0;0;0;0;0;0;0;0;0;0;0;0;0;0;0;0;0;1;1;0;0;0;0;0;0;0;0;0;0;1;0;0;0;0;0;0;93;85;8;86;0;28;19.24;0.914;0
1599220;League Space;;;;11.99;0;50000;0;0.0;0;1;0;0;0;5;none;0;0;0;4.0;1;Novato;222;1;0;0;0;0;1;0;1;0;0;1;0;0;0;0;1;0;0;0;0;0;0;0;0;0;0;0;0;0;1;0;0;0;0;0;0;0;0;0;1;0;0;0;0;0;0;0;1;0;0;0;0;0;0;0;0;0;0;0;0;0;0;0;1;0;0;0;1;0;0;0;0;0;0;0;0;1;0;0;0;0;0;0;0;0.0;0.0;1
715690;Putrefaction 2: Rumble in the hometown;;;;0.99;0;20000;0;74.77;83;28;0;20;0;2;none;0;0;0;2.0;1;Novato;202;1;0;0;0;1;0;0;0;0;0;0;1;1;0;1;0;0;0;0;0;1;1;0;0;0;0;0;0;0;0;0;0;0;0;0;0;0;0;0;0;0;0;0;0;0;0;0;0;0;0;0;0;0;0;0;0;0;0;0;0;0;0;0;0;0;0;0;0;0;0;0;1;0;0;0;0;1;0;16;13;3;16;0;13;2.29;0.812;0
449210;Verdict Guilty - 유죄 평결;;;;4.99;0;50000;0;84.83;643;115;0;12;0;1;full;0;0;0;1.0;1;Novato;81;1;0;1;0;1;0;0;0;0;0;0;0;0;0;1;1;0;0;0;1;0;1;1;0;0;1;1;0;0;0;0;0;0;0;0;0;0;0;0;0;0;0;0;0;0;0;0;1;0;0;0;0;0;0;0;0;0;0;0;0;1;1;0;0;0;0;0;0;0;0;1;1;0;0;0;0;0;0;56;44;12;39;0;26;3.2;0.786;1
2153850;DEFECTIVE;;;;0.9;0;50000;0;94.87;74;4;0;1;0;1;none;0;0;0;2.0;1;Novato;98;0;1;0;0;1;0;0;0;0;0;0;0;0;0;1;0;0;0;0;0;0;1;0;0;0;0;0;0;0;0;0;0;0;1;0;0;0;0;0;0;0;0;0;0;0;0;0;0;0;0;0;0;0;0;0;0;0;1;0;0;0;1;0;0;0;0;1;1;0;0;1;1;0;0;0;0;0;0;48;45;3;48;0;19;1.16;0.938;1
2840120;Historical Invaders;;;;1.99;0;20000;0;100.0;2;0;0;39;0;2;full;0;0;0;4.0;1;Novato;257;1;1;1;0;1;0;0;0;0;0;0;0;0;0;1;0;0;0;0;1;0;1;0;0;0;0;0;0;0;0;0;0;0;0;0;0;0;0;0;0;0;0;0;0;0;0;0;0;0;0;0;0;0;0;0;0;0;0;0;0;0;1;0;0;0;0;0;0;0;0;0;0;0;0;0;0;0;0;2;2;0;1;0;2;1.83;1.0;0
368770;President for a Day - Floodings;;;;4.49;0;20000;8;66.06;72;37;0;9;0;2;none;0;0;0;1.0;1;Novato;284;0;0;1;0;1;0;0;0;0;0;1;0;0;0;1;0;0;0;0;0;0;1;0;0;0;1;0;0;0;0;0;0;0;0;0;0;0;0;0;0;1;1;0;0;0;0;0;0;0;0;0;0;0;0;0;0;0;0;0;0;0;0;0;0;0;0;0;0;0;0;1;1;0;0;0;0;0;0;52;36;16;43;0;21;7.53;0.692;0
2569820;Manic Mechanics;;;;12.49;0;20000;1;74.58;44;15;0;50;0;15;none;0;0;0;8.0;1;Novato;279;0;0;1;0;1;0;0;0;1;0;0;0;0;0;1;1;1;1;0;0;1;1;1;0;0;0;1;1;0;0;0;0;0;0;0;0;0;0;0;0;0;0;0;0;0;0;1;1;0;1;0;0;1;0;0;0;0;0;0;0;0;0;1;0;0;0;0;0;0;0;1;0;0;0;0;0;0;0;67;49;18;39;0;20;4.54;0.731;0
448470;Bacteria;;;;0.9;0;1000000;0;57.0;232;175;0;6;2;1;none;0;0;0;1.0;1;Novato;126;0;0;1;0;1;0;0;0;0;0;0;0;0;0;1;0;0;0;0;0;0;1;1;0;0;1;0;0;0;0;0;0;0;0;0;0;0;0;0;0;0;0;0;0;0;0;0;0;0;0;0;0;0;0;0;0;0;1;0;0;0;0;0;0;0;0;0;0;0;0;1;1;0;0;0;0;0;0;47;28;19;25;0;22;5.76;0.596;1
1924940;Hexrogue;;;;8.99;0;20000;0;93.55;29;2;0;85;0;4;none;0;0;0;4.0;1;Novato;289;0;0;1;0;0;0;1;0;1;0;1;0;0;0;1;0;0;0;0;0;0;1;1;0;0;0;0;0;0;0;0;0;0;0;0;0;0;0;1;0;0;1;1;0;0;0;0;0;0;0;0;0;1;0;0;0;0;0;0;0;0;1;1;0;0;0;0;0;0;0;1;0;0;0;0;0;0;0;3;3;0;3;0;2;1.64;1.0;0
1448610;NIRO;;;;17.99;0;20000;0;74.59;135;46;0;26;2;1;none;0;0;0;4.0;1;Novato;297;1;0;0;0;1;0;0;0;0;0;0;0;0;0;1;0;0;0;0;0;0;1;0;0;0;0;0;0;0;0;0;0;0;0;0;0;0;0;0;0;0;0;0;0;0;0;0;0;0;0;0;0;0;0;0;0;0;0;0;0;0;0;1;0;0;0;0;0;0;0;0;1;0;0;0;0;0;1;33;27;6;30;0;16;11.15;0.818;0
2625600;Universe Has No Favorites;;;;1.49;0;20000;0;100.0;4;0;0;10;1;2;none;0;0;0;0.0;1;Novato;299;0;1;0;0;1;0;0;0;0;0;0;0;0;0;1;0;0;0;0;0;1;1;1;0;0;0;0;0;0;1;0;0;0;1;0;0;0;0;0;0;0;0;0;0;0;0;0;0;0;0;0;0;0;0;0;0;0;1;1;1;0;1;0;0;0;0;0;1;0;0;0;0;0;0;0;0;0;0;8;8;0;5;0;4;8.72;1.0;0
661970;SPACE BATTLE: Humanity;;;;1.99;0;20000;0;40.0;10;15;0;0;0;7;none;0;0;0;2.0;1;Novato;167;0;0;1;0;1;0;0;0;0;0;1;0;0;0;1;0;0;0;0;0;0;0;0;0;0;1;0;0;0;0;0;0;0;0;0;0;0;0;0;0;0;1;1;0;0;0;0;0;0;0;0;0;0;0;0;0;0;1;0;0;0;0;1;0;0;0;0;0;1;0;1;1;0;0;0;0;0;0;7;4;3;0;0;6;9.49;0.571;0
8880;Freedom Force;;;;0.93;0;200000;1;55.94;292;230;0;0;0;1;none;0;0;0;0.0;1;Novato;324;0;0;0;0;0;0;1;0;0;0;1;0;0;0;1;1;0;0;0;0;0;0;0;0;0;0;0;0;0;0;0;0;0;0;0;0;0;0;1;0;0;1;0;0;0;0;0;1;0;0;0;0;0;0;0;0;0;0;0;0;0;0;0;0;0;0;0;0;0;0;0;0;0;0;0;0;0;0;54;33;21;46;0;24;16.34;0.611;1
386750;Cashtronauts;;;;2.99;0;20000;1;70.59;48;20;0;4;0;1;full;0;0;0;6.0;1;Novato;186;1;0;0;0;1;0;0;0;0;0;0;0;0;0;1;1;0;0;0;1;0;1;1;0;0;1;1;0;0;0;0;0;0;0;0;0;0;0;0;0;0;0;0;0;0;0;0;0;1;0;0;0;0;0;0;0;0;0;0;0;0;0;0;0;0;0;0;0;0;0;0;1;0;0;0;0;0;0;8;5;3;2;0;6;7.44;0.625;0
1040730;ZUSI 3 - Aerosoft Edition;;;;32.99;0;20000;26;91.17;485;47;0;0;0;2;none;0;0;0;2.0;1;Novato;165;0;0;1;0;0;0;0;0;1;0;0;0;0;0;1;0;0;0;0;0;0;0;0;0;0;0;0;0;0;1;1;0;0;0;0;0;0;0;0;0;0;1;0;0;0;0;0;0;0;0;0;1;1;0;0;0;0;0;0;0;0;0;0;1;0;0;0;1;1;0;1;0;0;0;0;0;0;0;162;151;11;69;0;29;71.98;0.932;0
1451360;despatch: Entity Astray;;;;14.99;0;20000;0;66.67;12;6;0;8;0;2;none;0;0;0;8.0;1;Novato;286;0;1;1;0;1;0;0;0;0;0;0;0;0;0;1;0;0;0;0;0;0;1;1;0;0;0;0;0;0;1;0;0;0;0;0;0;1;0;0;0;0;0;0;0;0;0;0;0;0;0;0;0;0;0;0;0;0;1;0;0;0;0;1;1;0;0;0;1;0;0;1;0;0;0;1;0;0;0;1;1;0;1;0;1;4.58;1.0;0
1766540;Wonderputt Forever;;;;5.79;0;20000;0;85.95;104;17;0;25;1;15;full;0;0;0;2.0;1;Novato;118;0;0;1;0;1;0;0;0;0;1;0;0;0;0;1;0;0;0;0;1;0;1;1;0;0;0;0;0;0;0;0;0;0;0;0;0;0;0;0;0;0;0;0;0;0;0;0;0;0;0;0;0;0;0;0;1;0;1;0;0;0;0;0;0;0;0;0;0;1;0;1;1;0;0;0;0;0;0;74;61;13;58;0;21;13.15;0.824;0
31170;Tales of Monkey Island: Complete Season;;;;7.99;0;200000;0;89.07;660;81;0;0;0;3;none;0;0;0;0.0;1;Novato;243;0;1;0;0;0;0;1;0;0;0;0;0;0;0;1;0;0;0;0;0;0;0;0;0;0;0;0;0;0;0;0;0;0;1;0;0;0;0;0;0;0;0;0;0;0;0;0;0;0;0;0;0;0;0;0;0;0;1;1;0;0;0;0;0;0;1;0;0;0;0;0;0;0;0;0;0;0;0;133;115;18;102;0;28;6.77;0.865;1
1501610;Nova Lands;;;;6.24;0;100000;80;90.19;2546;277;0;24;1;15;full;0;0;0;4.0;1;Novato;253;0;1;0;0;1;0;0;0;1;0;1;0;0;0;1;0;0;0;0;1;0;1;1;0;0;1;0;0;0;0;1;1;0;0;0;0;1;0;0;0;0;1;0;0;0;0;0;0;0;0;0;1;1;0;0;0;0;0;0;0;0;1;0;0;0;0;0;0;0;0;1;1;0;0;0;0;0;0;1000;841;159;346;0;16;27.12;0.841;1
881130;Synthwave Dream '85;;;;2.49;0;20000;0;89.86;62;7;0;11;0;1;full;0;0;0;4.0;1;Novato;93;0;0;0;0;1;0;0;1;1;0;0;0;0;0;1;1;1;0;0;1;0;1;0;0;0;0;1;1;0;0;0;0;0;0;0;0;0;0;0;0;0;0;0;0;0;0;0;0;0;1;0;0;1;0;0;0;1;0;0;0;0;0;1;0;0;0;0;0;1;0;1;0;1;0;0;0;0;0;7;7;0;5;4;6;2.46;1.0;0
303790;Faery - Legends of Avalon;;;;0.0;0;100000;0;72.11;561;217;0;12;0;7;full;0;0;0;2.0;1;Novato;205;0;0;0;0;0;0;1;0;0;0;0;0;0;0;1;0;0;0;0;1;0;1;1;0;0;1;0;0;0;0;0;0;0;1;0;0;0;0;1;0;1;0;0;0;0;0;0;0;0;0;0;0;0;0;0;0;0;0;0;0;0;0;0;0;0;0;0;0;0;0;0;0;0;0;0;0;0;0;139;97;42;131;0;29;8.07;0.698;1
1678860;TV Kid;;;;9.99;0;20000;0;91.07;51;5;0;8;0;1;none;0;0;0;1.0;1;Novato;168;0;0;1;0;1;0;0;0;0;0;1;0;0;0;1;0;0;0;0;0;0;1;0;0;0;0;0;0;0;0;0;0;0;0;0;0;0;0;0;0;0;1;0;0;0;0;0;0;0;0;0;0;0;0;0;0;0;0;0;0;0;1;0;0;0;0;0;0;0;0;1;0;0;0;0;0;0;0;5;5;0;4;0;5;6.42;1.0;0
17580;Dystopia;;;;0.0;1;100000;1;84.94;925;164;0;42;0;17;none;0;0;0;0.25;1;Novato;277;1;0;0;0;1;0;0;0;0;0;0;0;0;0;0;1;0;0;0;0;0;1;1;0;0;0;0;0;0;1;0;0;0;0;0;0;1;0;0;0;0;0;0;0;0;0;1;1;0;0;0;0;0;0;0;0;0;0;0;0;0;0;0;0;0;0;0;0;0;0;0;1;0;1;0;0;1;0;104;86;18;104;0;27;20.65;0.827;1
2616140;Sunset Motel;;;;9.89;0;20000;36;81.15;366;85;0;40;0;11;full;0;0;0;8.0;1;Novato;217;1;0;1;0;0;0;0;0;1;0;0;0;0;0;1;0;0;0;0;1;0;1;1;0;0;0;0;0;0;1;0;0;0;0;0;0;0;0;0;0;0;0;0;0;0;0;0;1;0;0;0;0;1;1;0;0;0;0;0;0;0;0;0;0;0;0;0;0;1;0;1;0;0;0;0;0;0;0;813;651;162;678;0;14;12.57;0.801;0
3085950;Banana-Shaped;;;;0.0;1;20000;2;28.26;13;33;0;10;0;11;full;0;0;0;0.12;1;Novato;188;0;0;1;0;1;0;0;0;0;0;0;0;0;0;1;0;0;0;0;1;0;1;0;0;1;0;0;0;0;0;0;0;0;0;0;0;0;0;0;0;0;0;0;0;0;0;0;0;0;0;0;0;0;0;0;0;0;0;1;0;0;1;0;0;0;0;0;1;0;0;1;1;0;1;0;0;0;0;61;23;38;61;0;22;22.88;0.377;0
1782670;Tru Or Die;;;;5.79;0;20000;1;52.57;194;175;0;0;0;1;none;0;0;0;16.0;1;Novato;73;1;0;0;0;0;0;1;0;1;0;0;0;0;0;1;1;1;0;0;0;0;0;0;0;0;0;0;0;0;0;1;1;0;0;0;0;1;0;1;0;0;0;0;0;0;0;0;1;0;0;0;0;1;0;0;0;0;0;0;0;0;0;1;1;0;0;0;0;0;0;0;0;0;0;0;0;0;0;308;159;149;272;0;26;20.02;0.516;0
486850;Card of spirits;;;;0.49;0;50000;0;75.0;102;34;0;19;0;10;full;0;0;0;0.25;1;Novato;279;0;0;1;0;1;0;0;0;0;0;1;0;0;0;1;0;0;0;0;1;0;1;1;0;0;1;0;0;0;0;0;0;0;0;0;0;0;0;0;0;1;1;0;0;0;0;0;0;0;0;0;0;0;0;0;0;0;0;0;0;1;1;0;0;0;1;0;0;0;0;1;1;0;0;0;0;0;0;26;20;6;21;0;15;7.8;0.769;1
372490;GROOVY;;;;3.59;0;50000;0;58.54;72;51;0;60;1;12;full;0;0;0;4.0;1;Novato;220;1;1;0;0;1;0;0;1;0;1;1;0;0;0;1;0;0;0;0;1;0;1;0;0;0;1;0;0;0;0;0;0;0;0;0;0;0;0;0;0;0;1;0;1;0;0;0;0;0;0;0;0;0;0;0;1;1;1;0;0;0;0;1;0;0;0;0;0;0;0;1;1;0;0;0;0;0;0;5;1;4;0;0;5;1.67;0.2;1
999270;War Builder League;;;;0.0;1;50000;0;58.72;101;71;0;0;0;6;none;0;0;0;8.0;1;Novato;132;1;0;0;0;1;0;0;0;0;0;0;0;0;1;0;1;0;0;0;0;0;0;0;0;0;0;0;0;0;0;0;1;0;0;0;0;0;0;0;0;0;1;0;0;0;0;0;1;0;1;0;1;0;0;0;0;0;0;0;0;0;0;0;0;0;0;0;0;0;0;0;1;1;1;0;0;0;0;15;6;9;15;15;13;1.48;0.4;1
461030;A Long Way Home;;;;1.99;0;20000;0;63.64;28;16;0;22;0;1;none;0;0;0;2.0;1;Novato;223;0;1;1;0;1;0;0;0;0;0;0;0;0;0;1;0;0;0;0;0;0;1;0;0;0;1;0;0;0;0;0;0;0;0;0;0;0;0;0;0;0;0;0;1;0;0;0;0;0;0;0;0;0;0;0;0;0;0;0;0;0;1;0;0;0;1;0;1;1;0;1;1;0;0;0;0;0;0;3;2;1;2;0;2;6.1;0.667;0
1552050;GILLES;;;;39.99;0;50000;0;100.0;1;0;0;0;0;1;none;0;0;0;2.0;1;Novato;269;0;0;0;0;0;0;1;0;1;0;0;0;0;0;1;0;0;0;0;0;0;0;0;0;0;0;0;0;0;0;0;0;0;0;0;0;0;1;1;0;0;0;0;0;0;0;0;0;0;0;0;0;1;0;0;0;0;1;1;1;0;0;0;0;0;0;0;1;0;0;0;0;0;0;0;0;0;0;1;1;0;1;0;1;0.3;1.0;1
652190;Emily Wants to Play Too;;;;4.49;0;50000;1;81.41;416;95;0;14;0;1;full;0;0;0;0.0;1;Novato;289;1;1;0;0;1;0;0;0;1;0;1;0;0;0;1;0;0;0;0;1;0;1;1;0;0;0;0;0;0;1;0;0;0;0;0;0;0;1;0;0;0;1;0;0;0;0;0;1;0;0;0;0;1;0;0;0;0;0;0;0;0;0;0;0;0;0;0;0;0;0;0;1;0;0;0;0;0;0;151;118;33;140;0;29;4.09;0.781;1
110610;Alien Zombie Megadeath;;;;4.99;0;20000;0;73.33;55;20;0;13;0;5;none;0;0;0;0.5;1;Novato;68;1;0;0;0;1;0;0;0;0;0;0;0;0;0;1;1;0;0;0;0;1;1;0;0;0;0;1;0;0;0;0;0;0;0;0;0;0;0;0;0;0;0;0;1;0;0;0;0;0;0;0;0;0;0;0;0;0;0;0;0;0;0;0;0;0;0;0;0;0;0;0;1;0;0;0;0;0;0;6;5;1;2;0;4;4.92;0.833;0
418060;Battle Riders;;;;0.99;0;20000;0;69.89;130;56;0;63;0;1;none;0;0;0;2.0;1;Novato;134;1;0;1;0;1;0;0;1;1;0;0;0;0;0;1;0;0;0;0;0;1;1;0;0;0;0;0;0;0;1;0;0;0;0;0;0;0;0;0;0;0;0;0;0;0;0;0;0;0;0;0;0;1;0;0;1;1;0;0;0;0;0;0;0;0;0;0;0;0;0;1;1;0;0;0;0;0;0;13;11;2;10;0;9;8.09;0.846;0
2248430;Touhou Artificial Dream in Arcadia;;;;5.79;0;100000;14;96.98;1026;32;0;38;1;7;full;0;0;0;0.25;1;Novato;79;0;1;0;0;1;0;1;0;0;0;0;0;0;0;1;0;0;0;0;1;0;1;1;1;0;1;0;0;0;1;0;0;0;0;0;0;0;0;1;0;0;0;0;0;0;0;0;0;0;0;0;0;0;0;0;0;0;0;0;0;1;1;0;0;0;0;0;0;0;0;0;1;0;0;0;0;0;0;742;710;32;683;0;29;32.91;0.957;1
836260;Call of Bitcoin;;;;0.99;0;20000;0;57.69;45;33;0;97;0;2;none;0;0;0;0.0;1;Novato;143;1;1;1;0;1;0;0;0;0;0;0;0;0;0;1;0;0;0;0;0;0;1;1;0;0;0;0;0;0;0;0;0;0;0;0;0;0;0;0;0;0;0;0;1;0;0;0;0;0;0;0;0;0;0;0;0;0;0;0;0;0;0;0;0;0;0;0;0;0;0;1;1;0;0;0;0;0;0;12;4;8;6;0;11;2.21;0.333;0
1069640;This Land Is My Land;;;;29.99;0;200000;37;68.68;3070;1400;0;59;2;14;none;0;0;0;8.0;1;Novato;219;1;0;0;0;1;0;1;0;1;0;0;0;0;0;1;0;0;0;0;0;1;0;0;0;0;0;0;0;0;1;1;1;0;0;0;0;1;0;1;0;0;0;0;0;0;0;0;1;0;0;0;1;1;0;0;0;0;0;0;0;0;0;0;0;0;0;0;0;0;0;0;1;1;0;0;0;1;1;542;305;237;503;0;29;140.9;0.563;1
897610;Scrapland Remastered;;;;19.99;0;20000;1;92.47;86;7;0;13;0;6;full;0;0;0;0.5;1;Novato;195;1;1;0;0;0;0;0;0;0;0;0;0;0;0;1;1;0;0;0;1;0;1;1;0;0;0;0;0;0;0;1;0;0;0;0;0;0;0;0;0;0;0;0;0;0;0;0;1;0;1;0;0;0;0;0;0;1;0;0;0;0;0;1;0;0;0;0;0;0;0;0;0;0;0;0;0;0;0;43;41;2;40;0;25;11.25;0.953;0
2757520;Glory to Ukraine!;;;;1.49;0;20000;0;84.97;130;23;0;3;0;2;none;0;0;0;4.0;1;Novato;265;1;1;0;0;1;0;0;0;0;0;0;0;0;0;1;0;0;0;0;0;0;1;0;0;0;0;0;0;0;1;0;0;0;0;0;0;0;0;0;0;0;0;0;0;0;0;0;0;0;0;0;0;0;0;0;0;0;0;0;0;0;0;1;1;0;0;1;0;0;0;0;0;0;0;0;0;1;0;162;139;23;149;0;25;1.11;0.858;0
1530150;Worn Thin;;;;0.0;1;20000;0;73.05;122;45;0;0;0;1;none;0;0;0;0.09;1;Novato;235;0;0;0;0;1;0;0;0;0;0;0;0;0;0;1;0;0;0;0;0;0;0;0;0;0;0;0;0;0;0;0;0;0;0;0;0;0;0;0;0;0;0;0;1;0;0;0;0;0;0;0;0;0;0;0;0;0;0;0;0;0;0;1;0;0;0;0;0;0;0;0;1;0;1;0;0;0;0;22;15;7;22;0;14;1.0;0.682;0
696480;The Norwood Suite;;;;9.99;0;50000;2;87.8;1058;147;0;17;1;1;none;0;0;0;8.0;1;Novato;158;0;1;1;0;1;0;0;0;0;0;0;0;0;0;1;0;0;0;0;0;0;1;0;0;0;1;0;0;0;1;0;0;0;0;0;0;0;1;0;0;0;0;0;0;0;0;0;0;0;0;0;0;0;0;0;0;0;1;0;0;0;0;0;0;0;0;0;1;0;0;1;1;0;0;0;0;0;0;207;178;29;130;0;29;3.19;0.86;1
1844640;LiS: Achados & Perdidos dos Confins do Universo;;;;0.9;0;20000;0;100.0;6;0;0;12;0;2;none;0;0;0;2.0;1;Novato;62;0;0;1;0;1;0;0;0;0;0;1;0;0;0;1;0;0;0;0;0;0;1;0;0;0;0;0;0;0;0;0;0;0;0;0;0;0;0;0;0;0;1;0;0;0;0;0;0;0;0;0;0;0;1;0;0;0;1;0;0;0;1;0;0;0;0;0;0;1;0;1;1;0;0;0;0;0;0;3;3;0;2;0;3;2.08;1.0;0
496690;Adventures On The Polluted Islands;;;;2.19;0;50000;0;68.53;98;45;0;0;0;2;none;0;0;0;2.0;1;Novato;255;0;1;1;0;1;0;0;0;0;0;0;0;0;0;1;0;0;0;0;0;0;0;0;0;0;1;0;0;0;0;0;0;0;0;0;0;0;0;0;0;0;0;0;0;0;0;0;0;0;0;0;0;0;0;0;0;0;0;0;0;0;0;0;0;0;0;0;0;0;0;1;1;0;0;0;0;0;0;13;8;5;7;0;12;4.02;0.615;1
1101180;EverStopped;;;;2.99;0;20000;0;96.67;407;14;0;32;0;2;none;0;0;0;4.0;1;Novato;108;1;0;1;0;1;0;0;0;0;0;0;0;0;0;1;0;0;0;0;0;1;1;1;0;0;0;0;0;0;0;0;0;0;0;0;0;0;0;0;0;0;0;0;0;0;0;0;0;0;0;0;0;0;0;0;0;0;0;0;0;0;0;0;1;0;0;0;0;0;0;1;1;0;0;0;0;1;0;25;23;2;21;0;17;8.52;0.92;0
1568560;Faction Wars;;;;1.99;0;20000;0;0.0;0;2;0;0;0;1;none;0;0;0;0.0;1;Novato;108;0;0;0;0;0;0;0;0;0;0;1;0;0;0;1;1;0;0;0;0;0;0;0;0;0;0;0;0;0;0;0;0;0;0;0;0;0;0;0;0;0;1;0;0;0;0;0;0;0;0;0;0;0;0;0;0;0;0;1;0;0;1;0;0;0;0;0;1;1;0;1;0;0;0;0;0;0;0;0;0;0;0;0;0;0.0;0.0;0
809720;Rescue HQ - The Tycoon;;;;10.49;0;50000;1;79.63;696;178;0;21;1;10;none;0;0;0;4.0;1;Novato;289;0;0;1;0;1;0;0;0;1;0;1;0;0;0;1;0;0;0;0;0;0;1;1;1;0;1;0;0;0;0;0;0;0;1;0;0;0;0;0;0;0;1;0;0;0;0;0;0;0;0;0;1;1;1;1;0;0;0;0;0;0;0;0;0;0;0;0;0;1;0;1;1;0;0;0;0;0;0;128;93;35;118;0;29;29.53;0.727;1
1625280;Shackled;;;;1.49;0;20000;0;100.0;3;0;0;0;0;1;none;0;0;0;0.01;1;Novato;173;1;1;0;0;0;0;1;0;0;0;0;0;0;0;1;0;0;0;0;0;0;0;0;0;0;0;0;0;0;0;1;0;0;1;0;0;0;0;1;0;0;0;0;0;0;0;0;0;0;0;0;0;0;0;0;0;0;0;0;0;0;0;1;0;0;0;0;0;0;0;0;0;0;0;0;0;0;0;0;0;0;0;0;0;0.0;0.0;0
555160;Pavlov;;;;24.99;0;1000000;107;89.51;35512;4160;0;0;0;1;none;0;0;0;8.0;1;Novato;209;1;0;0;0;1;0;0;0;0;0;0;0;0;0;0;1;1;1;0;0;0;0;0;0;0;0;0;0;0;1;0;0;0;0;0;0;0;0;0;0;0;0;0;0;0;0;1;1;0;1;0;0;1;0;0;0;0;0;0;0;0;0;0;0;0;0;0;0;0;0;0;1;0;0;1;0;1;0;1000;793;207;906;0;8;77.57;0.793;1
2873760;Beauties! They're All After Me;;;;1.89;0;20000;1;87.36;1044;151;0;15;0;15;none;0;0;0;8.0;1;Novato;285;1;1;1;0;1;0;1;0;1;0;1;0;0;0;1;0;0;0;0;0;0;1;1;0;0;0;0;0;0;1;0;0;0;1;0;0;0;0;1;0;0;0;0;0;0;0;0;0;0;0;0;0;0;0;0;0;0;0;0;1;0;0;0;0;0;0;0;0;1;0;1;0;0;0;0;0;0;0;495;327;168;475;0;22;7.61;0.661;0
313830;See No Evil;;;;0.99;0;100000;0;65.83;237;123;0;19;1;1;full;0;0;0;0.5;1;Novato;201;0;1;0;0;1;0;0;0;0;0;1;0;0;0;1;0;0;0;0;1;0;1;0;0;0;1;0;0;0;0;0;0;0;0;0;0;0;1;0;0;0;1;0;0;0;0;0;0;0;0;0;0;0;0;0;0;0;1;0;0;1;1;0;0;0;0;1;1;0;0;0;1;0;0;0;0;0;0;112;100;12;19;0;17;6.41;0.893;1
965590;Sagrada;;;;9.99;0;20000;9;95.65;352;16;0;29;0;5;none;0;0;0;2.0;1;Novato;44;0;0;1;0;1;0;0;0;0;0;1;0;0;0;1;1;0;0;0;0;0;0;0;0;0;0;0;0;0;0;0;0;0;0;0;0;0;0;0;0;1;1;0;0;0;0;0;1;0;1;0;0;0;0;0;0;0;1;0;0;0;1;0;0;0;0;0;0;1;0;1;1;0;0;0;0;0;0;183;165;18;81;0;29;18.65;0.902;0
2194780;BeachHead Rogue;;;;2.99;0;500000;1;92.31;12;1;0;41;0;1;none;0;0;0;10.0;1;Novato;209;1;0;1;0;1;0;0;0;1;0;1;0;0;0;1;0;0;0;0;0;0;1;1;0;0;0;0;0;0;1;0;0;0;0;0;0;1;0;0;0;0;0;0;0;0;0;0;0;0;0;0;0;1;0;0;0;0;0;0;0;0;0;1;1;0;0;0;0;0;0;0;0;1;0;1;0;1;0;16;14;2;16;0;7;3.45;0.875;1
1437880;Heroes of the Three Kingdoms 7;;;;6.99;0;500000;323;80.57;2289;552;0;0;0;1;none;0;0;0;0.5;1;Novato;124;0;0;0;0;0;0;1;0;1;0;1;0;0;0;1;0;0;0;0;0;0;0;0;0;0;0;0;0;0;0;0;0;0;0;0;0;0;0;1;0;0;1;0;0;0;0;0;0;0;0;0;0;1;0;0;0;0;0;0;0;0;1;0;0;0;0;0;0;0;0;0;0;0;0;0;0;0;0;553;394;159;500;0;29;109.16;0.712;1
604330;The Crown of Leaves;;;;3.27;0;200000;5;95.75;2003;89;0;43;2;2;none;0;0;0;3.0;1;Novato;170;0;1;1;0;1;0;0;0;0;0;0;0;0;0;1;0;0;0;0;0;0;1;1;0;0;1;0;0;0;0;0;0;0;1;0;0;0;0;0;0;0;0;0;0;0;0;0;0;0;0;0;0;0;0;0;0;0;1;1;1;0;1;0;0;0;0;1;1;0;0;1;1;0;0;0;0;0;0;429;400;29;366;0;29;13.73;0.932;1
2082300;Legacy;;;;4.99;0;100000;0;86.67;13;2;0;15;0;1;none;0;0;0;8.0;1;Novato;299;1;1;0;0;1;0;1;0;1;0;1;0;0;1;1;0;0;0;0;0;0;0;0;0;0;0;0;0;0;1;1;1;0;0;0;0;1;0;1;1;0;0;0;0;0;0;0;0;0;0;0;0;0;0;1;0;0;0;0;0;0;0;0;0;0;0;0;0;0;0;0;0;1;0;0;0;0;0;9;9;0;9;9;3;1.9;1.0;1
373750;DinoSystem;;;;7.99;0;20000;0;88.18;276;37;0;0;0;1;none;0;0;0;2.0;1;Novato;199;1;0;0;0;1;0;1;0;1;0;0;0;0;1;1;0;0;0;0;0;0;0;0;0;0;0;1;0;0;0;0;0;0;0;0;0;1;0;1;0;0;0;0;0;0;0;0;0;0;0;0;0;1;0;0;0;0;0;0;0;0;1;0;0;0;0;0;0;0;0;0;1;1;0;0;0;0;0;60;58;2;49;60;24;36.5;0.967;0
1190130;Araha : Curse of Yieun Island;;;;15.99;0;50000;1;60.36;204;134;0;20;0;10;full;0;0;0;8.0;1;Novato;294;0;1;0;0;1;0;0;0;0;0;0;0;0;0;1;0;0;0;0;1;0;1;0;0;0;0;0;0;0;1;0;0;0;0;0;0;0;1;0;0;0;0;0;0;0;0;0;1;0;0;0;0;0;0;0;0;0;0;0;0;0;0;0;0;0;0;0;0;0;0;0;1;0;0;0;0;0;0;88;47;41;77;0;27;5.03;0.534;1
884990;Absinth;;;;1.99;0;20000;0;69.7;69;30;0;0;0;3;none;0;0;0;4.0;1;Novato;182;1;1;0;0;1;0;0;0;0;0;0;0;0;0;1;0;0;0;0;0;0;0;0;0;0;0;0;0;0;1;0;0;0;1;0;0;0;1;0;0;0;0;0;0;0;0;0;0;0;0;0;0;0;0;0;0;0;1;0;0;0;0;0;1;0;0;1;0;0;0;0;1;1;0;0;0;0;0;3;1;2;2;0;2;2.3;0.333;0
662240;Epitasis;;;;14.99;0;20000;0;73.25;115;42;0;10;1;9;full;0;0;0;5.0;1;Novato;298;1;1;0;0;1;0;0;0;0;0;0;0;0;0;1;0;0;0;0;1;0;1;1;0;0;0;0;0;0;1;1;0;0;0;0;0;0;0;0;0;0;0;0;0;0;0;0;0;0;0;0;0;0;0;0;0;0;1;0;0;0;0;0;0;0;0;0;1;1;0;1;1;0;0;0;0;0;0;16;8;8;15;0;11;3.99;0.5;0
1448760;The Plane Effect;;;;8.55;0;20000;0;62.16;46;28;0;33;0;15;full;0;0;0;4.0;1;Novato;220;0;1;1;0;1;0;0;0;0;0;0;0;0;0;1;0;0;0;0;1;0;1;0;0;0;0;0;0;0;0;0;0;0;0;0;0;0;1;0;0;0;0;0;0;0;0;0;0;0;0;0;0;0;0;0;0;0;1;1;0;0;0;0;0;0;0;1;1;0;0;0;0;0;0;0;0;0;0;11;7;4;11;0;9;7.13;0.636;0
485080;Megapolis;;;;2.99;0;20000;0;74.03;114;40;0;22;0;8;none;0;0;0;1.0;1;Novato;209;0;0;1;0;1;0;0;0;1;0;0;0;0;0;1;0;0;0;0;0;0;1;1;0;0;1;0;0;0;0;0;0;0;0;0;0;0;0;0;0;0;1;0;0;0;0;0;0;0;0;0;0;1;1;1;0;0;0;0;0;0;0;0;0;0;0;0;0;0;0;1;1;0;0;0;0;0;0;23;18;5;17;0;17;9.18;0.783;0
615350;Scarlett Mysteries: Cursed Child;;;;7.99;0;20000;0;89.61;250;29;0;13;0;9;none;0;0;0;1.0;1;Novato;63;0;1;1;0;0;0;0;0;0;0;0;0;0;0;1;0;0;0;0;0;0;1;1;0;0;1;0;0;0;0;0;0;0;1;0;0;0;1;0;0;0;0;0;0;0;0;0;0;0;0;0;0;0;0;0;0;0;1;1;0;0;1;0;0;0;0;0;1;0;0;1;1;0;0;0;0;0;0;31;29;2;27;0;21;5.43;0.935;0
2738490;Sol Cesto;;;;7.99;0;100000;210;96.02;844;35;0;21;0;18;none;0;0;0;1.0;1;Novato;251;0;0;0;0;1;0;0;0;0;0;1;0;0;0;1;0;0;0;0;0;0;0;0;0;0;0;0;0;0;0;0;0;0;0;0;0;0;0;0;0;1;1;0;0;0;0;0;0;0;0;0;0;0;0;0;0;0;1;0;0;0;1;0;0;0;0;0;1;0;0;0;1;1;0;0;0;0;0;1000;883;117;952;0;2;14.19;0.883;1
1382800;A Winding Path;;;;2.99;0;100000;0;100.0;18;0;0;25;0;5;full;0;0;0;0.0;1;Novato;283;0;1;0;0;1;0;0;0;0;0;0;0;0;0;1;0;0;0;0;1;0;1;1;0;0;0;0;0;0;0;0;0;0;1;0;0;0;0;0;0;0;0;0;0;0;0;0;0;0;0;0;0;0;0;0;0;0;0;0;0;0;1;0;0;0;0;0;0;1;0;0;1;0;0;0;0;0;0;7;7;0;7;0;6;3.23;1.0;1
892630;Mojo: Hanako;;;;0.0;1;50000;1;80.03;609;152;0;6;2;103;full;0;0;0;1.0;1;Novato;229;0;0;1;0;1;0;1;0;0;0;0;0;0;0;1;0;0;0;0;1;0;1;1;0;0;0;0;0;0;0;0;0;0;0;0;0;0;0;1;0;0;0;0;0;0;0;0;0;0;0;0;0;0;0;0;0;0;1;0;0;1;0;0;0;0;0;0;0;0;0;1;1;0;1;0;0;0;0;52;41;11;52;0;28;1.62;0.788;1
1659050;Creatures Docking Station;;;;0.0;1;20000;5;96.36;159;6;0;0;4;3;none;0;0;0;0.03;1;Novato;268;0;0;1;0;0;0;0;0;1;0;0;0;0;0;1;0;0;0;0;0;0;0;1;0;0;0;0;0;0;0;0;0;0;0;0;0;1;0;0;0;0;0;0;0;0;0;0;0;0;0;0;1;1;0;0;0;0;0;0;0;0;0;0;0;0;0;0;1;0;0;1;0;0;0;0;0;0;0;64;61;3;64;0;23;50.2;0.953;0
279990;Bridge Constructor Playground;;;;5.79;0;50000;0;68.89;186;84;0;21;0;13;none;0;0;0;1.0;1;Novato;289;0;0;1;0;1;0;1;0;1;0;0;0;0;0;1;0;0;0;0;0;0;1;1;0;0;0;0;0;0;0;0;0;0;0;0;0;0;0;1;0;0;0;0;0;0;0;0;0;0;0;0;0;1;0;0;0;0;1;0;0;0;0;0;0;0;0;0;0;0;0;1;1;0;0;0;0;0;0;46;33;13;32;0;25;4.98;0.717;1
1175970;Hibiscus Red;;;;0.99;0;20000;0;36.0;18;32;0;0;1;2;none;0;0;0;1.0;1;Novato;45;0;1;0;0;1;0;0;0;0;0;0;0;0;0;1;0;0;0;0;0;0;0;0;0;0;0;0;0;0;0;0;0;0;1;0;0;0;0;0;0;0;0;0;0;0;0;0;0;0;0;0;0;0;0;0;0;0;0;1;0;0;0;0;0;0;0;0;0;0;0;0;1;0;0;0;0;0;0;3;1;2;0;0;3;0.44;0.333;0
273820;Mining & Tunneling Simulator;;;;4.99;0;20000;0;19.57;27;111;0;0;0;6;none;0;0;0;2.0;1;Novato;329;0;0;0;0;0;0;0;0;1;0;0;0;0;0;1;0;0;0;0;0;0;0;1;0;0;0;0;0;0;0;0;0;0;0;0;0;0;0;0;0;0;0;0;0;0;0;0;0;0;0;0;0;1;0;0;0;0;0;0;0;0;0;0;0;0;0;0;0;0;0;0;0;0;0;0;0;0;0;5;0;5;1;0;5;0.43;0.0;0
2779440;Hotdog Runner;;;;1.49;0;20000;0;99.19;244;2;0;0;0;1;none;0;0;0;2.0;1;Novato;102;0;0;1;0;0;0;0;0;0;0;0;0;0;0;1;0;0;0;0;0;1;0;0;0;0;0;0;0;0;0;0;0;0;0;0;0;0;0;0;0;0;0;0;0;0;0;0;0;0;0;0;0;0;0;0;0;1;0;0;0;0;0;1;0;0;0;0;0;0;0;1;0;0;0;0;0;0;0;255;252;3;238;0;21;4.16;0.988;0
1021770;Wanba Warriors;;;;0.89;0;50000;11;89.45;2375;280;0;0;5;29;full;0;0;0;0.49;1;Novato;267;1;0;0;0;1;0;0;0;0;0;0;0;0;0;1;1;0;0;0;1;0;0;0;0;0;1;1;0;0;0;0;0;0;0;0;0;0;0;0;0;0;0;0;0;0;0;0;1;1;1;0;0;0;0;0;0;0;0;0;0;0;1;0;0;0;0;0;0;0;0;0;0;0;0;0;0;0;0;442;347;95;243;0;29;13.26;0.785;1
500870;Riddles Of The Past;;;;6.99;0;20000;0;79.61;203;52;0;31;0;3;none;0;0;0;0.5;1;Novato;97;0;0;1;0;1;0;0;0;0;0;0;0;0;0;1;0;0;0;0;0;0;1;0;0;0;1;0;0;0;0;0;0;0;0;0;0;0;0;0;0;0;0;0;0;0;0;0;0;0;0;0;0;0;0;0;0;0;1;1;0;0;0;0;0;0;0;0;1;0;0;1;1;0;0;0;0;0;0;22;19;3;21;0;13;6.68;0.864;0
885140;七人杀阵 - Seven Sacrifices;;;;3.99;0;50000;0;80.44;835;203;0;20;1;1;none;0;0;0;2.0;1;Novato;249;0;1;1;0;1;0;0;0;0;0;0;0;0;0;1;0;0;0;0;0;0;1;1;0;0;1;0;0;0;0;0;0;0;1;0;0;0;0;0;0;0;0;0;0;0;0;0;0;0;0;0;0;0;0;0;0;0;0;0;1;1;0;0;0;0;0;0;0;0;0;1;1;0;0;0;0;0;0;129;88;41;119;0;29;10.95;0.682;1
1767310;Midnight Mahjong;;;;1.9;0;20000;2;67.22;162;79;0;6;0;3;none;0;0;0;4.0;1;Novato;283;0;1;1;0;0;0;1;0;0;0;0;0;0;0;1;0;0;0;0;0;0;0;1;0;0;0;0;0;0;0;0;0;0;0;0;0;0;0;1;0;0;0;0;0;0;0;0;0;0;0;0;0;0;0;0;0;0;0;0;0;1;1;0;0;0;0;0;0;0;0;1;0;0;0;0;0;0;0;45;25;20;43;0;21;2.69;0.556;0
645230;RUCKBALL;;;;0.0;1;20000;0;67.35;66;32;0;0;0;2;none;0;0;0;6.0;1;Novato;206;1;0;0;0;1;0;0;0;0;1;0;0;0;1;0;1;0;0;0;0;1;0;0;0;0;0;0;0;0;0;0;0;0;0;0;0;0;0;0;0;0;0;0;0;0;0;0;1;0;0;0;0;0;0;0;1;0;0;0;0;0;0;0;0;0;0;0;0;0;0;0;1;1;1;0;0;1;0;8;6;2;8;8;7;2.07;0.75;0
1578920;CrateTastrophe;;;;1.99;0;50000;0;83.33;5;1;0;20;0;1;none;0;0;0;4.0;1;Novato;200;1;0;0;0;1;0;0;0;0;0;1;0;0;0;1;0;0;0;0;0;0;1;1;0;0;0;0;0;0;1;0;0;0;0;0;0;0;0;0;0;0;1;0;0;0;0;0;0;0;0;0;0;0;0;0;0;0;1;0;0;0;0;1;1;0;0;0;1;0;0;0;1;0;0;0;0;1;0;0;0;0;0;0;0;0.0;0.0;1
648600;FINAL FANTASY XV WINDOWS EDITION MOD ORGANIZER;;;;0.0;1;20000;0;38.78;19;30;0;0;0;3;none;0;0;0;8.0;1;Novato;206;0;0;0;0;0;0;0;0;0;0;0;0;0;0;1;0;0;0;0;0;0;0;0;1;0;0;0;0;0;0;0;0;0;0;0;0;0;0;0;0;0;0;0;0;0;0;0;0;0;0;0;0;0;0;0;0;0;0;0;0;0;0;0;0;0;0;0;0;0;0;0;0;0;1;0;0;0;0;6;4;2;6;0;4;0.88;0.667;0
2560750;Astra Strike;;;;1.99;0;20000;0;100.0;2;0;0;0;0;1;none;0;0;0;8.0;1;Novato;260;1;0;1;0;1;0;0;0;0;0;1;0;0;0;0;1;0;0;0;0;0;0;0;0;0;0;1;0;0;1;0;0;0;0;0;0;0;0;0;0;0;1;0;1;0;0;0;1;0;1;0;0;0;0;0;0;0;0;0;0;0;0;1;0;0;0;0;0;0;1;0;0;0;0;0;0;1;0;2;2;0;2;0;2;0.69;1.0;0
1249110;Skully;;;;5.79;0;20000;0;55.04;142;116;0;29;1;11;full;0;0;0;8.0;1;Novato;269;0;1;1;0;1;0;0;0;0;0;0;0;0;0;1;0;0;0;0;1;0;1;0;0;0;0;0;0;0;0;0;0;0;1;0;0;0;0;0;0;0;0;0;1;0;0;0;0;0;0;0;0;0;0;0;0;0;1;0;0;0;0;0;0;0;0;0;1;0;0;1;1;0;0;0;0;0;0;47;26;21;11;0;23;7.48;0.553;0
672970;Swords and Sandals Medieval;;;;3.99;0;20000;1;76.6;36;11;0;0;0;1;none;0;0;0;1.0;1;Novato;212;0;1;0;0;0;0;1;0;0;0;0;0;0;0;1;0;0;0;0;0;0;0;0;0;0;0;0;0;0;0;0;0;0;0;0;0;0;0;1;0;0;1;0;0;0;0;0;0;0;0;0;0;0;0;0;0;0;0;0;0;0;1;0;0;0;1;0;0;0;0;1;0;0;0;0;0;0;0;11;8;3;11;0;9;4.83;0.727;0
215550;Zombie Playground™;;;;9.99;0;50000;0;44.19;152;192;0;0;15;1;full;0;0;0;4.0;1;Novato;230;1;1;0;0;1;0;1;0;0;0;0;0;0;0;1;1;1;1;0;1;0;0;0;0;0;0;0;0;0;0;0;0;0;0;0;0;0;1;1;0;0;0;0;0;0;0;0;0;0;0;0;0;0;0;0;0;0;0;0;0;0;0;0;0;0;0;0;0;0;0;0;1;1;0;0;0;0;0;17;8;9;3;0;13;3.48;0.471;1
2492040;FATAL FURY: City of the Wolves;;;;10.49;0;50000;320;83.34;1251;250;0;42;2;14;full;0;0;0;8.0;1;Novato;288;1;0;0;0;0;0;0;0;0;0;0;0;0;0;1;1;0;0;0;1;0;1;1;0;0;0;0;0;0;0;0;0;0;0;0;0;0;0;0;0;0;0;0;0;0;0;0;1;0;1;0;0;0;0;0;0;0;0;0;0;1;1;1;0;0;0;0;0;0;0;0;0;0;0;0;0;0;0;1000;818;182;799;0;7;36.6;0.818;1
1414550;Tunnel Blast;;;;0.99;0;20000;0;100.0;5;0;0;12;0;1;none;0;0;0;0.0;1;Novato;161;1;0;0;0;1;0;0;1;1;0;0;0;0;0;1;0;0;0;0;0;0;0;0;0;0;0;0;0;0;0;0;0;0;0;0;0;0;0;0;0;0;0;0;0;0;0;0;0;0;0;0;0;1;0;0;0;1;0;0;0;0;0;1;0;0;0;0;0;0;0;0;1;0;0;0;0;0;0;0;0;0;0;0;0;0.0;0.0;0
214790;The Basement Collection;;;;2.49;0;200000;2;86.28;1295;206;0;53;0;1;none;0;0;0;0.0;1;Novato;124;0;1;0;0;1;0;0;0;0;0;1;0;0;0;1;0;0;0;0;0;0;0;0;0;0;0;0;0;0;0;0;0;0;0;0;0;0;0;0;0;0;1;0;1;0;0;0;0;0;0;0;0;0;0;0;0;0;1;0;0;0;1;0;0;0;0;0;0;0;1;1;1;0;0;0;0;0;0;282;251;31;250;0;29;14.7;0.89;1
357290;Red Lake;;;;4.99;0;200000;0;44.98;430;526;0;0;0;2;none;0;0;0;1.0;1;Novato;49;1;1;0;0;1;0;0;0;0;0;0;0;0;0;1;0;0;0;0;0;0;0;0;0;0;1;0;0;0;1;0;0;0;1;0;0;1;1;0;0;0;0;0;0;0;0;0;0;0;0;0;0;0;0;0;0;0;0;0;0;0;0;0;0;0;0;0;1;0;1;1;1;1;0;0;0;1;0;166;128;38;57;0;25;3.3;0.771;1
204440;Pickers;;;;9.99;0;20000;1;84.3;188;35;0;40;0;1;none;0;0;0;1.0;1;Novato;332;0;1;1;0;0;0;0;0;0;0;0;0;0;0;1;0;0;0;0;0;0;0;0;0;0;0;0;0;0;0;0;0;0;0;0;0;0;0;0;0;0;0;0;0;0;0;0;0;0;0;0;0;0;0;0;0;0;0;1;0;0;0;0;0;0;0;0;0;0;0;1;0;0;0;0;0;0;0;18;15;3;10;0;15;10.75;0.833;0
1404660;Psych;;;;5.79;0;20000;0;79.25;252;66;0;26;1;7;none;0;0;0;6.0;1;Novato;255;0;1;0;0;1;0;0;0;0;0;0;0;0;0;1;0;0;0;0;0;0;1;1;0;0;1;0;0;0;1;0;0;0;0;0;0;0;1;0;0;0;0;0;0;0;0;0;0;0;0;0;0;0;0;0;0;0;1;0;0;0;0;1;1;0;0;1;1;0;0;0;1;0;0;0;0;0;0;74;49;25;73;0;27;4.02;0.662;0
983380;Car Manufacture;;;;10.49;0;50000;21;77.42;809;236;0;0;0;28;none;0;0;0;8.0;1;Novato;226;0;0;0;0;1;0;0;0;1;0;1;0;0;1;1;0;0;0;0;0;0;0;0;0;0;1;0;0;0;0;0;0;0;0;0;0;0;0;0;0;0;1;0;0;0;0;0;0;0;0;0;1;1;1;0;0;0;0;0;0;0;0;1;1;0;0;0;1;1;0;0;0;1;0;0;0;0;0;1000;609;391;984;1000;22;27.12;0.609;1
721390;Pipe Push Paradise;;;;9.99;0;20000;0;95.56;172;8;0;13;0;10;full;0;0;0;2.0;1;Novato;50;0;0;0;0;1;0;0;0;0;0;0;0;0;0;1;0;0;0;0;1;0;1;1;0;0;0;1;0;0;0;1;0;0;0;0;0;0;0;0;0;0;0;0;0;0;0;0;0;0;0;0;0;0;0;0;0;0;1;0;0;0;0;0;0;0;0;0;0;1;1;0;1;0;0;0;0;0;0;45;43;2;40;0;20;12.75;0.956;0
2527640;Alvara;;;;2.99;0;20000;0;70.0;7;3;0;30;0;4;none;0;0;0;4.0;1;Novato;286;0;1;0;0;1;0;1;0;0;0;0;0;0;1;1;0;0;0;0;0;0;1;0;0;0;0;0;0;0;0;0;0;0;1;0;0;0;0;1;0;0;0;0;0;0;0;0;0;0;0;0;0;0;0;0;0;0;0;0;0;0;0;1;1;0;0;0;0;0;0;0;0;1;0;0;0;0;0;6;5;1;0;6;5;6.18;0.833;0
365820;Company of Heroes 2 - The British Forces;;;;1.62;0;100000;0;72.95;302;112;0;0;3;8;none;0;0;0;2.0;1;Novato;299;0;0;0;0;0;0;0;0;0;0;1;0;0;0;0;1;0;0;0;0;0;1;1;1;0;1;0;0;0;0;0;0;0;0;0;0;0;0;0;0;0;1;0;0;0;0;0;1;0;0;0;0;0;0;0;0;0;0;0;0;0;0;0;0;0;0;0;0;0;0;0;0;0;0;0;0;0;0;46;32;14;40;0;22;0.0;0.696;1
599880;Tequila Zombies 3;;;;1.99;0;20000;1;70.92;139;57;0;28;0;1;none;0;0;0;1.0;1;Novato;252;1;0;0;0;1;0;0;0;0;0;0;0;0;0;1;0;0;0;0;0;0;1;1;0;0;1;0;0;0;0;0;0;0;0;0;0;0;0;0;0;0;0;0;0;0;0;0;0;0;0;0;0;0;0;0;0;0;0;0;0;0;0;0;0;0;0;0;0;0;0;0;1;0;0;0;0;0;0;108;69;39;99;0;27;4.0;0.639;0
370300;8-Bit Adventures 1: The Forgotten Journey Remastered Edition;;;;9.99;0;20000;0;85.49;165;28;0;40;1;1;none;0;0;0;0.5;1;Novato;173;0;1;0;0;1;0;1;0;0;0;0;0;0;0;1;0;0;0;0;0;1;1;1;0;0;1;0;0;0;0;0;0;0;0;0;0;0;0;1;0;1;0;0;0;0;0;0;0;0;0;0;0;0;0;0;0;0;0;0;0;0;1;0;0;0;0;0;0;0;0;0;1;0;0;0;0;0;0;62;56;6;56;0;24;12.63;0.903;0
597040;Dumbass Drivers!;;;;0.89;0;20000;0;56.19;59;46;0;28;0;1;none;0;0;0;2.0;1;Novato;221;0;0;0;0;1;0;0;1;0;0;0;0;0;0;1;0;0;0;0;0;1;1;0;0;0;1;0;0;0;1;0;0;0;0;0;0;0;0;0;0;0;0;0;0;0;0;0;0;0;0;0;0;1;0;0;0;1;0;0;0;0;0;1;0;0;0;0;0;0;1;1;1;0;0;0;0;0;0;26;11;15;24;0;18;4.06;0.423;0
2821890;PegIdle;;;;1.79;0;20000;51;74.59;270;92;0;84;0;8;none;0;0;0;2.0;1;Novato;295;0;0;1;0;1;0;0;0;0;0;0;0;0;0;1;0;0;0;0;0;0;1;1;0;0;1;0;0;0;0;0;0;0;0;0;0;0;0;0;0;0;1;0;0;0;0;0;0;0;0;0;0;0;0;0;0;0;0;1;0;0;1;0;0;0;1;0;0;1;0;1;1;0;0;0;0;0;0;438;326;112;429;0;24;74.07;0.744;0
284240;Maize;;;;5.79;0;200000;0;81.11;1657;386;0;0;1;1;none;0;0;0;4.0;1;Novato;229;0;1;0;0;1;0;0;0;0;0;0;0;0;0;1;0;0;0;0;0;1;0;0;0;0;0;0;0;0;1;0;0;0;1;0;0;0;0;0;0;0;0;0;0;0;0;0;0;0;0;0;0;0;0;0;0;0;1;1;0;0;0;1;1;0;0;0;1;0;0;0;1;0;0;0;0;0;0;205;183;22;123;0;29;6.82;0.893;1
3080880;XiuzhenWorld2;;;;7.29;0;20000;21;69.83;81;35;0;12;0;3;none;0;0;0;8.0;1;Novato;284;1;1;1;0;1;0;1;0;0;0;0;0;0;0;1;1;1;0;0;0;0;1;1;0;0;0;0;1;0;0;1;0;0;0;0;0;0;0;1;1;0;0;0;0;0;0;0;0;0;0;0;0;0;0;0;0;0;0;0;0;0;0;1;0;0;0;0;0;0;0;1;0;0;0;0;0;0;0;138;96;42;131;0;20;156.44;0.696;0
1084360;Mister Burnhouse;;;;0.89;0;20000;0;82.5;33;7;0;8;0;1;none;0;0;0;0.0;1;Novato;159;0;1;1;0;1;0;0;0;0;0;0;0;0;1;1;0;0;0;0;0;0;1;0;0;0;0;0;0;0;0;0;0;0;0;0;0;0;0;0;0;0;0;0;0;0;0;0;0;0;0;0;0;0;0;0;0;0;1;1;0;0;0;0;0;0;0;0;0;0;0;1;1;1;0;0;0;0;0;13;11;2;13;13;11;0.57;0.846;0
1060670;Taboos: Cracks;;;;1.49;0;100000;1;79.37;1377;358;0;12;1;29;none;0;0;0;4.0;1;Novato;46;0;0;1;0;1;0;0;0;0;0;0;0;0;0;1;0;0;0;0;0;0;1;1;0;0;0;0;0;0;0;0;0;0;0;0;0;0;0;0;0;0;0;0;0;0;0;0;0;0;0;1;0;0;0;0;0;0;1;0;1;1;1;0;0;0;0;0;0;1;0;1;1;0;0;0;0;1;0;166;135;31;159;0;29;16.39;0.813;1
1623870;The Bolt Age;;;;24.99;0;20000;0;50.0;4;4;0;47;0;2;none;0;0;0;6.0;1;Novato;297;1;0;0;0;1;0;0;0;0;0;0;0;0;0;1;0;0;0;0;0;0;1;0;0;0;0;0;0;0;0;0;0;0;1;0;0;0;1;0;0;0;0;0;0;0;0;0;0;0;0;0;0;0;0;0;0;0;1;0;0;0;0;1;0;0;0;1;0;0;0;0;1;0;0;0;0;0;0;0;0;0;0;0;0;0.0;0.0;0
2024070;Party Quiz;;;;3.99;0;50000;12;88.21;1234;165;0;36;0;18;none;0;0;0;8.0;1;Novato;207;0;0;1;0;1;0;0;0;1;0;0;0;0;1;0;1;0;0;0;0;0;1;1;1;0;0;0;0;0;0;0;0;0;0;0;0;0;0;0;0;0;0;0;0;0;0;0;0;0;1;0;0;1;0;0;0;0;1;0;0;0;0;1;0;0;0;0;0;0;0;1;0;1;0;0;0;0;0;1000;914;86;124;1000;17;12.63;0.914;1
530390;Slayaway Camp;;;;4.99;0;200000;2;94.94;826;44;0;50;4;6;none;0;0;0;2.0;1;Novato;295;0;0;1;0;1;0;0;0;0;0;1;0;0;0;1;0;0;0;0;0;1;1;1;0;0;1;0;0;0;0;0;0;0;0;0;0;0;1;0;0;0;1;0;0;0;0;0;0;0;0;0;0;0;0;0;0;0;1;0;0;0;0;0;0;0;0;0;0;1;1;1;0;0;0;0;0;0;0;141;133;8;125;0;28;11.36;0.943;1
1665780;Coalhero;;;;0.99;0;20000;0;100.0;2;0;0;24;0;1;none;0;0;0;2.0;1;Novato;206;1;1;0;0;0;0;1;0;0;0;0;0;0;0;1;0;0;0;0;0;0;0;0;0;0;0;0;0;0;0;0;0;0;1;0;0;0;0;1;1;0;0;0;0;0;0;0;0;0;0;0;0;0;0;0;0;0;0;0;0;0;1;0;0;0;0;0;0;0;0;0;0;0;0;0;0;0;0;0;0;0;0;0;0;0.0;0.0;0
1837920;Mining Cats;;;;1.99;0;20000;0;76.36;42;13;0;5;0;7;none;0;0;0;2.0;1;Novato;128;0;0;1;0;0;0;0;0;0;0;0;0;0;0;1;0;0;0;0;0;0;1;1;0;0;0;0;0;0;0;0;0;0;0;0;0;0;0;0;0;0;0;0;0;0;0;0;0;0;0;0;0;0;0;0;0;0;1;1;0;0;0;1;0;0;0;0;1;1;0;1;0;0;0;0;0;0;0;12;9;3;10;0;10;1.82;0.75;0
2478970;Tomb Raider I-III Remastered Starring Lara Croft;;;;14.99;0;200000;252;89.47;6128;721;0;284;0;20;full;0;0;0;4.0;1;Novato;90;1;1;0;0;0;0;0;0;0;0;0;0;0;0;1;0;0;0;0;1;0;1;1;0;0;1;0;0;0;0;0;0;0;1;0;0;0;1;0;0;0;0;0;1;0;0;0;0;0;0;0;0;0;0;0;0;0;1;0;0;0;0;1;0;0;0;0;1;0;1;0;0;0;0;0;0;0;0;1000;598;402;760;0;6;53.34;0.598;1
927860;Project Skylab 2;;;;0.0;1;50000;0;67.69;44;21;0;0;0;1;none;0;0;0;8.0;1;Novato;212;1;1;1;0;1;0;0;0;0;0;0;0;0;1;1;0;0;0;0;0;0;0;0;0;0;0;0;0;0;0;0;0;0;0;0;0;0;0;0;0;0;0;0;0;0;0;0;0;0;0;0;0;0;0;0;0;0;0;0;0;0;0;0;0;0;0;0;0;0;0;1;1;1;1;0;0;0;0;7;6;1;7;7;5;3.65;0.857;1
2466820;Imprecision;;;;4.99;0;20000;0;100.0;3;0;0;16;0;1;full;0;0;0;2.0;1;Novato;300;1;1;1;0;1;0;0;0;0;0;0;0;0;0;1;0;0;0;0;1;0;1;0;0;0;0;0;0;0;1;0;0;0;0;0;0;0;0;0;0;0;0;0;0;0;0;0;0;0;0;0;0;0;0;0;0;0;0;0;0;0;0;1;0;0;0;0;1;0;0;0;0;0;0;0;0;1;0;1;1;0;0;1;1;192.52;1.0;0
912560;PROZE: Prologue;;;;0.0;1;20000;0;82.35;84;18;0;4;0;2;none;0;0;0;8.0;1;Novato;128;1;1;0;0;1;0;0;0;0;0;0;0;0;0;1;0;0;0;0;0;0;1;0;0;0;0;0;0;0;0;1;0;0;1;0;0;0;1;0;0;0;0;0;0;0;0;0;0;0;0;0;0;0;0;0;0;0;1;0;0;0;0;0;0;0;0;0;1;0;0;0;1;0;1;1;0;0;0;11;9;2;11;0;9;3.9;0.818;0
1506510;The Ramp;;;;3.59;0;50000;2;92.42;1377;113;0;12;0;7;full;0;0;0;4.0;1;Novato;70;0;0;1;0;1;0;0;0;1;1;0;0;0;0;1;0;0;0;0;1;0;1;0;0;0;0;0;0;0;0;0;0;0;0;0;0;0;0;0;0;0;0;0;0;0;0;0;0;0;0;0;1;1;0;0;1;0;0;0;0;0;0;1;0;0;0;0;1;1;0;1;1;0;0;0;0;0;0;275;240;35;115;0;29;2.23;0.873;1
1495940;WhiteClothes;;;;0.0;1;50000;2;93.96;140;9;0;16;1;1;none;0;0;0;0.01;1;Novato;106;0;0;0;0;1;0;1;0;0;0;0;0;0;0;1;0;0;0;0;0;1;1;0;0;0;0;0;0;0;0;0;0;0;0;0;0;0;0;1;0;0;0;0;0;0;0;0;0;0;0;0;0;0;0;0;0;0;0;0;0;0;1;0;0;0;0;0;0;0;0;0;1;0;1;0;0;0;0;56;51;5;56;0;25;46.93;0.911;1
1357870;Metel - Horror Escape;;;;2.99;0;100000;4;93.96;2023;130;0;0;0;2;none;0;0;0;0.5;1;Novato;269;1;1;0;0;1;0;0;0;0;0;0;0;0;1;1;0;0;0;0;0;0;0;0;0;0;0;0;0;0;1;0;0;0;1;0;0;1;1;0;0;0;0;0;0;0;0;0;0;0;0;0;0;0;0;0;0;0;1;0;0;0;0;1;1;0;0;1;0;0;0;0;1;1;0;0;0;0;0;1000;930;70;938;1000;23;6.43;0.93;1
991170;Barn Finders;;;;19.99;0;200000;22;82.42;3418;729;0;47;2;12;full;0;0;0;6.0;1;Novato;163;0;0;1;0;1;0;0;0;1;0;0;0;0;0;1;0;0;0;0;1;0;1;1;0;0;0;0;0;0;1;0;0;0;0;0;0;0;0;0;0;0;0;0;0;0;0;0;0;0;0;0;1;1;1;0;0;0;0;0;0;0;0;0;1;0;0;0;1;1;0;1;1;0;0;0;0;0;0;697;531;166;599;0;29;16.91;0.762;1
1165960;Things That Bounce and Explode;;;;3.99;0;20000;0;95.45;21;1;0;76;0;2;none;0;0;0;2.0;1;Novato;232;1;0;0;0;1;0;0;0;0;0;0;0;0;0;1;0;0;0;0;0;1;1;1;0;0;0;0;0;0;0;0;0;0;0;0;0;0;0;0;1;0;0;0;0;0;0;0;0;0;0;0;0;0;0;0;0;0;0;0;0;0;1;0;0;0;0;0;0;0;0;0;1;0;0;0;0;0;0;1;1;0;1;0;1;7.6;1.0;0
444940;UBERMOSH:BLACK;;;;0.44;0;200000;42;83.84;306;59;0;8;0;103;full;0;0;0;4.0;1;Novato;171;1;0;0;0;1;0;0;0;0;0;0;0;0;0;1;0;0;0;0;1;0;1;0;0;0;1;0;0;0;0;0;0;0;0;0;0;0;0;0;0;0;0;0;0;0;0;0;0;0;0;0;0;0;0;0;0;0;0;0;0;1;0;0;0;0;0;0;0;0;1;0;1;0;0;0;0;0;0;999;916;83;963;0;18;7.21;0.917;1
313810;Legend of Kay Anniversary;;;;10.49;0;50000;0;69.14;233;104;0;25;0;5;full;0;0;0;2.0;1;Novato;281;1;1;0;0;0;0;1;0;0;0;0;0;0;0;1;0;0;0;0;1;0;1;1;0;0;1;0;0;0;0;0;0;0;0;0;0;0;0;1;1;0;0;0;1;0;0;0;0;0;0;0;0;0;0;0;0;0;0;0;0;0;0;0;0;0;0;0;1;0;0;0;0;0;0;0;0;0;0;39;28;11;31;0;24;11.93;0.718;1
2530470;Garden of Witches;;;;9.89;0;20000;40;96.18;479;19;0;0;1;9;full;0;0;0;4.0;1;Novato;164;1;0;1;0;1;0;1;0;0;0;0;0;0;1;1;0;0;0;0;1;0;0;1;0;0;0;0;0;0;0;0;0;0;0;0;0;0;0;1;0;0;0;0;0;0;0;0;0;0;0;0;0;0;0;0;0;0;0;0;0;0;1;1;0;0;1;0;1;0;0;1;1;1;0;0;0;0;0;999;921;78;943;999;13;8.9;0.922;0
306480;Wildlife Park 2 - Crazy Zoo;;;;2.49;0;20000;2;70.0;42;18;0;0;0;9;none;0;0;0;0.5;1;Novato;329;0;0;1;0;1;0;0;0;1;0;1;0;0;0;1;0;0;0;0;0;0;0;0;0;0;1;0;0;0;0;1;0;0;0;0;0;0;0;0;0;0;1;0;0;0;0;0;0;0;0;0;1;1;1;1;0;0;0;0;0;0;0;0;1;0;0;0;1;0;0;1;1;0;0;0;0;0;0;8;7;1;8;0;8;18.17;0.875;0
1393820;Prodigal;;;;14.99;0;100000;3;92.41;402;33;0;40;1;1;full;0;0;0;0.0;1;Novato;203;0;1;0;0;0;0;1;0;0;0;0;0;0;0;1;0;0;0;0;1;0;1;0;0;0;1;0;0;0;0;0;0;0;1;0;0;0;0;1;1;0;0;0;0;0;0;0;0;0;0;0;0;0;0;0;0;0;1;0;0;0;1;0;0;0;0;0;0;0;0;0;0;0;0;0;0;0;0;329;300;29;308;0;29;17.99;0.912;1
2414680;Task Force 9;;;;19.99;0;20000;0;66.67;6;3;0;0;0;1;none;0;0;0;8.0;1;Novato;295;1;0;0;0;0;0;0;0;0;0;1;0;0;1;1;0;0;0;0;0;0;0;0;0;0;0;0;0;0;0;0;0;0;0;0;0;0;0;0;0;0;1;0;0;0;0;0;0;0;0;0;0;0;0;0;0;0;0;0;0;0;0;1;0;0;0;0;0;0;0;0;0;1;0;1;0;0;1;6;4;2;4;6;6;2.42;0.667;0
1879200;她曾经活过啊;;;;0.99;0;20000;0;100.0;4;0;0;0;0;1;none;0;0;0;2.0;1;Novato;242;0;0;0;0;1;0;0;0;0;0;0;0;0;0;1;0;0;0;0;0;0;0;0;0;0;0;0;0;0;0;0;0;0;0;0;0;0;0;0;0;0;0;0;0;0;0;0;0;0;0;0;0;0;0;0;0;0;0;0;0;0;1;0;0;0;0;0;0;0;0;1;1;0;0;0;0;0;0;0;0;0;0;0;0;0.0;0.0;0
356270;Cuban Missile Crisis;;;;2.99;0;50000;2;75.56;204;66;0;0;0;4;none;0;0;0;0.5;1;Novato;210;0;0;0;0;0;0;0;0;0;0;1;0;0;0;1;1;0;0;0;0;0;0;1;0;0;0;0;0;0;0;0;0;0;0;0;0;0;0;0;0;0;1;0;0;0;0;0;0;0;0;0;0;0;0;0;0;0;0;0;0;0;0;0;0;0;0;0;0;0;0;0;0;0;0;0;0;0;0;55;40;15;47;0;24;23.19;0.727;1
983070;Hyperborea;;;;0.0;1;20000;0;77.36;41;12;0;0;1;1;none;0;0;0;2.0;1;Novato;271;0;1;0;0;1;0;1;0;0;0;0;0;0;0;1;0;0;0;0;0;0;0;0;0;0;0;0;0;0;0;0;0;0;0;0;0;0;0;1;0;0;0;0;0;0;0;0;0;0;0;0;0;0;0;0;0;0;0;0;0;0;0;0;0;0;0;0;0;0;0;0;1;0;1;0;0;0;0;22;19;3;22;0;12;1.16;0.864;0
503960;Will of the Gods;;;;2.99;0;50000;0;73.17;30;11;0;9;0;4;full;0;0;0;2.0;1;Novato;202;0;0;1;0;1;0;0;0;0;0;1;0;0;0;1;1;0;0;0;1;0;1;0;0;0;1;1;0;0;0;0;0;0;0;0;0;0;0;0;0;0;1;0;0;0;0;0;1;1;1;0;0;0;1;0;0;0;0;0;0;0;0;0;0;0;0;0;0;0;0;1;1;0;0;0;0;0;0;1;1;0;1;0;1;3.48;1.0;1
2870;X Rebirth;;;;14.99;0;500000;7;43.56;3166;4102;0;69;7;8;full;0;0;0;4.0;1;Novato;212;1;0;0;0;0;0;0;0;1;0;0;0;0;0;1;0;0;0;0;1;0;1;1;1;0;1;0;0;0;1;1;0;0;0;0;0;0;0;0;0;0;1;0;0;0;0;0;0;0;0;0;1;1;1;0;0;0;0;0;0;0;0;0;0;0;0;0;1;0;0;0;0;0;0;0;0;0;0;127;76;51;82;0;29;209.34;0.598;1
1659710;Devileader;;;;0.9;0;20000;0;87.5;7;1;0;13;0;2;none;0;0;0;2.0;1;Novato;279;1;0;0;0;1;0;0;0;0;0;0;0;0;0;1;0;0;0;0;0;1;0;0;0;0;0;0;0;0;0;0;0;0;0;0;0;0;0;0;0;0;0;0;0;0;0;0;0;0;0;0;0;0;0;0;0;0;0;0;0;0;1;0;0;0;0;0;0;0;0;0;0;0;0;0;0;0;0;4;3;1;4;0;4;3.85;0.75;0
650510;ZONE OF THE ENDERS THE 2nd RUNNER : M∀RS / アヌビス ゾーン・オブ・エンダーズ : マーズ;;;;14.99;0;50000;2;72.71;858;322;0;25;0;6;none;0;0;0;4.0;1;Novato;138;1;0;0;0;0;0;0;0;0;0;0;0;0;0;1;1;0;0;0;0;1;1;1;0;0;0;0;0;0;0;0;0;0;0;0;0;0;0;0;0;0;0;0;0;0;0;0;0;0;0;0;0;0;0;0;0;0;0;0;0;1;0;0;0;0;0;0;0;0;0;0;0;0;0;1;0;0;0;414;292;122;326;0;29;6.89;0.705;1
35320;Insane 2;;;;14.99;0;50000;3;83.33;515;103;0;47;0;2;none;0;0;0;1.0;1;Novato;132;0;0;0;0;0;0;0;1;0;0;0;0;0;0;1;1;0;0;0;0;0;1;0;0;0;0;0;0;0;0;0;0;0;0;0;0;0;0;0;0;0;0;0;0;0;0;0;1;0;0;0;0;0;0;0;0;1;0;0;0;0;0;0;0;0;0;0;0;0;0;0;0;0;0;0;0;0;0;74;62;12;51;0;25;7.54;0.838;1
577490;Minos Strategos;;;;7.99;0;20000;0;87.8;36;5;0;10;0;1;none;0;0;0;0.5;1;Novato;294;0;0;0;0;0;0;0;0;0;0;1;0;0;0;1;0;0;0;0;0;0;1;1;0;0;1;0;0;0;0;0;0;0;0;0;0;0;0;0;0;1;1;0;0;0;0;0;0;0;0;0;0;0;0;0;0;0;1;0;0;0;1;0;0;0;0;0;0;0;1;1;1;0;0;0;0;0;0;1;0;1;0;0;1;1.68;0.0;0
1228870;Bartlow's Dread Machine;;;;5.99;0;20000;0;85.37;70;12;0;19;0;6;full;0;0;0;4.0;1;Novato;270;1;0;0;0;0;0;0;0;0;0;0;0;0;0;1;1;1;0;0;1;0;1;1;0;0;0;1;1;0;0;0;0;0;0;0;0;0;0;0;0;0;0;0;0;0;0;1;0;1;0;0;0;0;0;0;0;0;0;0;0;0;0;0;0;0;0;0;0;0;0;0;1;0;0;0;0;0;0;27;23;4;4;0;18;5.55;0.852;0
1555710;OMFG: One Million Fatal Guns;;;;0.0;1;200000;3;95.09;2225;115;0;0;0;1;none;0;0;0;4.0;1;Novato;290;1;0;0;0;0;0;0;0;0;0;0;0;0;0;1;0;0;0;0;0;0;0;0;0;0;0;0;0;0;1;0;0;0;0;0;0;0;0;0;0;0;0;0;0;0;0;0;0;0;0;0;0;0;0;0;0;0;0;0;0;0;0;1;0;0;0;0;0;0;0;0;0;0;1;0;0;1;0;337;316;21;337;0;29;5.24;0.938;1
207790;Jane's Advanced Strike Fighters;;;;7.99;0;20000;0;35.52;141;256;0;0;0;5;none;0;0;0;0.0;1;Novato;123;0;0;0;0;0;0;0;0;1;0;0;0;0;0;1;1;1;0;0;0;0;0;0;0;0;0;0;0;0;0;0;0;0;0;0;0;0;0;0;0;0;0;0;0;0;0;0;0;0;0;0;0;1;0;0;0;0;0;0;0;0;0;0;0;0;0;0;0;0;0;0;0;0;0;0;0;0;0;28;16;12;24;0;17;12.41;0.571;0
599750;Crisis in the Kremlin;;;;2.99;0;200000;2;84.35;1170;217;0;42;2;2;none;0;0;0;2.0;1;Novato;213;0;0;0;0;1;0;0;0;1;0;1;0;0;0;1;0;0;0;0;0;0;1;0;0;0;1;0;0;0;0;0;0;0;1;0;0;0;0;1;0;0;1;0;0;0;0;0;0;0;0;0;0;1;1;0;0;0;0;0;0;0;0;0;0;0;0;0;0;0;0;0;1;0;0;0;0;0;0;172;139;33;161;0;29;25.72;0.808;1
1448230;Avalom: Ancestral Heroes;;;;17.99;0;50000;0;66.67;58;29;0;35;0;6;none;0;0;0;12.0;1;Novato;120;0;1;0;0;0;0;1;0;0;0;0;0;0;0;1;1;1;1;0;0;1;1;1;0;0;0;0;0;0;0;1;0;0;0;0;0;0;0;1;1;0;0;0;0;0;0;0;1;0;0;0;0;0;0;0;0;0;0;0;0;0;0;0;0;0;0;0;0;0;0;0;1;0;0;0;0;0;0;2;0;2;2;0;2;0.2;0.0;1
2246120;Coralina;;;;0.89;0;50000;0;94.89;334;18;0;15;1;3;full;0;0;0;4.0;1;Novato;108;0;1;1;0;1;0;1;0;0;0;0;0;0;0;1;0;0;0;0;1;0;1;0;0;0;0;0;0;0;0;0;0;0;0;0;0;0;0;1;0;0;0;0;0;0;0;0;0;0;0;0;0;0;0;0;0;0;0;0;0;0;1;0;0;0;0;1;0;0;0;1;0;0;0;0;0;0;0;140;124;16;101;0;29;2.29;0.886;1
1726870;Nebraska;;;;3.99;0;50000;0;80.56;58;14;0;0;0;1;none;0;0;0;8.0;1;Novato;277;0;1;0;0;1;0;0;0;0;0;0;0;0;0;1;0;0;0;0;0;1;0;0;0;0;0;0;0;0;1;0;0;0;1;0;0;0;1;0;0;0;0;0;0;0;0;0;0;0;0;0;0;0;0;0;0;0;1;0;0;0;0;1;0;0;0;0;1;0;0;0;1;0;0;0;0;0;1;11;9;2;9;0;10;2.19;0.818;1
1618290;TRAIN CREW;;;;8.99;0;20000;38;98.52;332;5;0;0;0;4;none;0;0;0;8.0;1;Novato;197;0;0;0;0;0;0;0;0;1;0;0;0;0;1;1;0;0;0;0;0;1;0;0;0;0;0;0;0;0;0;0;0;0;0;0;0;0;0;0;0;0;0;0;0;0;0;0;0;0;0;0;0;1;0;0;0;0;0;0;0;0;0;1;1;0;0;0;0;0;0;0;0;1;0;0;0;0;0;269;269;0;264;269;29;43.78;1.0;0
2193720;Super Dark Deception;;;;9.29;0;20000;1;72.71;309;116;0;40;1;11;full;0;0;0;2.0;1;Novato;118;1;0;0;0;1;0;1;0;0;0;0;0;0;0;1;0;0;0;0;1;0;1;1;0;0;1;0;0;0;0;0;0;0;1;0;0;0;1;1;0;0;0;0;0;0;0;0;0;0;0;0;0;0;0;0;0;0;0;0;0;1;0;0;0;0;0;1;0;0;0;0;0;0;0;0;0;0;0;482;358;124;452;0;23;9.27;0.743;0
414260;Ironclads 2: American Civil War;;;;1.15;0;20000;0;73.58;39;14;0;44;0;1;none;0;0;0;2.0;1;Novato;262;0;0;0;0;0;0;0;0;1;0;1;0;0;0;1;0;0;0;0;0;0;1;0;0;0;1;0;0;0;0;0;0;0;0;0;0;0;0;0;0;0;1;0;0;0;0;0;0;0;0;0;0;1;0;0;0;0;0;0;0;0;0;0;0;0;0;0;0;0;0;0;0;0;0;0;0;0;0;8;8;0;8;0;7;144.74;1.0;0
1610230;True Game;;;;5.59;0;50000;0;88.24;45;6;0;7;0;1;none;0;0;0;0.0;1;Novato;293;0;1;1;0;1;0;1;0;0;0;1;0;0;0;1;0;0;0;0;0;0;1;0;0;0;0;0;0;0;0;0;0;0;1;0;0;0;0;1;0;0;1;0;0;0;0;0;0;0;0;0;0;0;0;0;0;0;1;0;1;1;1;0;0;0;0;0;0;0;0;1;1;0;0;0;0;0;0;4;3;1;4;0;4;13.9;0.75;1
699330;The Iron Oath;;;;12.49;0;100000;20;79.13;656;173;0;33;1;1;none;0;0;0;6.0;1;Novato;257;0;1;0;0;1;0;1;0;0;0;1;0;0;0;1;0;0;0;0;0;0;1;1;0;0;0;0;0;0;0;1;0;0;1;0;0;0;0;1;0;1;1;0;0;0;0;0;0;0;0;0;0;0;0;0;0;0;0;0;0;0;0;0;0;0;0;0;0;0;0;0;0;0;0;0;0;0;0;233;160;73;180;0;29;21.93;0.687;1
470260;Event[0];;;;19.99;0;200000;2;80.26;1789;440;0;12;1;2;none;0;0;0;8.0;1;Novato;133;0;1;0;0;1;0;0;0;0;0;0;0;0;0;1;0;0;0;0;0;0;1;1;0;0;1;0;0;0;1;0;0;0;1;0;0;0;1;0;0;0;0;0;0;0;0;0;0;0;0;0;0;0;0;0;0;0;0;0;0;0;0;0;0;0;0;0;1;0;0;0;1;0;0;0;0;0;0;126;103;23;89;0;29;5.05;0.817;1
587450;Saurian;;;;19.99;0;100000;4;60.7;1064;689;0;12;2;1;none;0;0;0;8.0;1;Novato;273;0;0;0;0;1;0;0;0;1;0;0;0;0;1;1;0;0;0;0;0;1;0;0;0;0;0;0;0;0;0;1;0;0;0;0;0;1;0;0;0;0;0;0;0;0;0;0;1;0;0;0;0;1;0;0;0;0;0;0;0;0;0;0;1;0;0;0;1;0;0;0;1;1;0;0;0;0;0;277;128;149;226;277;29;19.03;0.462;1
319250;Magicmaker;;;;9.99;0;50000;1;90.32;541;58;0;82;1;1;full;0;0;0;1.0;1;Novato;290;1;1;0;0;1;0;1;0;0;0;0;0;0;0;1;0;0;0;0;1;0;1;0;0;0;1;0;0;0;0;0;1;0;0;0;0;0;0;1;0;0;0;0;1;0;0;0;0;0;0;0;0;0;0;0;0;0;0;0;0;0;1;0;0;0;0;0;0;0;0;1;1;0;0;0;0;0;0;33;30;3;32;0;19;19.95;0.909;1
1573100;Subterrain: Mines of Titan;;;;5.21;0;20000;11;76.69;487;148;0;36;1;5;none;0;0;0;8.0;1;Novato;275;0;0;0;0;1;0;1;0;0;0;0;0;0;0;1;0;0;0;0;0;0;1;1;0;0;0;0;0;0;0;0;0;0;0;0;0;1;0;1;0;0;0;0;0;0;0;0;0;0;0;0;0;0;0;0;0;0;0;0;0;0;0;0;0;0;0;1;1;0;0;0;1;0;0;0;0;0;0;727;556;171;643;0;27;27.37;0.765;0
783440;Seven Mysteries: The Last Page;;;;4.99;0;20000;0;72.41;42;16;0;26;0;3;none;0;0;0;4.0;1;Novato;149;0;1;0;0;1;0;1;0;0;0;0;0;0;0;1;0;0;0;0;0;1;1;0;0;0;0;0;0;0;0;0;0;0;0;0;0;0;1;1;0;0;0;0;0;0;0;0;0;0;0;0;0;0;0;0;0;0;1;0;1;1;1;0;0;0;0;0;0;0;0;0;1;0;0;0;0;0;0;8;7;1;2;0;7;8.67;0.875;0
1162180;Warren The Warlock;;;;0.0;1;20000;0;77.94;53;15;0;0;0;1;none;0;0;0;2.0;1;Novato;231;0;0;1;0;1;0;0;0;0;0;0;0;0;0;1;0;0;0;0;0;1;0;0;0;0;0;0;0;0;0;0;0;0;0;0;0;0;0;0;0;0;0;0;1;0;0;0;0;0;0;0;0;0;0;0;0;0;0;0;0;0;1;0;0;0;0;0;0;0;0;1;1;0;1;0;0;0;0;9;7;2;9;0;7;2.92;0.778;0
1367220;Wild Gun;;;;9.99;0;20000;0;92.31;12;1;0;0;0;1;none;0;0;0;8.0;1;Novato;138;1;0;1;0;1;0;0;0;0;0;0;0;0;0;1;0;0;0;0;0;0;0;0;0;0;0;0;0;0;1;0;0;0;0;0;0;0;0;0;0;0;0;0;0;0;0;0;0;0;0;0;0;0;0;0;0;0;0;0;0;0;0;1;0;0;0;0;0;0;0;1;0;0;0;1;0;1;0;0;0;0;0;0;0;0.0;0.0;0
235380;Blitzkrieg 3;;;;9.99;0;200000;12;54.31;3943;3317;0;75;1;11;none;0;0;0;2.0;1;Novato;187;0;0;0;0;0;0;0;0;0;0;1;0;0;0;1;0;0;0;0;0;0;1;0;0;0;1;0;0;0;0;0;0;0;0;0;0;0;0;0;0;0;1;0;0;0;0;0;1;0;1;0;0;1;0;0;0;0;0;0;0;0;0;0;1;0;0;0;0;0;1;0;0;1;0;0;0;0;0;285;85;200;235;0;29;35.25;0.298;1
1316910;Super Monkey Ball Banana Mania;;;;29.99;0;200000;2;83.6;1223;240;0;37;4;9;full;0;0;0;4.0;1;Novato;86;1;0;0;0;0;0;0;0;0;0;0;0;0;0;1;1;1;0;0;1;0;1;1;0;0;1;1;1;0;0;0;0;0;0;0;0;0;0;0;0;0;0;0;1;0;0;0;1;0;0;0;0;0;0;0;0;0;0;0;0;1;0;0;0;0;0;0;0;0;1;0;0;0;0;0;0;0;0;374;267;107;301;0;29;11.26;0.714;1
3404470;Maltese's Fluffy Onsen;;;;3.99;0;50000;436;93.74;823;55;0;10;5;13;none;0;0;0;4.0;1;Novato;272;0;0;1;0;1;0;0;0;1;0;0;0;0;0;1;0;0;0;0;0;0;1;1;0;0;0;0;0;0;0;0;0;0;0;0;0;0;0;0;0;0;0;0;0;0;0;0;0;0;0;0;1;1;0;0;0;0;0;0;0;0;1;0;0;0;0;0;0;0;0;1;1;0;0;0;0;0;0;1000;968;32;872;0;7;37.2;0.968;1
1328840;Lost in Play;;;;1.09;0;200000;15;98.23;6924;125;0;19;1;30;full;0;0;0;4.0;1;Novato;261;0;1;0;0;1;0;0;0;0;0;0;0;0;0;1;0;0;0;0;1;0;1;1;0;0;0;0;0;0;0;0;0;0;1;0;0;0;0;0;0;0;0;0;0;0;0;0;0;0;0;0;0;0;0;0;0;0;1;1;0;0;1;0;0;0;1;0;1;0;0;1;1;0;0;0;0;0;0;1000;983;17;828;0;8;6.39;0.983;1
1744450;Indirection;;;;1.99;0;20000;0;93.75;15;1;0;6;0;5;full;0;0;0;4.0;1;Novato;73;0;1;1;0;1;0;0;0;0;0;0;0;0;0;1;0;0;0;0;1;0;1;1;1;0;0;0;0;0;0;0;0;0;0;0;0;0;0;0;0;0;0;0;1;0;0;0;0;0;0;0;0;0;0;0;0;0;1;0;0;0;1;0;0;0;0;0;1;0;0;0;0;0;0;0;0;0;0;0;0;0;0;0;0;0.0;0.0;0
2608270;Intravenous 2;;;;5.76;0;100000;63;95.72;2752;123;0;55;2;13;full;0;0;0;2.0;1;Novato;259;1;1;0;0;0;0;0;0;0;0;1;0;0;0;1;0;0;0;0;1;0;1;1;1;0;1;0;0;0;0;0;0;0;1;0;0;0;0;0;0;0;0;0;0;0;0;0;0;0;0;0;0;1;0;0;0;0;0;0;0;0;1;0;1;0;0;0;0;0;1;0;0;0;0;0;0;0;1;1000;932;68;735;0;9;25.81;0.932;1
2687850;AWA 2024;;;;2.99;0;20000;0;92.31;12;1;0;30;0;1;none;0;0;0;4.0;1;Novato;225;1;0;0;0;1;0;0;0;0;0;0;0;0;0;1;0;0;0;0;0;1;1;0;0;0;0;0;0;0;0;0;0;0;0;0;0;0;0;0;0;0;0;0;0;0;0;0;0;0;0;0;0;0;0;0;0;0;0;0;0;0;0;1;0;0;0;0;1;0;0;0;0;0;0;0;0;0;0;8;6;2;6;0;8;4.57;0.75;0
278620;TinyKeep;;;;9.99;0;50000;0;65.46;271;143;0;36;1;1;full;0;0;0;2.0;1;Novato;263;1;1;0;0;1;0;1;0;0;0;0;0;0;0;1;0;0;0;0;1;0;1;0;0;0;1;0;0;0;0;0;0;0;0;0;0;0;0;1;0;0;0;0;0;0;0;0;0;0;0;0;0;0;0;0;0;0;0;0;0;0;0;0;0;0;0;0;0;0;0;0;1;0;0;0;0;0;0;12;8;4;8;0;10;4.28;0.667;1
1064610;Neon Beats;;;;0.0;1;500000;2;95.59;6221;287;0;27;2;6;full;0;0;0;2.0;1;Novato;83;0;0;0;0;1;0;0;0;0;0;0;0;0;0;1;0;0;0;0;1;0;1;0;0;0;0;0;0;0;0;0;0;0;0;0;0;0;0;0;0;0;0;0;1;0;0;0;0;0;0;0;0;0;0;0;0;0;0;0;0;0;1;0;0;0;0;0;0;0;1;1;1;0;1;0;0;0;0;662;599;63;662;0;29;4.32;0.905;1
534370;Pure Farming 2018;;;;1.29;0;200000;4;73.28;1207;440;0;50;11;9;full;0;0;0;4.0;1;Novato;340;0;0;0;0;0;0;0;0;1;0;0;0;0;0;1;0;0;0;0;1;0;1;1;1;0;1;0;0;0;1;1;0;0;0;0;0;0;0;1;0;0;0;0;0;0;0;0;0;0;0;0;1;1;1;1;0;0;0;0;0;0;0;1;1;0;0;0;0;0;0;1;0;0;0;0;0;0;0;193;148;45;129;0;28;26.15;0.767;1
409520;Ginger: Beyond the Crystal;;;;3.99;0;20000;0;57.14;36;27;0;38;0;6;full;0;0;0;3.0;1;Novato;339;0;1;0;0;1;0;0;0;0;0;0;0;0;0;1;0;0;0;0;1;0;1;1;0;0;1;0;0;0;0;0;0;0;0;0;0;0;0;0;0;0;0;0;1;0;0;0;1;0;0;0;1;1;0;0;0;0;0;0;0;0;0;0;0;0;1;0;0;0;0;1;1;0;0;0;0;0;0;3;1;2;3;0;3;12.2;0.333;0
935110;The Desert's Rose;;;;0.0;1;20000;0;45.45;5;6;0;0;0;1;none;0;0;0;16.0;1;Novato;262;1;1;0;0;1;0;0;0;1;0;0;0;0;1;1;0;0;0;0;0;0;0;0;0;0;0;0;0;0;1;1;0;0;0;0;0;0;0;1;1;0;0;0;0;0;0;0;0;0;0;0;1;0;0;0;0;0;0;0;0;0;0;0;0;0;0;0;1;0;0;0;1;1;1;1;0;1;0;2;2;0;2;2;2;1.48;1.0;0
260210;Assassin’s Creed® Liberation HD;;;;15.99;0;200000;6;53.74;1596;1374;0;30;0;5;none;0;0;0;2.0;1;Novato;313;1;1;0;0;0;0;0;0;0;0;0;0;0;0;1;0;0;0;0;0;0;1;0;0;0;0;0;0;0;0;1;0;0;0;0;0;0;0;0;0;0;0;0;0;0;0;0;1;0;0;0;0;0;0;0;0;0;0;0;0;0;0;0;0;0;0;0;1;0;0;0;0;0;0;0;0;0;1;627;368;259;604;0;29;15.23;0.587;1
1317950;Eternal Dreamers;;;;0.0;1;50000;0;83.53;71;14;0;16;9;1;full;0;0;0;4.0;1;Novato;199;0;0;0;0;1;0;1;0;0;0;0;0;0;0;1;0;0;0;0;1;0;1;1;0;0;0;0;0;0;0;0;0;0;0;0;0;0;0;1;0;0;0;0;0;0;0;0;0;0;0;0;0;0;0;0;0;0;0;0;0;1;1;0;0;0;0;0;0;0;0;0;1;0;1;0;0;0;0;13;9;4;13;0;9;6.93;0.692;1
401710;Flinthook;;;;14.99;0;100000;1;73.91;612;216;0;37;1;3;full;0;0;0;2.0;1;Novato;254;1;1;0;0;1;0;0;0;0;0;0;0;0;0;1;0;0;0;0;1;0;1;1;0;0;1;0;0;0;0;0;0;0;0;0;0;0;0;0;0;0;0;0;1;1;0;0;0;0;0;0;0;0;0;0;0;0;0;0;0;0;1;0;0;0;0;0;0;0;1;0;1;0;0;0;0;0;0;46;33;13;34;0;23;22.85;0.717;1
768200;Smalland: Survive the Wilds;;;;4.49;0;200000;338;82.77;6985;1454;0;23;1;10;full;0;0;0;8.0;1;Novato;286;1;1;0;0;1;0;1;0;0;0;0;0;0;0;1;1;1;1;0;1;0;1;0;0;0;0;0;0;0;1;1;1;0;0;0;0;1;0;1;0;0;0;0;0;0;0;1;1;0;0;0;1;0;0;1;0;0;0;0;0;0;0;0;0;0;0;0;0;0;0;0;0;0;0;0;0;0;0;1000;761;239;636;0;9;38.88;0.761;1
873050;Crescent Hollow;;;;14.99;0;20000;0;20.0;1;4;0;23;0;1;none;0;0;0;4.0;1;Novato;306;1;0;0;0;0;0;1;0;1;0;0;0;0;1;1;1;1;0;0;0;1;1;0;0;0;0;1;1;0;0;0;0;0;0;0;0;0;0;1;0;0;0;0;0;0;0;0;0;0;0;0;0;1;0;1;0;0;0;0;0;0;1;0;0;0;0;0;0;0;0;0;0;1;0;0;0;0;0;0;0;0;0;0;0;0.0;0.0;0
350110;TransOcean 2: Rivals;;;;10.49;0;100000;11;54.96;371;304;0;25;0;11;none;0;0;0;4.0;1;Novato;277;0;0;0;0;0;0;0;0;1;0;1;0;0;0;1;1;0;0;0;0;0;1;1;0;0;1;0;0;0;0;0;0;0;0;0;0;0;0;0;0;0;1;0;0;0;0;0;1;0;1;0;0;1;1;0;0;0;0;0;0;0;0;0;1;0;0;0;0;0;0;0;0;0;0;0;0;0;0;74;50;24;43;0;26;75.62;0.676;1
707580;AFFECTED: The Manor - The Complete Edition;;;;9.99;0;20000;0;78.26;144;40;0;0;0;8;none;0;0;0;1.98;1;Novato;292;0;0;1;0;1;0;0;0;0;0;0;0;0;0;1;0;0;0;0;0;0;0;0;0;0;0;0;0;0;0;0;0;0;0;0;0;0;1;0;0;0;0;0;0;0;0;0;0;0;0;0;0;0;0;0;0;0;0;0;0;0;0;0;0;0;0;0;0;0;0;1;1;0;0;1;0;0;0;20;13;7;20;0;15;5.29;0.65;0
1008910;心塞男孩 Sadboy;;;;0.99;0;20000;0;79.07;102;27;0;0;0;1;none;0;0;0;1.0;1;Novato;250;0;0;1;0;1;0;0;0;0;0;0;0;0;0;1;0;0;0;0;0;0;0;0;0;0;0;0;0;0;0;0;0;0;0;0;0;0;0;0;0;0;0;0;0;0;0;0;0;0;0;0;0;0;0;0;0;0;0;1;0;0;0;0;0;0;0;0;0;0;0;1;1;0;0;0;0;0;0;4;2;2;0;0;4;0.65;0.5;0
1203180;Breakwaters: Crystal Tides;;;;19.99;0;50000;0;63.28;622;361;0;17;1;9;full;0;0;0;8.0;1;Novato;210;1;1;0;0;1;0;0;0;1;0;0;0;0;1;1;1;1;1;0;1;0;1;0;0;0;0;0;0;0;0;1;1;0;0;0;0;1;0;0;0;0;0;0;0;0;0;0;0;0;0;0;1;1;0;0;0;0;0;0;0;0;0;1;0;0;0;0;0;0;0;0;1;1;0;0;0;0;0;90;60;30;84;90;27;14.81;0.667;1
301700;Numba Deluxe;;;;2.99;0;200000;1;62.23;173;105;0;0;0;1;none;0;0;0;0.05;1;Novato;332;0;0;1;0;0;0;0;0;0;0;0;0;0;0;1;0;0;0;0;0;0;0;0;0;0;0;0;0;0;0;0;0;0;0;0;0;0;0;0;0;0;0;0;0;0;0;0;0;0;0;0;0;0;0;0;0;0;1;0;0;0;0;0;0;0;0;0;0;0;0;1;0;0;0;0;0;0;0;25;13;12;1;0;20;3.43;0.52;1
1120690;Knock Harder: Useless;;;;0.0;1;50000;0;93.98;359;23;0;14;0;2;none;0;0;0;4.0;1;Novato;116;1;1;1;0;1;0;1;0;1;0;0;0;0;0;1;0;0;0;0;0;0;1;1;0;0;0;0;0;0;0;0;0;0;0;0;0;1;1;0;0;0;0;0;0;0;0;0;0;0;0;0;0;0;0;0;0;0;0;0;0;0;1;0;0;0;0;0;1;0;1;1;1;0;1;0;0;0;0;25;23;2;25;0;14;4.36;0.92;1
1234940;Astronarch;;;;7.99;0;100000;6;89.52;982;115;0;47;1;6;none;0;0;0;4.0;1;Novato;209;0;0;1;0;1;0;1;0;0;0;1;0;0;0;1;0;0;0;0;0;0;1;1;0;0;1;0;0;0;0;0;0;0;0;0;0;0;0;1;0;0;1;0;0;0;0;0;0;0;0;0;0;0;0;0;0;0;0;0;0;0;0;0;0;0;0;0;0;0;0;1;1;0;0;0;0;0;0;325;270;55;102;0;28;23.69;0.831;1
222640;Aarklash: Legacy;;;;15.99;0;200000;0;73.32;610;222;0;29;0;6;none;0;0;0;8.0;1;Novato;263;0;1;0;0;0;0;0;0;0;0;1;0;0;0;1;0;0;0;0;0;0;1;1;0;0;1;0;0;0;0;0;0;0;0;0;0;0;0;1;0;0;1;0;0;0;0;0;0;0;0;0;0;0;0;0;0;0;1;0;0;0;0;0;0;0;0;0;0;0;1;0;0;0;0;0;0;0;0;56;37;19;21;0;24;11.18;0.661;1
857760;SAD RPG: A Social Anxiety Role Playing Game;;;;4.49;0;20000;0;51.43;18;17;0;28;0;1;none;0;0;0;2.0;1;Novato;240;0;1;1;0;1;0;1;0;0;0;0;0;0;1;1;0;0;0;0;0;0;1;0;0;0;0;0;0;0;1;1;0;0;0;0;0;0;0;1;0;0;0;0;0;0;0;0;0;0;0;0;0;0;0;0;0;0;0;0;0;0;0;0;0;0;0;0;0;0;0;1;1;1;0;0;0;0;0;7;3;4;7;7;6;1.68;0.429;0
1367330;Close Combat: Modern Tactics;;;;14.99;0;20000;0;35.71;10;18;0;0;0;1;none;0;0;0;1.0;1;Novato;234;0;0;0;0;0;0;0;0;0;0;1;0;0;0;1;1;0;0;0;0;0;0;1;0;0;0;0;0;0;0;0;0;0;0;0;0;0;0;0;0;0;1;0;0;0;0;0;1;0;1;0;0;1;0;0;0;0;0;0;0;0;1;0;1;0;0;0;0;0;0;0;0;0;0;0;0;0;0;11;6;5;10;0;8;4.01;0.545;0
1513180;Lo-Fi Lounge;;;;0.0;1;20000;0;81.82;9;2;0;0;0;1;none;0;0;0;4.0;1;Novato;70;0;0;1;0;0;1;0;0;0;0;0;0;0;0;0;1;0;0;0;0;0;0;0;0;0;0;0;0;0;0;0;0;0;0;0;0;0;0;0;0;0;0;0;0;0;0;0;1;0;0;0;0;1;0;0;0;0;0;0;0;0;0;1;1;0;0;0;0;1;0;1;0;0;1;1;0;0;0;8;7;1;8;0;6;2.84;0.875;0
1496620;Color Cube;;;;0.54;0;20000;0;90.48;19;2;0;27;0;1;full;0;0;0;2.0;1;Novato;125;0;0;1;0;0;0;0;0;0;0;0;0;0;0;1;0;0;0;0;1;0;1;1;0;0;0;0;0;0;0;0;0;0;0;0;0;0;0;0;0;0;0;0;0;0;0;0;0;0;0;0;0;0;0;0;0;0;1;0;0;0;0;0;0;0;0;0;0;0;0;1;0;0;0;0;0;0;0;5;5;0;1;0;4;3.83;1.0;0
1942110;Bootstrap Island;;;;12.49;0;20000;9;85.0;629;111;0;30;1;12;none;0;0;0;12.0;1;Novato;252;1;1;0;0;1;0;0;0;1;0;1;0;0;0;1;0;0;0;0;0;0;1;1;0;0;0;0;0;0;0;1;0;0;0;0;0;1;0;0;0;0;0;0;0;0;0;0;0;0;0;0;0;1;0;0;0;0;0;0;0;0;0;0;1;0;0;0;1;0;0;0;0;1;0;1;0;0;0;1000;816;184;950;769;27;9.44;0.816;0
1151080;Legend of Keepers: Prologue;;;;0.0;1;50000;1;92.32;2187;182;0;5;0;15;none;0;0;0;2.0;1;Novato;213;0;0;0;0;1;0;1;0;0;0;1;0;0;0;1;0;0;0;0;0;0;1;1;0;0;0;0;0;0;0;0;0;0;0;0;0;0;0;1;0;1;0;0;0;0;0;0;0;0;0;0;0;0;1;0;0;0;0;0;0;0;1;0;0;0;0;1;0;0;1;0;1;1;1;0;0;0;0;58;49;9;58;0;23;8.22;0.845;1
218020;Nethergate: Resurrection;;;;2.99;0;50000;0;87.88;87;12;0;0;0;1;none;0;0;0;0.25;1;Novato;259;0;0;0;0;1;0;1;0;0;0;1;0;0;0;1;0;0;0;0;0;0;0;0;0;0;0;0;0;0;0;0;0;0;0;0;0;0;0;1;0;1;1;0;0;0;0;0;0;0;0;0;0;0;0;0;0;0;0;0;0;0;0;0;0;0;0;0;0;0;0;0;1;0;0;0;0;0;0;11;10;1;10;0;10;19.55;0.909;1
836450;Heaven Will Be Mine;;;;14.99;0;50000;3;93.06;617;46;0;12;1;1;none;0;0;0;2.0;1;Novato;258;0;0;0;0;1;0;0;0;0;0;0;0;0;0;1;0;0;0;0;0;0;1;0;0;0;0;0;0;0;0;0;0;0;1;0;0;0;0;0;0;0;0;0;0;0;0;0;0;0;0;0;0;0;0;0;0;0;0;0;1;1;0;0;0;0;0;0;0;0;0;0;1;0;0;0;0;0;0;326;295;31;273;0;29;7.27;0.905;1
462110;3 Coins At School;;;;0.0;0;50000;0;44.9;66;81;0;0;0;1;none;0;0;0;3.0;1;Novato;89;0;0;1;0;1;0;0;0;1;1;1;0;0;0;1;1;0;0;0;0;0;0;0;0;0;1;0;0;0;0;0;0;0;0;0;0;0;0;0;0;0;1;0;0;0;0;0;0;0;0;0;0;1;0;0;1;0;0;0;0;0;0;0;0;0;0;0;0;0;0;1;1;0;0;0;0;0;0;41;27;14;34;0;24;6.45;0.659;1
1697470;Color by Number - Medieval Portrait;;;;0.0;0;20000;0;100.0;1;0;0;0;0;1;none;0;0;0;1.0;1;Novato;208;1;1;1;0;1;0;1;0;1;1;1;0;0;0;1;0;0;0;0;0;0;0;0;0;0;0;0;0;0;0;0;0;0;0;0;0;0;0;1;0;0;1;0;0;0;0;0;0;0;0;0;0;1;0;0;0;0;1;1;0;0;1;0;0;0;1;0;0;0;0;1;0;0;0;0;0;0;0;0;0;0;0;0;0;0.0;0.0;0
2006730;Godumas;;;;0.0;1;20000;0;51.65;94;88;0;35;0;1;none;0;0;0;4.0;1;Novato;206;1;1;0;0;1;0;0;0;0;0;0;0;0;0;1;1;1;1;0;0;0;1;1;0;0;0;0;0;0;1;0;0;0;0;0;0;0;1;0;0;0;0;0;0;0;0;1;1;0;0;0;0;0;0;0;0;0;1;0;0;0;0;1;0;0;0;1;1;0;1;0;1;0;0;0;0;0;1;116;42;74;116;0;25;2.04;0.362;0
1283680;Captive;;;;0.0;1;20000;0;53.33;8;7;0;20;0;1;none;0;0;0;4.0;1;Novato;100;0;1;0;0;0;0;0;0;0;0;1;0;0;0;1;0;0;0;0;0;0;0;0;0;0;0;0;0;0;0;0;0;0;0;0;0;0;0;1;0;0;1;0;0;0;0;0;0;0;0;0;0;1;0;0;0;0;1;0;0;0;0;0;0;0;0;0;0;0;0;0;1;0;0;0;0;0;0;8;6;2;8;0;8;3.37;0.75;0
1186640;Pumpkin Jack;;;;1.79;0;500000;6;91.19;7138;690;0;30;1;11;full;0;0;0;4.0;1;Novato;196;1;1;0;0;1;0;0;0;0;0;0;0;0;0;1;0;0;0;0;1;0;1;1;0;0;1;0;0;0;0;0;0;0;0;0;0;0;0;0;0;0;0;0;1;0;0;0;0;0;0;0;0;0;0;0;0;0;1;0;0;0;0;0;0;0;0;0;1;0;0;1;1;0;0;0;0;0;0;999;883;116;823;0;8;6.18;0.884;1
296630;Kraven Manor;;;;0.0;1;100000;2;74.58;446;152;0;11;0;14;none;0;0;0;0.5;1;Novato;301;1;1;0;0;1;0;0;0;0;0;0;0;0;0;1;0;0;0;0;0;0;1;1;0;0;0;0;0;0;1;0;0;0;0;0;0;0;1;0;0;0;0;0;0;0;0;0;1;0;0;0;0;0;0;0;0;0;1;0;0;0;0;0;0;0;0;0;0;0;0;0;1;0;1;0;0;0;0;106;86;20;106;0;27;3.23;0.811;1
1228430;Pair-a-Site;;;;0.0;1;50000;0;98.53;67;1;0;0;0;1;none;0;0;0;4.0;1;Novato;224;1;0;0;0;1;0;0;0;0;0;0;0;0;0;1;0;0;0;0;0;0;0;0;0;0;0;0;0;0;0;0;0;0;1;0;0;0;0;0;0;0;0;0;1;0;0;0;0;0;0;0;0;0;0;0;0;0;0;0;1;1;1;0;0;0;0;0;0;0;0;0;1;0;1;0;0;0;0;9;8;1;9;0;8;2.68;0.889;1
2707490;Tower Factory;;;;7.99;0;20000;27;86.9;597;90;0;21;1;10;none;0;0;0;8.0;1;Novato;231;1;0;0;0;1;0;0;0;1;0;1;0;0;1;1;0;0;0;0;0;0;1;1;0;0;0;0;0;0;0;0;1;0;0;0;0;0;0;0;0;0;1;1;0;0;0;0;0;0;0;0;1;1;1;1;0;0;0;0;0;0;0;0;0;0;0;0;0;0;0;0;0;1;0;0;0;0;0;1000;897;103;970;1000;19;26.95;0.897;0
704950;Scarlett's Dungeon;;;;2.99;0;20000;0;71.15;37;15;0;0;0;3;full;0;0;0;1.0;1;Novato;299;1;1;0;0;1;0;0;0;0;0;0;0;0;0;1;0;0;0;0;1;0;0;1;0;0;0;0;0;0;0;0;0;0;0;0;0;0;0;0;0;0;0;0;0;0;0;0;0;0;0;0;0;0;0;0;0;0;0;0;0;0;1;0;0;0;0;0;1;0;1;0;1;0;0;0;0;0;0;7;2;5;7;0;7;2.07;0.286;0
805870;Do you know de way;;;;12.49;0;20000;0;72.06;178;69;0;17;1;1;none;0;0;0;1.0;1;Novato;109;0;1;0;0;1;0;0;0;0;0;0;0;0;0;1;0;0;0;0;0;0;1;0;0;0;0;0;0;0;0;0;0;0;0;0;0;0;0;0;0;0;0;0;0;0;0;0;0;0;0;0;0;0;0;0;0;0;1;0;0;0;1;0;0;0;0;0;1;1;0;1;1;0;0;0;0;0;0;24;14;10;4;0;18;1.65;0.583;0
3552760;Last Question;;;;0.89;0;20000;0;100.0;1;0;0;0;0;4;none;0;0;0;3.0;1;Novato;131;0;0;0;0;1;0;1;0;1;0;1;0;0;0;1;0;0;0;0;0;0;0;0;0;0;0;0;0;0;1;0;1;0;0;0;0;0;0;1;0;0;1;0;0;0;0;0;0;0;0;0;0;1;0;0;0;0;1;0;0;0;0;1;1;0;0;0;1;0;0;0;1;0;0;1;0;0;0;1;1;0;0;0;1;0.53;1.0;0
251410;Dark Matter;;;;5.79;0;200000;0;43.41;112;146;0;17;0;2;full;0;0;0;2.0;1;Novato;337;1;0;0;0;1;0;0;0;0;0;0;0;0;0;1;0;0;0;0;1;0;1;1;0;0;1;0;0;0;0;0;0;0;0;0;0;0;1;0;0;0;0;0;1;1;0;0;0;0;0;0;0;0;0;0;0;0;0;0;0;0;0;0;0;0;0;0;0;0;0;0;1;0;0;0;0;0;0;15;10;5;13;0;12;10.02;0.667;1
2160480;Hellboy Web of Wyrd;;;;12.49;0;20000;0;73.17;521;191;0;31;0;8;full;0;0;0;8.0;1;Novato;269;1;1;0;0;1;0;0;0;0;0;0;0;0;0;1;0;0;0;0;1;0;0;1;0;0;0;0;0;0;0;0;0;0;0;0;0;0;0;0;0;0;0;0;0;0;0;0;0;0;0;0;0;0;0;0;0;0;0;0;0;0;0;1;0;0;1;1;1;0;0;0;0;0;0;0;0;0;0;344;223;121;251;0;29;7.49;0.648;0
1689500;Dune: Imperium;;;;11.5;0;100000;305;94.81;3053;167;0;43;2;12;full;0;0;0;4.0;1;Novato;106;0;0;0;0;0;0;0;0;1;0;1;0;0;0;1;1;0;0;0;1;0;1;0;0;0;0;0;0;0;0;0;0;0;0;0;0;0;0;0;0;0;1;0;0;0;0;0;0;0;0;0;0;1;0;0;0;0;0;0;0;0;0;0;0;0;0;0;0;0;0;0;0;0;0;0;0;0;0;1000;908;92;802;0;14;62.37;0.908;1
1812410;The Elder Scrolls Adventures: Redguard;;;;3.59;0;50000;0;65.1;125;67;0;0;0;1;none;0;0;0;0.5;1;Novato;25;1;0;0;0;0;0;1;0;0;0;0;0;0;0;1;0;0;0;0;0;1;0;1;0;0;0;0;0;0;0;1;0;0;1;0;0;0;0;1;1;0;0;0;0;0;0;0;0;0;0;0;0;0;0;0;0;0;0;0;0;0;0;0;0;0;0;0;0;0;0;0;0;0;0;0;0;0;0;126;80;46;94;0;28;10.9;0.635;1
1192410;Room Escape '1053';;;;1.0;0;20000;0;70.0;7;3;0;0;0;1;none;0;0;0;8.0;1;Novato;230;1;1;1;0;0;0;0;0;0;0;0;0;0;0;1;0;0;0;0;0;0;0;0;0;0;0;0;0;0;0;0;0;0;0;0;0;0;0;0;0;0;0;0;0;0;0;0;0;0;0;0;0;0;0;0;0;0;0;0;0;0;0;0;0;0;0;0;0;0;0;1;0;0;0;1;0;0;0;0;0;0;0;0;0;0.0;0.0;0
529110;Awkward Dimensions Redux;;;;0.0;1;200000;0;80.55;2369;572;0;0;1;1;none;0;0;0;4.0;1;Novato;56;0;1;0;0;1;0;0;0;0;0;0;0;0;0;1;0;0;0;0;0;1;0;0;0;0;0;0;0;0;1;1;0;0;0;0;0;1;1;0;0;0;0;0;1;0;0;0;1;0;0;0;0;1;0;0;0;0;1;0;0;0;0;0;0;0;0;0;1;0;0;0;1;0;1;0;0;0;0;136;105;31;136;0;28;3.66;0.772;1
861710;Geometry Rush;;;;1.49;0;20000;0;85.6;107;18;0;0;0;1;none;0;0;0;2.0;1;Novato;111;0;0;1;0;1;0;0;0;0;0;0;0;0;0;1;0;0;0;0;0;0;0;0;0;0;0;0;0;0;0;0;0;0;0;0;0;0;0;0;0;0;0;0;0;0;0;0;0;0;0;0;0;0;0;0;0;0;0;0;0;0;0;0;0;0;0;0;0;0;0;1;1;0;0;0;0;0;0;13;11;2;10;0;10;3.93;0.846;0
746840;Chronicles of Magic: Divided Kingdoms;;;;7.99;0;20000;0;83.87;182;35;0;27;0;9;none;0;0;0;1.0;1;Novato;140;0;1;1;0;0;0;0;0;0;0;0;0;0;0;1;0;0;0;0;0;0;1;1;0;0;1;0;0;0;0;0;0;0;0;0;0;0;0;0;0;0;0;0;0;0;0;0;0;0;0;0;0;0;0;0;0;0;1;1;0;0;1;0;0;0;0;0;1;0;0;1;0;0;0;0;0;0;0;57;49;8;40;0;22;5.44;0.86;0
1627850;Deadly Broadcast;;;;1.99;0;20000;1;67.26;489;238;0;23;0;6;full;0;0;0;8.0;1;Novato;296;1;1;0;0;1;0;0;0;0;0;0;0;0;0;1;1;1;1;0;1;0;1;1;0;0;1;0;0;0;1;0;0;0;0;0;0;1;1;0;0;0;0;0;0;0;0;1;1;0;0;0;0;0;0;0;0;0;0;0;0;0;0;1;0;0;0;1;0;0;0;0;0;0;0;0;0;1;0;127;70;57;112;0;20;2.31;0.551;0
1289340;TasteMaker;;;;5.99;0;100000;2;83.76;1068;207;0;8;0;6;none;0;0;0;4.0;1;Novato;262;0;0;1;0;1;0;0;0;1;0;1;0;0;0;1;0;0;0;0;0;0;1;0;0;0;0;0;0;0;0;0;1;0;0;0;0;0;0;0;0;0;1;0;0;0;0;0;0;0;0;0;1;1;1;0;0;0;0;0;0;0;0;1;0;0;0;0;0;1;0;1;0;0;0;0;0;0;0;143;101;42;140;0;29;16.94;0.706;1
528110;Tennis Elbow Manager;;;;2.5;0;20000;1;83.33;25;5;0;41;0;9;none;0;0;0;0.5;1;Novato;208;0;0;0;0;0;0;0;0;0;1;0;0;0;0;1;0;0;0;0;0;1;1;1;0;0;0;0;0;0;0;0;0;0;0;0;0;0;0;0;0;0;0;0;0;0;0;0;0;0;0;0;0;1;1;0;1;0;0;0;0;0;1;0;0;0;0;0;0;0;0;0;0;0;0;0;0;0;0;0;0;0;0;0;0;0.0;0.0;0
16120;Plant Tycoon;;;;9.99;0;20000;13;93.6;190;13;0;0;0;1;none;0;0;0;0.0;1;Novato;317;0;0;1;0;0;0;0;0;1;0;0;0;0;0;1;0;0;0;0;0;0;0;0;0;0;0;0;0;0;0;0;0;0;0;0;0;0;0;0;0;0;0;0;0;0;0;0;0;0;0;0;0;1;1;0;0;0;0;0;0;0;0;0;0;0;0;0;0;0;0;1;0;0;0;0;0;0;0;55;54;1;52;0;24;68.32;0.982;0
561000;Delicious - Emily's Home Sweet Home;;;;10.49;0;20000;3;93.46;100;7;0;21;0;5;none;0;0;0;0.5;1;Novato;168;0;1;1;0;1;0;0;0;0;0;0;0;0;0;1;0;0;0;0;0;0;0;0;0;0;0;0;0;0;0;0;0;0;0;0;0;0;0;0;0;0;0;0;0;0;0;0;0;0;0;0;0;0;0;0;0;0;0;0;0;0;0;0;0;0;0;0;0;0;0;1;1;0;0;0;0;0;0;19;17;2;19;0;12;18.2;0.895;0
1807080;Ghost Exile;;;;1.99;0;200000;42;87.83;3399;471;0;57;0;9;none;0;0;0;6.0;1;Novato;262;1;0;0;0;1;0;0;0;0;0;0;0;0;1;1;1;1;1;0;0;0;1;1;0;0;0;0;0;0;1;0;0;0;0;0;0;0;1;0;0;0;0;0;0;0;0;1;1;0;0;0;0;0;0;0;0;0;0;0;0;0;0;1;0;0;0;0;1;0;0;0;1;1;0;1;0;0;0;1000;910;90;798;1000;16;25.11;0.91;1
257790;Riptide GP2;;;;3.49;0;20000;0;89.03;479;59;0;29;0;1;full;0;0;0;2.0;1;Novato;295;1;0;0;0;1;0;0;1;1;1;0;0;0;0;1;1;0;0;0;1;0;1;0;0;0;1;0;0;0;0;0;0;0;0;0;0;0;0;0;0;0;0;0;0;0;0;0;1;0;0;0;0;1;0;0;1;1;0;0;0;0;0;0;0;0;0;0;0;0;0;0;1;0;0;0;0;0;0;79;71;8;71;0;25;8.19;0.899;0
232750;Mars: War Logs;;;;0.59;0;200000;4;74.98;2149;717;0;14;0;8;full;0;0;0;2.0;1;Novato;296;1;0;0;0;0;0;1;0;0;0;0;0;0;0;1;0;0;0;0;1;0;1;1;0;0;1;0;0;0;0;1;1;0;1;0;0;0;0;1;1;0;0;0;0;0;0;0;0;0;0;0;0;0;0;0;0;0;0;0;0;0;0;0;0;0;0;0;1;0;0;0;0;0;0;0;0;0;0;367;291;76;329;0;29;13.47;0.793;1
1961520;FIND ALL 3: Travel;;;;1.39;0;20000;3;93.8;439;29;0;72;0;10;full;0;0;0;2.0;1;Novato;212;0;1;1;0;1;0;0;0;0;0;0;0;0;0;1;0;0;0;0;1;0;1;0;0;0;0;0;0;0;0;0;0;0;0;0;0;0;0;0;0;0;0;0;0;0;0;0;0;0;0;0;0;0;0;0;0;0;1;0;0;0;1;0;0;0;0;0;0;1;0;1;1;0;0;0;0;0;0;217;199;18;211;0;28;8.13;0.917;0
2011860;Refund Me If You Can;;;;2.0;0;20000;0;78.36;105;29;0;9;0;1;none;0;0;0;4.0;1;Novato;130;1;1;0;0;1;0;0;0;0;0;0;0;0;0;1;0;0;0;0;0;1;1;0;0;0;0;0;0;0;1;0;0;0;0;0;0;0;1;0;0;0;0;0;0;0;0;1;1;0;0;0;0;0;0;0;0;0;0;0;0;0;0;1;1;0;0;1;0;0;0;0;1;0;1;1;0;0;1;9;7;2;9;0;8;0.64;0.778;0
2572320;3D Survivors;;;;2.99;0;20000;0;50.0;1;1;0;10;0;2;none;0;0;0;8.0;1;Novato;248;1;0;1;0;1;0;1;0;0;0;0;0;0;1;1;0;0;0;0;0;0;1;0;0;0;0;0;0;0;0;0;0;0;0;0;0;0;0;1;0;0;0;0;0;0;0;0;0;0;0;0;0;0;0;0;0;0;0;0;0;0;0;0;0;0;1;0;0;0;0;1;0;1;0;0;0;0;0;0;0;0;0;0;0;0.0;0.0;0
1372350;SkyLife: VoxelSurvival;;;;1.99;0;20000;0;37.5;6;10;0;6;0;5;none;0;0;0;4.0;1;Novato;112;1;0;0;0;1;0;0;0;0;0;0;0;0;0;1;0;0;0;0;0;0;1;1;0;0;0;0;0;0;1;1;1;0;0;0;0;1;0;0;0;0;0;0;0;0;0;0;0;0;0;0;1;0;0;0;0;0;0;0;0;0;0;1;0;0;0;0;0;1;0;0;1;0;0;0;0;1;0;3;0;3;3;0;3;12.66;0.0;0
1213740;She Will Punish Them;;;;15.99;0;500000;25;92.3;11430;954;0;3;0;4;none;0;0;0;8.0;1;Novato;299;1;0;0;0;1;0;1;0;0;0;0;0;0;1;1;0;0;0;0;0;1;0;0;1;0;0;0;0;0;0;0;0;0;0;0;0;0;0;0;1;0;0;0;0;0;0;0;0;0;0;0;0;0;0;0;0;0;0;0;0;0;0;1;0;0;0;0;1;0;1;0;1;1;0;0;0;0;0;883;442;441;812;883;29;24.78;0.501;1
1708550;Cassiodora;;;;14.99;0;20000;0;95.24;20;1;0;33;0;8;full;0;0;0;8.0;1;Novato;199;1;1;0;0;0;0;0;0;0;0;0;0;0;0;1;1;1;0;0;1;0;0;0;0;0;0;0;1;0;0;0;0;0;0;0;0;0;0;0;0;0;0;0;0;0;0;1;1;1;0;0;0;0;0;0;0;0;0;0;0;0;0;0;0;0;0;0;0;0;0;0;0;0;0;0;0;0;0;5;4;1;5;0;4;6.47;0.8;0
227780;Serious Sam Classics: Revolution;;;;5.79;0;200000;23;90.25;3221;348;0;42;0;2;none;0;0;0;0.25;1;Novato;306;1;0;0;0;1;0;0;0;0;0;0;0;0;0;1;1;1;0;0;0;1;1;1;1;0;0;1;0;0;1;0;0;0;0;0;0;0;0;0;0;0;0;0;0;0;0;1;1;0;0;0;0;0;0;0;0;0;0;0;0;0;0;0;0;0;0;0;1;0;1;0;1;0;0;0;0;1;0;636;554;82;562;0;29;25.15;0.871;1
877360;18+;;;;0.89;0;50000;0;68.04;530;249;0;5000;1;3;none;0;0;0;0.5;1;Novato;53;0;0;1;0;0;0;0;0;0;0;0;0;0;0;1;0;0;0;0;0;0;1;0;0;0;0;0;0;0;0;0;0;0;0;0;0;0;0;0;0;0;0;0;0;0;0;0;0;0;0;0;0;0;0;0;0;0;0;0;0;0;0;0;0;0;0;0;0;0;0;1;1;0;0;0;0;0;0;215;162;53;146;0;29;10.4;0.753;1
897330;Coloring Pixels;;;;0.0;1;500000;505;96.25;7622;297;0;2344;95;1;none;0;0;0;8.0;1;Novato;119;0;0;1;0;1;0;0;0;0;0;0;0;0;0;1;0;0;0;0;0;0;1;1;0;0;0;0;0;0;0;0;0;0;0;0;0;0;0;0;0;0;0;0;0;0;0;0;0;0;0;0;0;0;0;0;0;0;1;0;0;0;1;0;0;0;0;0;0;1;0;1;1;0;1;0;0;0;0;1000;950;50;1000;0;16;222.11;0.95;1
820910;Last Resort Island;;;;4.99;0;20000;4;85.71;174;29;0;36;0;5;none;0;0;0;0.5;1;Novato;273;0;0;1;0;1;0;0;0;0;0;1;0;0;0;1;0;0;0;0;0;0;1;0;0;0;0;0;0;0;0;0;0;0;0;0;0;0;0;0;0;0;1;0;0;0;0;0;0;0;0;0;0;0;0;1;0;0;1;0;0;0;0;0;0;0;0;0;0;1;0;1;1;0;0;0;0;0;0;38;27;11;25;0;20;12.94;0.711;0
517810;Caesar™ IV;;;;9.99;0;100000;37;70.97;555;227;0;0;0;1;none;0;0;0;0.5;1;Novato;156;0;0;0;0;0;0;0;0;1;0;1;0;0;0;1;0;0;0;0;0;0;0;0;0;0;0;0;0;0;0;0;0;0;0;0;0;0;0;0;0;0;1;0;0;0;0;0;0;0;0;0;0;1;1;1;0;0;0;0;0;0;0;0;0;0;0;0;0;0;0;0;0;0;0;0;0;0;0;188;133;55;179;0;29;49.42;0.707;1
297570;Warrior Kings;;;;4.99;0;20000;0;71.64;96;38;0;0;0;1;none;0;0;0;0.12;1;Novato;117;0;0;0;0;0;0;0;0;0;0;1;0;0;0;1;0;0;0;0;0;0;0;0;0;0;0;0;0;0;0;0;0;0;0;0;0;0;0;0;0;0;1;0;0;0;0;0;0;0;0;0;0;0;0;0;0;0;0;0;0;0;0;0;0;0;0;0;0;0;0;0;0;0;0;0;0;0;0;27;19;8;18;0;20;12.79;0.704;0
488910;Astral Heroes;;;;0.0;1;50000;0;69.63;227;99;0;20;0;5;none;0;0;0;0.5;1;Novato;274;0;0;0;0;1;0;0;0;0;0;1;0;0;0;1;1;0;0;0;0;0;1;0;0;1;0;0;0;0;0;0;0;0;0;0;0;0;0;0;0;0;1;0;0;0;0;0;0;0;0;0;0;0;0;0;0;0;0;0;0;0;0;0;0;0;0;0;0;0;0;0;1;0;1;0;0;0;0;37;28;9;37;0;21;42.22;0.757;1
1820690;One Line;;;;1.49;0;20000;1;98.18;54;1;0;5;0;103;full;0;0;0;4.0;1;Novato;237;0;0;1;0;1;0;0;0;0;0;0;0;0;0;1;0;0;0;0;1;0;1;1;0;0;0;0;0;0;0;0;0;0;0;0;0;0;0;0;0;0;0;0;0;0;0;0;0;0;0;0;0;0;0;0;0;0;1;1;0;0;1;0;0;0;0;0;0;1;1;1;1;0;0;0;0;0;0;38;37;1;33;0;19;2.23;0.974;0
3500;Mystery P.I.™ - The Lottery Ticket;;;;4.99;0;20000;3;83.08;54;11;0;0;0;1;none;0;0;0;0.12;1;Novato;314;0;0;1;0;0;0;0;0;0;0;0;0;0;0;1;0;0;0;0;0;0;0;0;0;0;0;0;0;0;0;0;0;0;0;0;0;0;0;0;0;0;0;0;0;0;0;0;0;0;0;0;0;0;0;0;0;0;0;0;0;0;0;0;0;0;0;0;0;0;0;1;0;0;0;0;0;0;0;39;36;3;38;0;20;7.05;0.923;0
1612620;Never Return;;;;2.99;0;100000;1;74.23;1207;419;0;44;0;2;none;0;0;0;4.0;1;Novato;273;1;1;0;0;1;0;0;0;0;0;0;0;0;1;1;1;1;0;0;0;1;1;1;0;0;0;0;1;0;0;0;0;0;0;0;0;0;0;0;1;0;0;0;0;0;0;1;1;1;0;0;0;0;0;0;0;0;0;0;0;0;0;0;0;0;0;0;0;0;0;0;1;1;0;0;0;0;0;54;9;45;45;54;26;18.32;0.167;1
340170;FINAL FANTASY TYPE-0™ HD;;;;23.99;0;200000;8;62.09;1892;1155;0;49;0;9;full;0;0;0;4.0;1;Novato;210;1;0;0;0;0;0;1;0;0;0;0;0;0;0;1;0;0;0;0;1;0;1;1;0;0;1;0;0;0;0;1;0;0;1;0;0;0;0;1;1;0;0;0;0;0;0;0;1;0;0;0;0;0;0;0;0;0;0;0;0;1;0;1;0;0;0;0;0;0;0;0;0;0;0;0;0;0;0;259;167;92;208;0;29;40.43;0.645;1
1578860;Billionaire Lovers;;;;2.99;0;200000;2;95.2;3432;173;0;9;0;2;none;0;0;0;2.0;1;Novato;297;0;1;1;0;1;0;1;0;0;0;0;0;0;0;1;0;0;0;0;0;1;1;0;0;0;0;0;0;0;1;0;0;0;1;0;0;0;0;1;0;0;0;0;0;0;0;0;0;0;0;0;0;0;0;0;0;0;0;0;1;1;1;0;0;0;1;0;0;0;0;1;1;0;0;0;0;0;0;548;498;50;525;0;29;3.41;0.909;1
214590;Fairy Bloom Freesia;;;;7.99;0;100000;0;84.79;931;167;0;50;1;2;none;0;0;0;0.5;1;Novato;119;1;0;0;0;1;0;0;0;0;0;0;0;0;0;1;0;0;0;0;0;1;1;1;0;0;1;0;0;0;0;0;0;0;0;0;0;0;0;1;0;0;0;0;1;0;0;0;0;0;0;0;0;0;0;0;0;0;0;0;0;1;0;0;0;0;0;0;0;0;0;0;1;0;0;0;0;0;0;56;45;11;41;0;23;6.04;0.804;1
2010410;Psyolence;;;;4.4;0;20000;0;61.9;13;8;0;5;0;103;none;0;0;0;1.0;1;Novato;200;1;0;0;0;0;0;0;0;0;0;1;0;0;0;1;0;0;0;0;0;0;1;0;0;0;0;0;0;0;0;0;0;0;0;0;0;0;0;0;0;0;1;0;0;0;0;0;0;0;0;0;0;0;0;0;0;0;0;0;0;0;1;0;0;0;0;0;0;0;1;0;1;0;0;0;0;0;0;3;3;0;3;0;3;4.12;1.0;0
770090;La Camila: A VR Story;;;;0.0;1;20000;0;82.54;52;11;0;0;0;1;none;0;0;0;8.0;1;Novato;148;1;1;1;0;1;0;0;0;0;0;0;0;0;0;1;0;0;0;0;0;0;0;0;0;0;0;0;0;0;0;0;0;0;0;0;0;0;0;0;0;0;0;0;0;0;0;0;0;0;0;0;0;0;0;0;0;0;0;0;0;0;0;0;0;0;0;0;0;0;0;1;1;0;1;1;0;0;0;11;10;1;11;0;9;6.03;0.909;0
3738180;Data Rot;;;;5.79;0;20000;0;100.0;2;0;0;10;0;1;none;0;0;0;4.0;1;Novato;218;1;0;0;0;0;0;0;0;0;0;0;0;0;0;1;0;0;0;0;0;0;1;0;0;0;0;0;0;0;1;0;0;0;0;0;0;0;1;0;0;0;0;0;0;0;0;0;0;0;0;0;0;0;0;0;0;0;1;0;0;0;0;0;0;0;0;1;0;0;0;0;0;0;0;1;0;0;1;4;3;1;3;0;3;0.46;0.75;0
2539960;Orbo's Odyssey;;;;2.99;0;100000;1;98.68;1347;18;0;11;0;1;full;0;0;0;8.0;1;Novato;197;1;1;0;0;0;0;0;0;0;0;0;0;0;0;1;0;0;0;0;1;0;1;1;1;0;0;0;0;0;0;0;0;0;0;0;0;0;1;0;0;0;0;0;1;0;0;0;0;0;0;0;0;0;0;0;0;0;0;0;0;0;0;1;0;0;0;0;0;0;0;0;1;0;0;0;0;0;0;918;899;19;839;0;29;2.64;0.979;1
738000;Achievement Lurker: Respectable Accomplishment;;;;1.99;0;20000;0;80.12;133;33;0;5000;0;1;none;0;0;0;1.0;1;Novato;256;0;0;0;0;0;0;1;0;0;0;0;0;0;0;1;0;0;0;0;0;0;1;0;0;0;0;0;0;0;0;0;0;0;0;0;0;0;0;1;0;0;0;0;0;0;0;0;0;0;0;0;0;0;0;0;0;0;0;0;0;0;0;0;0;0;0;0;0;0;0;0;0;0;0;0;0;0;0;64;59;5;63;0;23;5.07;0.922;0
2635790;Backstab;;;;4.49;0;20000;0;60.0;3;2;0;0;0;2;none;0;0;0;8.0;1;Novato;188;0;1;0;0;1;0;1;0;0;0;0;0;0;0;1;0;0;0;0;0;0;0;0;0;0;0;0;0;0;0;0;0;0;1;0;0;0;0;1;1;0;0;0;0;0;0;0;0;0;0;0;0;0;0;0;0;0;0;0;0;0;0;1;0;0;0;0;0;0;0;0;0;0;0;0;0;0;0;0;0;0;0;0;0;0.0;0.0;0
288830;Voodoo Whisperer Curse of a Legend;;;;2.49;0;20000;0;55.88;57;45;0;0;0;1;none;0;0;0;0.5;1;Novato;226;0;1;0;0;0;0;0;0;0;0;0;0;0;0;1;0;0;0;0;0;0;0;0;0;0;0;0;0;0;0;0;0;0;0;0;0;0;0;0;0;0;0;0;0;0;0;0;0;0;0;0;0;0;0;0;0;0;1;1;0;0;0;0;0;0;0;0;0;0;0;0;0;0;0;0;0;0;0;16;8;8;12;0;10;3.92;0.5;0
2026750;Astra Protocol 2;;;;3.99;0;20000;0;89.66;26;3;0;18;2;1;none;0;0;0;0.5;1;Novato;267;1;1;0;0;0;0;0;0;1;0;1;0;0;0;1;0;0;0;0;0;0;1;0;0;0;0;0;0;0;0;1;0;0;0;0;0;1;0;0;0;0;0;0;0;0;0;0;0;0;0;0;0;1;0;0;0;0;0;0;0;0;1;0;0;0;0;0;1;0;0;0;0;0;0;0;0;0;0;22;17;5;22;0;16;3.43;0.773;0
1479730;Commandos: Origins;;;;49.99;0;20000;319;75.2;1034;341;0;69;5;14;full;0;0;0;8.0;1;Novato;294;0;0;0;0;0;0;0;0;0;0;1;0;0;0;1;1;1;1;0;1;0;1;1;0;0;1;0;1;0;0;0;0;0;0;0;0;0;0;0;0;0;1;0;0;0;0;0;0;0;0;0;0;0;0;0;0;0;0;0;0;0;0;1;1;0;0;0;1;0;0;0;0;0;0;0;0;0;1;1000;809;191;736;0;12;47.79;0.809;0
810500;PowerBeatsVR - VR Fitness;;;;19.99;0;20000;1;83.52;446;88;0;0;3;11;none;0;0;0;8.0;1;Novato;292;1;0;1;0;1;0;0;0;0;1;0;0;0;0;1;0;0;0;0;0;0;0;1;0;0;0;0;0;0;0;0;0;0;0;0;0;0;0;0;0;0;0;0;0;0;0;0;0;0;0;0;0;0;0;0;1;0;0;0;0;0;0;0;0;0;0;0;1;0;1;1;1;1;0;1;0;0;0;77;59;18;40;0;26;5.42;0.766;0
1098280;Mago;;;;14.99;0;20000;10;93.66;827;56;0;43;0;10;full;0;0;0;4.0;1;Novato;228;0;1;0;0;1;0;0;0;0;0;0;0;0;0;1;0;0;0;0;1;0;1;0;0;0;0;0;0;0;0;0;0;0;0;0;0;0;0;0;0;0;0;0;1;0;0;1;1;0;0;0;0;0;0;0;0;0;0;0;0;0;1;0;0;0;1;0;1;0;1;0;1;0;0;0;0;0;0;369;341;28;327;0;29;19.47;0.924;0
474030;The Abbey of Crime Extensum;;;;0.0;1;50000;0;85.37;245;42;0;0;1;5;none;0;0;0;0.25;1;Novato;196;0;1;0;0;0;0;0;0;0;0;0;0;0;0;1;0;0;0;0;0;0;0;0;0;0;0;0;0;0;0;0;0;0;0;0;0;0;0;0;0;0;0;0;0;0;0;0;0;0;0;0;0;0;0;0;0;0;0;1;0;0;1;0;0;0;0;0;0;0;0;0;1;0;1;0;0;0;0;63;51;12;63;0;27;8.2;0.81;1
1455120;Pumping Simulator;;;;3.29;0;50000;0;72.78;393;147;0;10;0;7;none;0;0;0;4.0;1;Novato;262;0;0;1;0;1;0;0;0;1;0;0;0;0;0;1;1;1;1;0;0;0;1;1;0;0;0;0;0;0;1;0;0;0;0;0;0;0;0;0;0;0;0;0;0;0;0;1;1;0;0;0;1;1;1;0;0;0;0;0;0;0;0;0;0;0;0;0;0;0;0;0;0;0;0;0;0;1;0;118;77;41;98;0;27;4.12;0.653;1
2816570;The Land of the Magnates;;;;3.84;0;20000;0;80.0;32;8;0;25;1;13;full;0;0;0;8.0;1;Novato;294;1;1;0;0;0;0;1;0;0;0;0;0;0;0;1;0;0;0;0;1;0;0;0;0;0;0;0;0;0;0;0;0;0;0;0;0;0;0;0;0;0;0;0;1;0;0;0;0;0;0;0;0;0;0;0;0;0;0;0;0;0;0;1;0;0;0;0;1;1;0;0;0;0;0;0;0;0;0;47;34;13;30;0;11;3.2;0.723;0
307960;IL-2 Sturmovik: Battle of Stalingrad;;;;22.99;0;200000;179;79.09;7142;1888;0;0;57;7;none;0;0;0;16.0;1;Novato;295;1;0;0;0;0;0;0;0;1;0;0;0;0;0;1;1;1;1;0;0;1;0;0;0;0;1;0;0;0;1;0;0;0;0;0;0;0;0;0;0;0;0;0;0;0;0;0;1;0;1;0;0;1;0;0;0;0;0;0;0;0;0;0;1;0;0;0;1;0;0;0;0;0;0;1;0;0;0;1000;770;230;925;0;16;115.27;0.77;1
2023010;Truxton 2;;;;4.49;0;20000;1;91.67;33;3;0;18;0;1;full;0;0;0;0.25;1;Novato;256;1;0;0;0;0;0;0;0;0;0;0;0;0;0;1;1;1;0;0;1;0;1;1;0;0;0;1;1;0;0;0;0;0;0;0;0;0;0;0;0;0;0;0;0;0;0;1;1;1;0;0;0;0;0;0;0;0;0;0;0;0;1;0;0;0;0;0;0;0;0;0;0;0;0;0;0;0;0;49;46;3;47;0;22;5.96;0.939;0
1683680;Longphort;;;;2.49;0;20000;0;57.14;4;3;0;20;0;1;none;0;0;0;0.0;1;Novato;128;0;0;0;0;0;0;0;0;1;0;1;0;0;0;1;0;0;0;0;0;0;1;1;0;0;0;0;0;0;0;0;0;0;0;0;0;0;0;0;0;0;1;0;0;0;0;0;0;0;0;0;0;1;1;0;0;0;0;0;0;0;1;0;0;0;0;0;0;0;0;0;0;0;0;0;0;0;0;0;0;0;0;0;0;0.0;0.0;0
963490;Abyss Manager;;;;2.99;0;20000;0;77.03;57;17;0;37;0;2;none;0;0;0;2.0;1;Novato;309;0;0;0;0;1;0;0;0;1;0;1;0;0;0;1;0;0;0;0;0;0;1;1;0;0;0;0;0;0;0;0;0;0;0;0;0;0;0;0;0;1;1;0;0;0;0;0;0;0;0;0;0;1;0;0;0;0;0;0;0;0;0;0;0;0;0;0;0;0;0;0;1;0;0;0;0;0;0;2;1;1;2;0;2;11.68;0.5;0
288970;Dark Lore Mysteries: The Hunt For Truth;;;;2.49;0;20000;0;68.67;57;26;0;0;0;1;none;0;0;0;1.0;1;Novato;124;0;1;0;0;0;0;0;0;0;0;0;0;0;0;1;0;0;0;0;0;0;0;0;0;0;0;0;0;0;0;0;0;0;0;0;0;0;0;0;0;0;0;0;0;0;0;0;0;0;0;0;0;0;0;0;0;0;1;1;0;0;0;0;0;0;0;0;0;0;0;1;0;0;0;0;0;0;0;14;11;3;12;0;12;3.35;0.786;0
2825530;Beholder: Conductor;;;;7.79;0;200000;174;89.6;1586;184;0;44;1;12;full;0;0;0;6.0;1;Novato;276;0;1;0;0;1;0;0;0;1;0;1;0;0;0;1;0;0;0;0;1;0;1;1;0;0;1;0;0;0;0;0;0;0;1;0;0;0;0;0;0;0;1;0;0;0;0;0;0;0;0;0;0;1;1;0;0;0;1;1;0;0;1;0;0;0;0;1;1;0;0;0;1;0;0;0;0;0;0;1000;913;87;726;0;7;8.69;0.913;1
1265930;Life is Strange: Before the Storm Remastered;;;;31.99;0;100000;39;81.48;2218;504;0;34;1;10;full;0;0;0;4.0;1;Novato;103;1;1;0;0;0;0;0;0;0;0;0;0;0;0;1;0;0;0;0;1;0;1;1;0;0;0;0;0;0;0;0;0;0;1;0;0;0;0;0;0;0;0;0;0;0;0;0;0;0;0;0;0;0;0;0;0;0;0;0;0;0;0;0;0;0;0;0;0;0;0;0;0;0;0;0;0;0;0;1000;904;96;830;0;5;12.78;0.904;1
1714440;Angels Cove;;;;2.99;0;50000;0;77.08;74;22;0;11;0;10;none;0;0;0;6.0;1;Novato;159;1;1;0;0;1;0;0;0;0;0;1;0;0;0;1;0;0;0;0;0;0;1;1;0;0;0;0;0;0;1;0;0;0;1;0;0;0;1;0;0;0;0;0;0;0;0;0;0;0;0;0;0;0;0;0;0;0;0;0;0;0;0;1;1;0;0;1;1;0;0;0;0;0;0;0;0;0;0;28;18;10;23;0;20;1.99;0.643;1
2000950;Call of Duty®: Modern Warfare®;;;;59.99;0;1000000;847;79.14;16610;4378;0;27;2;13;full;0;0;0;8.0;1;Novato;164;1;0;0;0;0;0;0;0;0;0;0;0;0;0;1;1;1;1;0;1;0;1;0;0;1;0;0;0;0;1;0;0;0;1;0;0;0;0;0;0;0;0;0;0;0;0;1;1;0;1;1;0;0;0;0;0;0;0;0;0;0;0;0;1;0;0;0;0;0;0;0;0;0;0;0;0;1;0;1000;757;243;942;0;1;23.84;0.757;1
370710;Last Heroes;;;;0.46;0;50000;1;68.03;83;39;0;0;0;1;full;0;0;0;0.12;1;Novato;217;0;1;1;0;1;0;1;0;0;0;0;0;0;0;1;0;0;0;0;1;0;0;1;0;0;1;0;0;0;0;0;0;0;0;0;0;0;0;1;0;0;0;0;0;0;0;0;0;0;0;0;0;0;0;0;0;0;0;0;0;1;0;0;0;0;0;0;0;0;0;1;1;0;0;0;0;0;0;18;11;7;15;0;14;8.93;0.611;1
1453600;Night Reverie: Prologue;;;;0.0;1;50000;0;92.5;259;21;0;6;0;6;full;0;0;0;4.0;1;Novato;279;0;1;1;0;1;0;0;0;0;0;0;0;0;0;1;0;0;0;0;1;0;1;0;0;0;0;0;0;0;0;0;0;0;1;0;0;0;0;0;0;0;0;0;0;0;0;0;0;0;0;0;0;0;0;0;0;0;1;0;0;0;1;0;0;0;0;0;1;1;0;1;1;0;1;0;0;0;0;12;11;1;12;0;11;2.13;0.917;1
1604000;Milk outside a bag of milk outside a bag of milk;;;;4.99;0;500000;23;97.03;18167;556;0;10;1;9;none;0;0;0;4.0;1;Novato;150;0;0;1;0;1;0;0;0;0;0;0;0;0;0;1;0;0;0;0;0;0;1;0;0;0;1;0;0;0;0;0;0;0;1;0;0;0;1;0;0;0;0;0;0;0;0;0;0;0;0;0;0;0;0;0;0;0;0;1;1;1;1;0;0;0;0;0;0;0;0;1;1;0;0;0;0;0;0;1000;938;62;929;0;5;6.23;0.938;1
809880;Degrees of Separation;;;;19.99;0;50000;12;81.42;916;209;0;10;0;7;none;0;0;0;2.0;1;Novato;274;0;1;1;0;1;0;0;0;0;0;0;0;0;0;1;1;1;0;0;0;1;1;1;0;0;0;1;1;0;0;0;0;0;1;0;0;0;0;0;0;0;0;0;1;0;0;1;0;1;0;0;0;0;0;0;0;0;1;0;0;0;1;0;0;0;0;0;1;1;1;0;0;0;0;0;0;0;0;451;323;128;360;0;29;7.29;0.716;1
1838740;Doxxed;;;;2.99;0;20000;0;72.41;21;8;0;0;0;1;none;0;0;0;32.0;1;Novato;294;0;0;0;0;1;0;0;0;0;0;0;0;0;0;1;0;0;0;0;0;0;0;0;0;0;0;0;0;0;1;0;0;0;1;0;0;0;1;0;0;0;0;0;0;0;0;0;0;0;0;0;0;0;0;0;0;0;1;0;0;0;0;1;0;0;0;0;1;0;0;0;0;0;0;0;0;0;0;8;6;2;8;0;7;1.79;0.75;0
931930;The Haunted Graveyard;;;;5.99;0;20000;0;95.38;62;3;0;0;0;1;none;0;0;0;4.0;1;Novato;39;0;1;1;0;0;0;0;0;0;0;0;0;0;0;1;0;0;0;0;0;0;0;0;0;0;0;0;0;0;0;0;0;0;0;0;0;0;0;0;0;0;0;0;0;0;0;0;0;0;0;0;0;0;0;0;0;0;0;0;0;0;0;0;0;0;0;0;0;0;0;1;0;0;0;1;0;0;0;1;1;0;1;0;1;0.65;1.0;0
646270;60 Parsecs!;;;;5.79;0;200000;35;88.41;3266;428;0;44;0;12;full;0;0;0;4.0;1;Novato;233;0;1;1;0;1;0;1;0;1;0;1;0;0;0;1;0;0;0;0;1;0;1;1;0;0;1;0;0;0;0;0;0;0;0;0;0;0;0;1;0;0;1;0;0;0;0;0;0;0;0;0;0;0;1;0;0;0;0;1;0;0;1;0;0;0;0;0;0;0;0;0;0;0;0;0;0;0;0;1000;920;80;875;0;29;13.27;0.92;1
1922010;Breachers™;;;;14.99;0;100000;12;84.55;1122;205;0;24;16;19;none;0;0;0;8.0;1;Novato;280;1;0;0;0;0;0;0;0;0;0;1;0;0;0;1;1;0;0;0;0;0;0;0;0;1;0;0;0;0;1;0;0;0;0;0;0;0;0;0;0;0;0;0;0;0;0;1;1;0;1;0;0;0;0;0;0;0;0;0;0;0;0;1;0;0;0;0;0;0;0;0;0;0;0;1;0;1;0;443;326;117;420;0;29;40.76;0.736;1
1140500;Crimson Hotel;;;;4.99;0;20000;0;36.17;17;30;0;0;0;2;none;0;0;0;4.0;1;Novato;290;0;1;0;0;0;0;0;0;0;0;0;0;0;0;1;1;1;1;0;0;0;0;0;0;0;0;0;0;0;0;0;0;0;0;0;0;0;1;0;0;0;0;0;0;0;0;1;0;0;0;0;0;0;0;0;0;0;0;0;0;0;0;0;0;0;0;1;0;0;0;0;0;0;0;0;0;0;0;4;1;3;4;0;4;0.48;0.25;0
1194930;Blackthorn Arena;;;;12.49;0;200000;2;68.81;2599;1178;0;29;3;10;none;0;0;0;8.0;1;Novato;297;0;0;0;0;1;0;1;0;1;0;1;0;0;0;1;0;0;0;0;0;0;1;1;0;0;0;0;0;0;0;1;0;0;0;0;0;0;0;0;0;0;1;0;0;0;0;0;0;0;0;0;1;1;1;0;0;0;0;0;0;0;0;0;1;0;0;0;0;0;1;0;0;0;0;0;0;0;0;92;60;32;83;0;24;78.54;0.652;1
296240;The Promised Land;;;;3.99;0;20000;5;86.39;660;104;0;0;0;11;none;0;0;0;2.0;1;Novato;333;0;1;1;0;0;0;0;0;0;0;1;0;0;0;1;0;0;0;0;0;0;0;0;0;0;1;0;0;0;0;0;0;0;0;0;0;0;0;0;0;0;1;0;0;0;0;0;0;0;0;0;0;1;1;1;0;0;0;0;0;0;0;0;0;0;0;0;1;0;0;1;1;0;0;0;0;0;0;57;53;4;55;0;22;26.88;0.93;0
1202650;Gift Girl;;;;1.99;0;20000;0;67.54;387;186;0;0;1;29;none;0;0;0;4.0;1;Novato;153;0;0;1;0;1;0;0;0;0;0;0;0;0;0;1;0;0;0;0;0;0;0;1;0;0;0;0;0;0;0;0;0;0;0;0;0;0;0;0;0;0;0;0;0;0;0;0;0;0;0;0;0;0;0;0;0;0;0;0;0;1;0;0;0;0;0;0;0;0;0;1;1;0;0;0;0;0;0;4;3;1;2;0;4;0.79;0.75;0
2198570;Neopunk;;;;0.9;0;20000;0;100.0;4;0;0;0;0;1;full;0;0;0;1.0;1;Novato;231;1;1;1;0;1;0;1;0;1;0;0;0;0;0;1;0;0;0;0;1;0;0;1;0;0;0;0;0;0;0;0;0;0;0;0;0;0;0;1;1;0;0;0;0;0;0;0;0;0;0;0;0;1;0;0;0;0;0;0;0;1;1;0;1;0;0;1;0;0;0;0;0;0;0;0;0;0;0;3;3;0;3;0;3;3.04;1.0;0
2320;Quake II;;;;5.99;0;1000000;80;95.59;8821;407;0;13;0;6;full;0;0;0;0.0;1;Novato;241;1;0;0;0;0;0;0;0;0;0;0;0;0;0;1;1;1;1;0;1;0;0;1;0;0;1;1;1;0;1;0;0;0;0;0;0;0;1;0;0;0;0;0;0;0;0;1;1;0;0;0;0;0;0;0;0;0;0;0;0;0;0;0;0;0;0;0;1;0;0;0;0;0;0;0;0;1;0;1000;919;81;799;0;13;20.08;0.919;1
271570;Space Farmers;;;;9.99;0;200000;1;74.0;1338;470;0;23;0;1;none;0;0;0;2.0;1;Novato;105;1;0;0;0;1;0;0;0;0;0;0;0;0;0;0;1;1;0;0;0;1;1;0;0;0;1;1;0;0;0;0;0;0;0;0;0;0;0;0;0;0;1;0;0;0;0;1;1;1;0;0;0;0;0;0;0;0;1;0;0;0;0;0;0;0;0;0;0;0;0;0;1;0;0;0;0;0;0;51;28;23;2;0;22;4.9;0.549;1
282860;Masterspace;;;;4.99;0;20000;0;28.16;49;125;0;11;0;1;none;0;0;0;2.0;1;Novato;284;1;0;0;0;1;0;1;0;1;0;0;0;0;0;1;1;1;1;0;0;0;1;0;1;0;0;0;0;0;0;0;1;0;0;0;0;1;0;1;0;0;0;0;0;0;0;0;0;0;0;0;1;1;0;0;0;0;0;0;0;0;0;0;0;0;0;0;0;0;0;0;1;0;0;0;0;0;0;5;0;5;2;0;5;14.24;0.0;0
2281650;An Ankou;;;;4.99;0;50000;6;70.12;399;170;0;24;0;5;full;0;0;0;8.0;1;Novato;245;1;0;0;0;1;0;0;0;0;0;0;0;0;1;1;0;0;0;0;1;0;0;1;0;0;0;0;0;0;0;0;1;0;0;0;0;1;0;0;0;0;0;0;0;0;0;0;0;0;0;0;0;0;0;0;0;0;0;0;0;0;0;0;0;0;0;0;0;0;0;0;1;1;0;0;0;0;0;264;123;141;261;264;28;7.92;0.466;1
1544000;For a Vast Future;;;;5.79;0;20000;0;97.67;42;1;0;24;1;1;full;0;0;0;0.5;1;Novato;286;0;0;0;0;1;0;1;0;0;0;0;0;0;0;1;0;0;0;0;1;0;1;1;0;0;0;0;0;0;0;0;1;0;0;0;0;0;0;1;0;0;0;0;0;0;0;0;0;0;0;0;0;0;0;0;0;0;0;0;0;0;1;0;0;0;0;0;0;0;0;0;1;0;0;0;0;0;0;8;8;0;8;0;8;10.64;1.0;0
367780;Aero's Quest;;;;4.99;0;20000;0;58.76;57;40;0;14;0;5;full;0;0;0;1.0;1;Novato;223;1;0;0;0;1;0;0;0;0;0;0;0;0;0;1;0;0;0;0;1;0;1;1;0;0;1;0;0;0;0;0;0;0;0;0;0;0;0;0;0;0;0;0;1;0;0;0;0;0;0;0;0;0;0;0;0;0;0;0;0;0;0;0;0;0;0;0;0;0;0;0;1;0;0;0;0;0;0;4;0;4;0;0;3;12.22;0.0;0
2103130;Matchmaking Inc.;;;;6.74;0;100000;23;82.86;3293;681;0;66;0;5;none;0;0;0;4.0;1;Novato;226;0;0;1;0;1;0;1;0;1;0;0;0;0;0;1;0;0;0;0;0;1;1;1;0;0;1;0;0;0;0;0;0;0;1;0;0;0;0;1;0;0;0;0;0;0;0;0;0;0;0;0;1;0;1;0;0;0;0;0;0;0;1;0;0;0;0;0;0;0;0;1;0;0;0;0;0;0;0;1000;940;60;755;0;7;21.91;0.94;1
388680;Unfinished - An Artist's Lament;;;;1.24;0;20000;0;67.65;23;11;0;0;0;1;none;0;0;0;2.0;1;Novato;260;0;1;0;0;1;0;0;0;0;0;0;0;0;0;1;0;0;0;0;0;1;0;0;0;0;1;0;0;0;0;0;0;0;0;0;0;0;0;0;0;0;0;0;0;0;0;0;0;0;0;0;0;0;0;0;0;0;0;0;0;0;0;0;0;0;0;0;0;0;0;0;1;0;0;0;0;0;0;1;1;0;1;0;1;10.98;1.0;0
2169830;How a Retired Strategist Saved the Country;;;;4.9;0;20000;3;90.73;225;23;0;26;0;5;none;0;0;0;4.0;1;Novato;267;0;1;0;0;0;0;1;0;0;0;1;0;0;0;1;0;0;0;0;0;0;1;1;0;0;0;0;0;0;0;0;0;0;0;0;0;0;0;1;0;0;1;0;0;0;0;0;0;0;0;0;0;1;0;1;0;0;0;0;1;1;0;0;0;0;0;0;0;0;0;0;0;0;0;0;0;0;0;122;110;12;117;0;29;11.59;0.902;0
2085910;No Time For Caution;;;;0.0;1;50000;0;73.33;11;4;0;0;0;1;none;0;0;0;4.0;1;Novato;266;1;1;1;0;1;0;1;0;0;0;1;0;0;0;1;0;0;0;0;0;0;0;0;0;0;0;0;0;0;0;0;0;0;0;0;0;0;0;1;1;0;1;0;1;0;0;0;0;0;0;0;0;0;0;0;0;0;0;0;0;0;0;1;0;0;0;0;0;0;0;0;0;0;0;0;0;1;0;10;9;1;10;0;6;2.86;0.9;1
270170;Depression Quest;;;;0.0;1;200000;2;60.07;2387;1587;0;0;0;1;full;0;0;0;0.5;1;Novato;232;0;0;0;0;1;0;1;0;1;0;0;0;0;0;1;0;0;0;0;1;0;0;0;0;0;0;0;0;0;0;0;0;0;1;0;0;0;0;0;0;0;0;0;0;0;0;0;0;0;0;0;0;0;0;0;0;0;0;0;1;0;0;0;1;0;0;1;0;0;1;0;1;0;1;0;0;0;0;238;171;67;238;0;29;6.5;0.718;1
335320;Bet On Soldier;;;;7.99;0;100000;0;69.13;215;96;0;0;0;4;none;0;0;0;1.0;1;Novato;103;1;0;0;0;0;0;0;0;0;0;0;0;0;0;1;0;0;0;0;0;1;0;0;0;0;0;0;0;0;1;0;0;0;0;0;0;0;0;0;0;0;0;0;0;0;0;0;0;0;0;0;0;0;0;0;0;0;0;0;0;0;0;0;0;0;0;0;0;0;0;0;0;0;0;0;0;1;0;68;48;20;50;0;27;9.38;0.706;1
1725860;Keng's Little Universe;;;;3.59;0;20000;2;87.5;21;3;0;18;0;2;none;0;0;0;4.0;1;Novato;187;0;0;0;0;1;0;0;0;1;0;1;0;0;1;1;1;1;1;0;0;0;1;1;0;0;0;0;0;0;0;0;0;0;0;0;0;0;0;0;0;0;0;0;0;0;0;0;0;0;0;0;0;1;0;0;0;0;0;0;0;0;0;1;0;0;0;0;0;0;0;0;1;1;0;0;0;0;0;3;3;0;3;3;3;11.55;1.0;0
476670;Emberdoom;;;;9.99;0;20000;0;71.43;5;2;0;0;0;1;none;0;0;0;2.0;1;Novato;245;1;0;1;0;1;0;1;0;0;0;1;0;0;0;1;1;1;1;0;0;0;0;0;0;0;0;0;0;0;0;0;0;0;0;0;0;0;0;1;0;0;1;0;0;0;0;0;0;0;0;0;0;0;0;0;0;0;0;0;0;0;0;0;0;0;0;0;0;0;0;1;1;1;0;0;0;0;0;1;0;1;1;0;1;0.12;0.0;0
458420;Last Heroes 3;;;;0.46;0;50000;0;67.57;50;24;0;0;0;1;full;0;0;0;0.12;1;Novato;229;0;1;1;0;1;0;1;0;0;0;1;0;0;0;1;0;0;0;0;1;0;0;1;0;0;1;0;0;0;0;0;0;0;0;0;0;0;0;1;0;0;1;0;0;0;0;0;0;0;0;0;0;0;0;0;0;0;0;0;0;1;0;0;0;0;0;0;0;0;0;1;1;0;0;0;0;0;0;9;4;5;6;0;8;4.99;0.444;1
252170;Anomaly Warzone Earth Mobile Campaign;;;;2.99;0;100000;0;79.04;426;113;0;39;0;1;none;0;0;0;1.0;1;Novato;286;1;0;0;0;0;0;0;0;0;0;1;0;0;0;1;0;0;0;0;0;0;0;0;0;0;1;0;0;0;0;0;0;0;0;0;0;0;0;0;0;0;1;1;0;0;0;0;0;0;0;0;0;0;0;0;0;0;0;0;0;0;0;0;0;0;0;0;0;0;0;0;1;0;0;0;0;0;0;60;44;16;29;0;27;5.49;0.733;1
933300;Wuxia Master;;;;10.0;0;50000;0;52.99;257;228;0;27;0;2;none;0;0;0;4.0;1;Novato;272;0;0;0;0;0;0;1;0;0;0;0;0;0;0;1;0;0;0;0;0;0;1;1;0;0;0;0;0;0;0;0;0;0;0;0;0;0;0;1;0;0;0;0;0;0;0;0;0;0;0;0;0;0;0;0;0;0;0;0;0;0;0;0;0;0;0;0;0;0;0;0;0;0;0;0;0;0;0;11;7;4;7;0;9;20.99;0.636;1
963290;Heroes of Fortunia;;;;0.0;1;20000;0;55.0;55;45;0;0;0;1;none;0;0;0;2.0;1;Novato;236;1;1;0;0;0;0;1;0;0;0;1;0;0;1;1;1;0;0;0;0;0;0;0;0;0;0;0;0;0;0;0;0;0;0;0;0;0;0;1;0;0;1;0;0;0;0;0;0;0;0;0;0;0;0;0;0;0;0;0;0;0;0;0;0;0;0;0;0;0;0;0;0;1;1;0;0;0;0;10;7;3;10;10;8;3.66;0.7;0
2757350;Spy Alliance;;;;1.49;0;100000;0;68.38;545;252;0;55;0;1;none;0;0;0;4.0;1;Novato;91;0;1;1;0;0;0;1;0;1;0;1;0;0;0;1;1;1;1;0;0;0;1;0;0;0;0;0;0;0;0;0;0;0;0;0;0;0;0;1;1;0;0;0;0;0;0;0;0;0;0;0;0;0;0;0;0;0;1;1;1;0;0;0;0;0;0;0;0;1;0;1;0;0;0;0;0;0;0;792;534;258;644;0;17;8.62;0.674;1
1155300;Palallel;;;;1.29;0;50000;0;96.08;49;2;0;36;0;1;full;0;0;0;4.0;1;Novato;223;1;1;0;0;1;0;0;0;0;0;0;0;0;0;0;1;1;1;0;1;0;1;1;0;0;0;0;0;0;0;0;0;0;0;0;0;0;0;0;0;0;0;0;1;0;0;1;1;0;0;0;0;0;0;0;0;0;1;0;0;0;1;0;0;0;0;0;0;0;0;0;1;0;0;0;0;0;0;5;5;0;4;0;4;9.77;1.0;1
1601970;Tunguska: The Visitation - Final Cut;;;;7.99;0;50000;12;88.16;1251;168;0;26;5;9;full;0;0;0;4.0;1;Novato;295;1;1;0;0;1;0;1;0;0;0;0;0;0;0;1;0;0;0;0;1;0;1;1;0;0;0;0;0;0;0;0;1;0;1;0;0;1;0;1;1;0;0;0;0;0;0;0;0;0;0;0;0;0;0;0;0;0;0;0;0;0;0;0;0;0;0;0;1;0;0;0;0;0;0;0;0;0;1;1000;891;109;891;0;23;32.68;0.891;1
1411880;travelsolar;;;;0.99;0;20000;0;40.0;2;3;0;0;0;1;none;0;0;0;0.5;1;Novato;125;0;1;1;0;0;0;0;0;0;0;0;0;0;0;1;1;0;0;0;0;0;0;0;0;1;0;0;0;0;0;0;0;0;0;0;0;0;0;0;0;0;0;0;0;0;0;0;1;0;0;0;0;0;0;0;0;0;0;0;0;0;0;0;0;0;0;0;0;0;0;1;0;0;0;0;0;0;0;1;1;0;1;0;1;0.4;1.0;0
778150;Crossroad;;;;8.99;0;20000;0;79.1;106;28;0;34;0;2;none;0;0;0;1.0;1;Novato;164;0;1;1;0;1;0;0;0;0;0;0;0;0;0;1;0;0;0;0;0;0;1;1;0;0;0;0;0;0;0;0;0;0;0;0;0;0;0;0;0;0;0;0;0;0;0;0;0;0;0;0;0;0;0;0;0;0;0;0;1;1;0;0;0;0;0;0;0;0;0;1;1;0;0;0;0;0;0;12;8;4;10;0;7;3.74;0.667;0
671090;Oik Memory;;;;0.89;0;20000;0;85.17;201;35;0;500;0;29;none;0;0;0;0.25;1;Novato;21;0;0;1;0;1;0;0;0;0;0;0;0;0;0;1;0;0;0;0;0;0;1;0;0;0;0;0;0;0;0;0;0;0;0;0;0;0;0;0;0;0;0;0;0;0;0;0;0;0;0;0;0;0;1;0;0;0;1;1;0;0;1;0;0;0;0;0;0;1;0;1;1;0;0;0;0;0;0;60;49;11;60;0;26;3.66;0.817;0
1730160;MoveUp;;;;2.99;0;100000;0;100.0;3;0;0;0;0;1;none;0;0;0;8.0;1;Novato;299;0;0;1;0;1;0;0;0;0;0;0;0;0;0;1;0;0;0;0;0;0;0;0;0;0;0;0;0;0;0;0;0;0;0;0;0;0;0;0;0;0;0;0;0;0;0;0;0;0;0;0;0;0;0;0;0;0;0;0;0;0;0;1;0;0;0;0;1;0;0;1;1;0;0;1;0;0;0;0;0;0;0;0;0;0.0;0.0;1
1742230;Sandfall;;;;0.52;0;20000;0;40.0;2;3;0;0;1;1;none;0;0;0;0.12;1;Novato;266;0;0;0;0;1;0;1;0;0;0;0;0;0;0;1;0;0;0;0;0;1;0;0;0;0;0;0;0;0;0;0;0;0;0;0;0;0;0;1;0;0;0;0;0;0;0;0;0;0;0;0;0;0;0;0;0;0;0;0;0;1;1;0;0;0;0;0;0;0;0;0;1;0;0;0;0;0;0;1;1;0;1;0;1;0.48;1.0;0
1276850;Kane's Shadow;;;;0.0;1;50000;0;66.67;6;3;0;0;0;1;full;0;0;0;2.0;1;Novato;204;0;0;1;0;1;0;0;0;0;0;0;0;0;0;1;0;0;0;0;1;0;0;0;0;0;0;0;0;0;0;0;0;0;0;0;0;0;0;0;0;0;0;0;0;0;0;0;0;0;0;0;0;0;0;0;0;0;0;0;0;0;0;0;0;0;0;0;0;0;0;1;1;0;0;0;0;0;0;6;5;1;6;0;6;2.74;0.833;1
1247190;Family Mysteries 2: Echoes of Tomorrow;;;;7.99;0;20000;0;73.51;136;49;0;24;0;9;none;0;0;0;1.0;1;Novato;213;0;1;1;0;0;0;0;0;0;0;0;0;0;0;1;0;0;0;0;0;0;1;1;0;0;1;0;0;0;0;0;0;0;1;0;0;0;0;0;0;0;0;0;0;0;0;0;0;0;0;0;0;0;0;0;0;0;0;1;0;0;1;0;0;0;0;0;0;0;0;1;0;0;0;0;0;0;0;47;32;15;37;0;22;7.6;0.681;0
599460;Weapon Shop Fantasy;;;;9.99;0;100000;15;79.86;1396;352;0;131;0;4;none;0;0;0;0.5;1;Novato;150;0;1;1;0;1;0;1;0;1;0;0;0;0;0;1;0;0;0;0;0;0;1;1;0;0;1;0;0;0;0;0;1;0;0;0;0;0;0;1;0;0;0;0;0;0;0;0;0;0;0;0;0;1;1;0;0;0;0;0;0;0;1;0;0;0;0;0;0;0;0;1;1;0;0;0;0;0;0;201;141;60;160;0;29;41.15;0.701;1
1393580;The Amulet of AmunRun;;;;11.99;0;20000;0;45.45;10;12;0;5;0;1;none;0;0;0;0.0;1;Novato;272;0;1;0;0;1;0;0;0;0;0;0;0;0;0;0;1;1;1;0;0;0;1;0;0;0;0;0;0;0;1;0;0;0;0;0;0;0;0;0;0;0;1;0;0;0;0;1;1;0;0;0;0;0;0;0;0;0;1;0;0;0;0;1;0;0;0;0;0;0;0;0;1;0;0;0;0;0;0;0;0;0;0;0;0;0.0;0.0;0
2917350;Spin Hero;;;;1.75;0;50000;19;78.84;421;113;0;34;0;9;none;0;0;0;1.0;1;Novato;225;0;0;0;0;1;0;1;0;0;0;1;0;0;0;1;0;0;0;0;0;0;1;0;0;0;0;0;0;0;0;0;0;0;0;0;0;0;0;1;0;0;1;0;0;0;0;0;0;0;0;0;0;0;1;0;0;0;0;0;0;0;1;0;0;0;0;0;0;0;0;0;1;0;0;0;0;0;0;1000;713;287;514;0;20;18.61;0.713;1
65560;Painkiller Redemption;;;;3.99;0;200000;1;46.62;331;379;0;0;0;2;none;0;0;0;0.0;1;Novato;148;1;0;0;0;0;0;0;0;0;0;0;0;0;0;1;0;0;0;0;0;0;0;0;0;0;0;0;0;0;1;0;0;0;0;0;0;0;1;0;0;0;0;0;0;0;0;0;0;0;0;0;0;0;0;0;0;0;0;0;0;0;0;0;0;0;0;0;0;0;0;0;0;0;0;0;0;1;0;97;33;64;85;0;27;4.69;0.34;1
1516960;Flying Frags World Tour;;;;4.99;0;20000;0;80.0;8;2;0;0;1;1;none;0;0;0;2.0;1;Novato;200;1;1;0;0;0;0;0;0;0;0;0;0;0;0;1;0;0;0;0;0;0;0;0;0;0;0;0;0;0;1;0;0;0;0;0;0;0;0;0;0;0;0;0;1;0;0;0;0;0;0;0;0;0;0;0;0;0;0;0;0;0;0;1;0;0;0;0;0;0;0;0;0;0;0;0;0;1;0;0;0;0;0;0;0;0.0;0.0;0
7600;Sid Meier's Railroads!;;;;7.49;0;500000;73;70.78;2301;950;0;0;0;5;none;0;0;0;0.5;1;Novato;207;0;0;0;0;0;0;0;0;0;0;1;0;0;0;1;1;0;0;0;0;0;0;0;0;0;0;0;0;0;0;0;0;0;0;0;0;0;0;0;0;0;1;0;0;0;0;0;1;0;0;0;0;1;1;0;0;0;0;0;0;0;0;0;0;0;0;0;0;0;0;1;0;0;0;0;0;0;0;490;363;127;408;0;29;161.2;0.741;1
878750;Hentai Girl;;;;0.99;0;200000;8;91.2;4662;450;0;3000;0;29;none;0;0;0;1.0;1;Novato;50;0;0;1;0;1;0;1;0;1;0;0;0;0;0;1;0;0;0;0;0;0;1;1;0;0;1;0;0;0;0;0;0;0;0;0;0;0;1;0;0;0;0;0;0;0;0;0;0;0;0;0;0;0;0;0;0;0;1;0;0;1;0;0;0;0;0;0;0;1;0;1;1;0;0;0;0;0;0;1000;888;112;784;0;23;18.64;0.888;1
1735980;Love Flute;;;;9.99;0;20000;0;87.12;257;38;0;20;1;2;none;0;0;0;1.0;1;Novato;180;0;0;1;0;1;0;0;0;0;0;0;0;0;0;1;0;0;0;0;0;0;1;1;0;0;1;0;0;0;0;0;0;0;1;0;0;0;0;0;0;0;0;0;0;0;0;0;0;0;0;0;0;0;0;0;0;0;0;0;1;1;0;0;0;0;0;0;0;0;0;1;1;0;0;0;0;0;0;39;35;4;35;0;23;26.61;0.897;0
3037550;Grove Grown Guardians;;;;2.99;0;20000;0;100.0;3;0;0;13;0;1;none;0;0;0;2.0;1;Novato;298;0;0;1;0;1;0;0;0;0;0;1;0;0;0;1;0;0;0;0;0;0;1;0;0;0;0;0;0;0;0;0;0;0;0;0;0;0;0;0;0;0;1;0;0;0;0;0;0;0;0;0;0;0;0;0;0;0;0;0;0;0;1;0;0;0;0;0;0;1;0;1;1;0;0;0;0;0;0;3;3;0;1;0;3;5.14;1.0;0
726110;Overcrowd: A Commute 'Em Up;;;;19.99;0;20000;10;81.51;1380;313;0;45;1;12;none;0;0;0;4.0;1;Novato;226;0;0;0;0;0;0;0;0;1;0;0;0;0;0;1;0;0;0;0;0;0;1;0;0;0;0;0;0;0;0;0;0;0;0;0;0;1;0;0;0;0;1;0;0;0;0;0;0;0;0;0;1;1;1;1;0;0;0;0;0;0;0;0;0;0;0;0;0;0;0;0;1;0;0;0;0;0;0;189;132;57;183;0;29;35.23;0.698;0
1858760;Gem Worlds;;;;4.99;0;20000;0;100.0;11;0;0;11;0;1;none;0;0;0;2.0;1;Novato;274;0;0;0;0;1;0;0;0;0;0;0;0;0;0;1;0;0;0;0;0;0;1;1;0;0;0;0;0;0;0;0;0;0;0;0;0;0;0;0;0;0;0;0;0;0;0;0;0;0;0;0;0;0;0;0;0;0;1;0;0;0;1;0;0;0;0;0;0;0;0;1;1;0;0;0;0;0;0;0;0;0;0;0;0;0.0;0.0;0
261530;Lifeless Planet Premier Edition;;;;6.49;0;200000;0;76.61;2699;824;0;15;0;6;full;0;0;0;1.46;1;Novato;222;1;1;0;0;1;0;0;0;0;0;0;0;0;0;1;0;0;0;0;1;0;1;0;0;0;0;0;0;0;0;0;0;0;1;0;0;0;1;0;0;0;0;0;1;0;0;0;0;0;0;0;0;0;0;0;0;0;1;0;0;0;0;0;0;0;0;0;1;0;0;0;0;0;0;0;0;0;0;196;158;38;140;0;29;7.12;0.806;1
774241;Warhammer: Chaosbane;;;;1.49;0;500000;14;57.72;3505;2567;0;43;13;13;full;0;0;0;6.0;1;Novato;292;1;1;0;0;0;0;1;0;0;0;0;0;0;0;1;1;1;1;0;1;0;1;1;0;0;1;1;1;0;0;0;0;0;0;0;0;0;0;1;1;0;0;0;0;0;0;1;1;1;0;0;0;0;0;0;0;0;0;0;0;0;0;0;0;0;0;0;0;0;0;0;0;0;0;0;0;0;0;766;518;248;406;0;29;17.36;0.676;1
3566710;Stan's Magic Museum: Olympian Trouble;;;;3.99;0;20000;1;75.0;3;1;0;0;0;1;none;0;0;0;0.25;1;Novato;295;0;0;1;0;0;0;0;0;0;0;0;0;0;0;1;0;0;0;0;0;0;0;0;0;0;0;0;0;0;0;0;0;0;0;0;0;0;0;0;0;0;0;0;0;0;0;0;0;0;0;0;0;0;0;0;0;0;0;0;0;0;0;0;0;0;1;0;0;0;0;1;0;0;0;0;0;0;0;5;4;1;2;0;4;13.76;0.8;0
702120;THE KING OF FIGHTERS '97 GLOBAL MATCH;;;;5.79;0;50000;27;80.13;1153;286;0;18;1;4;full;0;0;0;0.0;1;Novato;268;1;0;0;0;0;0;0;0;0;0;0;0;0;0;1;1;0;0;0;1;0;1;0;0;0;0;1;0;0;0;0;0;0;0;0;0;0;0;0;0;0;0;0;0;0;0;0;1;0;0;0;0;0;0;0;0;0;0;0;0;1;1;0;0;0;0;0;0;0;0;0;0;0;0;0;0;0;0;477;412;65;426;0;29;20.87;0.864;1
976010;I hate this game;;;;1.99;0;100000;2;92.79;2099;163;0;16;1;2;none;0;0;0;0.5;1;Novato;196;0;0;0;0;1;0;0;0;0;0;0;0;0;0;1;0;0;0;0;0;0;0;0;0;0;0;0;0;0;0;0;0;0;0;0;0;0;0;0;0;0;0;0;1;0;0;0;0;0;0;0;0;0;0;0;0;0;1;0;0;0;1;0;0;0;0;0;0;0;1;1;1;0;0;0;0;0;0;894;814;80;841;0;29;5.04;0.911;1
805360;Trivia Vault Baseball Trivia;;;;7.79;0;20000;0;56.41;66;51;0;5000;0;1;none;0;0;0;0.49;1;Novato;244;1;0;1;0;0;0;0;0;0;0;0;0;0;0;1;0;0;0;0;0;0;1;0;0;0;0;0;0;0;0;0;0;0;0;0;0;0;0;0;0;0;1;0;0;0;0;0;0;0;0;0;0;0;0;0;1;0;0;1;0;0;1;0;0;0;0;0;0;1;0;1;1;0;0;0;0;0;0;46;34;12;24;0;20;4.62;0.739;0
339160;Tales of the Orient: The Rising Sun;;;;5.79;0;50000;1;82.03;315;69;0;16;0;10;none;0;0;0;1.0;1;Novato;90;0;0;1;0;1;0;0;0;0;0;0;0;0;0;1;0;0;0;0;0;0;1;1;0;0;1;0;0;0;0;0;0;0;0;0;0;0;0;0;0;0;1;0;0;0;0;0;0;0;0;0;0;0;0;1;0;0;1;0;0;1;1;0;0;0;1;0;1;0;0;1;1;0;0;0;0;0;0;28;22;6;15;0;19;13.63;0.786;1
687920;Tropical Liquor;;;;5.79;0;50000;0;80.27;586;144;0;19;0;3;none;0;0;0;2.0;1;Novato;27;0;0;1;0;1;0;0;0;0;0;0;0;0;0;1;0;0;0;0;0;0;1;0;0;0;1;0;0;0;0;0;0;0;0;0;0;0;0;0;0;0;0;0;0;0;0;0;0;0;0;0;0;0;0;0;0;0;1;0;1;1;0;0;0;0;0;0;0;0;0;1;1;0;0;0;0;0;0;34;23;11;31;0;20;6.99;0.676;1
1424720;墨心：波云诡船;;;;2.99;0;200000;0;89.78;1248;142;0;0;1;1;none;0;0;0;2.0;1;Novato;131;0;1;0;0;1;0;0;0;0;0;0;0;0;0;1;0;0;0;0;0;0;0;0;0;0;0;0;0;0;0;0;0;0;1;0;0;0;0;0;0;0;0;0;0;0;0;0;0;0;0;0;0;0;0;0;0;0;1;0;1;1;0;0;0;0;0;0;0;0;0;0;1;1;0;0;0;0;0;45;36;9;41;0;21;7.79;0.8;1
1588190;Shatter Keep;;;;0.0;1;50000;0;81.97;50;11;0;0;0;1;none;0;0;0;8.0;1;Novato;297;1;0;1;0;1;0;0;0;0;0;0;0;0;0;0;1;1;1;0;0;1;0;0;0;0;0;0;0;0;0;0;0;0;0;0;0;0;0;0;0;0;0;0;0;0;0;1;1;0;1;0;0;0;0;0;0;0;0;0;0;0;0;1;0;0;0;0;1;0;0;1;1;0;1;0;0;0;0;11;10;1;11;0;6;1.12;0.909;1
2327690;The Orphan;;;;1.49;0;20000;0;87.5;7;1;0;0;0;2;none;0;0;0;4.0;1;Novato;281;1;1;0;0;0;0;0;0;0;0;0;0;0;0;1;0;0;0;0;0;0;0;0;0;0;0;0;0;0;1;0;0;0;1;0;0;0;0;0;0;0;0;0;0;0;0;0;0;0;0;0;0;0;0;0;0;0;1;0;0;0;0;0;0;0;0;0;0;0;0;0;0;0;0;0;0;0;0;1;0;1;1;0;1;0.4;0.0;0
686720;SaGa SCARLET GRACE: AMBITIONS™;;;;23.99;0;20000;7;78.49;208;57;0;56;1;2;full;0;0;0;4.0;1;Novato;233;0;0;0;0;0;0;1;0;0;0;0;0;0;0;1;0;0;0;0;1;0;1;1;0;0;1;0;0;0;0;0;0;0;1;0;0;0;0;1;0;1;0;0;0;0;0;0;0;0;0;0;0;0;0;0;0;0;0;0;0;1;0;1;0;0;0;0;0;0;1;0;0;0;0;0;0;0;0;97;75;22;82;0;29;102.32;0.773;0
676450;Double Memory;;;;1.73;0;20000;0;73.33;22;8;0;7;0;1;none;0;0;0;2.0;1;Novato;96;0;0;1;0;1;0;0;0;0;0;0;0;0;0;1;0;0;0;0;0;0;1;0;0;0;0;0;0;0;0;0;0;0;0;0;0;0;0;0;0;0;0;0;0;0;0;0;0;0;0;0;0;0;0;0;0;0;0;1;0;0;1;0;0;0;0;0;0;0;0;1;1;0;0;0;0;0;0;3;2;1;3;0;2;0.86;0.667;0
754800;Yashik;;;;4.99;0;20000;0;54.43;43;36;0;35;0;1;none;0;0;0;1.0;1;Novato;200;0;0;1;0;1;0;0;0;0;0;0;0;0;0;1;0;0;0;0;0;0;1;0;0;0;0;0;0;0;0;0;0;0;0;0;0;0;0;0;0;0;0;0;0;0;0;0;0;0;0;0;0;0;0;0;0;0;0;0;0;0;0;0;0;0;0;0;0;0;0;1;1;0;0;0;0;0;0;11;7;4;8;0;10;2.37;0.636;0
543240;√Letter - Root Letter -;;;;19.99;0;20000;0;79.38;435;113;0;26;1;3;full;0;0;0;2.0;1;Novato;249;0;1;0;0;0;0;0;0;0;0;0;0;0;0;1;0;0;0;0;1;0;1;1;0;0;1;0;0;0;0;0;0;0;0;0;0;0;1;0;0;0;0;0;0;0;0;0;0;0;0;0;0;0;0;0;0;0;0;1;1;1;1;0;0;0;0;0;0;0;0;0;0;0;0;0;0;0;0;64;49;15;62;0;28;12.75;0.766;0
853620;Stickman in the Portal;;;;0.44;0;20000;0;58.97;46;32;0;26;0;27;none;0;0;0;1.0;1;Novato;46;0;0;1;0;1;0;0;0;0;0;0;0;0;0;1;0;0;0;0;0;0;1;0;0;0;0;0;0;0;0;0;0;0;0;0;0;0;0;0;0;0;0;0;0;0;0;0;0;0;0;0;0;0;0;0;0;0;0;0;0;0;0;0;0;0;0;0;0;0;0;1;1;0;0;0;0;0;0;11;3;8;11;0;9;0.97;0.273;0
786580;Gleaner Heights;;;;5.79;0;20000;1;73.39;273;99;0;71;3;5;full;0;0;0;2.0;1;Novato;237;1;1;1;0;1;0;1;0;1;0;0;0;0;0;1;0;0;0;0;1;0;1;1;0;0;1;0;0;0;0;0;0;0;0;0;0;0;1;1;0;0;0;0;0;0;0;0;0;0;0;0;0;1;0;0;0;0;0;0;0;0;0;0;0;0;0;0;0;0;0;1;1;0;0;0;0;0;0;29;20;9;28;0;15;54.59;0.69;0
288020;Rex Rocket;;;;0.99;0;20000;0;75.19;197;65;0;40;0;1;full;0;0;0;2.0;1;Novato;263;1;1;0;0;1;0;0;0;0;0;0;0;0;0;1;0;0;0;0;1;0;1;0;0;0;1;0;0;0;0;0;0;0;0;0;0;0;0;0;0;0;0;0;1;1;0;0;0;0;0;0;0;0;0;0;0;0;0;0;0;0;1;0;0;0;0;0;0;0;1;0;1;0;0;0;0;0;0;17;11;6;9;0;12;8.64;0.647;0
760330;BYTEPATH;;;;1.49;0;50000;0;92.62;276;22;0;40;0;1;none;0;0;0;1.0;1;Novato;201;1;0;1;0;1;0;1;0;0;0;0;0;0;0;1;0;0;0;0;0;1;1;0;0;0;0;0;0;0;0;0;0;0;0;0;0;0;0;1;0;0;0;0;0;0;0;0;0;0;0;0;0;0;0;0;0;0;0;0;0;0;1;0;0;0;0;0;0;1;0;1;1;0;0;0;0;0;0;32;26;6;31;0;19;4.22;0.812;1
1379580;Arosia;;;;0.0;1;50000;0;63.16;12;7;0;0;0;1;none;0;0;0;2.0;1;Novato;153;0;0;1;0;1;0;0;0;0;0;1;0;0;1;1;1;0;0;0;0;0;0;0;0;0;0;1;0;0;0;0;0;0;0;0;0;0;0;0;0;0;1;0;0;0;0;0;0;0;1;0;0;0;1;0;0;0;0;0;0;0;1;0;0;0;0;0;0;0;0;1;0;1;0;0;0;0;0;7;6;1;7;7;6;2.39;0.857;1
268990;The Dishwasher: Vampire Smile;;;;9.99;0;50000;4;94.93;1461;78;0;12;0;7;full;0;0;0;1.0;1;Novato;284;1;0;0;0;1;0;0;0;0;0;0;0;0;0;1;1;1;1;0;1;0;1;1;0;0;1;1;1;0;0;0;0;0;0;0;0;0;1;0;0;0;0;0;0;1;0;1;0;1;0;0;0;0;0;0;0;0;0;0;0;0;1;0;0;0;0;0;0;0;1;0;1;0;0;0;0;0;0;635;613;22;598;0;29;12.11;0.965;1
1014260;Passageway of the Ancients;;;;4.49;0;20000;0;60.0;9;6;0;95;1;1;none;0;0;0;8.0;1;Novato;243;0;1;0;0;1;0;1;0;0;0;1;0;0;0;1;0;0;0;0;0;0;1;0;0;0;0;0;0;0;0;0;0;0;1;0;0;0;0;1;1;0;1;0;0;0;0;0;0;0;0;0;0;0;0;0;0;0;0;0;0;0;0;0;0;0;0;0;1;0;0;0;0;0;0;0;0;0;0;18;11;7;17;0;6;19.41;0.611;0
2110690;EXIT The Game – Trial of the Griffin;;;;7.99;0;20000;0;88.71;55;7;0;25;0;4;none;0;0;0;4.0;1;Novato;109;0;1;0;0;1;0;0;0;0;0;0;0;0;0;1;0;0;0;0;0;0;1;1;0;0;0;0;0;0;0;0;0;0;1;0;0;0;0;0;0;0;0;0;0;0;0;0;0;0;0;0;0;0;0;0;0;0;1;1;0;0;1;1;0;0;0;0;1;0;0;0;0;0;0;0;0;0;0;49;41;8;46;0;21;5.19;0.837;0
1094730;Black Legend;;;;19.99;0;20000;0;65.02;132;71;0;15;1;9;full;0;0;0;6.0;1;Novato;194;0;0;0;0;0;0;1;0;0;0;1;0;0;0;1;0;0;0;0;1;0;1;1;0;0;1;0;0;0;0;0;0;0;0;0;0;0;0;1;0;1;1;0;0;0;0;0;0;0;0;0;0;0;0;0;0;0;0;0;0;0;0;0;1;0;0;1;1;0;1;0;0;0;0;0;0;0;0;22;14;8;20;0;16;16.12;0.636;0
1037840;Running Ninja;;;;0.44;0;20000;0;53.23;33;29;0;10;0;29;none;0;0;0;1.0;1;Novato;171;1;0;1;0;1;0;0;0;0;0;0;0;0;0;1;0;0;0;0;0;0;1;0;0;0;0;0;0;0;0;0;0;0;0;0;0;0;0;0;0;0;0;0;0;0;0;0;0;0;0;0;0;0;0;0;0;0;0;0;0;0;0;0;0;0;0;0;0;0;0;1;1;0;0;0;0;0;0;12;2;10;12;0;9;1.28;0.167;0
1728080;Roseblight;;;;7.99;0;100000;0;80.0;8;2;0;37;0;1;none;0;0;0;8.0;1;Novato;222;1;1;0;0;1;0;1;0;0;0;0;0;0;0;1;0;0;0;0;0;1;1;0;0;0;0;0;0;0;0;0;0;0;0;0;0;0;1;1;1;0;0;0;0;1;0;0;0;0;0;0;0;0;0;0;0;0;1;0;0;0;1;0;0;0;0;0;0;1;0;0;0;0;0;0;0;0;0;2;1;1;2;0;2;9.99;0.5;1
1998310;Max Twist;;;;7.99;0;20000;0;100.0;6;0;0;46;0;5;none;0;0;0;8.0;1;Novato;299;1;0;0;0;1;0;0;1;0;1;0;0;0;1;1;0;0;0;0;0;0;0;0;0;0;0;0;0;0;0;0;0;0;0;0;0;0;0;0;0;0;0;0;0;0;0;0;0;0;0;0;0;0;0;0;1;1;0;0;0;0;0;1;0;0;0;0;0;0;0;0;0;1;0;1;0;0;0;4;4;0;3;4;2;2.74;1.0;0
1404560;Yerba Mate Tycoon;;;;2.0;0;20000;0;87.61;99;14;0;15;0;5;none;0;0;0;2.0;1;Novato;286;0;0;1;0;1;0;0;0;1;0;1;0;0;0;1;0;0;0;0;0;0;1;0;0;0;0;0;0;0;0;0;0;0;0;0;0;0;0;0;0;0;1;0;0;0;0;0;0;0;0;0;0;1;1;0;0;0;0;0;0;0;1;0;0;0;0;0;0;0;0;1;1;0;0;0;0;0;0;20;17;3;14;0;14;3.59;0.85;0
291030;Always Remember Me;;;;9.29;0;20000;0;60.82;163;105;0;8;1;1;none;0;0;0;0.5;1;Novato;320;0;0;1;0;1;0;0;0;1;0;0;0;0;0;1;0;0;0;0;0;1;1;1;0;0;1;0;0;0;0;0;0;0;1;0;0;0;0;0;0;0;0;0;0;0;0;0;0;0;0;0;0;1;0;0;0;0;0;1;1;1;0;0;0;0;0;0;0;0;0;1;0;0;0;0;0;0;0;11;7;4;9;0;9;5.8;0.636;0
513330;Party Tycoon;;;;2.99;0;20000;0;47.71;177;194;0;40;1;2;none;0;0;0;1.0;1;Novato;214;0;0;0;0;1;0;0;0;1;0;1;0;0;1;1;0;0;0;0;0;0;1;1;0;0;1;0;0;0;0;0;0;0;0;0;0;0;0;0;0;0;1;0;0;0;0;0;0;0;0;0;0;1;1;0;0;0;0;0;0;0;0;0;0;0;0;0;0;0;0;0;1;1;0;0;0;0;0;64;27;37;58;64;26;8.03;0.422;0
1988050;CAVE VR;;;;6.99;0;100000;0;33.33;1;2;0;0;0;2;none;0;0;0;8.0;1;Novato;250;0;0;1;0;1;0;0;0;0;0;0;0;0;0;1;0;0;0;0;0;0;0;0;0;0;0;0;0;0;1;0;0;0;0;0;0;0;0;0;0;0;0;0;0;0;0;0;0;0;0;0;0;0;0;0;0;0;1;0;0;0;0;1;1;0;0;0;1;1;0;1;0;0;0;1;0;0;0;1;0;1;1;0;1;0.12;0.0;1
1360080;Space Battle Arena;;;;2.99;0;50000;0;80.0;4;1;0;30;0;1;none;0;0;0;4.0;1;Novato;274;1;1;1;0;1;0;0;0;1;0;0;0;0;0;1;0;0;0;0;0;0;1;0;0;0;0;0;0;0;0;0;0;0;0;0;0;1;0;0;0;0;0;0;0;0;0;0;0;0;0;0;0;0;0;0;0;0;0;0;0;0;1;0;0;0;0;0;0;0;0;1;1;0;0;0;0;0;0;0;0;0;0;0;0;0.0;0.0;1
2719060;Mirage Feathers;;;;2.99;0;20000;4;98.85;1890;22;0;13;1;7;full;0;0;0;8.0;1;Novato;50;1;0;0;0;1;0;0;0;0;0;0;0;0;0;1;0;0;0;0;1;0;1;1;0;0;1;0;0;0;0;0;0;0;1;0;0;0;0;0;0;0;0;0;0;0;0;0;0;0;0;0;0;0;0;0;0;0;0;0;0;1;0;0;0;0;0;0;0;0;0;0;1;0;0;0;0;0;0;999;969;30;960;0;18;3.43;0.97;0
416110;Blitz Breaker;;;;2.99;0;20000;0;88.89;136;17;0;13;1;1;full;0;0;0;0.0;1;Novato;236;1;0;0;0;1;0;0;0;0;0;0;0;0;0;1;0;0;0;0;1;0;1;0;0;0;1;0;0;0;0;0;0;0;0;0;0;0;0;0;0;0;0;0;1;0;0;0;0;0;0;0;0;0;0;0;0;0;0;0;0;0;1;0;0;0;0;0;0;0;1;0;1;0;0;0;0;0;0;12;10;2;9;0;10;6.16;0.833;0
1045590;Kaisuo;;;;0.0;1;50000;0;77.59;45;13;0;0;0;1;none;0;0;0;0.0;1;Novato;265;0;1;1;0;1;0;0;0;0;0;1;0;0;0;1;0;0;0;0;0;0;0;0;0;0;0;0;0;0;0;1;0;0;0;0;0;0;0;0;0;0;1;0;0;0;0;0;0;0;0;0;0;0;0;0;0;0;1;0;0;0;0;0;0;0;0;0;1;0;0;1;1;0;1;1;0;0;0;6;5;1;6;0;6;2.74;0.833;1
1812140;Magnificent-1;;;;2.99;0;50000;0;100.0;3;0;0;0;0;1;none;0;0;0;4.0;1;Novato;244;1;0;0;0;1;0;0;0;0;0;0;0;0;0;1;0;0;0;0;0;0;0;0;0;0;0;0;0;0;0;0;0;0;0;0;0;0;0;0;0;0;0;0;0;0;0;0;0;0;0;0;0;0;0;0;0;0;0;0;0;0;1;0;0;0;0;0;0;0;0;0;1;0;0;0;0;0;0;1;1;0;1;0;1;0.15;1.0;1
2701900;Grave Gunner;;;;5.79;0;50000;0;100.0;3;0;0;5;0;1;none;0;0;0;2.0;1;Novato;208;1;0;0;0;1;0;0;0;0;0;0;0;0;0;1;0;0;0;0;0;0;1;1;0;0;0;0;0;0;1;0;0;0;0;0;0;1;1;0;0;0;0;0;0;0;0;0;0;0;0;0;0;0;0;0;0;0;0;0;0;0;0;0;0;0;0;1;1;0;1;0;0;0;0;0;0;1;0;4;4;0;4;0;2;2.32;1.0;1
3042680;Lightracer: For Judge;;;;5.79;0;50000;1;92.68;342;27;0;24;0;3;none;0;0;0;4.0;1;Novato;170;0;1;0;0;1;0;1;0;1;0;1;0;0;0;1;0;0;0;0;0;0;1;1;0;0;0;0;0;0;0;0;0;0;0;0;0;0;0;1;0;0;0;0;0;0;0;0;0;0;0;0;0;1;0;0;0;0;0;1;1;0;0;0;0;0;0;0;1;0;0;0;0;0;0;0;0;0;0;479;448;31;441;0;17;12.65;0.935;1
440740;Epic battles within 5 seconds!;;;;0.0;1;100000;4;55.4;195;157;0;23;0;3;none;0;0;0;2.0;1;Novato;91;1;0;1;0;1;0;0;0;0;0;1;0;0;0;1;0;0;0;0;0;0;1;0;0;0;0;0;0;0;0;0;0;0;0;0;0;0;0;0;0;0;1;0;0;0;0;0;1;0;0;0;0;0;0;0;0;0;0;0;0;0;0;0;0;0;0;0;0;0;0;1;1;0;1;0;0;0;0;20;12;8;20;0;15;10.47;0.6;1
1516360;Red Galaxy;;;;0.99;0;20000;0;100.0;8;0;0;7;0;7;none;0;0;0;1.94;1;Novato;264;1;0;0;0;1;0;0;0;0;0;0;0;0;0;1;0;0;0;0;0;1;1;0;0;0;0;0;0;0;0;0;0;0;0;0;0;0;0;0;0;0;0;0;0;0;0;0;0;0;0;0;0;0;0;0;0;0;0;0;0;0;1;0;0;0;0;0;0;0;0;1;1;0;0;0;0;0;0;0;0;0;0;0;0;0.0;0.0;0
2437170;SMITE 2;;;;0.0;1;500000;4975;57.53;8257;6096;0;27;0;11;full;0;0;0;8.0;1;Novato;291;1;1;1;0;0;1;1;0;0;0;1;0;0;1;0;1;1;1;0;1;0;1;0;0;1;0;0;0;0;0;0;0;0;0;0;0;0;0;1;0;0;1;0;0;0;0;1;1;0;1;0;0;0;0;0;0;0;0;0;0;0;0;0;0;0;0;0;0;0;0;1;0;1;0;0;1;0;0;1000;483;517;1000;1000;2;172.53;0.483;1
27800;Space Giraffe;;;;9.99;0;20000;0;73.49;61;22;0;0;0;7;none;0;0;0;0.25;1;Novato;324;0;0;0;0;1;0;0;0;0;0;0;0;0;0;1;0;0;0;0;0;0;0;0;0;0;0;0;0;0;0;0;0;0;0;0;0;0;0;0;0;0;0;0;0;0;0;0;0;0;0;0;0;0;0;0;0;0;0;0;0;0;0;0;0;0;0;0;0;0;0;0;1;0;0;0;0;0;0;10;7;3;9;0;9;4.4;0.7;0
1599470;Purrfect Apawcalypse: Patches' Infurno;;;;3.99;0;20000;0;98.95;378;4;0;17;0;5;none;0;0;0;1.0;1;Novato;230;0;1;0;0;1;0;1;0;0;0;0;0;0;0;1;0;0;0;0;0;0;1;0;0;0;0;0;0;0;0;0;0;0;1;0;0;0;1;1;0;0;0;0;0;0;0;0;0;0;0;0;0;0;0;0;0;0;1;1;1;0;0;0;0;0;0;0;0;0;0;0;0;0;0;0;0;0;0;226;223;3;213;0;29;9.3;0.987;0
1171320;Frog Detective 3: Corruption at Cowboy County;;;;1.79;0;20000;2;98.74;1801;23;0;6;1;7;full;0;0;0;1.0;1;Novato;82;0;1;1;0;1;0;0;0;0;0;0;0;0;0;1;0;0;0;0;1;0;1;1;0;0;0;0;0;0;0;0;0;0;0;0;0;0;0;0;0;0;0;0;0;0;0;0;0;0;0;0;0;0;0;0;0;0;0;1;0;0;0;0;0;0;0;0;0;1;0;1;1;0;0;0;0;0;0;731;712;19;647;0;29;2.96;0.974;0
4800;Heroes of Annihilated Empires;;;;1.12;0;100000;4;85.48;624;106;0;0;0;4;none;0;0;0;0.5;1;Novato;192;0;0;0;0;0;0;0;0;0;0;1;0;0;0;1;1;0;0;0;0;0;0;0;0;0;0;0;0;0;0;0;0;0;0;0;0;0;0;1;0;0;1;0;0;0;0;0;1;0;0;0;0;0;0;0;0;0;0;0;0;0;0;0;0;0;0;0;0;0;0;0;0;0;0;0;0;0;0;144;121;23;113;0;29;29.21;0.84;1
937980;Jellyfish Season;;;;0.0;1;50000;0;77.17;71;21;0;1;1;2;none;0;0;0;0.12;1;Novato;64;0;0;1;0;1;0;0;0;0;0;0;0;0;0;1;0;0;0;0;0;0;1;0;0;0;0;0;0;0;0;0;0;0;0;0;0;0;0;0;0;0;0;0;0;0;0;0;0;0;0;0;0;0;0;0;0;0;0;0;1;0;0;0;0;0;0;0;0;0;0;1;1;0;1;0;0;0;0;24;19;5;24;0;18;2.76;0.792;1
1307670;The Unexpected Quest;;;;7.29;0;20000;0;79.8;158;40;0;15;0;5;full;0;0;0;4.0;1;Novato;298;0;1;1;0;1;0;0;0;1;0;1;0;0;0;1;0;0;0;0;1;0;1;1;0;0;1;0;0;0;0;0;1;0;0;0;0;0;0;0;0;0;1;0;0;0;0;0;0;0;0;0;0;0;1;1;0;0;1;0;0;0;0;0;0;0;0;0;0;1;0;1;0;0;0;0;0;0;0;21;18;3;19;0;14;9.61;0.857;0
236450;PAC-MAN™ Championship Edition DX+;;;;1.99;0;200000;15;95.5;7496;353;0;12;8;5;full;0;0;0;1.0;1;Novato;259;1;0;0;0;0;0;0;0;0;0;0;0;0;0;1;0;0;0;0;1;0;1;1;0;0;0;0;0;0;0;0;0;0;0;0;0;0;0;0;0;0;1;0;0;0;0;0;1;0;0;0;0;0;0;0;0;0;1;0;0;0;1;0;0;0;0;0;0;0;0;1;0;0;0;0;0;0;0;769;726;43;665;0;29;11.74;0.944;1
625370;A SECOND BEFORE US;;;;3.99;0;20000;0;58.1;61;44;0;16;0;4;none;0;0;0;2.0;1;Novato;210;0;1;0;0;1;0;0;0;0;0;0;0;0;0;1;0;0;0;0;0;1;1;0;0;0;1;0;0;0;0;0;0;0;0;0;0;0;0;0;0;0;0;0;0;0;0;0;0;0;0;0;0;0;0;0;0;0;0;0;0;0;0;0;0;0;0;0;1;0;0;0;1;0;0;0;0;0;0;9;5;4;9;0;8;3.84;0.556;0
1212100;fishy;;;;1.49;0;20000;0;84.81;134;24;0;10;0;1;full;0;0;0;4.0;1;Novato;145;1;0;1;0;1;0;0;0;0;0;0;0;0;0;1;0;0;0;0;1;0;1;0;0;0;0;0;0;0;0;0;0;0;0;0;0;0;0;0;0;0;0;0;0;0;0;0;0;0;0;0;0;0;0;0;0;0;0;0;0;0;0;0;0;0;0;0;0;0;0;1;1;0;0;0;0;0;0;111;97;14;96;0;29;2.56;0.874;0
2180150;ITRP _ Aero Star;;;;1.99;0;50000;0;97.26;71;2;0;26;1;5;full;0;0;0;1.0;1;Novato;148;1;0;0;0;1;0;0;1;0;0;0;0;0;0;1;0;0;0;0;1;0;1;1;0;0;0;0;0;0;1;0;0;0;0;0;0;0;0;0;0;0;0;0;1;0;0;0;0;0;0;0;0;0;0;0;0;1;0;0;0;0;0;0;0;0;0;0;0;0;1;0;1;0;0;0;0;0;0;3;3;0;2;0;3;5.02;1.0;1
1335360;Chef Chen;;;;7.29;0;100000;1;85.19;23;4;0;38;0;11;none;0;0;0;0.0;1;Novato;234;1;1;1;0;1;0;0;0;0;0;1;0;0;0;1;1;1;0;0;0;1;1;1;0;0;0;1;1;0;0;0;0;0;0;0;0;0;0;0;1;0;1;0;1;0;0;1;1;1;0;0;0;0;0;0;0;0;0;0;0;0;0;0;0;0;1;0;0;0;0;1;0;0;0;0;0;0;0;11;11;0;4;0;5;8.23;1.0;1
1750570;Subway Midnight;;;;4.49;0;100000;2;80.58;888;214;0;0;0;10;full;0;0;0;4.0;1;Novato;127;0;1;0;0;1;0;0;0;0;0;0;0;0;0;1;0;0;0;0;1;0;0;0;0;0;0;0;0;0;0;0;0;0;1;0;0;0;1;0;0;0;0;0;0;0;0;0;0;0;0;0;0;0;0;0;0;0;1;0;0;0;0;0;0;0;0;0;1;0;0;0;0;0;0;0;0;0;0;366;245;121;323;0;29;2.92;0.669;1
713650;Sevgilim Olur musun ?;;;;0.0;1;100000;1;70.34;709;299;0;40;0;1;none;0;0;0;0.12;1;Novato;197;0;1;0;0;1;0;0;0;0;0;0;0;0;0;1;0;0;0;0;0;0;1;0;0;0;0;0;0;0;0;0;0;0;0;0;0;0;0;0;0;0;0;0;0;0;0;0;0;0;0;0;0;0;0;0;0;0;0;1;0;0;1;0;0;0;0;0;0;0;0;0;1;0;1;0;0;0;0;246;195;51;246;0;29;7.19;0.793;1
1703040;Decision in the Desert;;;;6.99;0;20000;0;50.0;2;2;0;0;0;1;none;0;0;0;0.25;1;Novato;282;0;0;0;0;0;0;0;0;1;0;1;0;0;0;1;0;0;0;0;0;0;0;0;0;0;0;0;0;0;0;0;0;0;0;0;0;0;0;0;0;0;1;0;0;0;0;0;0;0;0;0;0;1;0;0;0;0;0;0;0;0;0;0;0;0;0;0;0;0;0;0;0;0;0;0;0;0;0;1;1;0;1;0;1;12.08;1.0;0
372890;Red Crow Mysteries: Legion;;;;5.79;0;50000;0;36.36;16;28;0;17;0;12;none;0;0;0;2.0;1;Novato;218;0;1;0;0;1;0;0;0;0;0;0;0;0;0;1;0;0;0;0;0;0;1;1;0;0;0;0;0;0;1;0;0;0;0;0;0;0;0;0;0;0;0;0;0;0;0;0;0;0;0;0;0;0;0;0;0;0;1;1;0;0;1;0;0;0;0;1;1;0;0;1;0;0;0;0;0;0;0;4;2;2;1;0;4;4.13;0.5;1
2705800;Time Glitch;;;;1.99;0;20000;1;95.24;40;2;0;30;0;4;none;0;0;0;0.0;1;Novato;117;0;0;0;0;1;0;1;0;0;0;1;0;0;0;1;0;0;0;0;0;0;1;0;0;0;0;0;0;0;0;0;0;0;1;0;0;0;0;0;0;0;1;0;0;0;0;0;0;0;0;0;0;0;0;0;0;0;0;0;0;0;1;0;0;0;0;0;0;0;0;1;0;0;0;0;0;0;0;49;47;2;46;0;16;2.25;0.959;0
243950;Divinity: Dragon Commander;;;;22.99;0;200000;5;73.9;1758;621;0;100;0;5;none;0;0;0;2.0;1;Novato;227;1;0;0;0;0;0;1;0;0;0;1;0;0;0;1;1;0;0;0;0;0;1;1;0;0;1;0;0;0;0;0;0;0;1;0;0;0;0;1;0;1;1;0;0;0;0;1;1;0;0;0;0;0;0;0;0;0;0;0;0;0;0;0;0;0;0;0;0;0;0;0;0;0;0;0;0;0;0;304;233;71;269;0;29;16.45;0.766;1
2169140;CantEscapeTheBackrooms;;;;0.0;1;50000;1;59.68;111;75;0;0;0;2;none;0;0;0;6.0;1;Novato;186;1;1;0;0;1;0;0;0;0;0;1;0;0;0;1;0;0;0;0;0;0;0;0;0;0;0;0;0;0;1;0;0;0;0;0;0;0;1;0;0;0;1;0;0;0;0;1;1;0;0;0;0;0;0;0;0;0;1;0;0;0;0;1;0;0;0;1;0;0;0;0;1;0;1;0;0;0;1;235;141;94;235;0;29;1.03;0.6;1
451990;Cranks and Goggles;;;;1.99;0;20000;0;77.78;147;42;0;20;0;4;full;0;0;0;4.0;1;Novato;199;0;0;1;0;1;0;0;1;0;1;0;0;0;0;1;1;0;0;0;1;0;1;0;0;0;0;0;0;0;0;0;0;0;0;0;0;0;0;0;0;0;0;0;0;0;0;0;1;0;0;0;0;0;0;0;1;1;0;0;0;0;0;0;0;0;0;0;1;0;1;1;1;0;0;0;0;0;0;14;13;1;11;0;11;13.93;0.929;0
1173330;VELVETIST: Prototype;;;;0.0;1;50000;0;83.02;132;27;0;0;0;2;none;0;0;0;4.0;1;Novato;286;1;1;0;0;1;0;0;0;0;0;0;0;0;0;1;0;0;0;0;0;1;0;0;0;0;0;0;0;0;0;1;0;0;1;0;0;0;0;0;0;0;0;0;0;0;0;0;0;0;0;0;0;0;0;0;0;0;0;0;0;0;0;0;0;0;0;0;1;0;0;0;1;0;1;0;0;0;0;10;7;3;10;0;7;1.19;0.7;1
435030;Lost Lands: Mahjong;;;;0.0;1;200000;42;91.59;4860;446;0;46;0;9;none;0;0;0;0.5;1;Novato;125;0;1;1;0;0;0;0;0;0;0;0;0;0;0;1;0;0;0;0;0;0;1;1;0;1;0;0;0;0;0;0;0;0;0;0;0;0;0;0;0;0;0;0;0;0;0;0;0;0;0;0;0;0;0;0;0;0;1;0;0;0;0;0;0;0;0;0;0;0;0;1;0;0;1;0;0;0;0;412;360;52;412;0;29;43.82;0.874;1
625860;God Awe-full Clicker;;;;0.0;1;20000;9;63.57;246;141;0;80;0;1;none;0;0;0;2.0;1;Novato;125;1;1;1;0;1;0;1;0;1;0;1;0;0;0;1;0;0;0;0;0;0;1;0;0;1;1;0;0;0;0;0;1;0;0;0;0;0;0;1;0;0;1;0;0;0;0;0;1;0;0;0;0;0;1;0;0;0;1;0;0;0;0;0;0;0;0;0;0;0;0;0;1;0;1;0;0;0;0;30;15;15;30;0;17;123.63;0.5;0
2530490;Lost Eidolons: Veil of the Witch;;;;14.99;0;50000;38;80.25;386;95;0;68;2;10;none;0;0;0;8.0;1;Novato;265;0;0;0;0;1;0;1;0;0;0;1;0;0;0;1;0;0;0;0;0;1;1;1;0;0;0;0;0;0;0;0;0;0;0;0;0;0;0;1;0;0;1;0;0;0;0;0;0;0;0;0;0;0;0;0;0;0;0;0;0;0;0;1;0;0;0;0;0;0;0;0;0;1;0;0;0;0;0;1000;817;183;918;253;18;27.85;0.817;1
853200;Shred! 2 - ft Sam Pilgrim;;;;9.99;0;20000;1;85.92;183;30;0;21;0;5;full;0;0;0;2.0;1;Novato;255;1;0;0;0;1;0;0;1;0;1;0;0;0;0;1;0;0;0;0;1;0;1;1;0;0;0;0;0;0;0;0;0;0;0;0;0;0;0;0;0;0;0;0;0;0;0;0;0;0;0;0;0;0;0;0;1;1;0;0;0;0;0;0;0;0;0;0;0;0;0;0;1;0;0;0;0;0;0;38;30;8;33;0;22;17.61;0.789;0
371650;COLINA: Legacy;;;;4.99;0;100000;1;80.88;165;39;0;19;0;10;none;0;0;0;4.0;1;Novato;300;1;1;0;0;1;0;0;0;0;0;0;0;0;0;1;0;0;0;0;0;1;1;0;0;0;0;0;0;0;0;0;0;0;1;0;0;0;1;0;0;0;0;0;0;0;0;0;0;0;0;0;0;0;0;0;0;0;1;0;0;0;0;1;0;0;0;1;1;0;0;0;1;0;0;0;0;0;0;24;18;6;22;0;16;6.59;0.75;1
546490;Heart and Seoul;;;;1.99;0;20000;0;45.92;45;53;0;8;1;2;none;0;0;0;0.5;1;Novato;339;0;0;1;0;0;0;0;0;1;0;0;0;0;0;1;0;0;0;0;0;0;1;1;0;0;1;0;0;0;0;0;0;0;1;0;0;0;0;0;0;0;0;0;0;0;0;0;0;0;0;0;0;1;0;0;0;0;1;0;1;1;0;0;0;0;0;0;0;0;0;1;1;0;0;0;0;0;0;13;7;6;9;0;12;3.04;0.538;0
2693930;Dice & Fold;;;;3.99;0;100000;26;85.36;2751;472;0;207;0;14;none;0;0;0;0.29;1;Novato;294;0;0;1;0;1;0;1;0;0;0;1;0;0;0;1;0;0;0;0;0;0;1;1;0;0;1;1;0;0;0;0;0;0;0;0;0;0;0;1;0;1;1;0;0;0;0;0;0;0;0;0;0;0;0;0;0;0;0;0;0;0;0;0;0;0;0;0;0;0;0;1;0;0;0;0;0;0;0;1000;795;205;895;0;15;15.85;0.795;1
379760;Gravity Error;;;;4.99;0;20000;0;85.45;47;8;0;9;0;9;none;0;0;0;1.0;1;Novato;213;0;0;0;0;1;0;0;0;0;0;0;0;0;0;1;0;0;0;0;0;0;1;0;0;0;0;0;0;0;0;0;0;0;0;0;0;0;0;0;0;0;0;0;1;0;0;0;0;0;0;0;0;0;0;0;0;0;1;0;0;0;1;0;0;0;0;0;0;0;0;0;1;0;0;0;0;0;0;1;1;0;1;0;1;0.47;1.0;0
2058430;Bomb Dolls;;;;3.99;0;20000;0;100.0;7;0;0;0;0;1;full;0;0;0;0.0;1;Novato;297;1;0;0;0;1;0;0;0;0;0;0;0;0;0;0;1;1;0;0;1;0;0;0;0;0;0;1;1;0;1;0;0;0;0;0;0;1;0;0;0;0;0;0;0;0;0;1;0;1;0;0;0;0;0;0;0;0;0;0;0;0;0;1;0;0;0;0;0;0;0;0;0;0;0;0;0;0;0;2;2;0;2;0;2;7.94;1.0;0
1045610;Startup Panic;;;;7.99;0;20000;2;54.17;143;121;0;50;0;9;none;0;0;0;2.0;1;Novato;239;0;0;1;0;1;0;0;0;1;0;1;0;0;0;1;0;0;0;0;0;0;0;0;0;0;0;0;0;0;0;0;0;0;0;0;0;0;0;0;0;0;1;0;0;0;0;0;0;0;0;0;0;1;1;0;0;0;0;0;0;0;1;0;0;0;0;0;0;1;0;1;0;0;0;0;0;0;0;75;39;36;51;0;28;13.62;0.52;0
425210;Shadwen;;;;8.99;0;200000;2;76.6;1018;311;0;48;0;5;full;0;0;0;4.0;1;Novato;145;1;1;0;0;0;0;0;0;0;0;0;0;0;0;1;0;0;0;0;1;0;1;0;1;0;1;0;0;0;0;1;1;0;0;0;0;0;0;0;0;0;1;0;0;0;0;0;0;0;0;0;0;0;0;0;0;0;1;0;0;0;0;0;0;0;0;1;1;0;0;0;1;0;0;0;0;0;1;107;87;20;83;0;28;11.39;0.813;1
320330;Earthworms;;;;3.59;0;100000;0;77.42;144;42;0;0;1;2;none;0;0;0;0.0;1;Novato;230;0;1;1;0;1;0;0;0;0;0;0;0;0;0;1;0;0;0;0;0;0;0;0;0;0;0;0;0;0;0;0;0;0;0;0;0;0;0;0;0;0;1;0;0;0;0;0;0;0;0;0;0;0;0;0;0;0;0;1;0;0;1;0;0;0;0;1;0;1;0;1;1;0;0;0;0;0;0;22;13;9;19;0;18;3.65;0.591;1
2780270;Dead end Exit 8;;;;2.49;0;20000;0;77.5;93;27;0;0;0;14;none;0;0;0;0.0;1;Novato;293;0;1;0;0;1;0;0;0;1;0;0;0;0;0;1;0;0;0;0;0;0;0;0;0;0;0;0;0;0;1;0;0;0;0;0;0;0;1;0;0;0;0;0;0;0;0;0;0;0;0;0;0;1;0;0;0;0;1;0;0;0;0;0;1;0;0;0;1;0;0;0;0;0;0;1;0;0;0;128;96;32;107;0;21;1.32;0.75;0
1501340;Sprint Racer;;;;0.99;0;20000;0;50.0;2;2;0;10;0;1;none;0;0;0;2.0;1;Novato;76;0;0;0;0;0;0;0;1;0;1;0;0;0;0;1;0;0;0;0;0;1;1;0;0;0;0;0;0;0;0;0;0;0;0;0;0;0;0;0;0;0;0;0;0;0;0;0;0;0;0;0;0;0;0;0;1;1;0;0;0;0;1;0;0;0;0;0;0;0;0;0;0;0;0;0;0;0;0;0;0;0;0;0;0;0.0;0.0;0
449510;The Crow's Eye;;;;4.99;0;50000;0;74.07;140;49;0;33;1;6;full;0;0;0;4.0;1;Novato;278;0;1;0;0;1;0;0;0;0;0;0;0;0;0;1;0;0;0;0;1;0;1;1;0;0;1;0;0;0;1;0;0;0;1;0;0;0;1;0;0;0;0;0;1;0;0;0;0;0;0;0;0;0;0;0;0;0;1;0;0;0;0;1;0;0;0;1;1;0;0;0;1;0;0;0;0;0;0;23;16;7;11;0;17;7.34;0.696;1
295670;Hive Jump;;;;19.99;0;100000;1;68.78;249;113;0;40;1;1;full;0;0;0;2.0;1;Novato;109;1;0;0;0;1;0;0;0;0;0;0;0;0;0;1;1;1;0;0;1;0;1;1;0;0;1;1;1;0;0;0;0;0;0;0;0;0;0;0;0;0;0;0;1;0;0;1;1;1;0;0;0;0;0;0;0;0;0;0;0;0;1;0;0;0;0;0;0;0;0;0;1;0;0;0;0;0;0;20;11;9;5;0;14;12.09;0.55;1
1933700;Smilemo;;;;9.99;0;100000;2;74.94;879;294;0;14;0;6;none;0;0;0;0.0;1;Novato;210;1;1;0;0;1;0;0;0;0;0;0;0;0;0;1;0;0;0;0;0;1;1;0;0;0;0;0;0;0;0;0;0;0;0;0;0;0;0;0;0;0;0;0;1;0;0;0;0;0;0;0;0;0;0;0;0;0;0;0;0;0;1;0;0;0;0;0;0;0;1;0;1;0;0;0;0;0;0;646;442;204;597;0;29;5.56;0.684;1
935880;Glass Masquerade 2: Illusions;;;;2.99;0;100000;17;91.94;2737;240;0;40;5;10;none;0;0;0;1.0;1;Novato;248;0;0;1;0;1;0;0;0;0;0;0;0;0;0;1;0;0;0;0;0;0;1;1;0;0;1;0;0;0;0;0;0;0;0;0;0;0;0;0;0;0;0;0;0;0;0;0;0;0;0;0;0;0;0;0;0;0;1;0;0;0;0;0;0;0;0;0;1;1;0;1;1;0;0;0;0;0;0;465;383;82;399;0;29;15.98;0.824;1
1861290;Devil Spire;;;;5.99;0;50000;3;89.79;387;44;0;111;0;1;full;0;0;0;8.0;1;Novato;113;1;0;0;0;1;0;1;0;0;0;0;0;0;0;1;0;0;0;0;1;0;1;1;0;0;1;0;0;0;1;0;0;0;0;0;0;0;0;1;1;0;0;0;0;0;0;0;0;0;0;0;0;0;0;0;0;0;0;0;0;0;0;0;0;0;0;0;1;0;0;0;0;0;0;0;0;0;0;213;162;51;157;0;29;9.0;0.761;1
1560250;Rising Front;;;;10.0;0;200000;43;89.61;2803;325;0;20;0;30;full;0;0;0;12.0;1;Novato;205;1;0;1;0;0;0;0;0;1;0;1;0;0;0;1;0;0;0;0;1;0;1;0;1;0;0;0;0;0;1;0;0;0;0;0;0;0;0;0;0;0;1;0;0;0;0;0;0;0;0;0;1;1;0;0;0;0;0;0;0;0;0;1;1;0;0;0;1;0;0;0;0;1;0;0;0;1;0;1000;820;180;935;349;13;18.09;0.82;1
992070;Idle Wizard;;;;0.0;1;200000;524;86.65;1383;213;0;80;3;8;none;0;0;0;1.0;1;Novato;145;0;0;0;0;1;0;0;0;0;0;0;0;0;0;1;0;0;0;0;0;0;1;1;0;1;0;0;0;0;0;0;0;0;0;0;0;0;0;1;0;0;0;0;0;0;0;0;0;0;0;0;0;0;0;0;0;0;0;0;0;0;0;0;0;0;0;0;0;0;0;1;1;0;1;0;0;0;0;482;407;75;482;0;29;1153.38;0.844;1
2324930;50 Rounds;;;;0.99;0;50000;0;75.0;3;1;0;0;0;1;none;0;0;0;0.0;1;Novato;163;1;0;0;0;1;0;0;0;0;0;0;0;0;0;1;0;0;0;0;0;0;0;0;0;0;0;0;0;0;1;0;0;0;0;0;0;0;0;0;0;0;0;0;0;0;0;0;0;0;0;0;0;0;0;0;0;0;0;0;0;0;0;1;1;0;0;0;0;0;0;1;0;0;0;0;0;0;0;0;0;0;0;0;0;0.0;0.0;1
1840730;Ancient Islands;;;;8.99;0;100000;0;93.1;27;2;0;30;0;2;none;0;0;0;4.0;1;Novato;276;1;0;0;0;0;0;0;0;0;0;1;0;0;0;1;0;0;0;0;0;0;1;1;0;0;0;0;0;0;0;0;0;0;0;0;0;0;0;0;0;0;1;1;0;0;0;0;0;0;0;0;0;0;1;0;0;0;0;0;0;0;1;0;0;0;1;0;0;0;1;0;1;0;0;0;0;0;0;8;5;3;7;0;5;6.84;0.625;1
2362400;Vitam Finire;;;;2.99;0;50000;0;33.33;1;2;0;0;0;1;none;0;0;0;0.0;1;Novato;115;0;1;0;0;1;0;0;0;0;0;0;0;0;0;1;0;0;0;0;0;0;0;0;0;0;0;0;0;0;1;0;0;0;0;0;0;0;1;0;0;0;0;0;0;0;0;0;0;0;0;0;0;0;0;0;0;0;0;0;0;0;0;0;0;0;0;0;0;0;0;0;1;0;0;0;0;0;0;0;0;0;0;0;0;0.0;0.0;1
334270;Star Traders: 4X Empires;;;;5.79;0;200000;1;62.5;50;30;0;16;0;1;none;0;0;0;0.5;1;Novato;220;0;0;0;0;1;0;0;0;1;0;1;0;0;0;1;0;0;0;0;0;0;1;0;0;0;1;0;0;0;0;0;0;0;0;0;0;0;0;0;0;0;1;0;0;0;0;0;0;0;0;0;0;1;1;0;0;0;0;0;0;0;1;0;0;0;0;0;0;0;0;0;0;0;0;0;0;0;0;11;8;3;11;0;10;34.01;0.727;1
1166580;Best Plumber;;;;14.99;0;20000;3;78.0;39;11;0;6;0;103;none;0;0;0;1.0;1;Novato;80;0;0;1;0;1;0;0;0;1;0;0;0;0;0;1;0;0;0;0;0;0;1;0;0;0;1;0;0;0;0;0;0;0;0;0;0;0;0;0;0;0;0;0;0;0;0;0;0;0;0;0;0;1;0;0;0;0;1;0;0;0;1;0;0;0;0;0;0;0;1;1;1;0;1;0;0;0;0;111;75;36;72;0;27;2.72;0.676;0
586880;Mini Ghost;;;;1.99;0;20000;0;94.17;388;24;0;24;0;5;full;0;0;0;0.12;1;Novato;121;1;1;1;0;1;0;0;0;0;0;0;0;0;0;1;0;0;0;0;1;0;1;1;1;0;1;0;0;0;0;0;0;0;0;0;0;0;0;0;0;0;0;0;1;1;0;0;0;0;0;0;0;0;0;0;0;0;0;0;0;0;1;0;0;0;0;0;0;0;0;1;1;0;0;0;0;0;0;31;27;4;27;0;20;4.97;0.871;0
316160;Broken Sword 4 - the Angel of Death (2006);;;;5.99;0;100000;2;42.08;202;278;0;0;1;5;none;0;0;0;0.06;1;Novato;306;0;1;1;0;1;0;0;0;0;0;0;0;0;0;1;0;0;0;0;0;0;0;0;0;0;0;0;0;0;0;0;0;0;1;0;0;0;0;0;0;0;0;0;0;0;0;0;0;0;0;0;0;0;0;0;0;0;1;1;0;1;0;1;0;0;0;0;1;0;0;1;1;0;0;0;0;0;0;131;52;79;102;0;29;12.85;0.397;1
3607450;Le Bureau des Rêves;;;;1.99;0;20000;0;100.0;5;0;0;0;0;3;none;0;0;0;0.39;1;Novato;229;0;1;0;0;0;0;0;0;0;0;0;0;0;0;1;0;0;0;0;0;0;0;0;0;0;0;0;0;0;0;0;0;0;1;0;0;0;0;0;0;0;0;0;0;0;0;0;0;0;0;0;0;0;0;0;0;0;1;1;0;0;1;0;0;0;0;0;0;0;0;0;0;0;0;0;0;0;1;9;9;0;5;0;4;1.9;1.0;0
2008330;Lost in Hell;;;;1.49;0;20000;0;57.89;11;8;0;0;1;1;none;0;0;0;4.0;1;Novato;264;1;1;0;0;0;0;0;0;0;0;0;0;0;0;1;0;0;0;0;0;0;0;0;0;0;0;0;0;0;0;0;0;0;1;0;0;0;1;0;0;0;0;0;0;0;0;0;0;0;0;0;0;0;0;0;0;0;0;0;0;0;1;0;0;0;0;0;1;0;0;0;0;0;0;0;0;0;0;2;2;0;1;0;2;0.38;1.0;0
1085270;Fat Prisoner Simulator 2;;;;0.44;0;20000;0;70.2;106;45;0;0;0;1;none;0;0;0;1.0;1;Novato;216;1;1;1;0;1;0;0;0;1;1;0;0;0;0;1;0;0;0;0;0;0;0;0;0;0;0;0;0;0;0;0;0;0;0;0;0;0;0;0;0;0;0;0;0;0;0;0;1;0;0;0;1;1;0;0;1;0;0;0;0;0;0;0;0;0;0;0;1;1;0;1;1;0;0;0;0;0;0;27;19;8;16;0;17;1.69;0.704;0
736200;Nana in the Dark;;;;2.99;0;20000;0;74.42;32;11;0;8;0;5;none;0;0;0;2.0;1;Novato;173;1;1;0;0;1;0;0;0;0;0;0;0;0;0;1;0;0;0;0;0;1;1;1;0;0;0;0;0;0;0;0;0;0;1;0;0;0;1;0;0;0;0;0;0;0;0;0;0;0;0;0;0;0;0;0;0;0;0;0;0;0;0;0;0;0;0;0;0;0;0;0;1;0;0;0;0;0;0;1;0;1;1;0;1;10.65;0.0;0
1341170;Strategic Mind: Spectre of Communism;;;;14.99;0;20000;2;79.44;170;44;0;40;0;7;none;0;0;0;4.0;1;Novato;282;0;0;0;0;0;0;0;0;1;0;1;0;0;0;1;0;0;0;0;0;0;1;1;0;0;1;0;0;0;0;0;0;0;1;0;0;0;0;0;0;0;1;0;0;0;0;0;0;0;0;0;0;1;0;0;0;0;0;0;0;0;0;1;1;0;0;0;0;0;0;0;0;0;0;0;0;0;0;38;21;17;33;0;21;83.5;0.553;0
1978970;Heart is Muscle;;;;1.49;0;20000;0;100.0;6;0;0;0;0;1;none;0;0;0;0.0;1;Novato;134;0;1;0;0;1;0;1;0;0;0;0;0;0;0;1;0;0;0;0;0;0;0;0;0;0;0;0;0;0;0;0;0;0;0;0;0;0;0;1;0;0;0;0;0;0;0;0;0;0;0;0;0;0;0;0;0;0;1;0;1;1;1;0;0;0;0;0;0;0;0;0;0;0;0;0;0;0;0;2;2;0;2;0;2;2.42;1.0;0
3400090;The Night Shift;;;;1.88;0;20000;0;100.0;2;0;0;0;0;1;none;0;0;0;0.01;1;Novato;271;1;1;0;0;1;0;1;0;0;0;0;0;0;1;1;0;0;0;0;0;0;0;0;0;0;0;0;0;0;1;1;0;0;1;0;0;0;0;1;0;0;0;0;0;0;0;0;0;0;0;0;0;0;0;0;0;0;0;0;0;0;0;0;0;0;0;0;0;0;0;0;0;1;0;0;0;0;0;3;2;1;3;3;2;0.29;0.667;0
2382250;Seven Nights Ghost;;;;11.99;0;20000;0;92.28;514;43;0;9;0;4;full;0;0;0;1.0;1;Novato;150;0;0;0;0;1;0;0;0;0;0;0;0;0;0;1;0;0;0;0;1;0;0;0;0;0;0;0;0;0;1;0;0;0;0;0;0;0;1;0;0;0;0;0;0;0;0;0;0;0;0;0;0;0;0;0;0;0;0;0;0;0;0;1;1;0;0;1;0;0;0;0;1;0;0;0;0;0;0;220;199;21;212;0;28;2.88;0.905;0
3244220;A Game About Digging A Hole™;;;;2.99;0;500000;248;89.51;12737;1492;0;10;1;11;full;0;0;0;8.0;1;Novato;194;0;1;0;0;1;0;0;0;0;0;0;0;0;0;1;0;0;0;0;1;0;1;1;0;0;0;0;0;0;1;0;1;0;0;0;0;0;1;0;0;0;0;0;0;0;0;0;0;0;0;0;1;1;0;0;0;0;0;0;0;0;0;1;0;0;0;0;1;0;0;1;0;0;0;0;0;0;0;1000;853;147;889;0;5;5.26;0.853;1
1730360;I'm on Observation Duty 4;;;;2.99;0;50000;3;97.55;758;19;0;8;0;1;none;0;0;0;4.0;1;Novato;293;0;0;0;0;1;0;0;0;0;0;0;0;0;0;1;0;0;0;0;0;0;1;0;0;0;0;0;0;0;0;0;0;0;0;0;0;0;1;0;0;0;1;0;0;0;0;0;0;0;0;0;0;0;0;0;0;0;1;0;0;0;0;1;0;0;0;1;1;0;0;1;0;0;0;0;0;0;0;229;218;11;212;0;29;6.24;0.952;1
848030;Roundguard;;;;19.99;0;100000;2;82.07;453;99;0;80;1;15;full;0;0;0;1.0;1;Novato;247;0;0;1;0;1;0;1;0;0;0;1;0;0;0;1;0;0;0;0;1;0;1;1;0;0;1;0;0;0;0;0;0;0;0;0;0;0;0;1;0;1;0;0;0;0;0;0;0;0;0;0;0;0;0;0;0;0;1;0;0;0;0;0;0;0;1;0;0;0;0;1;0;0;0;0;0;0;0;89;67;22;62;0;26;12.45;0.753;1
45200;Defense of the Oasis;;;;4.99;0;200000;1;92.86;52;4;0;0;0;1;none;0;0;0;0.12;1;Novato;166;0;0;1;0;0;0;0;0;0;0;1;0;0;0;1;0;0;0;0;0;0;0;0;0;0;0;0;0;0;0;0;0;0;0;0;0;0;0;0;0;0;1;0;0;0;0;0;0;0;0;0;0;0;0;0;0;0;0;0;0;0;1;0;0;0;0;0;0;0;0;1;0;0;0;0;0;0;0;13;13;0;13;0;11;14.64;1.0;1
1372320;Cloud Gardens;;;;5.57;0;100000;3;95.03;2104;110;0;11;0;9;full;0;0;0;1.0;1;Novato;72;0;0;1;0;1;0;0;0;1;0;0;0;0;0;1;0;0;0;0;1;0;0;1;0;0;0;0;0;0;0;0;0;0;0;0;0;0;0;0;0;0;0;0;0;0;0;0;0;0;0;0;1;1;0;1;0;0;1;0;0;0;0;1;0;0;0;0;1;1;0;1;1;1;0;0;0;0;0;311;284;27;283;0;29;14.05;0.913;1
803050;Per Aspera;;;;14.99;0;200000;68;75.91;4163;1321;0;55;7;8;none;0;0;0;8.0;1;Novato;290;0;0;0;0;1;0;0;0;1;0;1;0;0;0;1;1;1;1;0;0;0;1;1;1;0;1;0;0;0;0;0;0;0;0;0;0;1;0;0;0;0;1;0;0;0;0;0;1;0;0;0;1;1;1;1;0;0;0;0;0;0;0;0;0;0;0;0;0;0;0;0;0;0;0;0;0;0;0;732;577;155;559;0;29;36.46;0.788;1
1867610;SokoWinter;;;;0.9;0;20000;0;96.0;48;2;0;10;1;12;none;0;0;0;2.0;1;Novato;282;0;0;1;0;1;0;0;0;0;0;0;0;0;0;1;0;0;0;0;0;0;1;0;0;0;0;0;0;0;0;0;0;0;0;0;0;0;0;0;0;0;0;0;0;0;0;0;0;0;0;0;0;0;0;0;0;0;1;0;0;0;0;1;0;0;0;0;0;1;0;1;1;0;0;0;0;0;0;9;9;0;9;0;9;4.64;1.0;0
488860;MADNESS: Project Nexus;;;;12.49;0;500000;190;97.23;15360;438;0;52;1;1;none;0;0;0;4.0;1;Novato;271;1;0;0;0;1;0;0;0;0;0;0;0;0;0;1;1;1;0;0;0;0;1;1;0;0;1;1;1;0;0;0;0;0;0;0;0;0;0;0;0;0;0;0;0;0;0;1;0;1;0;0;0;0;0;0;0;0;0;0;0;0;0;1;0;0;0;1;1;0;0;0;0;0;0;0;0;0;0;997;964;33;911;0;8;65.3;0.967;1
1880980;Trapped In Stone - World War II Horror;;;;1.99;0;20000;0;78.85;41;11;0;2;0;1;none;0;0;0;4.0;1;Novato;199;1;0;0;0;0;0;0;0;0;0;0;0;0;0;1;0;0;0;0;0;0;1;0;0;0;0;0;0;0;1;0;0;0;0;0;0;0;1;0;0;0;0;0;0;0;0;0;0;0;0;0;0;0;0;0;0;0;0;0;0;0;0;1;1;0;0;0;0;0;0;0;0;0;0;0;0;1;0;9;6;3;9;0;6;0.67;0.667;0
2117520;ENGLISH A-GAME;;;;15.0;0;20000;0;50.0;1;1;0;0;0;2;none;0;0;0;0.0;1;Novato;291;0;0;0;0;1;0;0;0;0;0;0;0;0;0;1;0;0;0;0;0;0;0;0;0;0;0;0;0;0;1;0;0;0;0;0;0;0;0;0;0;0;0;0;1;0;0;0;0;0;0;0;0;0;0;0;0;0;0;0;0;0;0;1;0;0;0;0;0;1;0;0;0;0;0;0;0;0;0;1;0;1;1;0;1;0.12;0.0;0
1823930;Wavetale;;;;14.99;0;50000;6;89.22;902;109;0;14;0;13;full;0;0;0;8.0;1;Novato;149;0;1;0;0;0;0;0;0;0;0;0;0;0;0;1;0;0;0;0;1;0;1;1;0;0;1;0;0;0;0;0;0;0;1;0;0;0;0;0;0;0;0;0;1;0;0;0;0;0;0;0;0;0;0;0;0;0;0;0;0;0;0;1;0;0;0;0;1;1;0;0;1;0;0;0;0;0;0;1000;878;122;925;0;9;5.52;0.878;1
1152310;Atelier Escha & Logy: Alchemists of the Dusk Sky DX;;;;33.29;0;20000;11;89.85;292;33;0;53;0;4;none;0;0;0;4.0;1;Novato;244;0;0;0;0;0;0;1;0;0;0;0;0;0;0;1;0;0;0;0;0;1;1;0;0;0;0;0;0;0;0;0;1;0;1;0;0;0;0;1;0;1;0;0;0;0;0;0;0;0;0;0;0;1;0;0;0;0;0;0;0;1;0;0;0;0;0;0;0;0;0;1;0;0;0;0;0;0;0;127;117;10;120;0;28;51.05;0.921;0
2272250;Forgive Me Father 2;;;;4.99;0;20000;47;85.63;1400;235;0;32;3;7;none;0;0;0;8.0;1;Novato;271;1;0;0;0;1;0;0;0;0;0;0;0;0;0;1;0;0;0;0;0;1;1;1;0;0;1;0;0;0;1;0;0;0;1;0;0;0;1;0;0;0;0;0;0;0;0;0;0;0;0;0;0;0;0;0;0;0;0;0;0;0;0;1;0;0;0;1;1;0;0;0;0;0;0;0;0;1;0;1000;765;235;672;0;16;9.31;0.765;0
2495500;ALIEN WAR 2 DOGFIGHT;;;;7.99;0;20000;0;100.0;2;0;0;0;0;8;full;0;0;0;2.0;1;Novato;48;1;0;0;0;1;0;0;0;0;0;0;0;0;0;1;0;0;0;0;1;0;0;1;0;0;0;0;0;0;0;0;0;0;0;0;0;0;0;0;0;0;0;0;0;0;0;0;0;0;0;0;0;0;0;0;0;0;0;0;0;0;1;0;0;0;0;0;0;0;0;0;0;0;0;0;0;0;0;1;1;0;1;0;1;0.25;1.0;0
427570;Dawn of Andromeda;;;;2.24;0;20000;0;43.93;105;134;0;34;1;3;none;0;0;0;4.0;1;Novato;290;0;0;0;0;1;0;0;0;0;0;1;0;0;0;1;0;0;0;0;0;0;1;0;0;0;1;0;0;0;0;0;0;0;0;0;0;0;0;0;0;0;1;0;0;0;0;0;0;0;0;0;0;0;0;0;0;0;0;0;0;0;0;0;0;0;0;0;0;0;0;0;1;0;0;0;0;0;0;10;1;9;7;0;10;3.78;0.1;0
922500;KILL la KILL -IF;;;;19.99;0;50000;13;71.13;1382;561;0;34;0;9;none;0;0;0;4.0;1;Novato;261;1;0;0;0;0;0;0;0;0;0;0;0;0;0;1;1;0;0;0;0;1;1;1;0;0;1;1;0;0;0;0;0;0;1;0;0;0;0;0;0;0;0;0;0;0;0;0;0;0;0;0;0;0;0;0;0;0;0;0;0;1;0;0;0;0;0;0;0;0;0;0;0;0;0;0;0;0;0;550;412;138;449;0;29;15.69;0.749;1
1850050;Alien: Rogue Incursion VR;;;;5.74;0;50000;3;69.35;663;293;0;35;0;12;none;0;0;0;16.0;1;Novato;292;1;0;0;0;0;0;0;0;0;0;0;0;0;0;1;0;0;0;0;0;0;1;0;0;0;0;0;0;0;1;0;0;0;1;0;0;0;0;0;0;0;0;0;0;0;0;0;0;0;0;0;0;0;0;0;0;0;0;0;0;0;0;0;1;0;0;1;1;0;0;0;0;0;0;1;0;1;1;1000;727;273;883;0;18;8.4;0.727;1
2144640;Endzone 2;;;;4.12;0;20000;30;70.26;456;193;0;48;3;13;none;0;0;0;8.0;1;Novato;300;0;0;0;0;0;0;0;0;1;0;1;0;0;0;1;0;0;0;0;0;0;1;1;0;0;0;0;0;0;0;0;0;0;0;0;0;1;0;0;0;0;1;0;0;0;0;0;0;0;0;0;1;1;1;1;0;0;0;0;0;0;0;0;1;0;0;0;1;0;1;0;0;1;0;0;0;0;0;1000;684;316;828;647;22;23.06;0.684;0
2548250;Requiem Memory;;;;5.79;0;20000;0;60.0;9;6;0;15;0;2;none;0;0;0;4.0;1;Novato;108;1;1;1;0;1;0;0;0;0;0;1;0;0;0;1;0;0;0;0;0;0;0;0;0;0;0;0;0;0;0;0;1;0;0;0;0;0;0;0;0;0;1;0;0;0;0;0;0;0;0;0;0;0;0;0;0;0;1;0;0;0;1;0;1;0;0;0;0;0;0;1;0;0;0;0;0;0;0;16;12;4;1;0;12;3.8;0.75;0
3047770;Grouls;;;;2.49;0;100000;0;60.71;17;11;0;0;0;1;none;0;0;0;8.0;1;Novato;188;1;1;0;0;1;0;0;0;0;0;1;0;0;0;1;0;0;0;0;0;0;0;0;0;0;0;0;0;0;1;0;0;0;0;0;0;0;1;0;0;0;1;0;0;0;0;0;0;0;0;0;0;0;0;0;0;0;0;0;0;0;0;1;1;0;0;1;0;0;0;0;0;0;0;0;0;1;0;29;18;11;27;0;5;1.36;0.621;1
517910;Sisyphus Reborn;;;;0.0;1;50000;0;92.87;977;75;0;7;2;4;none;0;0;0;0.12;1;Novato;80;0;1;0;0;0;0;0;0;0;0;0;0;0;0;1;0;0;0;0;0;0;1;0;0;0;0;0;0;0;0;0;0;0;0;0;0;0;0;0;0;0;0;0;0;0;0;0;0;0;0;0;0;0;0;0;0;0;0;1;0;0;1;0;0;0;0;1;1;0;0;0;1;0;1;0;0;0;0;140;132;8;140;0;29;0.91;0.943;1
16040;Luxor: Quest for the Afterlife;;;;9.99;0;20000;1;81.6;102;23;0;0;0;1;none;0;0;0;0.25;1;Novato;233;0;0;1;0;0;0;0;0;0;0;0;0;0;0;1;0;0;0;0;0;0;0;0;0;0;0;0;0;0;0;0;0;0;0;0;0;0;0;0;0;0;0;0;0;0;0;0;0;0;0;0;0;0;0;0;0;0;1;0;0;0;0;0;0;0;0;0;0;0;0;1;0;0;0;0;0;0;0;36;33;3;30;0;17;24.62;0.917;0
450850;Cube Land Arena;;;;0.44;0;50000;0;61.98;194;119;0;25;0;1;none;0;0;0;0.0;1;Novato;215;0;0;0;0;1;0;0;0;0;0;1;0;0;0;1;0;0;0;0;0;0;1;1;0;0;1;0;0;0;0;0;0;0;0;0;0;1;0;0;0;0;1;1;0;0;0;0;0;0;0;0;1;0;0;0;0;0;0;0;0;0;0;1;0;0;0;0;0;0;0;1;1;0;0;0;0;0;0;81;50;31;75;0;29;12.02;0.617;1
330350;Robotex;;;;4.49;0;200000;3;32.08;282;597;0;0;0;27;none;0;0;0;1.95;1;Novato;319;1;1;1;0;1;0;0;0;0;0;0;0;0;0;1;0;0;0;0;0;1;0;0;0;0;1;0;0;0;0;0;0;0;0;0;0;0;0;0;0;0;0;0;1;0;0;0;0;0;0;0;0;0;0;0;0;0;0;0;0;0;1;0;0;0;0;0;0;0;0;1;1;0;0;0;0;0;0;141;115;26;32;0;24;4.21;0.816;1
1108590;Eldest Souls;;;;12.99;0;200000;8;73.34;2792;1015;0;50;0;11;full;0;0;0;4.0;1;Novato;258;1;1;0;0;1;0;1;0;0;0;0;0;0;0;1;0;0;0;0;1;0;1;1;0;0;1;0;0;0;0;0;0;0;0;0;0;0;0;1;1;0;0;0;0;0;0;0;0;0;0;0;0;0;0;0;0;0;0;0;0;1;0;0;0;0;0;0;0;0;1;0;1;0;0;0;0;0;0;1000;691;309;705;0;23;8.67;0.691;1
2622030;Filter World;;;;2.99;0;20000;0;100.0;1;0;0;0;0;1;none;0;0;0;4.0;1;Novato;265;0;1;0;0;0;0;0;0;0;0;1;0;0;0;1;0;0;0;0;0;0;0;0;0;0;0;0;0;0;1;0;0;0;1;0;0;0;0;0;0;0;1;0;0;0;0;0;0;0;0;0;0;0;0;0;0;0;1;0;1;0;0;1;0;0;0;0;0;0;0;0;0;0;0;0;0;0;0;0;0;0;0;0;0;0.0;0.0;0
42120;Lead and Gold: Gangs of the Wild West;;;;0.57;0;100000;0;71.83;1573;617;0;81;0;5;none;0;0;0;1.5;1;Novato;294;1;0;0;0;0;0;0;0;0;0;0;0;0;0;0;1;0;0;0;0;1;1;1;0;0;0;0;0;0;0;0;0;0;0;0;0;0;0;0;0;0;0;0;0;0;0;1;1;0;1;0;0;0;0;0;0;0;0;0;0;1;0;1;0;0;0;0;1;0;0;0;1;0;0;0;0;0;0;73;40;33;35;0;27;8.39;0.548;1
521210;Timore 5;;;;6.29;0;20000;0;73.39;91;33;0;0;1;1;none;0;0;0;2.0;1;Novato;336;0;0;0;0;1;0;0;0;0;0;0;0;0;0;1;0;0;0;0;0;0;0;0;0;0;1;0;0;0;0;0;0;0;0;0;0;0;1;0;0;0;0;0;0;0;0;0;0;0;0;0;0;0;0;0;0;0;0;0;0;0;0;0;0;0;0;0;0;0;0;0;1;0;0;0;0;0;0;18;10;8;3;0;12;2.61;0.556;0
3330280;Free Solitaire;;;;0.0;1;20000;79;97.31;253;7;0;11;6;72;none;0;0;0;4.0;1;Novato;83;0;0;1;0;0;0;0;0;0;0;0;0;0;0;1;0;0;0;0;0;0;1;1;0;0;0;0;0;0;0;0;0;0;0;0;0;0;0;0;0;0;0;0;0;0;0;0;0;0;0;0;0;0;0;0;0;0;1;0;0;1;1;0;0;0;0;0;0;0;0;1;0;0;1;0;0;0;0;710;687;23;710;0;19;27.4;0.968;0
342630;Witch's Pranks: Frog's Fortune Collector's Edition;;;;3.99;0;20000;0;84.17;218;41;0;0;0;7;none;0;0;0;0.25;1;Novato;174;0;1;1;0;1;0;0;0;0;0;0;0;0;0;1;0;0;0;0;0;0;0;0;0;0;0;0;0;0;0;0;0;0;0;0;0;0;0;0;0;0;0;0;0;0;0;0;0;0;0;0;0;0;0;0;0;0;1;1;0;0;0;0;0;0;0;0;0;0;0;1;1;0;0;0;0;0;0;27;23;4;9;0;17;4.45;0.852;0
801610;Amigo Fishing;;;;0.0;1;20000;0;44.9;22;27;0;0;0;9;none;0;0;0;8.0;1;Novato;287;0;0;1;0;0;0;0;0;1;0;0;0;0;0;1;1;0;0;0;0;0;0;0;0;1;0;0;0;0;0;0;0;0;0;0;0;0;0;0;0;0;0;0;0;0;0;0;0;0;0;0;0;1;0;0;0;0;0;0;0;0;0;0;0;0;0;0;0;0;0;1;0;0;1;1;0;0;0;11;7;4;11;0;10;6.04;0.636;0
842530;Police Patrol;;;;0.99;0;20000;0;23.08;12;40;0;0;0;1;none;0;0;0;2.0;1;Novato;174;1;0;1;0;1;0;0;1;0;0;0;0;0;0;1;0;0;0;0;0;0;0;0;0;0;0;0;0;0;0;0;0;0;0;0;0;0;0;0;0;0;0;0;0;0;0;0;0;0;0;0;0;0;0;0;0;1;0;0;0;0;0;0;0;0;0;0;0;0;0;1;1;0;0;0;0;0;0;2;1;1;1;0;2;0.56;0.5;0
512270;Home - A VR Spacewalk;;;;0.0;1;100000;0;69.78;291;126;0;0;0;1;none;0;0;0;4.0;1;Novato;156;1;1;0;0;0;0;0;0;0;0;0;0;0;0;1;0;0;0;0;0;0;0;0;0;0;0;0;0;0;0;0;0;0;0;0;0;0;0;0;0;0;0;0;0;0;0;0;0;0;0;0;0;0;0;0;0;0;0;0;0;0;0;0;0;0;0;0;0;0;0;0;0;0;0;1;0;0;0;77;47;30;77;0;28;1.73;0.61;1
757690;Limit of defense;;;;2.99;0;20000;0;33.33;1;2;0;0;1;1;none;0;0;0;0.5;1;Novato;134;0;0;0;0;1;0;0;0;0;0;0;0;0;0;1;0;0;0;0;0;0;0;0;0;0;0;0;0;0;0;0;0;0;0;0;0;0;0;0;0;0;0;0;0;0;0;0;0;0;0;0;0;0;0;0;0;0;0;0;0;0;0;0;0;0;0;0;0;0;0;0;1;0;0;0;0;0;0;2;0;2;0;0;1;2.25;0.0;0
976160;Beer Bar;;;;0.89;0;50000;0;47.92;23;25;0;4;1;103;none;0;0;0;0.5;1;Novato;99;0;0;0;0;0;0;0;0;1;0;0;0;0;0;1;0;0;0;0;0;0;1;0;0;0;0;0;0;0;0;0;0;0;0;0;0;0;0;0;0;0;0;0;0;0;0;0;1;0;0;0;0;1;0;0;0;0;0;0;0;0;1;0;0;0;0;0;0;0;0;1;0;0;0;0;0;0;0;18;12;6;12;0;11;6.64;0.667;1
590430;BeefeaterXO;;;;0.0;1;50000;0;70.37;19;8;0;0;0;2;none;0;0;0;0.01;1;Novato;186;0;1;0;0;0;0;0;0;0;0;0;0;0;0;1;0;0;0;0;0;0;0;0;0;0;0;0;0;0;0;0;0;0;0;0;0;0;0;0;0;0;0;0;0;0;0;0;0;0;0;0;0;0;0;0;0;0;0;0;0;0;0;0;0;0;0;0;0;0;0;0;0;0;0;1;0;0;0;10;8;2;10;0;9;3.98;0.8;1
2510710;Kunitsu-Gami: Path of the Goddess;;;;29.99;0;100000;34;92.69;1902;150;0;48;1;13;full;0;0;0;8.0;1;Novato;140;1;0;0;0;0;0;0;0;0;0;1;0;0;0;1;0;0;0;0;1;0;1;1;0;0;1;0;0;0;0;0;0;0;0;0;0;0;0;0;0;0;1;1;0;0;0;0;0;0;0;0;0;0;0;0;0;0;0;0;0;0;0;1;0;0;0;0;0;0;0;0;0;0;0;0;0;0;0;1000;929;71;756;0;20;22.95;0.929;1
1294880;Blind Fate: Edo no Yami;;;;19.99;0;20000;0;63.16;108;63;0;27;0;10;full;0;0;0;8.0;1;Novato;222;1;1;0;0;0;0;0;0;0;0;0;0;0;0;1;0;0;0;0;1;0;1;1;0;0;0;0;0;0;0;0;0;0;1;0;0;0;0;0;0;0;0;0;0;0;0;0;0;0;0;0;0;0;0;0;0;0;0;0;0;0;0;1;0;0;0;1;0;0;1;0;0;0;0;0;0;0;0;45;19;26;25;0;23;4.65;0.422;0
1493970;The Chameleon;;;;2.49;0;20000;0;90.64;155;16;0;8;1;1;full;0;0;0;8.0;1;Novato;202;0;0;0;0;1;0;0;0;0;0;0;0;0;0;1;0;0;0;0;1;0;1;0;0;0;0;0;0;0;1;1;0;0;0;0;0;0;0;0;0;0;0;0;0;0;0;0;0;0;0;0;0;0;0;0;0;0;0;0;0;0;0;1;0;0;0;0;0;0;0;0;1;0;0;0;0;0;1;49;47;2;46;0;22;2.7;0.959;0
1278930;Math Puzzle Alpha Challenge;;;;0.99;0;50000;0;60.0;3;2;0;0;0;1;none;0;0;0;1.0;1;Novato;184;0;0;1;0;1;0;0;0;0;0;1;0;0;0;1;0;0;0;0;0;0;0;0;0;0;0;0;0;0;0;0;0;0;0;0;0;0;0;0;0;0;1;0;0;0;0;0;0;0;0;0;0;0;0;0;0;0;1;0;0;0;0;0;0;0;0;0;0;0;0;1;1;0;0;0;0;0;0;0;0;0;0;0;0;0.0;0.0;1
288790;White Haven Mysteries;;;;2.49;0;20000;0;53.85;56;48;0;0;0;1;none;0;0;0;0.5;1;Novato;35;0;1;0;0;0;0;0;0;0;0;0;0;0;0;1;0;0;0;0;0;0;0;0;0;0;0;0;0;0;0;0;0;0;0;0;0;0;0;0;0;0;0;0;0;0;0;0;0;0;0;0;0;0;0;0;0;0;0;1;0;0;0;0;0;0;0;0;0;0;0;0;0;0;0;0;0;0;0;11;7;4;9;0;8;3.35;0.636;0
1907230;An Uninvited Guest;;;;1.59;0;20000;0;91.3;21;2;0;15;0;1;none;0;0;0;0.0;1;Novato;129;1;0;0;0;1;0;0;0;0;0;0;0;0;0;1;0;0;0;0;0;0;1;0;0;0;0;0;0;0;1;0;0;0;0;0;0;0;1;0;0;0;0;0;0;0;0;0;0;0;0;0;0;0;0;0;0;0;1;1;0;0;0;1;0;0;0;1;1;0;1;0;1;0;0;0;0;0;1;6;5;1;6;0;5;5.23;0.833;0
272010;Aveyond 3-1: Lord of Twilight;;;;5.79;0;50000;1;68.6;118;54;0;1;0;1;none;0;0;0;0.25;1;Novato;211;0;1;1;0;1;0;1;0;0;0;0;0;0;0;1;0;0;0;0;0;0;1;0;0;0;0;0;0;0;0;0;0;0;0;0;0;0;0;1;0;0;0;0;0;0;0;0;0;0;0;0;0;0;0;0;0;0;0;0;0;1;1;0;0;0;0;0;0;0;0;1;1;0;0;0;0;0;0;22;19;3;16;0;16;23.18;0.864;1
2807110;Clocked;;;;4.49;0;50000;0;100.0;3;0;0;30;2;2;full;0;0;0;8.0;1;Novato;257;0;1;1;0;1;0;0;0;0;0;0;0;0;0;1;0;0;0;0;1;0;1;0;0;0;0;0;0;0;0;0;0;0;1;0;0;0;0;0;0;0;0;0;0;0;0;0;0;0;0;0;0;0;0;0;0;0;1;0;0;0;0;1;0;0;0;0;0;0;0;1;1;0;0;0;0;0;0;3;3;0;2;0;3;5.02;1.0;1
1424250;Puzzzle;;;;0.0;1;20000;0;68.18;30;14;0;8;0;1;none;0;0;0;2.0;1;Novato;90;0;0;1;0;1;0;0;0;1;0;0;0;0;0;1;0;0;0;0;0;0;1;0;0;0;0;0;0;0;0;0;0;0;0;0;0;0;0;0;0;0;0;0;1;0;0;0;0;0;0;0;0;1;0;0;0;0;1;0;0;0;1;0;0;0;0;0;0;0;0;1;1;0;1;0;0;0;0;7;7;0;7;0;6;3.33;1.0;0
1092980;Mountain Taxi Driver;;;;4.49;0;20000;0;74.25;222;77;0;0;0;5;none;0;0;0;3.0;1;Novato;245;1;1;1;0;1;0;0;1;1;1;0;0;0;0;1;0;0;0;0;0;1;0;0;0;0;0;1;0;0;0;0;0;0;0;0;0;0;0;0;0;0;0;0;0;0;0;0;0;0;0;0;0;1;1;0;1;1;0;0;0;0;0;0;1;0;0;0;1;1;0;1;1;0;0;0;0;0;0;52;38;14;20;0;26;0.91;0.731;0
332410;Moonchild;;;;0.46;0;50000;0;75.48;117;38;0;23;3;1;full;0;0;0;0.12;1;Novato;208;0;1;1;0;1;0;1;0;0;0;0;0;0;0;1;0;0;0;0;1;0;1;1;0;0;1;0;0;0;0;0;0;0;1;0;0;0;0;1;0;0;0;0;0;0;0;0;0;0;0;0;0;0;0;0;0;0;0;0;0;1;0;0;0;0;0;0;0;0;0;1;1;0;0;0;0;0;0;15;10;5;10;0;14;15.41;0.667;1
1883420;The Oathkeeper;;;;0.52;0;20000;0;0.0;0;2;0;0;0;1;none;0;0;0;0.12;1;Novato;252;0;0;0;0;1;0;1;0;0;0;0;0;0;0;1;0;0;0;0;0;1;0;0;0;0;0;0;0;0;0;0;0;0;0;0;0;0;0;1;0;0;0;0;0;0;0;0;0;0;0;0;0;0;0;0;0;0;0;0;0;1;1;0;0;0;0;0;0;0;0;0;1;0;0;0;0;0;0;0;0;0;0;0;0;0.0;0.0;0
418120;Cally's Caves 3;;;;6.99;0;20000;0;80.99;443;104;0;64;1;1;full;0;0;0;1.0;1;Novato;280;1;1;0;0;1;0;1;0;0;0;0;0;0;0;1;0;0;0;0;1;0;1;1;0;0;1;0;0;0;0;0;0;0;0;0;0;0;0;1;0;0;0;0;1;1;0;0;0;0;0;0;0;0;0;0;0;0;0;0;0;0;1;0;0;0;0;0;0;0;0;0;1;0;0;0;0;0;0;29;24;5;23;0;16;10.32;0.828;0
1802330;INVITATION To FEAR;;;;4.99;0;100000;0;59.36;260;178;0;13;0;13;none;0;0;0;8.0;1;Novato;274;1;0;0;0;1;0;0;0;0;0;0;0;0;0;1;1;1;1;0;0;1;1;0;0;0;0;0;0;0;1;0;0;0;0;0;0;0;1;0;0;0;0;0;0;0;0;1;1;0;0;0;0;0;0;0;0;0;1;0;0;0;0;0;0;0;0;1;0;0;0;0;0;0;0;0;0;1;1;115;55;60;105;0;27;13.34;0.478;1
585910;Wild Guns Reloaded;;;;14.99;0;50000;1;87.31;392;57;0;30;0;2;none;0;0;0;1.0;1;Novato;228;1;0;0;0;0;0;0;0;0;0;0;0;0;0;1;1;1;0;0;0;1;1;1;0;0;1;1;1;0;0;0;0;0;0;0;0;0;0;0;0;0;0;0;0;0;0;0;0;1;0;0;0;0;0;0;0;0;0;0;0;0;1;0;0;0;0;0;0;0;1;0;0;0;0;0;0;0;0;107;97;10;91;0;29;8.02;0.907;1
522210;Serial Cleaner;;;;7.99;0;1000000;6;86.05;3244;526;0;28;2;8;full;0;0;0;2.0;1;Novato;293;1;0;0;0;1;0;0;0;0;0;0;0;0;0;1;0;0;0;0;1;0;1;1;0;0;1;0;0;0;0;0;0;0;0;0;0;0;0;0;0;0;0;0;0;0;0;0;1;0;0;0;0;0;0;0;0;0;1;0;0;0;1;0;0;0;0;0;0;0;0;1;1;0;0;0;0;0;1;1000;766;234;411;0;27;7.64;0.766;1
3146680;Delivery Point Simulator;;;;1.49;0;20000;0;33.33;1;2;0;9;0;3;none;0;0;0;4.0;1;Novato;263;0;0;0;0;1;0;1;0;1;0;0;0;0;0;1;0;0;0;0;0;0;1;0;0;0;0;0;0;0;1;1;0;0;0;0;0;0;0;1;0;0;0;0;0;0;0;0;0;0;0;0;1;1;1;0;0;0;0;0;0;0;0;1;0;0;0;0;0;0;0;0;0;0;0;0;0;0;0;4;2;2;2;0;3;0.84;0.5;0
980380;HelpTheAlien;;;;2.99;0;20000;0;0.0;0;1;0;16;0;1;none;0;0;0;4.0;1;Novato;106;0;0;1;0;0;0;0;0;0;0;0;0;0;0;1;0;0;0;0;0;0;1;0;0;0;0;0;0;0;0;0;0;0;0;0;0;0;0;0;0;0;0;0;0;0;0;0;0;0;0;0;0;0;0;0;0;0;0;0;0;0;0;0;0;0;0;0;0;0;0;1;1;0;0;0;0;0;0;0;0;0;0;0;0;0.0;0.0;0
489370;Quarantine;;;;9.99;0;20000;0;59.35;254;174;0;22;0;9;none;0;0;0;4.0;1;Novato;256;0;0;0;0;0;0;1;0;1;0;1;0;0;0;1;0;0;0;0;0;0;1;0;1;0;0;0;0;0;0;0;0;0;0;0;0;1;0;1;0;0;1;0;0;0;0;0;0;0;0;0;0;1;0;0;0;0;0;0;0;0;0;0;0;0;0;1;1;0;1;0;1;1;0;0;0;0;0;25;13;12;10;0;20;3.73;0.52;0
924800;TITANIC Shipwreck Exploration;;;;19.99;0;50000;0;79.59;78;20;0;0;0;1;full;0;0;0;8.0;1;Novato;263;0;0;0;0;0;0;0;0;1;0;0;0;0;0;1;0;0;0;0;1;0;0;0;0;0;0;0;0;0;0;0;0;0;0;0;0;0;0;0;0;0;0;0;0;0;0;0;0;0;0;0;0;1;0;0;0;0;0;0;0;0;0;0;0;0;0;0;0;0;0;0;0;0;0;0;0;0;0;20;18;2;20;0;14;5.54;0.9;1
628750;aMAZE 2;;;;1.99;0;200000;3;85.7;659;110;0;180;0;103;full;0;0;0;2.0;1;Novato;101;0;1;1;0;1;0;0;0;1;0;1;0;0;0;1;0;0;0;0;1;0;1;1;0;0;1;0;0;0;0;0;0;0;0;0;0;0;0;0;0;0;1;0;0;0;0;0;0;0;0;0;0;0;0;0;0;0;1;0;0;0;1;0;0;0;0;0;1;1;1;0;0;0;0;0;0;0;0;169;147;22;121;0;29;21.23;0.87;1
1162130;Windbound;;;;14.99;0;50000;2;59.2;653;450;0;29;0;10;full;0;0;0;4.0;1;Novato;152;0;1;0;0;1;0;1;0;0;0;0;0;0;0;1;0;0;0;0;1;0;0;0;0;0;0;0;0;0;0;1;1;0;0;0;0;1;0;1;0;0;0;0;0;0;0;0;1;0;0;0;0;0;0;0;0;0;0;0;0;0;0;0;0;0;0;0;0;0;0;0;1;0;0;0;0;0;0;182;111;71;158;0;29;12.33;0.61;1
1705620;EbonSide;;;;19.99;0;20000;0;100.0;3;0;0;40;0;1;full;0;0;0;2.0;1;Novato;237;1;1;1;0;1;0;1;0;0;0;1;0;0;0;1;0;0;0;0;1;0;0;0;0;0;0;0;0;0;0;0;0;0;0;0;0;0;0;1;0;0;1;0;0;0;0;0;0;0;0;0;0;0;0;0;0;0;0;0;0;0;1;0;0;0;0;0;0;0;0;0;0;0;0;0;0;0;0;1;1;0;0;0;1;6.13;1.0;0
1765520;Flippin Misfits;;;;2.49;0;20000;0;41.83;64;89;0;4;0;17;full;0;0;0;8.0;1;Novato;260;1;0;0;0;0;0;0;0;0;0;0;0;0;0;0;1;0;0;0;1;0;0;0;0;0;0;0;0;0;0;0;0;0;0;0;0;0;0;0;0;0;0;0;0;0;0;0;1;0;1;0;0;0;0;0;0;0;0;0;0;0;0;1;0;0;0;0;0;0;0;0;0;0;0;0;0;0;0;17;8;9;7;0;12;1.98;0.471;0
46750;Dark Fall: Lost Souls;;;;6.69;0;50000;0;61.33;157;99;0;0;1;4;none;0;0;0;0.5;1;Novato;226;0;1;0;0;1;0;0;0;0;0;0;0;0;0;1;0;0;0;0;0;0;0;0;0;0;1;0;0;0;1;0;0;0;0;0;0;0;1;0;0;0;0;0;0;0;0;0;0;0;0;0;0;0;0;0;0;0;1;1;0;0;0;0;0;0;0;0;1;0;0;0;1;0;0;0;0;0;0;30;17;13;20;0;17;8.06;0.567;1
1057990;Viking Trickshot;;;;0.0;1;200000;0;90.16;55;6;0;69;1;1;none;0;0;0;0.0;1;Novato;300;1;0;1;0;1;0;0;0;1;1;0;0;0;0;1;1;0;0;0;0;0;1;1;0;0;0;1;0;0;0;0;0;0;0;0;0;0;0;0;0;0;0;0;0;0;0;0;1;0;1;0;0;0;0;0;1;0;0;0;0;0;0;0;0;0;0;0;0;0;1;1;0;0;0;0;0;0;0;12;11;1;12;0;9;2.7;0.917;1
339790;rFactor;;;;24.99;0;20000;12;91.34;738;70;0;24;0;7;none;0;0;0;1.0;1;Novato;220;0;0;0;0;0;0;0;1;1;1;0;0;0;0;1;1;0;0;0;0;0;1;0;0;0;0;0;0;0;0;0;0;0;0;0;0;0;0;0;0;0;0;0;0;0;0;0;1;0;0;0;0;1;0;0;1;1;0;0;0;0;0;0;1;0;0;0;0;0;0;0;0;0;0;1;0;0;0;165;159;6;151;0;29;73.64;0.964;0
1911860;Grit and Valor - 1949;;;;12.99;0;20000;6;79.61;203;52;0;42;3;14;full;0;0;0;8.0;1;Novato;292;1;0;1;0;0;0;0;0;0;0;1;0;0;0;1;0;0;0;0;1;0;1;1;0;0;0;0;0;0;0;0;0;0;0;0;0;0;0;0;0;0;1;1;0;0;0;0;0;0;0;0;0;0;0;0;0;0;0;0;0;0;0;0;0;0;0;0;0;0;0;1;0;0;0;0;0;0;0;320;250;70;271;0;14;7.67;0.781;0
345820;Shantae and the Pirate's Curse;;;;10.49;0;50000;5;92.99;2653;200;0;44;0;5;full;0;0;0;1.0;1;Novato;205;1;1;0;0;1;0;1;0;0;0;0;0;0;0;1;0;0;0;0;1;0;1;1;0;0;1;0;0;0;0;0;0;0;0;0;0;0;0;1;0;0;0;0;1;1;0;0;0;0;0;0;0;0;0;0;0;0;0;0;0;1;1;0;0;0;0;0;0;0;1;0;1;0;0;0;0;0;0;506;455;51;293;0;29;12.96;0.899;1
3189010;The Mansion of The Macabre;;;;7.99;0;50000;0;33.33;1;2;0;18;0;5;full;0;0;0;8.0;1;Novato;159;1;1;0;0;1;0;0;0;0;0;0;0;0;0;1;0;0;0;0;1;0;1;1;0;0;0;0;0;0;0;0;0;0;1;0;0;0;1;0;0;0;0;0;1;0;0;0;0;0;0;0;0;0;0;0;0;0;1;0;0;0;0;1;0;0;0;0;1;0;0;0;0;0;0;0;0;0;0;7;4;3;5;0;5;7.22;0.571;1
738880;Pain of War;;;;0.0;1;20000;1;58.24;53;38;0;22;2;3;none;0;0;0;2.0;1;Novato;85;1;1;0;0;0;0;0;0;0;0;0;0;0;0;1;0;0;0;0;0;1;1;0;0;0;0;0;0;0;0;0;0;0;0;0;0;0;1;0;0;0;0;0;0;0;0;0;0;0;0;0;0;0;0;0;0;0;0;0;0;0;0;0;0;0;0;0;0;0;0;0;0;0;0;0;0;0;0;16;7;9;16;0;12;4.47;0.438;0
3268710;My Bloody Weekend 2;;;;1.49;0;20000;0;100.0;5;0;0;0;0;1;none;0;0;0;0.0;1;Novato;304;1;1;0;0;1;0;0;0;0;0;0;0;0;0;1;0;0;0;0;0;0;0;0;0;0;0;0;0;0;0;0;0;0;0;0;0;0;1;0;0;0;0;0;0;0;0;0;0;0;0;0;0;0;0;0;0;0;0;0;0;0;0;0;0;0;0;1;0;0;0;0;1;0;0;0;0;0;0;8;8;0;4;0;7;0.9;1.0;0
2547120;修炼成仙;;;;1.49;0;20000;36;70.93;122;50;0;0;0;1;none;0;0;0;2.0;1;Novato;99;0;0;1;0;1;0;0;0;1;0;0;0;0;1;1;0;0;0;0;0;0;0;0;0;0;0;0;0;0;0;0;0;0;0;0;0;0;0;0;0;0;0;0;0;0;0;0;0;0;0;0;0;1;0;0;0;0;0;0;0;0;1;0;0;0;0;0;0;0;0;1;1;1;0;0;0;0;0;121;77;44;121;121;23;295.72;0.636;0
430070;Never Again;;;;13.99;0;100000;1;80.65;671;161;0;24;1;4;full;0;0;0;4.0;1;Novato;175;0;1;0;0;1;0;0;0;0;0;0;0;0;0;1;0;0;0;0;1;0;1;0;0;0;1;0;0;0;1;0;0;0;1;0;0;0;1;0;0;0;0;0;0;0;0;0;0;0;0;0;0;0;0;0;0;0;1;0;0;0;0;0;0;0;0;1;1;0;0;0;1;0;0;0;0;0;1;183;138;45;174;0;29;9.02;0.754;1
1528900;Charge Champs;;;;2.99;0;20000;0;100.0;2;0;0;0;0;1;full;0;0;0;2.0;1;Novato;179;1;0;1;0;1;0;0;0;0;0;0;0;0;0;1;1;0;0;0;1;0;0;0;0;0;0;1;0;0;0;0;0;0;0;0;0;0;0;0;0;0;0;0;0;0;0;0;1;0;1;0;0;0;0;0;0;0;0;0;0;0;1;0;0;0;1;0;0;0;0;1;1;0;0;0;0;0;0;0;0;0;0;0;0;0.0;0.0;0
247240;Volgarr the Viking;;;;9.99;0;200000;2;81.38;1967;450;0;20;0;1;full;0;0;0;1.0;1;Novato;284;1;1;0;0;1;0;0;0;0;0;0;0;0;0;1;0;0;0;0;1;0;1;0;0;0;1;0;0;0;0;0;0;0;0;0;0;0;0;0;0;0;0;0;1;1;0;0;0;0;0;0;0;0;0;0;0;0;0;0;0;0;1;0;0;0;0;0;0;0;1;0;1;0;0;0;0;0;0;116;87;29;84;0;26;11.49;0.75;1
464440;Annie Amber;;;;2.99;0;20000;0;61.62;61;38;0;8;0;27;full;0;0;0;4.0;1;Novato;271;0;1;1;0;1;0;0;0;0;0;0;0;0;0;1;0;0;0;0;1;0;1;0;0;0;1;0;0;0;0;0;0;0;0;0;0;0;0;0;0;0;0;0;0;0;0;0;0;0;0;0;0;0;0;0;0;0;0;0;0;0;0;0;0;0;0;0;0;0;0;1;1;0;0;1;0;0;0;9;8;1;8;0;8;4.12;0.889;0
925460;Vectronom;;;;9.99;0;50000;2;96.07;293;12;0;20;2;27;none;0;0;0;4.0;1;Novato;245;1;0;1;0;1;0;0;0;0;0;0;0;0;0;1;1;1;0;0;0;1;1;1;0;0;0;1;1;0;0;0;0;0;0;0;0;0;0;0;0;0;0;0;1;0;0;1;0;0;1;0;0;0;0;0;0;0;1;0;0;0;0;0;0;0;0;0;0;0;1;1;0;0;0;0;0;0;0;55;52;3;41;0;24;6.18;0.945;1
1377280;Electioneering;;;;14.99;0;50000;0;42.86;3;4;0;0;0;1;none;0;0;0;8.0;1;Novato;273;0;0;0;0;1;0;0;0;1;0;1;0;0;1;1;0;0;0;0;0;0;0;0;0;0;0;0;0;0;0;0;0;0;0;0;0;0;0;0;0;0;1;0;0;0;0;0;0;0;0;0;0;1;1;0;0;0;0;0;0;0;0;0;0;0;0;1;0;0;0;0;1;1;0;0;0;0;0;0;0;0;0;0;0;0.0;0.0;1
2630080;They Are Coming;;;;2.99;0;20000;10;90.95;372;37;0;0;0;12;none;0;0;0;2.0;1;Novato;192;1;0;0;0;1;0;0;0;0;0;0;0;0;1;1;0;0;0;0;0;0;0;0;0;0;0;0;0;0;0;0;0;0;0;0;0;1;0;0;0;0;1;1;0;0;0;0;0;0;0;0;1;0;0;0;0;0;0;0;0;0;1;0;0;0;0;0;0;0;0;0;1;1;0;0;0;0;0;448;400;48;435;448;29;9.54;0.893;0
873940;Crying Suns;;;;7.49;0;200000;12;85.87;3664;603;0;79;2;7;none;0;0;0;4.0;1;Novato;282;0;0;0;0;1;0;0;0;0;0;1;0;0;0;1;0;0;0;0;0;0;1;1;0;0;1;0;0;0;0;0;0;0;1;0;0;0;0;0;0;0;1;0;0;0;0;0;0;0;0;0;0;0;0;0;0;0;0;0;0;0;1;0;0;0;0;1;0;0;0;0;1;0;0;0;0;0;0;660;559;101;439;0;29;24.25;0.847;1
586240;Soul Searching;;;;5.79;0;20000;1;86.51;263;41;0;8;1;2;full;0;0;0;1.0;1;Novato;82;0;0;0;0;1;0;0;0;0;0;0;0;0;0;1;1;1;0;0;1;0;1;0;0;0;1;1;1;0;0;0;0;0;1;0;0;1;0;0;0;0;0;0;0;0;0;0;0;1;0;0;0;0;0;0;0;0;0;0;0;0;0;0;0;0;0;0;0;0;0;0;1;0;0;0;0;0;0;36;29;7;14;0;21;7.62;0.806;0
266390;Farm for your Life;;;;9.99;0;50000;0;81.6;519;117;0;26;0;4;none;0;0;0;1.0;1;Novato;317;0;0;1;0;1;0;0;0;1;0;1;0;0;0;1;0;0;0;0;0;0;1;0;0;0;0;0;0;0;0;0;1;0;0;0;0;1;0;0;0;0;1;1;0;0;0;0;0;0;0;0;0;1;1;0;0;0;0;0;0;0;0;0;0;0;0;0;0;0;0;1;1;0;0;0;0;0;0;29;26;3;25;0;16;24.25;0.897;1
1731520;Ark Mobius: Censored Edition;;;;2.99;0;50000;1;94.17;937;58;0;37;2;4;none;0;0;0;4.0;1;Novato;305;1;1;1;0;1;0;1;0;0;0;0;0;0;0;1;0;0;0;0;0;0;0;1;0;0;0;0;0;0;0;0;0;0;0;0;0;0;0;1;0;0;0;0;0;0;0;0;0;0;0;0;0;0;0;0;0;0;0;0;1;1;0;0;0;0;0;0;0;0;0;1;1;0;0;0;0;1;0;119;109;10;118;0;26;4.4;0.916;1
2052990;My Lovely Empress;;;;9.49;0;20000;4;83.52;223;44;0;41;2;3;none;0;0;0;8.0;1;Novato;298;0;0;0;0;1;0;0;0;1;0;1;0;0;0;1;0;0;0;0;0;1;1;1;0;0;0;0;0;0;0;0;0;0;1;0;0;0;0;0;0;0;1;0;0;0;0;0;0;0;0;0;0;1;1;0;0;0;0;1;1;0;0;0;0;0;0;0;0;0;0;0;1;0;0;0;0;0;0;301;247;54;252;0;22;9.57;0.821;0
267490;Batman™: Arkham Origins Blackgate - Deluxe Edition;;;;19.99;0;200000;8;42.31;1178;1606;0;30;0;6;full;0;0;0;2.0;1;Novato;154;1;1;0;0;0;0;0;0;0;0;0;0;0;0;1;0;0;0;0;1;0;1;1;0;0;1;0;0;0;0;0;0;0;0;0;0;0;0;0;0;0;0;0;1;1;0;0;0;0;0;0;0;0;0;0;0;0;0;0;0;0;0;0;0;0;0;1;0;0;0;0;0;0;0;0;0;0;1;716;327;389;434;0;29;11.7;0.457;1
782340;Lake of Voices;;;;0.0;1;100000;0;95.11;564;29;0;24;0;1;none;0;0;0;0.51;1;Novato;266;0;0;1;0;1;0;0;0;0;0;0;0;0;0;1;0;0;0;0;0;0;1;0;0;0;0;0;0;0;0;0;0;0;0;0;0;0;1;0;0;0;0;0;0;0;0;0;0;0;0;0;0;0;0;0;0;0;0;0;1;0;0;0;0;0;0;1;1;0;0;1;1;0;1;0;0;0;0;114;110;4;114;0;29;6.97;0.965;1
2722270;永恒幻境 Eternal Dreamland;;;;6.2;0;20000;6;51.65;172;161;0;0;0;2;none;0;0;0;8.0;1;Novato;283;1;1;0;0;1;0;1;0;0;0;0;0;0;0;1;0;0;0;0;0;1;0;1;0;0;0;0;0;0;0;0;0;0;0;0;0;0;0;1;0;0;0;0;0;0;0;0;0;0;0;0;0;0;0;0;0;0;0;0;0;0;0;1;0;0;0;0;0;1;0;0;1;0;0;0;0;0;0;369;189;180;367;0;25;5.14;0.512;0
367000;Fine Sweeper;;;;5.99;0;20000;1;87.97;395;54;0;19;0;9;none;0;0;0;1.0;1;Novato;148;0;0;1;0;1;0;0;0;0;0;0;0;0;0;1;0;0;0;0;0;1;1;1;0;0;1;0;0;0;0;0;0;0;0;0;0;0;0;0;0;0;1;0;0;0;0;0;0;0;0;0;0;0;0;0;0;0;1;0;0;0;1;0;0;0;0;0;0;1;0;1;1;0;0;0;0;0;0;19;15;4;16;0;14;226.74;0.789;0
562220;Zup! 2;;;;1.49;0;200000;1;95.57;5994;278;0;229;1;103;none;0;0;0;0.25;1;Novato;39;0;0;1;0;1;0;0;0;0;0;0;0;0;0;1;0;0;0;0;0;0;1;1;0;0;1;0;0;0;0;1;0;0;0;0;0;0;1;0;0;0;0;0;0;0;0;0;0;0;0;0;0;0;0;0;0;0;1;1;0;0;1;0;0;0;0;0;0;1;0;1;1;0;1;0;0;0;0;575;544;31;551;0;29;6.17;0.946;1
384080;Industry Manager: Future Technologies;;;;7.99;0;100000;1;58.39;181;129;0;79;1;12;none;0;0;0;4.0;1;Novato;209;0;0;0;0;0;0;0;0;1;0;0;0;0;0;1;0;0;0;0;0;0;1;0;0;0;1;0;0;0;0;1;0;0;0;0;0;0;0;0;0;0;0;0;0;0;0;0;0;0;0;0;0;1;1;0;0;0;0;0;0;0;0;0;1;0;0;0;0;0;0;0;0;0;0;0;0;0;0;21;12;9;16;0;15;28.52;0.571;1
1803420;They Look Like People;;;;1.99;0;50000;0;70.37;19;8;0;0;0;1;none;0;0;0;4.0;1;Novato;209;0;0;0;0;1;0;0;0;0;0;0;0;0;0;1;0;0;0;0;0;0;0;0;0;0;0;0;0;0;1;0;0;0;0;0;0;0;1;0;0;0;0;0;0;0;0;0;0;0;0;0;0;0;0;0;0;0;0;0;0;0;0;1;0;0;0;0;1;0;0;1;0;0;0;0;0;0;0;5;3;2;5;0;4;0.62;0.6;1
812870;Sentinels of Freedom;;;;24.99;0;20000;0;74.9;197;66;0;27;0;1;full;0;0;0;4.0;1;Novato;249;1;1;0;0;1;0;1;0;1;0;1;0;0;0;1;0;0;0;0;1;0;1;1;0;0;0;0;0;0;0;0;0;0;0;0;0;0;0;1;0;0;1;0;0;0;0;0;0;0;0;0;0;1;0;0;0;0;0;0;0;0;0;0;0;0;0;0;0;0;0;0;1;0;0;0;0;0;0;6;0;6;5;0;5;6.19;0.0;0
1612730;GunFu Fighter;;;;2.99;0;50000;0;77.78;28;8;0;15;0;8;none;0;0;0;8.0;1;Novato;225;1;0;0;0;1;0;0;0;0;0;0;0;0;0;1;0;0;0;0;0;0;1;0;0;0;0;0;0;0;1;0;0;0;0;0;0;0;0;1;1;0;0;0;0;0;0;0;0;0;0;0;0;0;0;0;0;0;0;0;0;0;0;0;0;0;0;0;0;0;0;0;0;0;0;0;0;1;1;10;6;4;9;0;10;1.55;0.6;1
1308500;Soul Elegy;;;;9.89;0;50000;0;61.45;153;96;0;0;0;2;none;0;0;0;1.0;1;Novato;208;0;1;0;0;1;0;0;0;0;0;1;0;0;0;1;0;0;0;0;0;0;0;0;0;0;0;0;0;0;0;0;0;0;0;0;0;0;0;0;0;1;1;0;0;0;0;0;0;0;0;0;0;0;0;0;0;0;0;0;0;0;1;0;0;0;0;0;0;0;0;0;1;0;0;0;0;0;0;12;4;8;12;0;11;52.92;0.333;1
2701660;DRAGON QUEST III HD-2D Remake;;;;49.99;0;200000;526;74.99;2771;924;0;42;0;10;none;0;0;0;8.0;1;Novato;130;0;0;0;0;0;0;1;0;0;0;0;0;0;0;1;0;0;0;0;0;1;1;1;0;0;1;0;0;0;0;0;0;0;1;0;0;0;0;1;0;1;0;0;0;0;0;0;0;0;0;0;0;0;0;0;0;0;0;0;0;0;0;0;0;0;0;0;1;0;0;0;0;0;0;0;0;0;0;1000;831;169;806;0;11;43.62;0.831;1
2453320;Dobuki's Epic Journey;;;;1.99;0;20000;0;60.0;3;2;0;0;0;1;none;0;0;0;0.0;1;Novato;300;0;1;0;0;1;0;1;0;0;0;0;0;0;0;1;0;0;0;0;0;0;0;0;0;0;0;0;0;0;0;0;0;0;1;0;0;0;0;1;0;0;0;0;0;0;0;0;0;0;0;0;0;0;0;0;0;0;0;1;0;0;1;0;0;0;1;0;0;0;0;0;0;0;0;0;0;0;0;2;1;1;0;0;2;0.59;0.5;0
797010;Mavi's Journey;;;;0.0;1;20000;0;86.0;43;7;0;0;0;1;none;0;0;0;2.0;1;Novato;267;0;0;1;0;1;0;1;0;0;0;0;0;0;0;1;0;0;0;0;0;0;0;0;0;0;0;0;0;0;0;0;0;0;0;0;0;0;0;1;0;0;0;0;0;0;0;0;0;0;0;0;0;0;0;0;0;0;0;0;1;1;0;0;0;0;0;0;0;0;0;1;1;0;1;0;0;0;0;12;11;1;12;0;11;4.53;0.917;0
676500;Time Warpers;;;;19.99;0;100000;20;83.58;448;88;0;115;0;1;none;0;0;0;4.0;1;Novato;268;1;1;1;0;1;0;1;0;1;0;1;0;0;0;1;1;1;1;0;0;0;1;1;0;0;0;0;0;0;1;0;0;0;0;0;0;0;0;1;1;0;1;1;0;0;0;1;1;0;0;0;0;1;0;0;0;0;0;0;0;0;0;0;0;0;0;0;1;0;0;1;1;0;0;0;0;1;0;45;29;16;43;0;20;357.81;0.644;1
538070;Bad Dream: Coma;;;;2.24;0;100000;2;91.66;1957;178;0;21;0;7;none;0;0;0;1.0;1;Novato;279;0;1;1;0;1;0;0;0;0;0;0;0;0;0;1;0;0;0;0;0;0;1;0;0;0;0;0;0;0;0;0;0;0;1;0;0;0;1;0;0;0;0;0;0;0;0;0;0;0;0;0;0;0;0;0;0;0;1;1;0;0;0;0;0;0;0;1;1;0;0;1;1;0;0;0;0;0;0;316;276;40;286;0;29;7.78;0.873;1
2584260;What have you done, Father?;;;;6.69;0;20000;1;89.29;100;12;0;25;0;1;none;0;0;0;8.0;1;Novato;255;0;1;0;0;0;0;0;0;0;0;0;0;0;0;1;0;0;0;0;0;0;1;0;0;0;0;0;0;0;1;0;0;0;0;0;0;0;1;0;0;0;0;0;0;0;0;0;0;0;0;0;0;0;0;0;0;0;0;0;1;0;0;1;1;0;0;0;1;0;0;0;0;0;0;0;0;0;0;140;127;13;124;0;23;3.27;0.907;0
1268140;Lair Land Story;;;;8.55;0;20000;1;89.01;162;20;0;20;1;4;full;0;0;0;4.0;1;Novato;74;0;0;0;0;1;0;0;0;1;0;1;0;0;0;1;0;0;0;0;1;0;0;0;0;0;0;0;0;0;0;0;0;0;1;0;0;0;0;1;0;0;0;0;0;0;0;0;0;0;0;0;0;1;0;0;0;0;0;0;1;1;1;0;0;0;0;0;0;0;0;1;0;0;0;0;0;0;0;108;80;28;104;0;27;32.47;0.741;0
2414580;Power Champions;;;;1.99;0;200000;0;94.74;18;1;0;36;0;2;none;0;0;0;7.81;1;Novato;233;1;1;0;0;1;0;1;0;0;0;0;0;0;0;1;0;0;0;0;0;1;1;0;0;0;0;0;0;0;0;0;0;0;0;0;0;0;0;1;1;0;0;0;0;0;0;0;0;0;0;0;0;0;0;0;0;0;0;0;0;0;0;1;1;0;0;1;0;0;0;0;0;0;0;0;0;0;0;7;7;0;4;0;4;5.03;1.0;1
363860;MythForce;;;;10.49;0;20000;4;71.54;460;183;0;23;2;8;none;0;0;0;8.0;1;Novato;298;1;1;0;0;0;0;0;0;0;0;0;0;0;0;1;1;1;1;0;0;1;1;1;0;0;0;0;0;0;1;0;0;0;0;0;0;0;0;1;0;0;0;0;0;0;0;1;1;0;0;0;0;0;0;0;0;0;0;0;0;0;0;0;0;0;1;0;0;0;0;0;0;0;0;0;0;0;0;418;280;138;216;0;29;9.01;0.67;0
818410;Space Hole 2018;;;;2.49;0;20000;0;88.0;44;6;0;1;0;1;full;0;0;0;4.0;1;Novato;276;0;1;0;0;1;0;0;0;0;0;0;0;0;0;1;0;0;0;0;1;0;0;0;0;0;0;0;0;0;0;0;0;0;0;0;0;0;0;0;0;0;0;0;1;1;0;0;0;0;0;0;0;1;0;0;0;0;1;0;0;0;0;1;0;0;0;0;0;0;0;0;1;0;0;0;0;0;0;8;6;2;7;0;7;6.4;0.75;0
1909370;Just Power: The Papal States;;;;2.99;0;50000;0;41.67;5;7;0;0;0;3;none;0;0;0;2.0;1;Novato;211;0;0;0;0;0;0;0;0;1;0;1;0;0;0;1;0;0;0;0;0;0;0;0;0;0;0;0;0;0;0;0;0;0;0;0;0;0;0;0;0;1;1;0;0;0;0;0;0;0;0;0;0;1;1;0;0;0;0;0;0;0;1;0;0;0;0;0;0;0;0;0;0;0;0;0;0;0;0;2;1;1;2;0;2;4.2;0.5;1
572890;Pikuniku;;;;7.29;0;500000;48;95.75;9576;425;0;14;1;11;none;0;0;0;2.0;1;Novato;299;1;1;1;0;1;0;0;0;0;0;0;0;0;0;1;1;1;0;0;0;1;1;1;0;0;1;1;1;0;0;0;0;0;0;0;0;0;0;0;0;0;0;0;1;0;0;1;1;1;0;0;0;0;0;0;0;0;1;0;0;0;1;0;0;0;0;0;0;0;0;1;1;0;0;0;0;0;0;1000;955;45;854;0;11;8.28;0.955;1
851110;Idle Racing GO: Clicker Tycoon;;;;0.0;1;50000;13;51.48;331;312;0;90;0;11;none;0;0;0;4.0;1;Novato;285;0;0;1;0;0;0;0;1;1;0;0;0;0;1;1;0;0;0;0;0;0;0;0;0;1;0;0;0;0;0;0;0;0;0;0;0;0;0;0;0;0;0;0;0;0;0;0;1;0;0;0;0;1;0;0;0;1;0;0;0;0;0;0;0;0;0;0;0;0;0;1;0;1;1;0;0;0;0;117;53;64;117;117;27;273.59;0.453;1
980940;My Little Blacksmith Shop;;;;9.99;0;100000;8;71.82;790;310;0;0;0;1;none;0;0;0;8.0;1;Novato;264;0;0;1;0;0;0;0;0;1;0;0;0;0;0;1;0;0;0;0;0;1;0;0;0;0;0;0;0;0;1;1;1;0;0;0;0;1;0;1;0;0;0;0;0;0;0;0;1;0;0;0;1;1;0;0;0;0;0;0;0;0;0;1;0;0;0;0;0;1;0;1;0;1;0;0;0;0;0;297;151;146;292;160;29;14.66;0.508;1
834380;Cube Zone;;;;4.99;0;20000;0;91.18;31;3;0;6;0;5;full;0;0;0;2.0;1;Novato;243;1;0;1;0;1;0;0;0;0;0;0;0;0;0;1;0;0;0;0;1;0;1;0;0;0;0;0;0;0;0;0;0;0;0;0;0;0;0;0;0;0;1;0;1;0;0;0;0;0;0;0;0;0;0;0;0;0;1;0;0;0;0;0;0;0;0;0;0;1;0;1;1;0;0;0;0;0;0;2;2;0;1;0;2;1.25;1.0;0
1137020;My Train Arrives;;;;2.99;0;20000;0;86.17;81;13;0;68;5;3;none;0;0;0;2.0;1;Novato;147;0;0;0;0;1;0;0;0;1;0;1;0;0;0;1;0;0;0;0;0;0;1;0;0;0;0;0;0;0;0;0;0;0;0;0;0;0;0;0;0;0;1;0;0;0;0;0;0;0;0;0;0;1;1;1;0;0;0;0;0;0;0;1;0;0;0;0;0;0;0;0;1;0;0;0;0;0;0;4;4;0;4;0;4;14.76;1.0;0
717610;A Case of Distrust;;;;7.99;0;100000;3;81.87;474;105;0;10;0;1;none;0;0;0;2.0;1;Novato;156;0;1;0;0;1;0;0;0;0;0;0;0;0;0;1;0;0;0;0;0;0;1;1;0;0;1;0;0;0;0;0;0;0;1;0;0;0;0;0;0;0;0;0;0;0;0;0;0;0;0;0;0;0;0;0;0;0;0;1;1;0;1;0;0;0;0;0;1;0;0;0;0;0;0;0;0;0;0;88;69;19;40;0;26;4.04;0.784;1
350740;The Bug Butcher;;;;7.99;0;100000;0;90.45;1080;114;0;31;0;9;full;0;0;0;4.0;1;Novato;164;1;0;0;0;1;0;0;0;0;0;0;0;0;0;1;1;1;0;0;1;0;1;1;0;0;1;1;1;0;0;0;0;0;0;0;0;0;0;0;0;0;0;0;1;0;0;1;1;1;0;0;0;0;0;0;0;0;0;0;0;0;1;0;0;0;0;0;0;0;1;0;1;1;0;0;0;0;0;32;29;3;27;0;21;7.08;0.906;1
1063660;Bendy and the Dark Revival;;;;2.84;0;500000;62;93.01;12068;907;0;38;1;10;full;0;0;0;8.0;1;Novato;199;1;1;0;0;0;0;0;0;0;0;0;0;0;0;1;0;0;0;0;1;0;1;0;0;0;0;0;0;0;1;0;0;0;1;0;0;1;1;0;0;0;1;0;0;0;0;0;0;0;0;0;0;0;0;0;0;0;1;0;0;0;0;0;0;0;0;1;1;0;0;1;1;0;0;0;0;0;1;1000;902;98;870;0;5;11.69;0.902;1
24420;Aquaria;;;;9.99;0;200000;1;87.99;1312;179;0;27;0;1;none;0;0;0;0.0;1;Novato;281;0;0;0;0;1;0;0;0;0;0;0;0;0;0;1;0;0;0;0;0;1;1;0;0;0;0;0;0;0;0;1;0;0;1;0;0;0;0;0;0;0;0;0;1;1;0;0;0;0;0;0;0;0;0;0;0;0;1;0;0;0;1;0;0;0;0;0;1;0;0;0;1;0;0;0;0;0;0;89;78;11;56;0;26;23.61;0.876;1
3247500;Shooters, Ready!;;;;2.99;0;20000;4;100.0;229;0;0;13;0;1;none;0;0;0;8.0;1;Novato;109;1;0;1;0;1;0;0;0;0;1;0;0;0;0;1;0;0;0;0;0;0;1;1;0;0;0;0;0;0;1;0;0;0;1;0;0;0;0;0;0;0;0;0;0;0;0;0;0;0;0;0;0;0;0;0;1;0;0;0;0;0;0;1;0;0;0;0;0;0;0;1;1;0;0;0;0;1;0;738;734;4;716;0;15;3.79;0.995;0
878580;GARAGE: Bad Trip;;;;7.99;0;50000;1;66.19;513;262;0;21;0;9;full;0;0;0;4.0;1;Novato;126;1;0;0;0;1;0;0;0;0;0;0;0;0;0;1;0;0;0;0;1;0;1;0;0;0;1;0;0;0;0;0;0;0;0;0;0;0;1;0;0;0;0;0;0;0;0;0;0;0;0;0;0;0;0;0;0;0;0;0;0;0;1;0;0;0;0;1;0;0;1;0;1;0;0;0;0;0;0;150;99;51;75;0;28;6.97;0.66;1
379210;Wayward;;;;4.99;0;50000;10;86.13;1124;181;0;0;2;1;none;0;0;0;4.0;1;Novato;297;0;1;0;0;1;0;1;0;1;0;0;0;0;1;1;1;1;1;0;0;0;0;1;1;0;0;0;0;0;0;1;1;0;0;0;0;1;0;1;0;1;0;0;0;0;0;0;1;0;0;0;1;1;0;0;0;0;0;0;0;0;1;0;0;0;0;0;0;0;0;0;1;1;0;0;0;0;0;159;138;21;145;159;29;90.68;0.868;1
571520;Kalaban;;;;5.79;0;100000;0;56.67;51;39;0;26;1;1;none;0;0;0;2.0;1;Novato;64;1;1;0;0;1;0;0;0;0;0;0;0;0;0;1;0;0;0;0;0;0;1;0;0;0;1;0;0;0;0;1;0;0;0;0;0;1;1;0;0;0;0;0;0;0;0;0;0;0;0;0;0;0;0;0;0;0;0;1;0;0;1;0;0;0;0;0;0;0;0;0;0;0;0;0;0;0;0;17;9;8;7;0;13;6.48;0.529;1
2858390;The Veiled Ones;;;;0.0;1;50000;0;73.81;31;11;0;5;0;1;full;0;0;0;12.0;1;Novato;227;1;1;0;0;1;0;0;0;0;0;0;0;0;0;1;0;0;0;0;1;0;1;0;0;0;0;0;0;0;1;0;0;0;1;0;0;0;1;0;0;0;0;0;0;0;0;0;0;0;0;0;0;0;0;0;0;0;0;0;0;0;0;1;1;0;0;1;1;0;0;0;0;0;0;0;0;0;1;47;31;16;47;0;12;3.78;0.66;1
576770;Low Magic Age;;;;5.99;0;200000;41;89.26;2842;342;0;12;0;7;none;0;0;0;0.5;1;Novato;299;0;1;1;0;1;0;1;0;0;0;1;0;0;1;1;0;0;0;0;0;0;1;1;1;0;1;0;0;0;0;0;0;0;0;0;0;0;0;0;0;1;0;0;0;0;0;0;0;0;0;0;1;0;0;0;0;0;0;0;0;0;0;0;0;0;0;0;0;0;0;0;0;1;0;0;0;0;0;571;465;106;529;571;29;44.06;0.814;1
1669420;Islets;;;;10.49;0;100000;13;96.18;1610;64;0;44;0;7;full;0;0;0;4.0;1;Novato;240;1;1;0;0;0;0;0;0;0;0;0;0;0;0;1;0;0;0;0;1;0;1;1;0;0;0;0;0;0;0;1;0;0;1;0;0;0;0;0;0;0;0;0;1;1;0;0;0;0;0;0;0;0;0;0;0;0;0;0;0;0;1;0;0;0;0;0;1;0;0;0;0;0;0;0;0;0;0;1000;953;47;608;0;19;10.36;0.953;1
558260;Gravel;;;;19.99;0;100000;7;76.12;982;308;0;30;11;7;full;0;0;0;8.0;1;Novato;150;0;0;0;0;0;0;0;1;0;1;0;0;0;0;1;1;0;0;0;1;0;1;1;0;0;1;0;0;0;0;1;0;0;0;0;0;0;0;0;0;0;0;0;0;0;0;0;1;0;0;0;0;0;0;0;1;1;0;0;0;0;0;0;0;0;0;0;0;0;0;0;0;0;0;0;0;0;0;428;338;90;370;0;29;8.15;0.79;1
2014650;PHOBOS Project;;;;0.0;1;20000;0;68.18;15;7;0;6;0;1;none;0;0;0;6.0;1;Novato;287;0;1;0;0;1;0;0;0;0;0;0;0;0;0;1;0;0;0;0;0;0;1;0;0;0;0;0;0;0;1;0;0;0;0;0;0;0;1;0;0;0;0;0;0;0;0;0;0;0;0;0;0;0;0;0;0;0;0;0;0;0;0;1;0;0;0;0;1;0;0;0;1;0;0;0;0;0;0;11;8;3;11;0;8;3.0;0.727;0
517330;Stellar Interface;;;;7.29;0;20000;0;79.36;173;45;0;142;4;8;full;0;0;0;2.0;1;Novato;289;1;0;1;0;1;0;0;0;0;0;0;0;0;0;1;0;0;0;0;1;0;1;1;0;0;1;0;0;0;0;0;0;0;0;0;0;1;0;0;0;0;0;0;0;0;0;0;0;0;0;0;0;0;0;0;0;0;0;0;0;0;1;0;0;0;0;0;0;0;0;1;0;0;0;0;0;0;0;31;17;14;26;0;17;9.1;0.548;0
603960;Star of Providence;;;;6.99;0;50000;52;96.73;2783;94;0;52;0;7;full;0;0;0;1.0;1;Novato;230;1;0;0;0;1;0;0;0;0;0;0;0;0;0;1;0;0;0;0;1;0;1;0;0;0;1;0;0;0;0;0;0;0;0;0;0;0;0;0;0;0;0;0;0;0;0;0;0;0;0;0;0;0;0;0;0;0;0;0;0;0;1;0;0;0;0;0;0;0;1;0;1;0;0;0;0;0;0;1000;953;47;963;0;16;29.26;0.953;1
2818210;Sustained;;;;10.49;0;20000;0;53.85;7;6;0;0;0;1;full;0;0;0;16.0;1;Novato;299;1;1;0;0;1;1;1;0;0;0;0;0;0;1;1;1;1;1;0;1;0;0;0;0;0;0;0;0;0;1;1;1;0;0;0;0;1;0;1;0;0;0;0;0;0;0;0;0;0;1;0;1;0;0;0;0;0;0;0;0;0;0;0;1;0;0;0;0;0;0;0;0;1;0;0;0;0;0;14;8;6;11;14;6;2.63;0.571;0
832080;Google Spotlight Stories: Back to the Moon;;;;0.0;1;20000;0;98.04;50;1;0;0;0;1;none;0;0;0;4.0;1;Novato;259;0;1;0;0;0;0;0;0;0;0;0;0;0;0;1;0;0;0;0;0;0;0;0;0;0;0;0;0;0;0;0;0;0;0;0;0;0;0;0;0;0;0;0;0;0;0;0;0;0;0;0;0;0;0;0;0;0;0;0;0;0;0;0;0;0;0;0;0;0;0;0;0;0;1;1;0;0;0;11;10;1;11;0;11;11.48;0.909;0
2125540;Kādomon: Hyper Auto Battlers;;;;4.99;0;50000;7;67.44;377;182;0;0;0;8;full;0;0;0;4.0;1;Novato;191;0;0;1;0;1;0;0;0;1;0;1;0;0;0;1;0;0;0;0;1;0;0;0;0;0;0;0;0;0;0;0;0;0;0;0;0;0;0;1;0;0;1;0;0;0;0;0;0;0;0;0;0;0;0;0;0;0;0;0;0;0;1;0;0;0;0;0;0;0;0;0;0;0;0;0;0;0;0;607;407;200;536;449;27;14.69;0.671;1
2321210;Neon Echo;;;;14.99;0;200000;2;55.87;2290;1809;0;27;0;4;none;0;0;0;8.0;1;Novato;309;1;1;0;0;1;0;1;0;0;0;0;0;0;1;1;0;0;0;0;0;1;0;1;0;0;0;0;0;0;0;0;0;0;0;0;0;0;0;1;0;0;0;0;1;0;0;0;0;0;0;0;0;0;0;0;0;0;0;0;0;1;1;1;0;0;0;0;0;0;0;0;1;1;0;0;0;0;0;331;61;270;262;331;28;10.98;0.184;1
562410;Panty Party;;;;9.99;0;20000;1;91.42;1001;94;0;18;0;15;none;0;0;0;4.0;1;Novato;148;1;1;1;0;1;0;0;0;1;0;0;0;0;0;1;0;0;0;0;0;1;1;1;0;0;1;0;0;0;0;0;0;0;1;0;0;0;0;0;0;0;0;0;0;0;0;0;0;0;0;0;0;0;0;0;0;0;0;0;1;1;0;0;0;0;0;0;0;0;0;1;1;0;0;0;0;0;0;167;153;14;136;0;29;3.32;0.916;0
2179790;Carpe Diem Project;;;;0.99;0;100000;0;72.73;8;3;0;0;0;1;none;0;0;0;4.0;1;Novato;292;1;1;0;0;1;0;0;0;0;0;0;0;0;0;1;0;0;0;0;0;0;0;0;0;0;0;0;0;0;0;1;0;0;0;0;0;0;1;0;0;0;0;0;0;0;0;0;0;0;0;0;0;0;0;0;0;0;0;0;0;0;0;0;1;0;0;0;1;0;0;0;0;0;0;0;0;0;0;2;1;1;2;0;2;5.14;0.5;1
467660;Paranormal Activity: The Lost Soul;;;;10.49;0;20000;0;71.02;544;222;0;12;0;1;full;0;0;0;8.0;1;Novato;228;0;1;0;0;0;0;1;0;0;0;0;0;0;0;1;0;0;0;0;1;0;1;1;0;0;0;0;0;0;0;0;0;0;0;0;0;0;1;1;0;0;0;0;0;0;0;0;1;0;0;0;0;0;0;0;0;0;0;0;0;0;0;0;0;0;0;0;0;0;0;0;1;0;0;1;0;0;0;82;36;46;73;0;25;1.86;0.439;0
802890;Muv-Luv Alternative;;;;23.99;0;50000;26;96.12;3020;122;0;19;8;3;none;0;0;0;2.0;1;Novato;160;0;1;1;0;0;0;0;0;0;0;0;0;0;0;1;0;0;0;0;0;0;1;1;0;0;1;0;0;0;0;0;0;0;1;0;0;0;0;0;0;0;0;0;0;0;0;0;0;0;0;0;0;0;0;0;0;0;0;0;1;1;0;0;0;0;0;0;0;0;0;1;0;0;0;0;0;0;0;1000;963;37;851;0;22;49.29;0.963;1
2788040;Another Try 2;;;;3.99;0;20000;12;49.32;327;336;0;6;0;2;none;0;0;0;8.0;1;Novato;186;1;1;0;0;1;1;0;0;0;0;0;0;0;1;1;1;1;1;0;0;0;0;0;0;0;0;0;0;0;0;0;1;0;0;0;0;1;0;0;0;0;0;0;0;0;0;0;0;0;0;0;0;0;0;0;0;0;0;0;0;0;0;1;0;0;0;0;1;0;0;0;0;1;0;0;0;0;0;999;552;447;861;999;14;6.42;0.553;0
1164250;Model Builder: Complete Edition;;;;10.49;0;50000;2;75.1;929;308;0;88;9;11;none;0;0;0;8.0;1;Novato;225;0;0;1;0;0;0;0;0;1;0;0;0;0;0;1;0;0;0;0;0;0;1;0;0;0;0;0;0;0;0;0;0;0;0;0;0;0;0;0;0;0;0;0;0;0;0;0;0;0;0;0;1;1;0;0;0;0;0;0;0;0;0;1;0;0;0;0;0;1;0;1;0;0;0;0;0;0;0;148;80;68;120;0;29;18.17;0.541;1
427910;Zavix Tower;;;;9.99;0;50000;0;72.89;250;93;0;14;0;1;none;0;0;0;2.0;1;Novato;146;0;1;1;0;1;0;1;0;0;0;1;0;0;0;1;0;0;0;0;0;0;1;0;0;0;1;0;0;0;1;0;0;0;0;0;0;0;0;1;0;1;1;0;0;0;0;0;0;0;0;0;0;0;0;0;0;0;0;0;0;0;0;0;0;0;0;0;0;0;0;1;1;0;0;0;0;0;0;7;4;3;6;0;6;16.71;0.571;1
2206270;Vampire Hunters;;;;7.99;0;20000;54;90.52;1375;144;0;215;0;11;full;0;0;0;4.0;1;Novato;220;1;0;0;0;1;0;0;0;0;0;0;0;0;0;1;0;0;0;0;1;0;1;1;0;0;1;0;0;0;0;0;0;0;0;0;0;0;0;1;0;0;0;0;0;0;0;0;0;0;0;0;0;0;0;0;0;0;0;0;0;0;0;1;0;0;0;0;0;0;0;0;1;1;0;0;0;1;0;1000;899;101;905;0;19;15.94;0.899;0
2093920;Dread Dawn;;;;6.81;0;50000;20;72.81;1438;537;0;0;0;6;none;0;0;0;8.0;1;Novato;242;1;1;0;0;1;0;1;0;0;0;0;0;0;0;1;0;0;0;0;0;0;0;0;0;0;0;0;0;0;0;1;0;0;1;0;0;1;1;1;0;0;0;1;0;0;0;0;0;0;0;0;1;0;0;0;0;0;0;0;0;0;0;0;0;0;0;0;1;0;0;0;0;0;0;0;0;0;0;1000;729;271;917;0;20;26.99;0.729;1
1820390;Solitaire Harmony;;;;0.99;0;20000;0;100.0;15;0;0;61;0;1;none;0;0;0;2.0;1;Novato;107;0;0;1;0;0;0;0;0;0;0;1;0;0;0;1;0;0;0;0;0;0;0;0;0;0;0;0;0;0;0;0;0;0;0;0;0;0;0;0;0;0;1;0;0;0;0;0;0;0;0;0;0;0;0;0;0;0;1;0;0;0;0;1;0;0;0;0;0;1;0;1;0;0;0;0;0;0;0;0;0;0;0;0;0;0.0;0.0;0
796910;Please Love My Computer Game;;;;0.0;1;20000;0;73.68;112;40;0;0;0;1;none;0;0;0;4.0;1;Novato;237;0;1;0;0;1;0;0;0;0;0;0;1;0;0;1;0;0;0;0;0;0;0;1;0;0;0;0;0;0;0;0;0;0;0;0;0;0;1;0;0;0;0;0;0;0;0;0;0;0;0;0;0;0;0;0;0;0;0;0;0;0;0;0;0;0;0;1;1;0;0;0;1;0;1;0;0;0;0;16;13;3;16;0;13;7.74;0.812;0
1151310;Blackbeard the Cursed Jungle;;;;0.0;0;50000;0;62.5;5;3;0;0;0;1;none;0;0;0;1.0;1;Novato;301;1;1;1;0;1;0;0;0;0;0;1;0;0;0;1;0;0;0;0;0;0;0;0;0;0;0;0;0;0;0;0;0;0;0;0;0;0;0;0;0;0;1;0;1;0;0;0;0;0;0;0;0;0;0;0;0;0;0;0;0;0;1;0;0;0;1;0;0;0;0;1;1;0;0;0;0;0;0;3;2;1;2;0;2;3.35;0.667;1
461940;Plancon: Space Conflict;;;;0.79;0;50000;0;38.41;53;85;0;50;0;2;none;0;0;0;0.5;1;Novato;54;1;0;0;0;0;0;1;0;0;0;0;0;0;0;1;0;0;0;0;0;0;1;0;0;0;1;0;0;0;0;1;0;0;0;0;0;0;0;1;0;1;1;0;0;0;0;0;0;0;0;0;1;0;0;0;0;0;0;0;0;0;1;0;0;0;0;0;1;0;0;0;0;0;0;0;0;0;0;9;2;7;5;0;6;4.46;0.222;1
1957170;The Unsettled;;;;6.99;0;20000;0;50.0;8;8;0;0;0;1;none;0;0;0;6.0;1;Novato;229;0;1;0;0;1;0;1;0;1;0;0;0;0;0;1;0;0;0;0;0;0;0;0;0;0;0;0;0;0;1;0;0;0;1;0;0;0;1;1;0;0;0;0;0;0;0;0;0;0;0;0;0;0;0;0;0;0;0;0;0;0;0;1;0;0;0;0;0;0;0;0;1;0;0;0;0;0;0;1;0;1;1;0;1;1.08;0.0;0
2430410;Myth;;;;7.99;0;50000;3;82.14;23;5;0;6;0;2;none;0;0;0;8.0;1;Novato;259;1;1;0;0;0;0;0;0;0;0;0;0;0;0;1;1;1;1;0;0;0;1;0;0;0;0;0;0;0;1;0;0;0;1;0;0;0;1;0;0;0;0;0;0;0;0;1;1;0;0;0;0;0;0;0;0;0;1;0;0;0;0;1;1;0;0;1;0;0;0;0;0;0;0;0;0;0;1;6;2;4;5;0;6;1.97;0.333;1
1194840;Frog Fractions: Game of the Decade Edition;;;;0.0;1;100000;4;94.9;2454;132;0;30;2;1;none;0;0;0;0.0;1;Novato;253;1;1;1;0;1;0;0;0;1;0;0;0;0;0;1;0;0;0;0;0;0;0;0;0;0;0;1;0;0;0;0;0;0;1;0;0;0;0;0;0;0;0;0;0;0;0;0;0;0;0;0;0;1;0;0;0;0;0;0;0;0;0;0;0;0;0;0;1;0;0;1;1;0;1;0;0;0;0;519;487;32;519;0;29;2.96;0.938;1
1032520;JermaSlots;;;;0.0;1;20000;0;94.7;536;30;0;14;0;1;none;0;0;0;6.0;1;Novato;169;0;0;1;0;1;0;0;0;0;0;0;0;0;0;1;0;0;0;0;0;0;1;1;0;0;0;0;0;0;0;0;0;0;0;0;0;0;0;0;0;0;0;0;0;0;0;0;0;0;0;0;0;0;0;0;0;0;0;0;0;0;0;0;0;0;0;0;0;0;0;1;1;0;1;0;0;0;0;60;52;8;60;0;29;2.24;0.867;0
628890;NOBUNAGA'S AMBITION: Taishi;;;;49.99;0;20000;133;49.27;475;489;0;37;24;3;none;0;0;0;2.0;1;Novato;244;0;0;0;0;0;0;0;0;1;0;0;0;0;0;1;0;0;0;0;0;0;1;1;0;0;1;0;0;0;0;0;0;0;0;0;0;0;0;0;0;0;1;0;0;0;0;0;0;0;0;0;0;1;0;0;0;0;0;0;0;0;0;1;0;0;0;0;0;0;0;0;0;0;0;0;0;0;0;62;44;18;53;0;26;312.03;0.71;0
963930;Contractors;;;;19.99;0;200000;51;84.01;3687;702;0;0;0;8;none;0;0;0;8.0;1;Novato;243;1;0;1;0;1;0;0;0;1;0;0;0;0;0;1;1;0;0;0;0;0;0;0;0;0;0;0;0;0;1;0;0;0;0;0;0;0;0;0;0;0;0;0;0;0;0;1;1;0;1;0;0;1;0;0;0;0;0;0;0;0;0;0;0;0;0;0;0;0;0;0;1;1;0;1;0;1;0;1000;766;234;850;0;29;26.85;0.766;1
1389410;Record of Battle 3D Maiden Wars;;;;0.0;1;20000;0;77.78;7;2;0;0;0;1;none;0;0;0;4.0;1;Novato;134;0;0;0;0;0;0;1;0;0;0;0;0;0;0;1;0;0;0;0;0;1;0;0;0;0;0;0;0;0;0;0;0;0;0;0;0;0;0;1;1;0;0;0;0;0;0;0;0;0;0;0;0;0;0;0;0;0;0;0;0;1;0;0;0;0;0;0;0;0;0;0;0;0;1;0;0;0;0;9;7;2;9;0;7;10.5;0.778;0
402310;Overfall;;;;2.99;0;100000;0;46.9;408;462;0;50;1;1;none;0;0;0;2.0;1;Novato;298;0;1;0;0;1;0;1;0;0;0;1;0;0;0;1;0;0;0;0;0;0;1;1;0;0;1;0;0;0;0;1;0;0;1;0;0;1;0;1;0;0;1;0;0;0;0;0;0;0;0;0;0;0;0;0;0;0;0;0;0;0;1;0;0;0;0;0;1;0;0;0;0;0;0;0;0;0;0;27;18;9;22;0;16;18.25;0.667;1
1215870;The Walking Evil;;;;2.49;0;20000;0;55.93;66;52;0;19;0;5;none;0;0;0;8.0;1;Novato;209;1;1;0;0;1;0;0;0;0;0;0;0;0;0;1;0;0;0;0;0;0;1;0;0;0;1;0;0;0;0;0;0;0;1;0;0;1;1;0;0;0;0;0;0;0;0;0;0;0;0;0;0;0;0;0;0;0;1;0;0;0;0;0;1;0;0;0;1;0;0;0;0;0;0;0;0;0;0;32;15;17;29;0;17;5.77;0.469;0
1041720;Kingdoms of Amalur: Re-Reckoning;;;;18.99;0;1000000;114;76.6;5468;1670;0;69;2;8;full;0;0;0;4.0;1;Novato;160;1;0;0;0;0;0;1;0;0;0;0;0;0;0;1;0;0;0;0;1;0;1;1;0;0;1;0;0;0;0;1;0;0;1;0;0;0;0;1;1;0;0;0;0;0;0;0;0;0;0;0;0;0;0;0;0;0;0;0;0;0;0;0;0;0;0;0;1;0;0;0;0;0;0;0;0;0;0;1000;811;189;753;0;15;48.15;0.811;1
584990;The Long Reach;;;;1.19;0;50000;0;84.21;384;72;0;15;1;4;full;0;0;0;2.0;1;Novato;207;1;1;0;0;1;0;0;0;0;0;0;0;0;0;1;0;0;0;0;1;0;0;0;0;0;0;0;0;0;0;0;0;0;1;0;0;0;1;0;0;0;0;0;0;0;0;0;0;0;0;0;0;0;0;0;0;0;1;1;0;0;1;0;0;0;0;0;0;0;0;0;1;0;0;0;0;0;0;87;72;15;55;0;26;4.6;0.828;1
3048760;Slay the Alice;;;;2.49;0;20000;0;95.83;46;2;0;20;0;4;none;0;0;0;8.0;1;Novato;188;0;1;1;0;1;0;0;0;0;0;0;0;0;0;1;0;0;0;0;0;0;1;1;0;0;0;0;0;0;0;0;0;0;1;0;0;0;1;0;0;0;0;0;0;0;0;0;0;0;0;0;0;0;0;0;0;0;0;1;1;1;1;0;0;0;0;0;1;0;0;1;0;0;0;0;0;0;0;219;214;5;201;0;17;1.41;0.977;0
2782610;Bad 2 Bad: Apocalypse;;;;10.49;0;20000;42;77.9;564;160;0;46;1;15;full;0;0;0;4.0;1;Novato;211;1;0;0;0;1;0;1;0;0;0;0;0;0;0;1;0;0;0;0;1;0;1;1;0;0;0;0;0;0;0;1;0;0;1;0;0;1;0;1;1;0;0;0;0;0;0;0;0;0;0;0;0;0;0;0;0;0;0;0;0;0;1;0;0;0;0;0;0;0;0;0;1;0;0;0;0;0;0;875;678;197;855;0;20;29.52;0.775;0
1180130;The Final Earth 2;;;;3.47;0;20000;1;97.33;292;8;0;27;0;7;none;0;0;0;2.0;1;Novato;295;0;0;0;0;1;0;0;0;1;0;1;0;0;0;1;0;0;0;0;0;0;1;1;1;0;0;0;0;0;0;0;0;0;0;0;0;0;0;0;0;0;1;0;0;0;0;0;0;0;0;0;1;1;1;1;0;0;0;0;0;0;1;0;0;0;0;0;0;1;0;0;1;0;0;0;0;0;0;232;225;7;218;0;29;26.07;0.97;0
963000;Frog Detective 1: The Haunted Island;;;;1.79;0;100000;1;92.45;4667;381;0;6;1;7;full;0;0;0;1.0;1;Novato;65;0;1;1;0;1;0;0;0;0;0;0;0;0;0;1;0;0;0;0;1;0;1;1;0;0;0;0;0;0;0;0;0;0;1;0;0;0;0;0;0;0;0;0;0;0;0;0;0;0;0;0;0;0;0;0;0;0;0;1;0;0;0;0;0;0;0;0;0;1;0;1;1;0;0;0;0;0;0;1000;900;100;617;0;22;1.69;0.9;1
1286280;Pronty;;;;4.49;0;50000;4;91.52;1004;93;0;44;1;11;full;0;0;0;4.0;1;Novato;229;1;1;0;0;1;0;0;0;0;0;0;0;0;0;1;0;0;0;0;1;0;1;1;0;0;0;0;0;0;0;1;0;0;1;0;0;0;0;0;0;0;0;0;1;1;0;0;0;0;0;0;0;0;0;0;0;0;0;0;0;0;1;0;0;0;0;0;1;0;1;0;0;0;0;0;0;0;0;496;426;70;417;0;29;13.14;0.859;1
2571140;Escape Z;;;;3.99;0;50000;0;83.33;5;1;0;23;0;13;none;0;0;0;9.0;1;Novato;168;1;1;0;0;1;0;0;0;0;0;0;0;0;0;1;1;1;1;0;0;1;1;0;0;0;0;0;0;0;0;0;0;0;0;0;0;1;1;0;0;0;0;0;0;0;0;0;1;0;0;0;0;0;0;0;0;0;0;0;0;0;0;1;1;0;0;0;0;0;0;0;0;1;0;0;0;0;0;6;3;3;5;2;4;2.02;0.5;1
536220;The Walking Dead: A New Frontier;;;;7.99;0;1000000;110;82.79;13947;2899;0;30;0;9;full;0;0;0;3.0;1;Novato;160;0;1;0;0;0;0;0;0;0;0;0;0;0;0;1;0;0;0;0;1;0;1;0;0;0;0;0;0;0;0;0;0;0;1;0;0;1;1;0;0;0;0;0;0;0;0;0;0;0;0;0;0;0;0;0;0;0;0;1;1;0;0;0;0;0;0;0;1;0;0;1;0;0;0;0;0;0;0;1000;896;104;886;0;8;9.68;0.896;1
1257810;I'm on Observation Duty 2;;;;1.99;0;20000;0;91.58;424;39;0;8;0;3;none;0;0;0;8.0;1;Novato;297;0;0;0;0;1;0;0;0;0;0;1;0;0;0;1;0;0;0;0;0;0;1;0;0;0;0;0;0;0;0;0;0;0;0;0;0;0;1;0;0;0;1;0;0;0;0;0;0;0;0;0;0;0;0;0;0;0;1;0;0;0;0;0;0;0;0;0;1;0;0;0;1;0;0;0;0;0;0;205;188;17;195;0;29;4.36;0.917;0
2470300;Hookah Haze;;;;9.49;0;50000;4;92.17;977;83;0;26;2;3;full;0;0;0;8.0;1;Novato;279;0;1;0;0;0;0;0;0;0;0;0;0;0;0;1;0;0;0;0;1;0;0;0;0;0;0;0;0;0;0;0;0;0;0;0;0;0;0;0;0;0;0;0;0;0;0;0;0;0;0;0;0;0;0;0;0;0;0;1;1;1;1;0;0;0;0;0;1;1;0;0;0;0;0;0;0;0;0;1000;932;68;900;0;23;7.83;0.932;1
433400;Kim;;;;14.99;0;20000;0;86.11;62;10;0;43;1;1;none;0;0;0;2.0;1;Novato;252;0;1;0;0;0;0;1;0;0;0;1;0;0;0;1;0;0;0;0;0;0;1;1;0;0;1;0;0;0;0;1;0;0;1;0;0;1;0;1;0;0;1;0;0;0;0;0;0;0;0;0;0;0;0;0;0;0;0;0;0;0;1;0;0;0;0;0;0;0;0;0;0;0;0;0;0;0;0;3;3;0;3;0;2;7.06;1.0;0
2398030;FPV LOGIC;;;;19.99;0;20000;25;87.76;423;59;0;0;0;2;none;0;0;0;8.0;1;Novato;186;0;0;0;0;1;0;0;1;1;0;0;0;0;1;1;0;0;0;0;0;0;0;0;0;0;0;0;0;0;1;0;0;0;0;0;0;0;0;0;0;0;0;0;0;0;0;0;0;0;0;0;0;1;0;0;1;1;0;0;0;0;0;1;1;0;0;0;0;0;0;0;1;1;0;0;0;0;0;590;531;59;579;590;29;19.95;0.9;0
1939160;Shadows Over Loathing;;;;22.99;0;200000;37;96.24;2946;115;0;37;0;1;full;0;0;0;2.0;1;Novato;106;0;1;0;0;1;0;1;0;0;0;0;0;0;0;1;0;0;0;0;1;0;1;1;0;0;0;1;0;0;0;1;0;0;1;0;0;0;0;1;0;0;0;0;0;0;0;0;0;0;0;0;0;0;0;0;0;0;1;1;0;0;1;0;0;0;0;0;0;0;0;0;0;0;0;0;0;0;0;801;760;41;738;0;29;35.27;0.949;1
1339410;雾之本境S Conspiracy Field: Fog Shadow;;;;3.99;0;50000;0;62.22;280;170;0;18;1;1;none;0;0;0;0.5;1;Novato;91;0;1;1;0;1;0;0;0;0;0;0;0;0;0;1;0;0;0;0;0;0;1;1;0;0;0;0;0;0;0;0;0;0;0;0;0;0;0;1;0;0;0;0;0;0;0;0;0;0;0;0;0;0;0;0;0;0;1;0;1;0;1;0;0;0;0;0;0;0;0;1;1;0;0;0;0;0;0;64;16;48;64;0;21;4.45;0.25;1
713830;Pivot Puzzles;;;;0.89;0;20000;0;33.33;1;2;0;0;0;1;none;0;0;0;2.0;1;Novato;124;0;0;1;0;1;0;0;0;0;0;0;0;0;0;1;0;0;0;0;0;0;0;0;0;0;0;0;0;0;0;0;0;0;0;0;0;0;0;0;0;0;0;0;0;0;0;0;0;0;0;0;0;0;0;0;0;0;0;0;0;0;0;0;0;0;0;0;0;0;0;1;1;0;0;0;0;0;0;1;0;1;1;0;1;1.68;0.0;0
2109720;Roam Survival;;;;4.99;0;20000;0;33.33;1;2;0;0;0;4;full;0;0;0;6.0;1;Novato;255;1;1;0;0;1;0;0;0;0;0;0;0;0;0;1;0;0;0;0;1;0;0;0;0;0;0;0;0;0;1;1;0;0;1;0;0;0;0;0;0;0;0;0;0;0;0;0;0;0;0;0;0;0;0;1;0;0;0;1;0;0;0;1;0;0;0;0;0;0;0;0;0;0;0;0;0;0;0;1;1;0;1;0;1;21.45;1.0;0
1824160;A Noite Sem Fim;;;;5.99;0;50000;0;100.0;6;0;0;0;0;1;none;0;0;0;3.0;1;Novato;171;0;1;0;0;1;0;1;0;0;0;1;0;0;0;1;0;0;0;0;0;0;0;0;0;0;0;0;0;0;0;0;0;0;1;0;0;0;0;1;0;0;0;0;0;0;0;0;0;0;0;0;0;0;0;0;0;0;0;0;0;0;1;0;0;0;0;0;0;0;0;0;0;0;0;0;0;0;0;0;0;0;0;0;0;0.0;0.0;1
3006960;北宋风云;;;;6.59;0;20000;0;100.0;1;0;0;0;0;1;none;0;0;0;1.0;1;Novato;266;0;0;0;0;0;0;0;0;1;0;1;0;0;0;1;0;0;0;0;0;0;0;0;0;0;0;0;0;0;0;0;0;0;0;0;0;0;0;0;0;0;1;0;0;0;0;0;0;0;0;0;0;1;0;0;0;0;0;0;0;0;1;0;0;0;0;0;0;0;0;0;0;0;0;0;0;0;0;1;1;0;1;0;1;0.12;1.0;0
559900;Gulman 4: Still alive;;;;8.99;0;20000;1;75.0;102;34;0;4;0;2;none;0;0;0;8.0;1;Novato;86;1;0;0;0;0;0;0;0;0;0;0;0;0;0;1;0;0;0;0;0;0;0;0;0;0;0;0;0;0;1;0;0;0;0;0;0;0;1;0;0;0;0;0;0;0;0;0;0;0;0;0;0;0;0;0;0;0;0;0;0;0;0;0;0;0;0;0;1;0;0;0;1;0;0;0;0;1;0;7;6;1;5;0;6;3.45;0.857;0
1750810;Wager;;;;0.89;0;20000;0;75.0;3;1;0;8;0;1;none;0;0;0;2.0;1;Novato;73;0;0;1;0;1;0;0;0;0;0;1;0;0;0;1;0;0;0;0;0;0;1;0;0;0;0;0;0;0;0;0;0;0;0;0;0;0;0;0;0;0;1;0;0;0;0;0;0;0;0;0;0;0;1;0;0;0;0;0;0;0;1;0;0;0;0;0;1;0;0;1;1;0;0;0;0;0;0;1;1;0;1;0;1;1.77;1.0;0
2668510;Red Dead Redemption;;;;49.99;0;200000;504;92.44;9619;787;0;51;0;13;full;0;0;0;8.0;1;Novato;213;1;0;0;0;0;0;0;0;0;0;0;0;0;0;1;0;0;0;0;1;0;1;0;0;0;0;0;0;0;0;1;0;0;1;0;0;0;0;0;0;0;0;0;0;0;0;0;0;0;0;0;0;0;0;0;0;0;0;0;0;0;0;1;0;0;0;0;1;0;0;0;0;0;0;0;0;0;0;1000;922;78;941;0;2;26.2;0.922;1
1053000;PLANES ATTACK;;;;0.0;1;100000;0;77.6;298;86;0;17;0;29;full;0;0;0;1.0;1;Novato;54;1;0;1;0;1;0;0;0;0;1;0;0;0;0;1;0;0;0;0;1;0;1;0;0;0;0;0;0;0;0;0;0;0;0;0;0;0;0;0;0;0;0;0;0;0;0;0;0;0;0;0;0;0;0;0;1;0;0;0;0;0;0;0;0;0;0;0;0;0;0;1;1;0;1;0;0;0;0;28;26;2;28;0;15;3.18;0.929;1
1238060;Dead Space™ 3;;;;19.99;0;500000;81;73.63;9353;3349;0;58;12;6;none;0;0;0;1.0;1;Novato;156;1;0;0;0;0;0;0;0;0;0;0;0;0;0;1;1;1;1;0;0;0;1;0;0;0;1;0;0;0;0;0;1;0;0;0;0;1;1;0;0;0;0;0;0;0;0;1;1;0;0;0;0;0;0;0;0;0;0;0;0;0;0;0;0;0;0;1;0;0;0;0;0;0;0;0;0;0;0;1000;667;333;870;0;6;16.39;0.667;1
648810;Vehicle VR;;;;1.49;0;50000;0;66.67;22;11;0;7;0;1;full;0;0;0;2.0;1;Novato;286;1;0;0;0;1;0;0;1;0;0;1;0;0;0;1;0;0;0;0;1;0;1;1;0;0;0;0;0;0;0;0;0;0;0;0;0;0;0;0;0;0;1;0;0;0;0;0;0;0;0;0;0;0;0;0;0;1;0;0;0;0;0;1;0;0;0;0;0;0;0;0;1;0;0;1;0;0;0;4;0;4;3;0;4;0.66;0.0;1
229580;Dream;;;;8.99;0;50000;0;56.14;553;432;0;29;1;4;none;0;0;0;4.0;1;Novato;188;0;1;0;0;1;0;0;0;0;0;0;0;0;0;1;0;0;0;0;0;1;1;1;0;0;1;0;0;0;1;1;0;0;1;0;0;0;1;0;0;0;0;0;0;0;0;0;0;0;0;0;0;1;0;0;0;0;1;0;0;0;0;0;0;0;0;0;1;0;0;1;1;1;0;1;0;1;0;45;21;24;41;0;23;7.79;0.467;1
1380690;MP5;;;;5.99;0;20000;0;75.0;6;2;0;0;0;1;none;0;0;0;4.0;1;Novato;283;1;0;0;0;0;0;0;0;0;0;0;0;0;1;1;0;0;0;0;0;0;0;0;0;0;0;0;0;0;0;0;0;0;0;0;0;0;0;0;0;0;0;0;0;0;0;0;0;0;0;0;0;0;0;0;0;0;0;0;0;0;0;1;0;0;0;0;1;0;0;0;0;1;0;0;0;0;0;1;0;1;1;1;1;0.13;0.0;0
691630;STELLATUM;;;;1.99;0;20000;0;62.8;103;61;0;23;0;2;none;0;0;0;1.0;1;Novato;179;1;0;1;0;1;0;1;0;1;0;0;0;0;0;1;1;1;1;0;0;1;1;1;0;0;1;1;1;0;0;0;0;0;0;0;0;0;0;1;0;0;0;0;0;0;0;1;0;1;1;0;0;1;0;0;0;0;0;0;0;0;1;0;0;0;0;0;1;0;0;1;0;0;0;0;0;0;0;14;8;6;14;0;11;11.55;0.571;0
3166490;Caretaker;;;;2.49;0;20000;0;100.0;10;0;0;10;0;1;none;0;0;0;8.0;1;Novato;298;0;0;1;0;1;0;0;0;0;0;0;0;0;0;1;0;0;0;0;0;0;1;0;0;0;0;0;0;0;1;0;0;0;1;0;0;0;1;0;0;0;0;0;1;0;0;0;0;0;0;0;0;0;0;0;0;0;1;0;0;0;0;1;0;0;0;0;0;0;0;1;1;0;0;0;0;0;0;12;12;0;10;0;4;2.03;1.0;0
514900;>observer_;;;;29.99;0;200000;3;78.69;4583;1241;0;19;1;11;none;0;0;0;8.0;1;Novato;257;0;1;0;0;1;0;0;0;0;0;0;0;0;0;1;0;0;0;0;0;1;1;1;0;0;1;0;0;0;1;0;0;0;1;0;0;1;1;0;0;0;0;0;0;0;0;0;0;0;0;0;0;0;0;0;0;0;0;0;0;0;0;0;0;0;0;1;1;0;0;0;1;0;0;0;0;0;1;257;169;88;130;0;29;10.05;0.658;1
287370;COH 2 - The Western Front Armies: US Forces;;;;1.62;0;500000;0;75.56;303;98;0;0;0;8;none;0;0;0;2.0;1;Novato;288;0;0;0;0;0;0;0;0;0;0;1;0;0;0;0;1;0;0;0;0;0;1;1;1;0;0;0;0;0;0;0;0;0;0;0;0;0;0;0;0;0;1;0;0;0;0;0;1;0;0;0;0;0;0;0;0;0;0;0;0;0;0;0;0;0;0;0;0;0;0;0;0;0;0;0;0;0;0;35;23;12;30;0;18;0.19;0.657;1
1410840;Crystal Call;;;;0.0;1;50000;0;93.3;181;13;0;36;0;3;full;0;0;0;8.0;1;Novato;123;1;0;0;0;0;0;0;0;0;0;0;0;0;0;1;0;0;0;0;1;0;1;0;0;0;0;0;0;0;1;0;0;0;0;0;0;0;0;0;0;0;0;0;1;0;0;0;0;0;0;0;0;0;0;0;0;0;0;0;0;0;0;1;0;0;0;0;0;0;0;0;1;0;1;0;0;1;0;33;29;4;33;0;19;1.96;0.879;1
1607970;梦落凡尘 Dreams of falling into mortal dust;;;;0.49;0;50000;0;90.0;9;1;0;0;0;1;none;0;0;0;4.0;1;Novato;212;0;1;0;0;1;0;1;0;0;0;0;0;0;0;1;0;0;0;0;0;0;0;1;0;0;0;0;0;0;0;0;0;0;1;0;0;0;0;1;0;0;0;0;0;0;0;0;0;0;0;0;0;0;0;0;0;0;0;0;0;0;1;0;0;0;0;0;0;0;0;0;1;0;0;0;0;0;0;2;2;0;1;0;2;3.06;1.0;1
1496790;Gotham Knights;;;;30.0;0;500000;204;67.37;15271;7395;0;61;1;13;full;0;0;0;8.0;1;Novato;117;1;1;0;0;0;0;1;0;0;0;0;0;0;0;1;1;1;1;0;1;0;1;1;0;0;0;0;0;0;0;1;0;0;1;0;0;0;0;1;1;0;0;0;0;0;0;1;1;0;0;0;0;0;0;0;0;0;0;0;0;0;0;0;0;0;0;1;1;0;0;0;0;0;0;0;0;0;1;1000;674;326;486;0;6;23.74;0.674;1
1262910;Heart's Medicine - Doctor's Oath;;;;10.49;0;20000;9;64.74;123;67;0;0;0;18;none;0;0;0;2.0;1;Novato;79;0;1;1;0;1;0;0;0;1;0;0;0;0;0;1;0;0;0;0;0;0;0;0;0;0;0;0;0;0;0;0;0;0;1;0;0;0;0;0;0;0;0;0;0;0;0;0;0;0;0;0;0;1;0;0;0;0;0;0;0;0;0;0;0;0;0;0;0;0;0;1;1;0;0;0;0;0;0;24;13;11;24;0;16;71.47;0.542;0
256290;Child of Light;;;;11.99;0;500000;12;91.69;12122;1098;0;0;7;8;none;0;0;0;2.0;1;Novato;281;0;0;0;0;0;0;1;0;0;0;0;0;0;0;1;1;0;0;0;0;1;0;0;0;0;0;1;0;0;0;0;0;0;1;0;0;0;0;1;0;1;0;0;1;0;0;0;0;1;0;0;0;0;0;0;0;0;0;0;0;0;1;0;0;0;0;0;1;0;0;1;1;0;0;0;0;0;0;774;609;165;713;0;29;15.97;0.787;1
2391900;Champion Shift;;;;6.59;0;20000;0;77.46;165;48;0;105;0;11;full;0;0;0;8.0;1;Novato;273;1;0;0;0;0;0;0;0;0;0;0;0;0;0;1;1;1;1;0;1;0;1;1;0;0;1;0;0;0;0;0;0;0;0;0;0;0;0;1;1;0;0;0;0;0;0;0;0;0;0;0;0;0;0;0;0;0;0;0;0;0;0;1;0;0;0;0;0;0;0;0;0;0;0;0;0;0;0;221;171;50;193;71;22;8.5;0.774;0
3082490;Anomalous Adventure;;;;2.99;0;20000;0;100.0;2;0;0;9;0;1;none;0;0;0;0.0;1;Novato;233;0;0;0;0;0;0;1;0;0;0;0;0;0;0;1;1;1;0;0;0;1;1;1;0;0;0;1;1;0;0;0;0;0;0;0;0;0;0;1;0;0;0;0;0;0;0;0;0;1;0;0;0;0;0;0;0;0;0;0;0;0;0;0;0;0;0;0;0;0;0;0;0;0;0;0;0;0;0;3;3;0;3;0;2;0.88;1.0;0
1798670;Horoscopicus;;;;3.59;0;20000;0;96.0;24;1;0;28;1;1;full;0;0;0;2.0;1;Novato;189;1;1;0;0;1;0;0;0;0;0;0;0;0;0;1;0;0;0;0;1;0;1;1;0;0;0;0;0;0;0;0;0;0;0;0;0;0;0;0;0;0;0;0;1;0;0;0;0;0;0;0;0;0;0;0;0;0;0;0;0;0;1;0;0;0;0;0;0;0;0;0;0;0;0;0;0;0;0;9;8;1;6;0;9;2.08;0.889;0
1782860;Community College Hero: Fun and Games;;;;4.99;0;20000;0;91.67;11;1;0;47;0;1;none;0;0;0;0.0;1;Novato;280;0;1;0;0;1;0;1;0;0;0;0;0;0;0;1;0;0;0;0;0;0;1;1;0;0;0;0;0;0;0;0;0;0;1;0;0;0;0;1;0;0;0;0;0;0;0;0;0;0;0;0;0;0;0;0;0;0;0;0;0;0;0;0;0;0;0;0;0;0;0;0;1;0;0;0;0;0;0;0;0;0;0;0;0;0.0;0.0;0
824620;Jolly Battle;;;;1.99;0;20000;0;83.84;83;16;0;49;0;16;none;0;0;0;2.0;1;Novato;256;0;0;1;0;1;0;0;0;0;0;1;0;0;0;1;1;0;0;0;0;0;1;1;0;0;0;0;0;0;0;0;0;0;0;0;0;0;0;0;0;0;1;0;0;0;0;0;1;0;1;0;0;0;0;0;0;0;0;0;0;0;1;0;0;0;0;0;0;0;0;1;1;0;0;0;0;0;0;3;1;2;1;0;3;20.83;0.333;0
1072100;Action Arcade Wrestling;;;;14.99;0;20000;0;77.92;120;34;0;0;0;1;none;0;0;0;4.0;1;Novato;204;1;0;0;0;1;0;0;0;0;1;0;0;0;0;1;1;0;0;0;0;1;0;0;0;0;0;1;0;0;0;0;0;0;0;0;0;0;0;0;0;0;0;0;0;0;0;0;1;0;1;0;0;0;0;0;1;0;0;0;0;0;0;0;0;0;0;0;0;0;0;1;0;0;0;0;0;0;0;13;9;4;13;0;9;121.91;0.692;0
710470;Little Witch Academia: Chamber of Time;;;;31.99;0;50000;2;77.33;1047;307;0;25;0;7;full;0;0;0;6.0;1;Novato;161;1;1;0;0;0;0;1;0;0;0;0;0;0;0;1;1;1;1;0;1;0;1;1;0;0;0;1;1;0;0;0;0;0;0;0;0;0;0;1;1;0;0;0;0;0;0;1;0;1;0;0;0;0;0;0;0;0;0;0;0;1;0;0;0;0;0;0;0;0;0;0;0;0;0;0;0;0;0;118;87;31;106;0;28;22.25;0.737;1
391070;Stellar 2D;;;;0.9;0;500000;0;40.6;393;575;0;0;0;1;none;0;0;0;0.12;1;Novato;131;1;0;1;0;1;0;0;0;0;0;0;0;0;0;1;0;0;0;0;0;1;0;0;0;0;1;0;0;0;0;0;0;0;0;0;0;0;0;0;0;0;0;0;0;0;0;0;0;0;0;0;0;0;0;0;0;0;0;0;0;0;1;0;0;0;0;0;0;0;0;1;1;0;0;0;0;0;0;31;17;14;22;0;18;3.28;0.548;1
55020;Air Forte;;;;5.79;0;20000;0;54.12;46;39;0;10;0;1;none;0;0;0;0.0;1;Novato;329;0;0;0;0;0;0;0;0;0;0;0;0;0;0;1;1;1;0;0;0;1;1;0;0;0;0;1;1;0;0;0;0;0;1;0;0;0;0;0;0;0;0;0;0;0;0;1;0;1;0;0;0;0;0;0;0;0;0;0;0;0;0;0;0;0;0;0;0;0;0;1;1;0;0;0;0;0;0;4;0;4;2;0;4;0.51;0.0;0
585450;Shadows: Awakening;;;;29.99;0;100000;10;75.23;1810;596;0;45;3;6;full;0;0;0;4.0;1;Novato;196;1;0;0;0;0;0;1;0;0;0;0;0;0;0;1;0;0;0;0;1;0;1;1;0;0;1;0;0;0;0;0;1;0;1;0;0;0;0;1;1;0;0;0;0;0;0;0;0;0;0;0;0;0;0;0;0;0;1;0;0;0;0;0;0;0;0;0;1;0;0;0;0;0;0;0;0;0;0;202;139;63;87;0;29;22.59;0.688;1
699740;BANNERMEN;;;;14.99;0;20000;0;53.22;157;138;0;26;0;8;none;0;0;0;6.0;1;Novato;175;1;1;0;0;1;0;0;0;0;0;1;0;0;0;1;0;0;0;0;0;0;1;1;0;0;1;0;0;0;0;0;0;0;0;0;0;0;0;0;0;0;1;0;0;0;0;0;1;0;0;0;0;0;0;1;0;0;0;0;0;0;0;0;0;0;0;0;0;0;0;0;1;0;0;0;0;0;0;9;6;3;6;0;9;11.6;0.667;0
476020;Reflection of Mine;;;;5.79;0;50000;0;80.59;191;46;0;28;2;7;full;0;0;0;2.0;1;Novato;243;0;1;0;0;1;0;0;0;0;0;0;0;0;0;1;0;0;0;0;1;0;1;1;0;0;1;0;0;0;0;0;0;0;1;0;0;0;0;0;0;0;0;0;0;0;0;0;0;0;0;0;0;0;0;0;0;0;1;0;0;1;0;0;0;0;0;1;1;0;1;1;0;0;0;0;0;0;0;31;22;9;27;0;17;8.05;0.71;1
842130;Achievement Smiles;;;;0.44;0;20000;0;58.6;92;65;0;3448;0;1;none;0;0;0;4.0;1;Novato;267;0;1;0;0;1;0;0;0;1;0;0;0;0;0;1;0;0;0;0;0;0;1;0;0;0;0;0;0;0;0;0;0;0;0;0;0;0;0;0;0;0;0;0;1;0;0;0;0;0;0;0;0;1;0;0;0;0;0;0;1;1;0;1;0;0;0;0;1;0;0;1;0;0;0;0;0;0;0;119;80;39;104;0;29;3.87;0.672;0
1116260;SAMUDRA;;;;3.89;0;20000;0;67.14;94;46;0;35;2;1;full;0;0;0;4.0;1;Novato;62;1;1;1;0;1;0;0;0;1;0;0;0;0;0;1;0;0;0;0;1;0;1;0;0;0;0;0;0;0;0;0;0;0;1;0;0;0;1;0;0;0;0;0;1;0;0;0;0;0;0;0;0;0;0;0;0;0;1;1;0;0;1;0;0;0;0;0;1;0;0;0;1;0;0;0;0;0;1;47;20;27;21;0;22;5.98;0.426;0
1515640;Arcadegeddon;;;;0.0;1;50000;75;74.38;543;187;0;50;3;11;none;0;0;0;8.0;1;Novato;204;1;1;0;0;0;0;0;0;0;0;0;0;0;0;1;1;1;1;0;0;1;1;0;0;1;1;0;0;0;0;0;0;0;0;0;0;0;0;0;0;0;0;0;0;0;0;0;1;0;1;0;0;0;0;0;0;0;0;0;0;0;0;0;0;0;0;0;0;0;0;0;1;0;0;0;0;0;0;567;428;139;567;0;27;15.75;0.755;1
94300;The Dream Machine: Chapter 1 & 2;;;;2.49;0;200000;3;87.11;1893;280;0;46;5;1;none;0;0;0;1.0;1;Novato;182;0;1;1;0;1;0;0;0;0;0;0;0;0;0;1;0;0;0;0;0;0;1;1;0;0;1;0;0;0;0;0;0;0;1;0;0;0;1;0;0;0;0;0;0;0;0;0;0;0;0;0;0;0;0;0;0;0;1;1;0;0;1;0;0;0;0;1;1;0;0;0;0;0;0;0;0;0;0;182;136;46;95;0;29;19.73;0.747;1
398620;Living Legends: The Frozen Fear Collection;;;;10.49;0;50000;0;85.87;79;13;0;0;0;5;none;0;0;0;0.5;1;Novato;132;0;1;1;0;0;0;0;0;0;0;0;0;0;0;1;0;0;0;0;0;0;0;0;0;0;0;0;0;0;0;0;0;0;0;0;0;0;0;0;0;0;0;0;0;0;0;0;0;0;0;0;0;0;0;0;0;0;0;1;0;0;0;0;0;0;0;0;0;0;0;1;0;0;0;0;0;0;0;8;7;1;1;0;5;9.71;0.875;1
2337860;Nubs! Arena;;;;4.4;0;100000;10;62.83;382;226;0;15;0;12;none;0;0;0;8.0;1;Novato;234;1;0;1;0;1;0;0;0;0;0;0;0;0;0;0;1;1;1;0;0;1;1;1;0;0;0;1;1;0;0;0;0;0;0;0;0;0;0;0;0;0;0;0;0;0;0;0;1;0;1;1;0;0;0;0;0;0;0;0;0;0;0;0;0;0;1;0;0;0;0;1;0;0;0;0;0;0;0;975;629;346;16;0;13;3.99;0.645;1
1076620;Svoboda 1945: Liberation;;;;8.49;0;20000;0;98.81;166;2;0;20;1;3;none;0;0;0;8.0;1;Novato;262;0;1;0;0;1;0;0;0;0;0;0;0;0;0;1;0;0;0;0;0;0;1;1;0;0;0;0;0;0;0;0;0;0;1;0;0;0;0;0;0;0;0;0;0;0;0;0;0;0;0;0;0;0;0;0;0;0;0;0;1;0;0;0;1;0;0;0;1;0;0;0;0;0;0;0;0;0;0;54;53;1;52;0;25;3.57;0.981;0
2186360;IDUN - Frontline Survival;;;;3.29;0;20000;15;78.54;421;115;0;98;0;9;full;0;0;0;4.0;1;Novato;223;1;1;0;0;1;0;0;0;1;0;1;0;0;0;1;0;0;0;0;1;0;1;1;0;0;0;0;0;0;0;0;1;0;0;0;0;1;0;0;0;0;1;1;0;0;0;0;0;0;0;0;0;1;0;0;0;0;0;0;0;0;0;1;0;0;0;0;0;0;0;0;0;0;0;0;0;0;0;689;543;146;649;0;17;22.66;0.788;0
345010;Ascent - The Space Game;;;;19.99;0;20000;1;67.94;231;109;0;1;4;1;none;0;0;0;15.62;1;Novato;270;0;0;0;0;1;1;0;0;1;0;1;0;0;0;0;1;0;0;0;0;1;0;0;0;0;0;0;0;0;0;0;0;0;0;0;0;0;0;0;0;0;1;0;0;0;0;0;0;0;0;0;0;1;0;0;0;0;0;0;0;0;0;0;0;0;0;0;0;0;0;0;1;1;0;0;0;0;0;4;2;2;2;0;4;8.75;0.5;0
495780;Hexoscope;;;;2.99;0;50000;1;88.53;193;25;0;0;2;1;none;0;0;0;1.0;1;Novato;299;0;0;1;0;1;0;0;0;0;0;0;0;0;0;1;0;0;0;0;0;0;0;1;0;0;1;0;0;0;0;0;0;0;0;0;0;0;0;0;0;0;0;0;0;0;0;0;0;0;0;0;0;0;0;0;0;0;1;0;0;0;0;0;0;0;0;0;0;0;0;1;1;0;0;0;0;0;0;10;9;1;1;0;9;3.46;0.9;1
612110;Sweet fantasy;;;;4.99;0;50000;0;82.14;400;87;0;15;1;3;none;0;0;0;1.0;1;Novato;76;0;1;1;0;1;0;0;0;0;0;0;0;0;0;1;0;0;0;0;0;1;1;1;0;0;1;0;0;0;0;0;0;0;0;0;0;0;0;0;0;0;0;0;0;0;0;0;0;0;0;0;0;0;0;0;0;0;0;0;1;1;0;0;0;0;0;0;0;0;0;1;1;0;0;0;0;0;0;25;24;1;21;0;16;2.17;0.96;1
1259840;The House of Da Vinci 2;;;;10.49;0;100000;22;91.75;1813;163;0;24;1;13;none;0;0;0;4.0;1;Novato;244;0;1;0;0;1;0;0;0;0;0;0;0;0;0;1;0;0;0;0;0;0;1;1;0;0;1;0;0;0;1;0;0;0;0;0;0;0;0;0;0;0;1;0;0;0;0;0;0;0;0;0;0;0;0;0;0;0;1;1;0;0;0;1;0;0;0;0;0;0;0;0;1;0;0;0;0;0;0;628;554;74;577;0;29;12.08;0.882;1
681280;Descenders;;;;12.49;0;500000;190;94.32;18141;1092;0;42;1;17;full;0;0;0;4.0;1;Novato;214;1;0;0;0;0;0;0;1;0;1;0;0;0;0;1;1;0;0;0;1;0;1;1;0;0;1;0;0;0;0;1;0;0;0;0;0;0;0;0;0;0;0;0;0;0;0;0;1;0;0;0;0;1;0;0;1;1;0;0;0;0;0;0;0;0;0;0;0;1;1;0;0;0;0;0;0;0;0;1000;940;60;892;0;4;39.5;0.94;1
1216880;Risen Kingdom;;;;1.99;0;50000;3;78.47;317;87;0;38;0;2;none;0;0;0;2.0;1;Novato;125;0;0;0;0;1;0;0;0;0;0;1;0;0;0;1;0;0;0;0;0;0;1;1;0;0;1;0;0;0;0;0;0;0;0;0;0;0;0;0;0;0;1;1;0;0;0;0;0;0;0;0;0;0;0;0;0;0;0;0;0;0;1;0;0;0;0;0;0;0;0;1;1;0;0;0;0;0;0;121;98;23;118;0;28;8.84;0.81;1
2027330;GoreBox;;;;4.99;0;500000;509;90.57;13136;1368;0;0;0;1;none;0;0;0;4.0;1;Novato;267;1;0;1;0;1;0;0;0;1;0;0;0;0;0;1;0;0;0;0;0;0;0;0;0;0;0;0;0;0;1;0;0;0;0;0;0;0;0;0;0;0;0;0;0;0;0;0;0;0;1;0;1;0;0;0;0;0;0;0;0;0;0;1;0;0;0;0;1;1;0;0;0;0;0;0;0;1;0;1000;626;374;902;0;2;42.6;0.626;1
931360;Land of Puzzles: Battles;;;;2.99;0;20000;1;37.66;29;48;0;1;0;1;none;0;0;0;0.49;1;Novato;216;0;0;1;0;1;0;0;0;0;0;0;0;0;0;1;0;0;0;0;0;0;1;0;0;0;0;0;0;0;0;0;0;0;0;0;0;0;0;0;0;0;1;0;0;0;0;0;0;0;0;0;0;0;0;0;0;0;1;1;0;0;1;0;0;0;0;0;0;1;0;1;1;0;0;0;0;0;0;19;9;10;5;0;12;2.39;0.474;0
1591520;Clownfield 2042;;;;0.89;0;200000;0;84.57;3914;714;0;16;0;1;none;0;0;0;4.0;1;Novato;306;1;0;0;0;0;0;0;0;0;0;0;0;0;0;1;1;1;1;0;0;0;1;0;0;0;0;0;0;0;1;0;0;0;0;0;0;0;0;0;0;0;0;0;0;0;0;0;1;0;0;0;0;0;0;0;0;0;0;0;0;0;0;1;0;0;0;0;0;0;0;0;0;0;0;0;0;1;0;173;107;66;148;0;29;6.86;0.618;1
2137880;Ink Inside;;;;3.76;0;100000;2;96.3;52;2;0;50;2;2;full;0;0;0;2.0;1;Novato;308;1;1;0;0;1;0;1;0;0;0;0;0;0;0;1;1;1;0;0;1;0;1;1;0;0;0;1;1;0;0;0;0;0;1;0;0;0;0;1;1;0;0;0;0;0;0;0;0;1;0;0;0;0;0;0;0;0;0;0;0;0;0;0;0;0;1;0;0;0;0;0;0;0;0;0;0;0;0;70;68;2;43;0;13;5.12;0.971;1
788210;The Bonfire: Forsaken Lands;;;;7.99;0;20000;0;76.56;160;49;0;12;0;14;full;0;0;0;1.0;1;Novato;164;0;0;0;0;1;0;1;0;1;0;1;0;0;0;1;0;0;0;0;1;0;1;0;0;0;1;0;0;0;0;0;0;0;0;0;0;1;0;1;0;0;1;0;0;0;0;0;0;0;0;0;0;1;0;0;0;0;0;0;0;0;1;0;0;0;0;0;1;1;0;0;1;0;0;0;0;0;0;32;24;8;31;0;18;7.24;0.75;0
342560;Airships: Conquer the Skies;;;;6.24;0;200000;68;95.95;5706;241;0;32;2;7;none;0;0;0;0.25;1;Novato;98;1;0;0;0;1;0;0;0;0;0;1;0;0;0;1;1;1;1;0;0;0;1;0;1;0;0;0;0;0;0;0;0;0;0;0;0;0;0;0;0;0;1;0;0;0;0;0;1;0;1;0;0;0;0;0;0;0;0;0;0;0;1;0;0;0;0;0;0;0;0;0;0;0;0;0;0;0;0;1000;950;50;936;0;22;68.66;0.95;1
977400;Cell to Singularity - Evolution Never Ends;;;;0.0;1;1000000;3036;89.84;21284;2406;0;43;0;17;none;0;0;0;1.0;1;Novato;81;0;0;1;0;0;0;0;0;1;0;0;0;0;0;1;0;0;0;0;0;1;1;1;0;1;0;0;0;0;0;0;0;0;0;0;0;0;0;0;0;0;1;0;0;0;0;0;1;0;0;0;1;1;0;0;0;0;0;1;0;0;0;0;0;0;0;0;1;0;0;1;0;1;1;0;0;0;0;1000;864;136;1000;0;4;139.54;0.864;1
588230;Beckett;;;;1.99;0;20000;0;71.9;110;43;0;18;0;1;none;0;0;0;4.0;1;Novato;307;0;1;0;0;1;0;0;0;0;0;0;0;0;0;1;0;0;0;0;0;0;1;0;0;0;0;0;0;0;0;0;0;0;1;0;0;0;0;0;0;0;0;0;0;0;0;0;0;0;0;0;0;0;0;0;0;0;0;1;1;0;0;0;0;0;0;0;1;0;0;0;1;0;0;0;0;0;0;24;21;3;17;0;19;3.42;0.875;0
1801520;Zombieville USA 3D;;;;5.79;0;50000;69;95.34;1698;83;0;30;0;1;full;0;0;0;8.0;1;Novato;250;1;0;0;0;1;0;0;0;0;0;0;0;0;0;1;1;1;1;0;1;0;1;1;0;0;0;0;0;0;0;0;0;0;0;0;0;0;0;0;0;0;0;0;0;0;0;1;0;0;0;0;0;0;0;0;0;0;0;0;0;0;0;1;0;0;0;0;0;0;0;1;0;0;0;0;0;0;0;999;913;86;937;0;15;12.54;0.914;1
1449320;Alfred Hitchcock - Vertigo;;;;19.99;0;100000;0;82.25;672;145;0;31;4;6;full;0;0;0;8.0;1;Novato;189;0;1;0;0;0;0;0;0;0;0;0;0;0;0;1;0;0;0;0;1;0;1;0;0;0;0;0;0;0;0;0;0;0;1;0;0;0;0;0;0;0;0;0;0;0;0;0;0;0;0;0;0;0;0;0;0;0;0;1;0;0;0;1;0;0;0;1;0;0;0;0;0;0;0;0;0;0;0;539;453;86;391;0;29;11.42;0.84;1
1258780;B100X - Auto Dungeon RPG;;;;0.0;1;100000;10;80.69;752;180;0;41;0;11;none;0;0;0;4.0;1;Novato;91;0;0;1;0;0;0;1;0;0;0;1;0;0;0;1;0;0;0;0;0;0;1;1;0;1;0;0;0;0;0;0;0;0;1;0;0;0;0;1;0;0;1;0;0;0;0;0;0;0;0;0;0;0;0;0;0;0;0;0;1;1;0;0;0;0;0;0;0;0;0;1;0;0;0;0;0;0;0;162;125;37;162;0;28;33.35;0.772;1
610960;红石遗迹 - Red Obsidian Remnant;;;;8.99;0;50000;0;84.05;701;133;0;17;1;3;none;0;0;0;2.0;1;Novato;61;1;1;0;0;1;0;1;0;0;0;0;0;0;0;1;0;0;0;0;0;1;1;1;0;0;1;0;0;0;0;0;0;0;0;0;0;0;0;1;0;0;0;0;0;0;0;0;0;0;0;0;0;0;0;0;0;0;0;0;0;1;0;0;0;0;0;0;0;0;0;0;1;1;0;0;0;0;0;14;11;3;14;0;9;12.75;0.786;1
251150;The Legend of Heroes: Trails in the Sky;;;;19.99;0;500000;69;93.76;8966;597;0;27;0;1;none;0;0;0;0.5;1;Novato;293;0;0;0;0;0;0;1;0;0;0;0;0;0;0;1;0;0;0;0;0;1;1;1;0;0;1;0;0;0;0;0;0;0;1;0;0;0;0;1;0;1;1;0;0;0;0;0;0;0;0;0;0;0;0;0;0;0;0;0;0;1;0;0;0;0;0;0;0;0;0;0;0;0;0;0;0;0;0;1000;954;46;801;0;15;52.01;0.954;1
1336600;Cabin Fever;;;;5.79;0;20000;1;95.74;427;19;0;31;2;1;none;0;0;0;4.0;1;Novato;229;0;1;0;0;1;0;0;0;1;0;0;0;0;0;1;0;0;0;0;0;0;1;0;0;0;0;0;0;0;0;0;0;0;1;0;0;0;0;0;0;0;0;0;0;0;0;0;0;0;0;0;0;1;0;0;0;0;0;0;1;1;1;0;0;0;0;0;0;0;0;0;1;0;0;0;0;0;0;127;121;6;124;0;29;5.33;0.953;0
285980;Kromaia;;;;5.79;0;20000;0;74.56;85;29;0;23;0;8;full;0;0;0;2.0;1;Novato;241;1;0;0;0;1;0;0;0;0;0;0;0;0;0;1;0;0;0;0;1;0;1;0;0;0;1;0;0;0;0;0;0;0;0;0;0;0;0;0;0;0;0;0;0;0;0;0;0;0;0;0;0;0;0;0;0;0;0;0;0;0;0;0;0;0;0;0;0;0;0;0;1;0;0;0;0;0;0;8;6;2;7;0;7;5.08;0.75;0
345440;Vapour;;;;2.99;0;50000;11;41.54;81;114;0;0;1;1;full;0;0;0;2.0;1;Novato;313;1;1;0;0;1;0;0;0;0;0;0;0;0;0;1;0;0;0;0;1;0;0;0;0;0;1;0;0;0;1;0;0;0;0;0;0;1;1;0;0;0;0;0;0;0;0;0;0;0;0;0;0;0;0;0;0;0;1;0;0;0;0;0;0;0;0;1;1;0;1;0;1;0;0;0;0;1;0;25;11;14;12;0;14;5.65;0.44;1
312900;Zoo Rampage;;;;3.99;0;20000;0;64.89;85;46;0;45;0;1;none;0;0;0;3.91;1;Novato;191;1;0;1;0;1;0;0;0;0;0;0;0;0;0;1;1;0;0;0;0;1;1;0;0;0;1;1;0;0;0;0;0;0;0;0;0;0;0;0;0;0;0;0;0;0;0;0;0;0;0;0;0;0;0;0;0;0;0;0;0;0;0;0;0;0;0;0;0;0;0;1;1;0;0;0;0;0;0;4;2;2;2;0;3;3.4;0.5;0
352700;Subspace Continuum;;;;0.0;1;50000;22;88.48;530;69;0;1;0;1;none;0;0;0;0.06;1;Novato;116;1;0;1;0;1;1;0;0;0;0;1;0;0;0;0;1;1;1;0;0;1;0;0;0;0;0;0;0;0;0;0;0;0;0;0;0;0;0;0;0;0;0;0;0;0;0;0;1;0;0;0;0;0;0;0;0;0;0;0;0;0;1;0;0;0;0;0;0;0;0;1;0;0;1;0;0;0;0;66;59;7;66;0;26;176.31;0.894;1
253230;A Hat in Time;;;;14.99;0;500000;131;97.85;50577;1110;0;46;6;11;full;0;0;0;4.0;1;Novato;184;0;1;0;0;1;0;0;0;0;0;0;0;0;0;1;1;1;0;0;1;0;1;1;1;0;1;1;1;0;0;1;0;0;0;0;0;0;0;0;0;0;0;0;1;0;0;1;0;0;0;0;0;0;0;0;0;0;0;0;0;0;0;0;0;0;0;0;0;0;0;0;1;0;0;0;0;0;0;1000;962;38;840;0;6;31.48;0.962;1
1520760;Tyrant's Blessing;;;;1.89;0;20000;0;70.95;232;95;0;54;1;8;full;0;0;0;1.0;1;Novato;259;0;0;0;0;1;0;1;0;0;0;1;0;0;0;1;0;0;0;0;1;0;1;0;0;0;0;0;0;0;0;0;0;0;0;0;0;0;0;1;0;0;1;0;0;0;0;0;0;0;0;0;0;1;0;0;0;0;0;0;0;1;0;0;0;0;0;0;0;0;0;0;0;0;0;0;0;0;0;125;82;43;94;0;29;8.93;0.656;0
1946140;Jigsaw Puzzles Infinite;;;;0.0;1;50000;31;85.49;324;55;0;23;3;8;none;0;0;0;0.5;1;Novato;256;0;0;1;0;1;0;0;0;1;0;1;0;0;0;1;0;0;0;0;0;0;1;1;0;0;0;0;0;0;0;0;0;0;0;0;0;0;0;0;0;0;1;0;0;0;0;0;0;0;0;0;1;1;0;0;0;0;1;1;0;0;0;0;0;0;0;0;0;1;0;1;1;0;1;0;0;0;0;354;292;62;354;0;29;32.59;0.825;1
474910;The Mahjong Huntress;;;;4.99;0;50000;0;69.28;221;98;0;16;0;1;none;0;0;0;2.0;1;Novato;230;0;1;0;0;1;0;0;0;0;0;1;0;0;0;1;0;0;0;0;0;0;1;1;0;0;1;0;0;0;0;0;0;0;0;0;0;0;0;0;0;0;1;0;0;0;0;0;0;0;0;0;0;0;0;0;0;0;1;0;0;0;0;0;0;0;0;0;0;0;0;1;1;0;0;0;0;0;0;24;13;11;14;0;15;8.18;0.542;1
289300;Faces of War;;;;2.99;0;100000;4;88.24;975;130;0;0;0;2;none;0;0;0;0.5;1;Novato;289;1;0;0;0;0;0;0;0;1;0;1;0;0;0;1;1;1;0;0;0;0;0;1;0;0;0;0;0;0;0;0;0;0;0;0;0;0;0;0;0;0;1;0;0;0;0;1;1;0;0;0;0;1;0;0;0;0;0;0;0;0;0;0;0;0;0;0;0;0;0;0;0;0;0;0;0;0;0;233;206;27;199;0;29;26.29;0.884;1
952850;败家仔 Last Wish;;;;0.99;0;20000;0;40.0;2;3;0;0;0;1;none;0;0;0;1.0;1;Novato;330;0;0;1;0;1;0;1;0;1;0;1;0;0;0;1;0;0;0;0;0;0;0;0;0;0;0;0;0;0;0;0;0;0;0;0;0;0;0;1;0;0;1;0;0;0;0;0;0;0;0;0;0;1;0;0;0;0;0;0;0;0;0;0;0;0;0;0;0;0;0;1;1;0;0;0;0;0;0;0;0;0;0;0;0;0.0;0.0;0
563560;Alien Swarm: Reactive Drop;;;;0.0;1;200000;179;94.93;21500;1149;0;198;0;14;full;0;0;0;2.0;1;Novato;135;1;0;0;0;0;0;0;0;0;0;0;0;0;0;1;1;1;1;0;1;0;1;1;1;0;0;0;0;0;1;0;0;0;0;0;0;0;0;0;0;0;0;0;0;0;0;1;0;0;1;0;0;0;0;0;0;0;0;0;0;0;0;0;0;0;0;0;0;0;0;0;0;0;0;0;0;0;0;999;940;59;999;0;11;39.12;0.941;1
595060;Lionheart: Legacy of the Crusader;;;;10.49;0;50000;4;84.52;131;24;0;0;0;6;none;0;0;0;0.25;1;Novato;281;1;1;0;0;0;0;1;0;0;0;0;0;0;0;1;1;1;0;0;0;0;0;1;0;0;0;0;0;0;0;0;0;0;1;0;0;0;1;1;1;0;0;0;0;0;0;1;0;0;0;0;0;0;0;0;0;0;0;0;0;0;0;0;0;0;0;0;1;0;0;0;0;0;0;0;0;0;0;55;47;8;52;0;27;24.23;0.855;1
491000;Gravity Cat;;;;1.49;0;50000;0;78.52;402;110;0;7;0;10;none;0;0;0;0.5;1;Novato;99;0;0;0;0;1;0;0;0;0;0;0;0;0;0;1;0;0;0;0;0;1;1;0;0;0;1;0;0;0;0;0;0;0;0;0;0;0;0;0;0;0;0;0;1;0;0;0;0;0;0;0;0;0;0;0;0;0;1;0;0;0;1;0;0;0;0;0;0;0;1;0;1;0;0;0;0;0;0;35;26;9;33;0;21;51.95;0.743;1
2442440;No Delivery;;;;3.0;0;50000;0;98.18;54;1;0;0;0;1;none;0;0;0;1.0;1;Novato;288;0;0;0;0;1;0;1;0;0;0;0;0;0;0;1;0;0;0;0;0;0;0;0;0;0;0;0;0;0;0;0;0;0;0;0;0;0;1;1;0;0;0;0;0;0;0;0;0;0;0;0;0;0;1;0;0;0;0;0;0;0;1;0;0;0;0;0;1;0;0;0;0;0;0;0;0;0;0;43;42;1;39;0;21;4.94;0.977;1
345060;Stay Alight;;;;3.99;0;50000;0;81.19;164;38;0;30;0;13;none;0;0;0;1.0;1;Novato;247;1;0;1;0;1;0;0;0;0;0;0;0;0;0;1;0;0;0;0;0;0;1;1;0;0;1;0;0;0;0;0;0;0;0;0;0;0;0;0;0;0;0;0;0;0;0;0;0;0;0;0;0;0;0;0;0;0;1;0;0;0;0;0;0;0;0;0;0;0;0;1;1;0;0;0;0;0;0;8;7;1;5;0;6;6.25;0.875;1
1285820;Virus Kombat;;;;0.99;0;20000;0;71.43;5;2;0;0;0;103;none;0;0;0;2.0;1;Novato;256;0;0;1;0;1;0;0;0;0;0;0;0;0;0;1;0;0;0;0;0;1;0;0;0;0;0;0;0;0;0;0;0;0;0;0;0;0;0;0;0;0;0;0;1;0;0;0;0;0;0;0;0;0;0;0;0;0;0;0;0;0;1;0;0;0;0;0;0;0;0;1;1;1;0;0;0;0;0;1;1;0;1;0;1;5.72;1.0;0
2217580;New Star™ GP;;;;5.79;0;50000;12;94.35;852;51;0;50;0;8;full;0;0;0;4.0;1;Novato;294;0;0;0;0;1;0;0;1;0;1;0;0;0;0;1;1;0;0;0;1;0;1;1;0;0;0;1;0;0;0;0;0;0;0;0;0;0;0;0;0;0;0;0;0;0;0;0;1;0;1;0;0;0;0;0;1;1;0;0;0;0;0;0;0;0;0;0;0;0;0;0;0;0;0;0;0;0;0;1000;912;88;870;0;26;14.21;0.912;1
1410640;Syberia: The World Before;;;;39.99;0;200000;11;89.99;3909;435;0;30;1;14;full;0;0;0;8.0;1;Novato;91;0;1;0;0;0;0;0;0;0;0;0;0;0;0;1;0;0;0;0;1;0;1;1;0;0;1;0;0;0;0;0;0;0;1;0;0;0;0;0;0;0;0;0;0;0;0;0;0;0;0;0;0;0;0;0;0;0;1;1;0;0;0;0;1;0;0;0;1;0;0;0;0;0;0;0;0;0;0;1000;864;136;795;0;19;16.98;0.864;1
2664960;帝缚山海;;;;4.49;0;100000;0;88.89;8;1;0;0;0;1;none;0;0;0;4.0;1;Novato;133;0;1;1;0;0;0;1;0;1;0;1;0;0;1;1;0;0;0;0;0;0;0;0;0;0;0;0;0;0;0;1;0;0;0;0;0;0;0;1;0;0;1;0;0;0;0;0;0;0;0;0;0;1;0;0;0;0;0;0;0;0;1;0;0;0;0;0;0;0;0;1;0;1;0;0;0;0;0;11;8;3;10;11;6;1.55;0.727;1
656740;Cosmonator;;;;6.99;0;20000;0;86.6;84;13;0;25;0;1;none;0;0;0;1.0;1;Novato;225;1;0;0;0;1;0;1;0;0;0;0;0;0;0;1;0;0;0;0;0;1;1;1;0;0;0;0;0;0;0;0;0;0;0;0;0;0;0;1;1;0;0;0;0;0;0;0;0;0;0;0;0;0;0;0;0;0;0;0;0;0;0;0;0;0;0;0;0;0;0;0;1;1;0;0;0;0;0;11;9;2;9;0;8;4.94;0.818;0
2561580;Horizon Zero Dawn™ Remastered;;;;49.99;0;50000;265;81.1;2760;643;0;79;0;20;full;0;0;0;16.0;1;Novato;267;1;1;0;0;0;0;1;0;0;0;0;0;0;0;1;0;0;0;0;1;0;1;1;0;0;0;0;0;0;0;1;1;0;1;0;0;0;0;1;0;0;0;0;0;0;0;0;0;0;0;0;0;0;0;0;0;0;0;0;0;0;0;0;0;0;0;0;0;0;0;0;0;0;0;0;0;0;1;1000;872;128;810;0;4;38.24;0.872;1
1564090;Landlord of the Woods;;;;0.89;0;50000;0;97.07;993;30;0;0;0;1;none;0;0;0;1.0;1;Novato;227;0;1;1;0;1;0;0;0;0;0;0;0;0;0;1;0;0;0;0;0;0;0;0;0;0;0;0;0;0;0;0;0;0;1;0;0;0;0;0;0;0;0;0;0;0;0;0;0;0;0;0;0;0;0;0;0;0;1;1;0;0;1;0;0;0;0;0;1;1;0;1;1;0;0;0;0;0;0;603;578;25;583;0;29;1.27;0.959;1
792570;BattleCON: Online;;;;0.0;1;50000;0;71.53;201;80;0;39;3;1;none;0;0;0;4.0;1;Novato;208;0;0;0;0;1;0;0;0;0;0;1;0;0;1;1;1;0;0;0;0;0;1;0;0;1;0;0;0;0;0;0;0;0;0;0;0;0;0;0;0;0;1;0;0;0;0;0;1;0;0;0;0;0;0;0;0;0;0;0;0;0;0;0;0;0;0;0;0;0;0;0;1;1;1;0;0;0;0;12;7;5;12;12;9;5.08;0.583;1
854150;Snail Racer Extreme;;;;0.89;0;20000;0;65.81;77;40;0;10;0;1;none;0;0;0;0.5;1;Novato;95;0;0;1;0;1;0;0;1;0;1;0;0;0;0;1;0;0;0;0;0;0;1;1;0;0;0;0;0;0;0;0;0;0;0;0;0;0;0;0;0;0;0;0;0;0;0;0;0;0;0;0;0;0;0;0;1;1;0;0;0;0;0;0;0;0;0;0;0;0;0;1;1;0;0;0;0;0;0;7;5;2;0;0;6;0.8;0.714;0
1034880;DoraKone;;;;0.0;1;20000;0;96.63;172;6;0;0;0;1;none;0;0;0;1.0;1;Novato;268;0;0;1;0;1;0;0;0;0;0;0;0;0;0;1;0;0;0;0;0;1;0;0;0;0;0;0;0;0;0;0;0;0;0;0;0;0;0;0;0;0;0;0;0;0;0;0;0;0;0;0;0;0;0;0;0;0;0;0;1;1;0;0;0;0;0;0;0;0;0;1;1;0;1;0;0;0;0;11;11;0;11;0;10;3.09;1.0;0
229870;ShootMania Storm;;;;3.99;0;100000;5;85.36;729;125;0;0;0;20;none;0;0;0;2.0;1;Novato;342;1;0;0;0;0;0;0;0;0;0;0;0;0;0;0;1;0;0;0;0;1;0;0;1;0;0;0;0;0;1;0;0;0;0;0;0;0;0;0;0;0;0;0;0;0;0;1;1;0;0;0;0;0;0;0;0;0;0;0;0;0;0;0;0;0;0;0;0;0;0;0;0;0;0;0;0;1;0;29;26;3;15;0;18;309.61;0.897;1
1573720;Agatha Christie - Hercule Poirot: The First Cases;;;;19.99;0;100000;5;76.4;903;279;0;46;1;12;full;0;0;0;4.0;1;Novato;96;0;1;0;0;0;0;0;0;0;0;0;0;0;0;1;0;0;0;0;1;0;1;0;0;0;0;0;0;0;0;0;0;0;1;0;0;0;0;0;0;0;0;0;0;0;0;0;0;0;0;0;0;0;0;0;0;0;0;1;1;0;0;0;0;0;0;0;1;0;0;0;0;0;0;0;0;0;0;587;438;149;454;0;29;11.28;0.746;1
935930;Reignfall;;;;4.99;0;20000;1;89.16;370;45;0;24;0;4;none;0;0;0;2.0;1;Novato;219;1;0;0;0;1;0;0;0;0;0;1;0;0;0;1;0;0;0;0;0;0;0;1;0;0;0;0;0;0;0;0;0;0;0;0;0;0;0;0;0;0;1;0;0;0;0;0;0;0;0;0;0;0;0;1;0;0;0;0;0;0;0;0;0;0;0;0;0;0;1;0;1;0;0;0;0;0;0;35;28;7;34;0;20;15.73;0.8;0
2941660;Archean;;;;10.49;0;100000;16;87.85;159;22;0;0;0;5;none;0;0;0;8.0;1;Novato;138;0;0;0;0;1;0;0;0;1;0;0;0;0;1;1;1;1;1;0;0;1;0;1;1;0;0;0;0;0;1;1;1;0;0;0;0;0;0;0;0;0;0;0;0;0;0;0;1;0;0;0;1;1;0;0;0;0;0;0;0;0;0;0;1;0;0;0;0;0;0;0;0;1;0;0;0;0;0;237;209;28;226;237;24;143.54;0.882;1
872240;Nick Beard: The Fedora of Destiny;;;;0.0;1;20000;0;84.71;216;39;0;10;1;1;none;0;0;0;0.5;1;Novato;41;0;0;0;0;1;0;1;0;0;0;0;0;0;0;1;0;0;0;0;0;0;1;0;0;0;0;0;0;0;0;0;0;0;0;0;0;0;0;1;0;0;0;0;0;0;0;0;0;0;0;0;0;0;0;0;0;0;0;0;0;0;0;0;0;0;0;0;0;0;0;0;1;0;1;0;0;0;0;18;15;3;18;0;10;2.16;0.833;0
720380;Ancestors Legacy Free Peasant Edition;;;;0.0;1;100000;1;77.79;585;167;77;0;0;11;full;0;0;0;4.0;1;Novato;298;0;0;0;0;0;0;0;0;0;0;1;0;0;0;1;1;1;1;0;1;0;0;0;0;0;0;0;0;0;0;0;0;0;0;0;0;0;0;0;0;0;1;0;0;0;0;0;1;0;0;0;0;0;0;0;0;0;0;0;0;0;0;0;0;0;0;0;1;0;0;0;0;0;0;0;0;0;0;40;35;5;40;0;21;208.95;0.875;1
2188960;Vampire Slayer: The Resurrection;;;;4.99;0;20000;0;65.79;50;26;0;18;0;6;full;0;0;0;8.0;1;Novato;110;1;1;0;0;0;0;0;0;0;0;0;0;0;0;0;1;0;0;0;1;0;1;0;0;0;0;0;0;0;1;0;0;0;0;0;0;0;1;0;0;0;0;0;0;0;0;0;1;0;1;0;0;0;0;0;0;0;0;0;0;0;0;0;0;0;0;1;1;0;0;0;0;0;0;0;0;1;0;16;9;7;15;0;11;1.47;0.562;0
2564880;Departed Away;;;;2.99;0;20000;0;90.3;326;35;0;23;0;4;none;0;0;0;4.0;1;Novato;251;0;0;1;0;1;0;1;0;0;0;0;0;0;0;1;0;0;0;0;0;0;0;0;0;0;0;0;0;0;0;0;0;0;1;0;0;0;0;1;0;0;0;0;0;0;0;0;0;0;0;0;0;0;0;0;0;0;0;0;1;0;1;0;0;0;0;0;0;0;0;1;1;0;0;0;0;0;0;552;498;54;516;0;29;3.66;0.902;0
1083760;Knights of the Chalice;;;;19.99;0;20000;0;86.21;75;12;0;100;0;1;none;0;0;0;0.0;1;Novato;297;0;0;0;0;1;0;1;0;0;0;0;0;0;0;1;0;0;0;0;0;0;1;0;0;0;0;0;0;0;0;1;0;0;0;0;0;0;0;1;0;0;0;0;0;0;0;0;0;0;0;0;0;0;0;0;0;0;0;0;0;0;1;0;0;0;0;0;0;0;0;0;1;0;0;0;0;0;0;20;16;4;19;0;13;43.48;0.8;0
1655880;Kings and Pigs;;;;0.89;0;20000;0;47.5;19;21;0;9;0;18;none;0;0;0;4.0;1;Novato;79;0;1;1;0;1;0;0;0;0;0;0;0;0;0;1;1;1;0;0;0;0;1;0;0;0;0;1;1;0;0;0;0;0;1;0;0;0;0;0;0;0;0;0;0;0;0;1;1;1;0;0;0;0;0;0;0;0;0;0;0;0;0;0;0;0;0;0;0;1;0;1;0;0;0;0;0;0;0;10;4;6;4;0;10;4.36;0.4;0
762650;Depraved;;;;1.99;0;200000;2;61.25;743;470;0;13;1;8;none;0;0;0;8.0;1;Novato;263;0;0;0;0;1;0;0;0;1;0;1;0;0;0;1;0;0;0;0;0;0;1;0;0;0;1;0;0;0;0;1;0;0;0;0;0;1;0;0;0;0;1;0;0;0;0;0;0;0;0;0;0;1;1;1;0;0;0;0;0;0;0;1;0;0;0;0;0;0;0;0;0;0;0;0;0;0;0;106;56;50;95;0;28;21.09;0.528;1
795550;Warawara Invaders;;;;0.99;0;20000;0;60.0;3;2;0;6;1;1;none;0;0;0;2.0;1;Novato;131;1;0;1;0;1;0;0;0;0;0;0;0;0;0;1;0;0;0;0;0;1;1;1;0;0;0;0;0;0;0;0;0;0;0;0;0;0;0;0;0;0;0;0;0;0;0;0;0;0;0;0;0;0;0;0;0;0;0;0;0;1;1;0;0;0;0;0;0;0;0;1;1;0;0;0;0;0;0;2;1;1;2;0;2;0.42;0.5;0
518620;Ballistick;;;;1.99;0;50000;0;34.57;84;159;0;30;0;1;full;0;0;0;2.0;1;Novato;229;1;0;0;0;1;0;0;0;0;0;0;0;0;0;1;0;0;0;0;1;0;1;0;0;0;1;0;0;0;0;0;0;0;0;0;0;0;0;0;0;0;0;0;0;0;0;0;0;0;0;0;0;0;0;0;0;0;0;0;0;0;0;0;0;0;0;0;0;0;0;0;1;0;0;0;0;0;1;23;11;12;6;0;16;2.98;0.478;1
874030;To the Core;;;;0.0;1;50000;0;67.37;159;77;0;16;0;1;full;0;0;0;4.0;1;Novato;209;1;1;0;0;1;0;0;0;0;0;0;0;0;0;1;0;0;0;0;1;0;1;0;0;0;0;0;0;0;0;0;0;0;0;0;0;0;0;0;0;0;0;0;0;0;0;0;1;0;0;0;0;0;0;0;0;0;0;0;0;0;0;0;0;0;0;0;1;0;1;0;1;0;1;0;0;0;0;15;10;5;15;0;11;2.08;0.667;1
2560740;Beyond fantasy;;;;12.99;0;100000;0;100.0;2;0;0;36;0;21;none;0;0;0;1.0;1;Novato;146;1;0;1;0;1;0;0;0;0;0;0;0;0;0;1;1;1;1;0;0;0;1;1;0;0;0;0;0;0;0;0;0;0;0;0;0;1;0;0;0;0;0;0;0;0;0;0;1;0;0;0;0;0;0;0;0;0;0;0;0;0;0;1;0;0;0;0;0;0;0;0;0;0;0;0;0;0;0;0;0;0;0;0;0;0.0;0.0;1
299260;Commando Jack;;;;7.99;0;200000;0;50.45;280;275;0;0;0;1;none;0;0;0;0.0;1;Novato;213;1;0;0;0;1;0;0;0;0;0;1;0;0;0;1;0;0;0;0;0;0;0;0;0;0;1;0;0;0;0;0;0;0;0;0;0;0;0;0;0;0;1;1;0;0;0;0;0;0;0;0;0;0;0;0;0;0;0;0;0;0;0;0;0;0;0;0;0;0;0;0;1;0;0;0;0;0;0;19;10;9;2;0;14;5.2;0.526;1
1269810;The Curse of Kubel;;;;0.75;0;20000;1;71.65;417;165;0;0;1;3;none;0;0;0;4.0;1;Novato;201;0;0;0;0;1;0;1;0;0;0;0;0;0;0;1;0;0;0;0;0;0;0;1;0;0;0;0;0;0;0;0;0;0;0;0;0;0;0;1;0;0;0;0;0;0;0;0;0;0;0;0;0;0;0;0;0;0;0;0;0;1;0;0;0;0;0;0;0;0;0;0;1;0;0;0;0;0;0;126;75;51;122;0;29;9.06;0.595;0
579230;Alpacapaca Dash;;;;0.99;0;50000;0;88.73;181;23;0;13;0;3;full;0;0;0;0.25;1;Novato;219;0;0;1;0;1;0;0;0;0;0;0;0;0;0;1;0;0;0;0;1;0;1;0;0;0;1;0;0;0;0;0;0;0;0;0;0;0;0;0;0;0;0;0;1;0;0;0;0;0;0;0;0;0;0;0;0;1;0;0;0;1;1;0;0;0;0;0;0;0;1;1;1;0;0;0;0;0;0;24;18;6;17;0;19;5.38;0.75;1
1054090;TECHNOSPHERE RELOAD;;;;9.99;0;20000;0;87.5;21;3;0;31;0;1;full;0;0;0;4.0;1;Novato;171;1;1;1;0;1;0;0;0;0;0;0;0;0;0;1;0;0;0;0;1;0;1;0;0;0;0;0;0;0;0;0;0;0;0;0;0;0;0;0;0;0;0;0;1;0;0;0;0;0;0;0;0;0;0;0;0;0;1;0;0;0;0;1;0;0;0;0;1;0;0;1;1;0;0;0;0;0;0;2;1;1;0;0;2;2.62;0.5;0
1422910;Agent Klutz;;;;3.99;0;50000;0;91.67;22;2;0;14;0;1;none;0;0;0;2.0;1;Novato;107;1;1;0;0;1;0;0;1;0;0;0;0;0;0;1;0;0;0;0;0;0;0;0;0;0;0;0;0;0;0;0;0;0;0;0;0;0;0;0;0;0;0;0;0;0;0;0;0;0;0;0;0;0;0;0;0;1;0;0;0;0;1;0;0;0;0;0;0;0;0;0;1;0;0;0;0;0;1;2;1;1;1;0;2;5.14;0.5;1
1567870;KingdomDefense;;;;0.0;1;50000;0;100.0;5;0;0;0;0;1;none;0;0;0;2.0;1;Novato;116;1;0;1;0;0;0;0;0;0;0;1;0;0;0;1;0;0;0;0;0;0;0;0;0;0;0;0;0;0;0;0;0;0;0;0;0;0;0;0;0;0;1;0;0;0;0;0;0;0;0;0;0;0;0;0;0;0;0;0;0;0;0;1;0;0;0;0;0;0;0;1;0;0;0;0;1;0;0;3;3;0;3;0;3;3.57;1.0;1
453720;Last Will;;;;5.39;0;50000;0;76.49;283;87;0;50;0;1;none;0;0;0;4.0;1;Novato;296;0;1;0;0;1;0;0;0;0;0;0;0;0;0;1;1;1;1;0;0;0;1;1;0;0;1;0;0;0;1;0;0;0;0;0;0;0;1;0;0;0;0;0;0;0;0;1;0;0;0;0;0;0;0;0;0;0;1;0;0;0;0;0;0;0;0;0;0;0;0;0;1;0;0;0;0;0;0;66;44;22;23;0;24;5.74;0.667;1
1695840;Fear Therapy;;;;4.99;0;200000;12;67.51;3140;1511;0;0;0;16;none;0;0;0;8.0;1;Novato;220;0;0;0;0;1;0;0;0;0;0;0;0;0;1;1;1;1;1;0;0;1;0;0;0;0;0;0;0;0;1;0;0;0;0;0;0;0;1;0;0;0;0;0;0;0;0;1;1;0;1;0;0;0;0;0;0;0;0;0;0;0;0;0;1;0;0;1;0;0;1;0;1;1;0;0;0;0;0;904;544;360;704;904;29;5.03;0.602;1
1571160;Lost Scavenger;;;;14.99;0;20000;0;55.7;132;105;0;0;0;13;none;0;0;0;4.0;1;Novato;281;0;1;0;0;1;0;1;0;1;0;1;0;0;1;1;0;0;0;0;0;0;0;0;0;0;0;0;0;0;0;1;1;0;0;0;0;1;0;1;0;0;0;0;0;0;0;0;0;0;0;0;1;0;0;0;0;0;0;0;0;0;0;0;1;0;0;0;0;0;0;0;0;1;0;0;0;0;0;20;3;17;18;20;16;18.46;0.15;0
1478590;Enemy Remains;;;;7.29;0;20000;0;71.43;15;6;0;24;1;1;full;0;0;0;16.0;1;Novato;83;1;1;0;0;0;0;0;0;0;0;0;0;0;0;1;1;1;0;0;1;0;1;0;0;0;0;1;1;0;0;0;0;0;0;0;0;1;1;0;0;0;0;0;0;0;0;0;0;0;0;0;0;0;0;0;0;0;0;0;0;0;0;1;0;0;0;0;0;0;0;0;0;0;0;0;0;0;0;0;0;0;0;0;0;0.0;0.0;0
3203040;Malpractice;;;;4.49;0;100000;4;61.54;16;10;0;0;0;1;none;0;0;0;8.0;1;Novato;153;1;1;0;0;0;0;0;0;0;0;1;0;0;0;1;1;1;1;0;0;0;0;0;0;0;0;0;0;0;1;0;0;0;1;0;0;0;1;0;0;0;1;0;0;0;0;0;1;0;0;0;0;0;0;0;0;0;1;0;0;0;0;1;0;0;0;1;1;0;0;0;0;0;0;0;0;0;1;28;18;10;26;0;8;4.02;0.643;1
290300;Rebel Galaxy;;;;1.99;0;500000;24;85.22;6869;1191;0;37;0;7;full;0;0;0;2.0;1;Novato;188;1;1;0;0;1;0;1;0;1;0;0;0;0;0;1;0;0;0;0;1;0;1;1;0;0;0;0;0;0;0;1;0;0;0;0;0;0;0;1;0;0;1;0;0;0;0;0;0;0;0;0;1;1;0;0;0;0;0;0;0;0;1;0;0;0;0;0;1;0;0;0;1;0;0;0;0;0;0;585;485;100;478;0;29;41.65;0.829;1
2272640;Me && MORY;;;;1.99;0;20000;0;100.0;5;0;0;8;1;2;none;0;0;0;4.0;1;Novato;156;0;0;1;0;1;0;0;0;0;0;0;0;0;0;1;0;0;0;0;0;1;1;1;0;0;0;0;0;0;0;0;0;0;0;0;0;0;0;0;0;0;0;0;0;0;0;0;0;0;0;0;0;0;0;0;0;0;1;0;0;0;1;0;0;0;0;1;1;0;0;1;0;0;0;0;0;0;0;1;1;0;0;0;1;0.55;1.0;0
1006440;The Dame Was Loaded;;;;3.99;0;20000;0;76.19;16;5;0;0;0;1;none;0;0;0;0.25;1;Novato;216;0;1;0;0;0;0;0;0;0;0;1;0;0;0;1;0;0;0;0;0;0;0;0;0;0;0;0;0;0;0;0;0;0;0;0;0;0;0;0;0;0;1;0;0;0;0;0;0;0;0;0;0;0;0;0;0;0;0;0;0;0;0;0;0;0;0;0;0;0;0;0;0;0;0;0;0;0;0;9;7;2;7;0;6;16.32;0.778;0
485640;Genius Greedy Mouse;;;;0.0;1;20000;1;81.9;86;19;0;0;1;11;full;0;0;0;1.0;1;Novato;95;1;1;1;0;1;0;0;0;0;0;1;0;0;0;1;0;0;0;0;1;0;0;1;0;0;1;0;0;0;0;0;0;0;0;0;0;0;0;0;0;0;1;0;1;0;0;0;0;0;0;0;0;0;0;0;0;0;1;0;0;0;1;0;0;0;0;0;1;0;0;1;1;0;0;0;0;0;0;25;23;2;25;0;17;10.37;0.92;0
2684420;BALL PIT KING 3D;;;;1.49;0;50000;0;100.0;5;0;0;4;0;7;full;0;0;0;2.0;1;Novato;210;0;0;1;0;1;0;0;0;0;0;0;0;0;0;1;0;0;0;0;1;0;1;0;0;0;0;0;0;0;0;0;0;0;0;0;0;0;0;0;0;0;0;0;0;0;0;0;0;0;0;0;0;0;0;0;0;0;1;0;0;1;0;1;0;0;1;0;0;0;0;1;0;0;0;0;0;0;0;0;0;0;0;0;0;0.0;0.0;1
1253610;Knights of Braveland;;;;10.49;0;50000;4;73.02;203;75;0;29;4;11;full;0;0;0;4.0;1;Novato;202;1;1;0;0;1;0;1;0;0;0;0;0;0;0;1;1;1;1;0;1;0;1;1;0;0;1;1;1;0;0;0;0;0;0;0;0;0;0;1;1;0;0;0;0;0;0;0;1;0;1;0;0;0;0;0;0;0;0;0;0;0;1;0;0;0;0;0;0;0;1;0;0;0;0;0;0;0;0;77;57;20;74;0;25;20.43;0.74;1
1704060;Vtuber Simulator : Vtuber模擬器;;;;1.99;0;20000;0;86.0;387;63;0;0;0;3;none;0;0;0;4.0;1;Novato;78;0;0;1;0;1;0;1;0;1;0;1;0;0;0;1;0;0;0;0;0;0;0;0;0;0;0;0;0;0;0;0;0;0;0;0;0;0;0;1;0;0;1;0;0;0;0;0;0;0;0;0;0;1;0;0;0;0;0;0;0;1;1;0;0;0;0;0;0;0;0;1;1;0;0;0;0;0;0;17;8;9;16;0;12;3.63;0.471;0
1433140;The Texas Chain Saw Massacre;;;;7.99;0;200000;336;66.96;14423;7117;0;51;52;9;full;0;0;0;8.0;1;Novato;289;1;0;0;0;1;0;0;0;0;0;0;0;0;0;0;1;0;0;0;1;0;1;1;0;0;1;0;0;0;0;0;0;0;0;0;0;1;1;0;0;0;1;0;0;0;0;0;1;0;1;0;0;0;0;0;0;0;0;0;0;0;0;1;0;0;0;0;1;0;0;0;1;0;0;0;0;0;1;1000;633;367;833;0;9;78.42;0.633;1
2222220;FaceValue;;;;1.49;0;50000;0;100.0;7;0;0;9;0;1;none;0;0;0;4.0;1;Novato;157;0;1;1;0;0;0;0;0;0;0;0;0;0;0;1;0;0;0;0;0;0;0;0;0;0;0;0;0;0;0;0;0;0;0;0;0;0;0;0;0;0;1;0;0;0;0;0;0;0;0;0;0;0;0;0;0;0;1;0;0;0;0;1;0;0;0;0;1;1;0;0;0;0;0;0;0;0;0;2;2;0;2;0;2;0.28;1.0;1
1450080;The Legend of Heroes: Sen no Kiseki III;;;;17.99;0;20000;25;83.81;440;85;0;53;6;2;none;0;0;0;8.0;1;Novato;139;0;0;0;0;0;0;1;0;0;0;0;0;0;0;1;0;0;0;0;0;1;1;1;0;0;0;0;0;0;0;0;0;0;1;0;0;0;0;1;0;0;0;0;0;0;0;0;0;0;0;0;0;0;0;0;0;0;0;0;0;1;0;1;0;0;0;0;0;0;0;0;0;0;0;0;0;0;0;242;184;58;185;0;29;67.5;0.76;0
40380;nail'd;;;;3.99;0;50000;0;80.73;1022;244;0;0;0;5;none;0;0;0;0.0;1;Novato;182;0;0;0;0;0;0;0;1;0;0;0;0;0;0;1;0;0;0;0;0;1;0;0;0;0;0;0;0;0;0;0;0;0;0;0;0;0;0;0;0;0;0;0;0;0;0;0;1;0;0;0;0;1;0;0;0;1;0;0;0;0;0;0;0;0;0;0;0;0;0;0;0;0;0;0;0;0;0;151;124;27;133;0;28;4.08;0.821;1
936490;Counter Terrorist Agency;;;;10.49;0;20000;0;45.75;242;287;0;23;0;7;none;0;0;0;4.0;1;Novato;235;1;0;0;0;1;0;0;0;1;0;1;0;0;0;1;0;0;0;0;0;0;1;0;0;0;0;0;0;0;0;0;0;0;0;0;0;0;0;0;0;0;1;0;0;0;0;0;0;0;0;0;1;1;1;0;0;0;0;0;0;0;1;0;1;0;0;0;1;0;1;0;1;0;0;0;0;0;0;71;21;50;65;0;24;7.72;0.296;0
721080;Bounce Ball;;;;1.99;0;20000;0;42.86;3;4;0;0;0;1;none;0;0;0;0.0;1;Novato;88;1;0;1;0;1;0;0;0;0;0;0;0;0;0;1;0;0;0;0;0;0;0;0;0;0;0;0;0;0;0;0;0;0;0;0;0;0;0;0;0;0;1;0;0;0;0;0;0;0;0;0;0;1;0;0;0;0;1;0;0;0;0;1;0;0;0;0;1;1;1;1;1;0;0;0;0;0;0;1;1;0;1;0;1;9.77;1.0;0
589690;Queen's Quest 3: The End of Dawn;;;;7.99;0;20000;1;77.65;132;38;0;18;0;9;none;0;0;0;1.0;1;Novato;24;0;1;1;0;0;0;0;0;0;0;0;0;0;0;1;0;0;0;0;0;0;1;1;0;0;1;0;0;0;0;0;0;0;1;0;0;0;1;0;0;0;0;0;0;0;0;0;0;0;0;0;0;0;0;0;0;0;1;1;0;0;1;0;0;0;0;0;1;0;0;1;1;0;0;0;0;0;0;26;23;3;17;0;17;7.17;0.885;0
984570;Chess Sphere;;;;1.99;0;20000;0;80.33;49;12;0;0;0;5;full;0;0;0;0.0;1;Novato;61;0;0;1;0;0;0;0;0;0;0;1;0;0;0;1;1;0;0;0;1;0;0;0;0;0;0;0;0;0;0;0;0;0;0;0;0;0;0;0;0;0;1;0;0;0;0;0;1;0;1;0;0;0;0;0;0;0;0;0;0;0;0;1;0;0;0;0;0;0;0;1;0;0;0;1;0;0;0;16;8;8;2;0;7;2.26;0.5;0
1380910;Stardeus;;;;17.99;0;100000;63;87.79;1179;164;0;30;2;13;full;0;0;0;4.0;1;Novato;216;0;0;0;0;1;0;1;0;1;0;1;0;0;1;1;0;0;0;0;1;0;1;1;1;0;0;0;0;0;0;1;1;0;0;0;0;1;0;0;0;0;1;0;0;0;0;0;0;0;0;0;1;1;1;0;0;0;0;0;0;0;1;0;0;0;0;0;0;0;0;0;0;1;0;0;0;0;0;556;454;102;491;556;29;60.34;0.817;1
9200;RAGE;;;;5.99;0;1000000;34;77.71;13646;3915;0;60;2;9;none;0;0;0;0.0;1;Novato;181;1;0;0;0;0;0;0;0;0;0;0;0;0;0;1;1;1;0;0;0;1;1;0;0;0;0;0;0;0;1;1;1;0;0;0;0;1;1;1;0;0;0;0;0;0;0;1;1;0;0;0;0;0;0;0;0;1;0;0;0;0;0;0;0;0;0;0;1;0;0;0;0;0;0;0;0;1;0;1000;818;182;697;0;18;37.84;0.818;1
857200;Planet Stronghold 2;;;;12.49;0;20000;0;91.67;44;4;0;75;2;1;none;0;0;0;1.0;1;Novato;202;0;0;0;0;1;0;1;0;0;0;0;0;0;0;1;0;0;0;0;0;0;1;1;0;0;1;0;0;0;0;1;0;0;1;0;0;0;0;1;0;0;0;0;0;0;0;0;0;0;0;0;0;0;0;0;0;0;0;0;1;1;1;0;0;0;0;0;0;0;0;0;0;0;0;0;0;0;0;6;5;1;6;0;5;69.78;0.833;0
1430220;BIOMORPH;;;;10.49;0;20000;4;92.53;520;42;0;30;0;6;full;0;0;0;4.0;1;Novato;285;1;1;0;0;0;0;0;0;0;0;0;0;0;0;1;0;0;0;0;1;0;1;1;0;0;0;0;0;0;0;0;0;0;1;0;0;0;0;0;0;0;0;0;1;1;0;0;0;0;0;0;0;1;0;0;0;0;0;0;0;0;1;0;0;0;0;0;0;0;0;0;0;0;0;0;0;0;0;671;619;52;610;0;26;22.06;0.923;0
1885820;Putridness VR;;;;3.99;0;20000;0;44.44;8;10;0;0;0;2;none;0;0;0;16.0;1;Novato;177;1;1;0;0;1;0;0;0;0;0;0;0;0;1;1;0;0;0;0;0;0;0;1;0;0;0;0;0;0;1;0;0;0;0;0;0;1;1;0;0;0;0;0;0;0;0;0;0;0;0;0;0;0;0;0;0;0;0;0;0;0;0;0;1;0;0;1;1;0;0;0;0;1;0;1;0;0;0;4;4;0;2;4;4;0.6;1.0;0
3247440;Madness on Display;;;;0.44;0;20000;0;81.82;18;4;0;0;0;2;none;0;0;0;8.0;1;Novato;202;1;1;0;0;1;0;0;0;1;0;0;0;0;0;1;0;0;0;0;0;0;0;0;0;0;0;0;0;0;1;0;0;0;1;0;0;0;1;0;0;0;0;0;0;0;0;0;0;0;0;0;0;1;0;0;0;0;1;0;0;0;0;1;1;0;0;1;0;0;0;0;1;0;0;0;0;0;0;27;18;9;23;0;11;1.28;0.667;0
951570;Deadness;;;;19.99;0;20000;0;76.81;106;32;0;0;0;3;none;0;0;0;8.0;1;Novato;245;1;1;0;0;0;0;0;0;0;0;0;0;0;0;1;0;0;0;0;0;0;0;0;0;0;0;0;0;0;1;0;0;0;0;0;0;0;1;0;0;0;0;0;0;0;0;0;0;0;0;0;0;0;0;0;0;0;0;0;0;0;0;0;0;0;0;1;1;0;0;0;1;0;0;1;0;1;1;6;3;3;6;0;6;3.74;0.5;0
15400;Harvest: Massive Encounter;;;;7.99;0;50000;0;78.21;122;34;0;25;0;1;none;0;0;0;0.0;1;Novato;305;0;0;0;0;1;0;0;0;0;0;1;0;0;0;1;0;0;0;0;0;0;1;0;0;0;0;0;0;0;0;0;0;0;0;0;0;0;0;0;0;0;1;1;0;0;0;0;0;0;0;0;0;0;0;0;0;0;0;0;0;0;0;0;0;0;0;0;0;0;0;0;1;0;0;0;0;0;0;11;9;2;9;0;8;54.97;0.818;1
3594100;College Escape;;;;1.99;0;100000;0;100.0;39;0;0;0;0;3;none;0;0;0;4.0;1;Novato;159;0;1;1;0;1;0;1;0;1;0;1;0;0;0;1;0;0;0;0;0;0;0;0;0;0;0;0;0;0;0;0;0;0;0;0;0;1;0;1;0;0;0;0;0;0;0;0;0;0;0;0;0;0;0;0;0;0;1;0;0;0;1;0;0;0;0;0;1;1;0;0;0;0;0;0;0;0;0;23;23;0;22;0;1;7.88;1.0;1
271640;Humanity Asset;;;;1.99;0;100000;0;30.95;156;348;0;38;0;1;none;0;0;0;0.5;1;Novato;298;1;0;0;0;1;0;0;0;0;0;0;0;0;0;1;0;0;0;0;0;0;1;0;0;0;1;0;0;0;0;0;0;0;0;0;0;0;0;0;0;0;0;0;1;1;0;0;0;0;0;0;0;0;0;0;0;0;0;0;0;0;1;0;0;0;0;0;0;0;0;0;1;0;0;0;0;0;0;23;9;14;10;0;18;4.29;0.391;1
3362990;The Three Kingdoms: The Tales of Jian An;;;;9.29;0;20000;52;94.42;474;28;0;66;0;2;full;0;0;0;4.0;1;Novato;294;0;0;0;0;1;0;1;0;0;0;1;0;0;0;1;0;0;0;0;1;0;1;1;0;0;0;0;0;0;0;0;0;0;1;0;0;0;0;1;0;0;1;0;0;0;0;0;0;0;0;0;0;0;0;0;0;0;0;0;0;0;1;0;0;0;1;0;0;0;0;0;0;1;0;0;0;0;0;846;772;74;653;541;18;66.4;0.913;0
1210800;Rum & Gun;;;;4.99;0;20000;1;93.29;320;23;0;71;0;1;none;0;0;0;2.0;1;Novato;238;1;1;0;0;1;0;1;0;0;0;0;0;0;0;1;1;1;0;0;0;0;1;0;1;0;0;0;0;0;0;0;0;0;0;0;0;0;0;1;1;0;0;0;0;0;0;0;0;0;0;0;0;0;0;0;0;0;0;0;0;0;0;0;0;0;0;0;0;0;0;0;1;0;0;0;0;0;0;228;210;18;221;36;29;9.42;0.921;0
277700;On Rusty Trails;;;;7.99;0;20000;0;87.64;227;32;0;44;1;4;full;0;0;0;2.0;1;Novato;119;0;0;0;0;1;0;0;0;0;0;0;0;0;0;1;0;0;0;0;1;0;1;1;0;0;1;0;0;0;0;0;0;0;1;0;0;0;0;0;0;0;0;0;1;0;0;0;0;0;0;0;0;0;0;0;0;0;0;0;0;0;0;0;0;0;0;0;1;0;0;0;1;0;0;0;0;0;0;26;18;8;18;0;18;6.17;0.692;0
1276790;Ruined King: A League of Legends Story™;;;;29.99;0;500000;46;89.08;9677;1186;0;52;4;15;full;0;0;0;8.0;1;Novato;200;0;0;0;0;1;0;1;0;0;0;0;0;0;0;1;0;0;0;0;1;0;1;1;0;0;1;0;0;0;0;0;0;0;1;0;0;0;1;1;0;1;0;0;0;0;0;0;0;0;0;0;0;0;0;0;0;0;0;0;0;0;0;0;0;0;0;0;0;0;0;0;1;0;0;0;0;0;0;1000;871;129;927;0;22;36.91;0.871;1
2702110;Prophecy of the Shadow;;;;1.79;0;20000;0;80.0;4;1;0;0;0;1;none;0;0;0;0.5;1;Novato;299;0;0;0;0;0;0;1;0;0;0;0;0;0;0;1;0;0;0;0;0;0;0;1;0;0;0;0;0;0;0;0;0;0;1;0;0;0;0;1;0;0;0;0;0;0;0;0;0;0;0;0;0;0;0;0;0;0;0;0;0;0;1;0;0;0;0;0;0;0;0;0;0;0;0;0;0;0;0;10;9;1;5;0;10;1.62;0.9;0
1744910;[Chilla's Art] The Radio Station | 深夜放送;;;;3.99;0;20000;1;74.55;334;114;0;5;0;6;none;0;0;0;4.0;1;Novato;65;0;1;1;0;1;0;0;0;1;0;0;0;0;0;1;0;0;0;0;0;0;1;0;0;0;0;0;0;0;1;0;0;0;0;0;0;0;0;0;0;0;0;0;0;0;0;0;0;0;0;0;1;1;0;0;0;0;1;0;0;1;0;1;1;0;0;0;0;0;0;1;0;0;0;0;0;0;0;144;90;54;137;0;29;2.26;0.625;0
1421290;Battle Shapers;;;;7.99;0;20000;15;82.96;696;143;0;52;1;11;full;0;0;0;8.0;1;Novato;224;1;0;0;0;0;0;0;0;0;0;0;0;0;0;1;0;0;0;0;1;0;1;1;0;0;0;0;0;0;1;0;0;0;0;0;0;0;0;0;0;0;0;0;0;0;0;0;0;0;0;0;0;0;0;0;0;0;0;0;0;0;0;0;0;0;0;0;0;0;0;0;1;0;0;0;0;1;0;832;672;160;735;275;29;15.81;0.808;0
1339000;Aquarium Designer;;;;5.79;0;50000;2;86.54;913;142;0;30;3;7;none;0;0;0;0.0;1;Novato;249;0;0;1;0;1;0;0;0;1;0;0;0;0;0;1;0;0;0;0;0;0;1;0;0;0;0;0;0;0;0;0;0;0;0;0;0;0;0;0;0;0;0;0;0;0;0;0;0;0;0;0;1;1;1;0;0;0;0;0;0;0;0;1;1;0;0;0;0;1;0;1;1;0;0;0;0;0;0;338;270;68;299;0;29;7.98;0.799;1
886220;Thunderballs VR;;;;0.0;1;20000;0;60.0;9;6;0;0;0;7;none;0;0;0;16.0;1;Novato;222;1;0;0;0;1;0;0;0;0;0;1;0;0;1;1;1;0;0;0;0;0;0;0;0;0;0;0;0;0;0;0;0;0;0;0;0;0;0;0;0;0;1;1;0;0;0;1;1;0;1;0;0;0;0;0;0;0;0;0;0;0;0;0;0;0;0;0;0;0;0;0;1;1;1;1;0;1;1;5;3;2;5;5;4;0.59;0.6;0
2704050;Lost in Space: Madness;;;;1.49;0;20000;0;50.0;2;2;0;21;0;25;full;0;0;0;4.0;1;Novato;189;0;0;0;0;1;0;1;0;0;0;1;0;0;0;1;1;1;0;0;1;0;1;1;0;0;0;1;1;0;0;0;0;0;0;0;0;1;0;0;0;0;1;0;0;0;0;0;0;0;0;0;0;0;0;0;0;0;0;0;0;0;0;0;0;0;0;0;1;0;0;0;0;0;0;0;0;0;0;3;1;2;3;0;3;1.27;0.333;0
1258000;RADARjAM;;;;9.99;0;20000;0;100.0;4;0;0;0;0;1;full;0;0;0;1.0;1;Novato;133;1;0;0;0;1;0;0;0;0;0;0;0;0;0;1;0;0;0;0;1;0;0;0;0;0;0;0;0;0;0;0;0;0;0;0;0;0;0;0;0;0;0;0;0;0;0;0;0;0;0;0;0;0;0;0;0;0;0;0;0;0;1;0;0;0;0;0;0;0;1;0;1;0;0;0;0;0;0;0;0;0;0;0;0;0.0;0.0;0
1581040;El Shaddai ASCENSION OF THE METATRON HD Remaster;;;;29.99;0;20000;4;88.34;341;45;0;49;3;3;none;0;0;0;4.0;1;Novato;283;1;0;0;0;0;0;0;0;0;0;0;0;0;0;1;0;0;0;0;0;1;1;1;0;0;0;0;0;0;0;0;0;0;0;0;0;0;0;0;1;0;0;0;0;0;0;0;0;0;0;0;0;0;0;0;0;0;0;0;0;0;0;1;0;0;0;0;1;0;0;0;0;0;0;0;0;0;0;186;154;32;178;0;29;8.81;0.828;0
789540;The Adventures of Nick & Willikins;;;;0.0;1;20000;0;90.21;129;14;0;0;0;1;none;0;0;0;1.0;1;Novato;213;0;1;1;0;1;0;0;0;0;0;0;0;0;0;1;0;0;0;0;0;0;0;0;0;0;0;0;0;0;0;0;0;0;0;0;0;0;0;0;0;0;0;0;0;0;0;0;0;0;0;0;0;0;0;0;0;0;0;1;0;0;0;0;0;0;0;0;0;0;0;1;1;0;1;0;0;0;0;16;13;3;16;0;12;5.26;0.812;0
331440;bit Dungeon II;;;;3.99;0;100000;1;82.51;1821;386;0;15;1;1;full;0;0;0;1.0;1;Novato;248;1;1;0;0;1;0;1;0;0;0;0;0;0;0;1;0;0;0;0;1;0;1;1;0;0;1;0;0;0;0;0;0;0;0;0;0;0;0;1;0;0;0;0;0;0;0;0;1;0;0;0;0;0;0;0;0;0;0;0;0;0;1;0;0;0;0;0;0;0;0;0;1;0;0;0;0;0;0;80;66;14;54;0;29;6.06;0.825;1
833030;Hypertrain;;;;4.99;0;20000;0;74.42;32;11;0;14;0;5;none;0;0;0;4.0;1;Novato;51;1;0;0;0;1;0;0;1;1;0;0;0;0;0;1;0;0;0;0;0;1;1;0;0;0;0;0;0;0;1;1;0;0;0;0;0;1;0;0;0;0;1;0;0;0;0;0;0;0;0;0;0;1;0;0;0;1;0;0;0;0;0;1;0;0;0;0;0;1;0;0;1;1;0;0;0;0;0;5;4;1;4;0;5;27.06;0.8;0
320430;Ascension: Deckbuilding Game;;;;9.99;0;200000;65;89.2;1404;170;0;86;3;1;none;0;0;0;1.0;1;Novato;337;0;0;1;0;0;0;0;0;0;0;1;0;0;0;1;1;0;0;0;0;0;1;0;0;1;0;0;0;0;0;0;0;0;1;0;0;0;0;0;0;1;1;0;0;0;0;0;1;0;1;0;0;0;0;0;0;0;0;0;0;0;1;0;0;0;0;0;0;0;0;1;0;0;0;0;0;0;0;317;281;36;273;0;29;163.62;0.886;1
307130;Asteria;;;;2.99;0;50000;2;55.2;138;112;0;36;0;1;none;0;0;0;1.0;1;Novato;160;1;1;0;0;1;0;0;0;0;0;0;0;0;0;1;1;1;0;0;0;1;1;0;0;0;1;0;0;0;0;0;1;0;0;0;0;0;0;0;0;0;0;0;1;0;0;0;0;0;0;0;1;0;0;0;0;0;0;0;0;0;1;0;0;0;0;0;0;0;0;0;1;0;0;0;0;0;0;8;2;6;4;0;8;14.08;0.25;1
1498130;Tank Squad;;;;10.49;0;20000;18;73.07;236;87;0;66;0;13;none;0;0;0;16.0;1;Novato;218;1;0;0;0;1;0;0;0;1;0;0;0;0;0;1;1;1;1;0;0;0;1;1;1;0;0;0;0;0;1;0;0;0;0;0;0;0;0;0;0;0;0;0;0;0;0;1;1;0;0;0;0;1;1;0;0;0;0;0;0;0;0;0;1;0;0;0;0;0;0;0;0;0;0;0;0;1;0;807;578;229;761;0;13;8.56;0.716;0
2077580;Destroiders;;;;2.49;0;20000;0;100.0;2;0;0;0;0;1;full;0;0;0;0.0;1;Novato;292;1;0;1;0;1;0;0;0;0;0;0;0;0;0;1;1;1;0;0;1;0;0;0;0;0;0;1;1;0;0;0;0;0;0;0;0;0;0;0;0;0;0;0;0;0;0;0;0;1;0;0;0;0;0;0;0;0;0;0;0;0;0;0;0;0;0;0;0;0;0;1;0;0;0;0;0;0;0;1;1;0;1;0;1;4.23;1.0;0
1419160;Souldiers;;;;10.49;0;200000;25;68.07;1827;857;0;38;2;7;none;0;0;0;8.0;1;Novato;211;1;1;0;0;0;0;0;0;0;0;0;0;0;0;1;0;0;0;0;0;1;0;0;0;0;0;0;0;0;0;0;0;0;0;0;0;0;0;0;0;0;0;0;1;1;0;0;0;0;0;0;0;0;0;0;0;0;0;0;0;0;1;0;0;0;0;0;0;0;1;0;0;0;0;0;0;0;0;1000;726;274;542;0;28;31.35;0.726;1
2848440;Hidden Object Secrets: The Whitefield Murder Collector's Edition;;;;4.99;0;20000;0;0.0;0;3;0;0;0;1;none;0;0;0;1.0;1;Novato;159;0;1;1;0;0;0;0;0;0;0;0;0;0;0;1;0;0;0;0;0;0;0;0;0;0;0;0;0;0;1;0;0;0;1;0;0;0;0;0;0;0;0;0;0;0;0;0;0;0;0;0;0;0;0;0;0;0;1;1;0;0;1;0;0;0;0;1;0;0;0;1;0;0;0;0;0;0;0;4;0;4;3;0;4;2.26;0.0;0
817840;Max Gentlemen Sexy Business!;;;;19.99;0;100000;11;92.72;1528;120;0;45;2;1;none;0;0;0;4.0;1;Novato;261;0;0;0;0;1;0;0;0;1;0;0;0;0;0;1;0;0;0;0;0;0;1;1;0;0;1;0;0;0;0;0;0;0;0;0;0;0;0;0;0;0;0;0;0;0;0;0;0;0;0;0;0;1;1;0;0;0;0;0;1;0;1;0;0;0;0;0;0;0;0;0;1;0;0;0;0;0;0;168;152;16;150;0;29;31.79;0.905;1
667890;Dead Maze;;;;0.0;1;1000000;52;75.11;3540;1173;0;26;0;12;none;0;0;0;1.0;1;Novato;228;1;0;0;0;0;1;0;0;0;0;0;0;0;0;0;1;1;1;0;0;0;1;0;0;1;1;0;0;0;0;1;1;0;0;0;0;1;0;0;0;0;0;0;0;0;0;1;1;0;0;0;0;0;0;0;0;0;0;0;0;0;1;0;0;0;1;0;0;0;0;0;0;0;1;0;0;0;0;426;321;105;426;0;29;155.46;0.754;1
42140;Hamilton's Great Adventure;;;;0.57;0;50000;1;70.59;240;100;0;26;1;6;none;0;0;0;0.0;1;Novato;40;0;1;1;0;1;0;0;0;0;0;0;0;0;0;1;1;0;0;0;0;1;1;1;0;0;1;1;0;0;0;0;0;0;0;0;0;0;0;0;0;0;0;0;1;0;0;0;0;1;0;0;0;0;0;0;0;0;1;0;0;1;0;0;0;0;0;1;0;0;0;1;1;0;0;0;0;1;0;44;34;10;22;0;24;8.35;0.773;1
316480;Shadow Puppeteer;;;;0.0;1;50000;0;74.7;124;42;0;6;1;9;none;0;0;0;2.0;1;Novato;143;0;1;0;0;1;0;0;0;0;0;0;0;0;0;1;1;0;0;0;0;1;1;0;0;0;0;1;0;0;0;0;0;0;0;0;0;0;0;0;0;0;0;0;1;0;0;1;0;1;0;0;0;0;0;0;0;0;1;0;0;0;1;0;0;0;0;1;1;0;0;0;1;0;0;0;0;0;0;63;55;8;63;0;18;4.25;0.873;1
1955100;怯懦 Cowardice;;;;2.99;0;20000;0;75.0;3;1;0;0;0;2;none;0;0;0;2.0;1;Novato;283;1;1;0;0;1;0;1;0;0;0;0;0;0;1;1;0;0;0;0;0;0;0;0;0;0;0;0;0;0;0;0;0;0;0;0;0;0;1;1;0;0;0;0;0;0;0;0;0;0;0;0;0;0;0;0;0;0;1;0;0;0;1;0;0;0;0;0;0;0;0;0;1;1;0;0;0;0;0;0;0;0;0;0;0;0.0;0.0;0
590280;Canvas The Gallery;;;;0.0;1;20000;0;92.77;295;23;0;0;1;1;none;0;0;0;2.0;1;Novato;132;0;0;1;0;1;0;0;0;1;0;0;0;0;0;1;0;0;0;0;0;0;0;1;0;0;0;0;0;0;0;0;0;0;0;0;0;0;0;0;0;0;0;0;0;0;0;0;0;0;0;0;0;1;0;0;0;0;0;0;0;0;0;0;0;0;0;0;0;1;0;1;1;0;1;1;0;0;0;32;28;4;32;0;17;3.84;0.875;0
509110;Spikit;;;;0.9;0;50000;0;80.0;344;86;0;6;0;1;none;0;0;0;0.12;1;Novato;232;0;0;1;0;1;0;0;0;0;0;0;0;0;0;1;0;0;0;0;0;0;1;0;0;0;1;0;0;0;0;0;0;0;0;0;0;0;0;0;0;0;0;0;0;0;0;0;0;0;0;0;0;0;0;0;0;0;0;0;0;0;0;0;0;0;0;0;0;0;1;1;1;0;0;0;0;0;0;36;29;7;24;0;23;4.94;0.806;1
1813560;Deranged;;;;1.99;0;20000;0;28.57;2;5;0;0;0;3;none;0;0;0;8.0;1;Novato;249;0;1;0;0;0;0;0;0;0;0;0;0;0;0;1;0;0;0;0;0;0;0;0;0;0;0;0;0;0;0;0;0;0;1;0;0;0;1;0;0;0;0;0;0;0;0;0;0;0;0;0;0;0;0;0;0;0;0;0;0;0;0;1;0;0;0;0;0;0;0;0;0;0;0;0;0;0;0;0;0;0;0;0;0;0.0;0.0;0
270330;Ku: Shroud of the Morrigan;;;;4.99;0;20000;0;25.27;23;68;0;21;0;1;full;0;0;0;2.0;1;Novato;258;1;1;0;0;1;0;0;0;0;0;0;0;0;0;1;0;0;0;0;1;0;1;1;0;0;1;0;0;0;0;0;0;0;0;0;0;0;0;0;0;0;0;0;0;0;0;0;0;0;0;0;0;0;0;0;0;0;0;0;0;0;0;0;0;0;0;0;0;0;0;0;1;0;0;0;0;0;0;5;1;4;3;0;5;3.24;0.2;0
1662750;Wraiths of SENTINEL;;;;6.99;0;20000;0;82.35;14;3;0;43;0;1;none;0;0;0;0.0;1;Novato;198;0;0;0;0;0;0;1;0;0;0;0;0;0;0;1;0;0;0;0;0;0;1;1;0;0;0;0;0;0;0;0;0;0;1;0;0;0;0;1;0;0;0;0;0;0;0;0;0;0;0;0;0;0;0;0;0;0;0;0;0;0;0;0;0;0;0;1;0;0;0;0;0;0;0;0;0;0;0;2;2;0;2;0;2;8.32;1.0;0
2372910;FolcDark;;;;2.99;0;100000;0;86.67;26;4;0;8;2;2;none;0;0;0;8.0;1;Novato;114;1;1;1;0;1;0;0;0;0;0;0;0;0;0;1;0;0;0;0;0;1;0;0;0;0;0;0;0;0;0;0;0;0;0;0;0;0;0;0;0;0;0;0;0;0;0;0;0;0;0;0;0;0;0;0;0;0;0;0;0;0;0;1;0;0;0;1;0;0;0;1;1;0;0;0;0;0;0;5;5;0;4;0;3;1.03;1.0;1
1625080;Have a Nice Dream;;;;0.0;1;200000;6;92.93;4313;328;0;0;0;2;none;0;0;0;2.0;1;Novato;134;0;0;0;0;1;0;1;0;0;0;0;0;0;0;1;0;0;0;0;0;0;0;0;0;0;0;0;0;0;0;0;0;0;0;0;0;0;1;1;0;0;0;0;0;0;0;0;0;0;0;0;0;0;0;0;0;0;1;0;0;0;0;0;0;0;0;0;0;0;0;0;1;0;1;0;0;0;0;1000;889;111;1000;0;25;2.5;0.889;1
408520;FORM;;;;14.99;0;20000;0;91.16;887;86;0;8;1;1;none;0;0;0;8.0;1;Novato;199;0;1;1;0;1;0;0;0;0;0;0;0;0;0;1;0;0;0;0;0;0;1;0;0;0;1;0;0;0;1;0;0;0;0;0;0;0;0;0;0;0;0;0;0;0;0;0;0;0;0;0;0;0;0;0;0;0;1;0;0;0;0;0;0;0;0;0;1;0;0;1;1;0;0;1;0;0;0;24;21;3;23;0;15;1.79;0.875;0
251110;INFRA;;;;14.99;0;200000;16;88.69;2900;370;0;74;1;7;full;0;0;0;4.0;1;Novato;264;0;1;0;0;1;0;0;0;0;0;0;0;0;0;1;0;0;0;0;1;0;1;1;0;0;1;0;0;0;1;1;0;0;1;0;0;0;1;0;0;0;0;0;0;0;0;0;0;0;0;0;0;0;0;0;0;0;1;0;0;0;0;0;0;0;0;0;1;0;0;0;1;0;0;0;0;0;0;1000;856;144;949;0;29;30.07;0.856;1
22200;Zeno Clash;;;;9.99;0;200000;12;86.08;2621;424;0;22;0;6;none;0;0;0;1.0;1;Novato;220;1;0;0;0;1;0;0;0;0;0;0;0;0;0;1;0;0;0;0;0;0;1;1;0;0;1;0;0;0;1;0;0;0;1;0;0;0;0;0;0;0;0;0;0;0;0;0;0;0;0;0;0;0;0;0;0;0;0;0;0;0;0;0;0;0;0;0;1;0;0;0;1;0;0;0;0;1;0;343;314;29;283;0;29;5.47;0.915;1
2878690;KILLMAGE;;;;2.99;0;50000;0;100.0;1;0;0;5;0;5;full;0;0;0;2.0;1;Novato;148;1;0;0;0;1;0;0;0;0;0;0;0;0;0;1;0;0;0;0;1;0;1;1;0;0;0;0;0;0;1;0;0;0;0;0;0;0;1;0;0;0;0;0;0;0;0;0;0;0;0;0;0;0;0;0;0;0;0;0;0;0;0;1;0;0;0;0;0;0;0;0;1;0;0;0;0;1;0;2;2;0;2;0;2;1.38;1.0;1
3180400;Particle Accelerator;;;;1.49;0;20000;0;88.89;8;1;0;0;0;1;full;0;0;0;0.0;1;Novato;104;0;0;1;0;0;0;0;0;0;0;0;0;0;0;1;0;0;0;0;1;0;0;0;0;0;0;0;0;0;0;0;0;0;0;0;0;0;0;0;0;0;0;0;0;0;0;0;0;0;0;0;0;0;0;0;0;0;0;0;0;0;1;1;0;0;0;0;1;0;0;1;0;0;0;0;0;0;0;9;8;1;9;0;4;0.5;0.889;0
801630;UNDER NIGHT IN-BIRTH Exe:Late[cl-r];;;;24.99;0;200000;7;94.21;3578;220;0;44;26;5;full;0;0;0;2.0;1;Novato;310;1;0;0;0;0;0;0;0;0;0;0;0;0;0;1;1;0;0;0;1;0;1;1;0;0;0;1;0;0;0;0;0;0;1;0;0;0;0;0;0;0;0;0;0;0;0;0;1;0;0;0;0;0;0;0;0;0;0;0;1;1;0;0;0;0;0;0;0;0;1;0;0;0;0;0;0;0;0;334;312;22;260;0;29;19.34;0.934;1
3417510;Goblintown: Really Hard Driving Game;;;;2.99;0;20000;1;95.45;42;2;0;0;0;1;full;0;0;0;8.0;1;Novato;163;1;1;1;0;1;0;0;1;0;0;0;0;0;1;1;0;0;0;0;1;0;0;0;0;0;0;0;0;0;0;0;0;0;0;0;0;0;0;0;0;0;0;0;1;0;0;0;0;0;0;0;0;0;0;0;0;0;0;0;0;0;0;1;0;0;0;0;1;0;0;1;0;1;0;0;0;0;0;89;80;9;66;89;12;2.56;0.899;0
1230560;Cyber Attack;;;;4.99;0;20000;0;73.18;131;48;0;9;0;8;none;0;0;0;2.0;1;Novato;294;0;0;0;0;1;0;0;0;1;0;1;0;0;0;1;0;0;0;0;0;0;1;1;0;0;1;0;0;0;0;1;0;0;0;0;0;0;0;0;0;0;1;0;0;0;0;0;0;0;0;0;1;1;1;0;0;0;0;0;0;0;0;0;0;0;0;0;0;0;0;1;1;1;0;0;0;0;0;35;21;14;35;0;20;2.0;0.6;0
1423000;NeuroNet: Mendax Proxy;;;;4.99;0;20000;0;82.76;48;10;0;48;1;1;full;0;0;0;4.0;1;Novato;285;0;1;1;0;1;0;0;0;0;0;0;0;0;0;1;0;0;0;0;1;0;1;1;0;0;0;0;0;0;0;0;0;0;1;0;0;0;0;0;0;0;0;0;0;0;0;0;0;0;0;0;0;0;1;0;0;0;0;0;1;0;1;0;0;0;0;0;1;0;0;1;0;0;0;0;0;0;0;20;17;3;18;0;16;7.83;0.85;0
2752250;Survival Odyssey;;;;3.99;0;20000;1;60.0;27;18;0;0;0;11;none;0;0;0;8.0;1;Novato;296;1;1;0;0;1;0;1;0;0;0;1;0;0;1;1;0;0;0;0;0;1;0;1;0;0;0;0;0;0;0;0;0;0;0;0;0;1;0;1;0;0;1;0;0;0;0;0;0;0;0;0;0;0;0;0;0;0;0;0;0;0;0;1;0;0;0;0;0;0;0;0;1;1;0;0;0;0;0;45;26;19;21;45;6;23.03;0.578;0
546990;Town of Night;;;;0.9;0;50000;0;50.31;80;79;0;0;0;1;full;0;0;0;0.0;1;Novato;165;0;1;0;0;1;0;1;0;0;0;0;0;0;0;1;0;0;0;0;1;0;0;0;0;0;1;0;0;0;0;0;0;0;0;0;0;0;0;1;0;0;0;0;0;0;0;0;0;0;0;0;0;0;0;0;0;0;0;0;0;1;0;0;0;0;0;0;0;0;0;0;1;0;0;0;0;0;0;19;12;7;11;0;17;9.39;0.632;1
1758220;13:ORIGIN - Chapter One;;;;5.99;0;20000;0;86.05;37;6;0;21;0;11;none;0;0;0;4.0;1;Novato;274;0;0;0;0;1;0;0;0;0;0;0;0;0;0;1;0;0;0;0;0;0;1;0;0;0;0;0;0;0;1;0;0;0;1;0;0;0;1;0;0;0;0;0;0;0;0;0;0;0;0;0;0;0;0;0;0;0;1;0;0;0;0;1;1;0;0;1;1;0;0;0;1;0;0;0;0;0;0;16;12;4;15;0;16;2.98;0.75;0
1486950;The Underground Man 2;;;;2.49;0;20000;1;84.78;117;21;0;40;0;2;full;0;0;0;2.0;1;Novato;292;1;1;0;0;1;0;0;0;0;0;0;0;0;0;1;0;0;0;0;1;0;0;1;0;0;0;0;0;0;0;0;0;0;0;0;0;0;0;0;0;0;0;0;1;0;0;0;0;0;0;0;0;0;0;0;0;0;0;1;0;0;1;0;0;0;0;0;0;0;0;0;0;0;0;0;0;0;0;23;15;8;22;0;13;4.68;0.652;0
467320;God of Word;;;;4.99;0;50000;0;76.39;110;34;0;30;0;7;none;0;0;0;2.0;1;Novato;200;1;0;1;0;1;0;1;0;0;0;0;0;0;0;1;1;0;0;0;0;0;1;1;0;0;1;0;0;0;0;0;0;0;0;0;0;0;0;1;0;0;0;0;0;0;0;0;1;0;0;0;0;0;0;0;0;0;1;0;0;0;1;0;0;0;0;0;0;0;0;1;1;0;0;0;0;0;0;20;18;2;19;0;15;12.3;0.9;1
313740;Sakura Spirit;;;;9.99;0;200000;1;78.37;5448;1504;0;0;0;1;none;0;0;0;1.0;1;Novato;333;0;0;0;0;1;0;0;0;0;0;0;0;0;0;1;0;0;0;0;0;0;0;0;0;0;1;0;0;0;0;0;0;0;0;0;0;0;0;0;0;0;0;0;0;0;0;0;0;0;0;0;0;1;0;0;0;0;0;0;1;1;1;0;0;0;0;0;0;0;0;1;1;0;0;0;0;0;0;82;59;23;47;0;26;11.14;0.72;1
868080;Golf Galore;;;;0.99;0;20000;2;81.6;275;62;0;20;0;1;none;0;0;0;0.0;1;Novato;159;0;0;1;0;1;0;0;0;0;1;0;0;0;1;1;1;0;0;0;0;0;1;0;0;0;0;0;0;0;0;0;0;0;0;0;0;0;0;0;0;0;0;0;0;0;0;0;1;0;0;0;0;0;0;0;1;0;0;0;0;0;0;0;0;0;0;0;0;0;0;1;1;1;0;0;0;0;0;34;27;7;21;34;19;5.15;0.794;0
629090;Horace;;;;7.99;0;50000;1;80.45;535;130;0;58;1;5;full;0;0;0;4.0;1;Novato;255;1;1;0;0;1;0;0;0;0;0;0;0;0;0;1;0;0;0;0;1;0;1;1;0;0;0;0;0;0;0;0;0;0;1;0;0;0;0;0;0;0;0;0;1;1;0;0;0;0;0;0;0;0;0;0;0;0;0;0;0;0;1;0;0;0;0;0;1;0;1;0;1;0;0;0;0;0;0;84;67;17;49;0;25;18.85;0.798;1
1480410;Sentinel: Cursed Knight;;;;4.99;0;100000;0;80.0;16;4;0;0;0;1;none;0;0;0;4.0;1;Novato;261;1;1;0;0;1;0;1;0;0;0;0;0;0;0;1;0;0;0;0;0;0;0;0;0;0;0;0;0;0;0;1;0;0;1;0;0;0;0;1;1;0;0;0;0;0;0;0;0;0;0;0;0;0;0;0;0;0;0;0;0;0;0;1;1;0;0;0;0;0;0;0;0;0;0;0;0;0;0;1;1;0;1;0;1;1.85;1.0;1
2182590;The Fernweh Saga: Book One;;;;7.99;0;20000;0;90.1;91;10;0;89;0;1;none;0;0;0;0.0;1;Novato;152;0;0;1;0;1;0;1;0;0;0;0;0;0;0;1;0;0;0;0;0;0;1;1;0;0;0;0;0;0;0;0;0;0;1;0;0;0;0;1;0;0;0;0;0;0;0;0;0;0;0;0;0;0;0;0;0;0;0;0;0;0;0;0;0;0;0;1;1;0;0;1;1;0;0;0;0;0;0;24;21;3;24;0;18;23.82;0.875;0
502820;Batman™: Arkham VR;;;;19.99;0;100000;5;65.7;1511;789;0;13;0;9;full;0;0;0;8.0;1;Novato;103;0;1;0;0;0;0;0;0;0;0;0;0;0;0;1;0;0;0;0;1;0;1;0;0;0;1;0;0;0;0;0;0;0;0;0;0;0;1;0;0;0;0;0;0;0;0;0;0;0;0;0;0;0;0;0;0;0;0;0;0;0;0;0;0;0;0;0;0;0;0;0;0;0;0;1;0;0;0;478;263;215;342;0;29;2.89;0.55;1
704880;Trident's Wake;;;;14.99;0;100000;0;38.26;44;71;0;26;0;9;full;0;0;0;4.0;1;Novato;238;1;0;0;0;1;0;0;0;0;0;0;0;0;0;1;1;1;1;0;1;0;1;1;0;0;0;1;1;0;0;0;0;0;0;0;0;0;0;0;1;0;0;0;0;0;0;1;0;1;0;0;0;0;0;0;0;0;0;0;0;0;0;0;0;0;0;0;0;0;0;0;1;0;0;0;0;0;0;10;0;10;4;0;6;1.18;0.0;1
893570;Short Life;;;;0.0;1;20000;1;73.08;133;49;0;0;0;1;none;0;0;0;2.0;1;Novato;139;0;1;0;0;1;0;0;0;1;0;0;0;0;0;1;0;0;0;0;0;0;0;0;0;1;0;0;0;0;0;0;0;0;0;0;0;0;0;0;0;0;0;0;0;0;0;0;0;0;0;0;0;1;0;0;0;0;0;0;0;0;0;0;0;0;0;0;0;0;0;0;1;0;1;0;0;0;0;42;30;12;42;0;20;2.43;0.714;0
2213300;Might & Magic: Clash of Heroes - Definitive Edition;;;;9.29;0;20000;10;78.61;261;71;0;14;0;11;full;0;0;0;2.0;1;Novato;232;0;1;1;0;0;0;1;0;0;0;1;0;0;0;1;1;1;1;0;1;0;1;1;0;0;0;1;0;0;0;0;0;0;0;0;0;0;0;1;0;0;1;0;0;0;0;0;1;0;1;0;0;0;0;0;0;0;1;0;0;0;1;0;0;0;0;0;0;0;0;1;0;0;0;0;0;0;0;238;198;40;228;0;29;28.67;0.832;0
687650;Childhood grocery 辣条杂货店 学校小卖部 :令人感动的童年回忆，经典策略模拟经营解密;;;;5.99;0;20000;0;53.02;167;148;0;22;0;1;none;0;0;0;1.5;1;Novato;283;0;0;0;0;1;0;1;0;1;0;1;0;0;0;1;0;0;0;0;0;0;0;0;0;0;0;0;0;0;0;0;0;0;1;0;0;0;0;1;0;0;1;0;0;0;0;0;0;0;0;0;0;1;0;0;0;0;0;0;0;0;0;0;0;0;0;0;0;0;0;1;1;0;0;0;0;0;0;3;2;1;0;0;3;67.11;0.667;0
2745860;Upward;;;;0.89;0;50000;0;100.0;6;0;0;0;0;1;none;0;0;0;2.0;1;Novato;227;0;1;1;0;1;0;0;0;0;0;1;0;0;0;1;0;0;0;0;0;0;0;0;0;0;0;0;0;0;0;0;0;0;0;0;0;0;0;0;0;0;1;0;0;0;0;0;0;0;0;0;0;0;0;0;0;0;0;0;0;0;0;0;0;0;0;0;0;0;0;1;1;0;0;0;0;0;0;7;7;0;3;0;3;0.81;1.0;1
528230;SYNTHETIK: Legion Rising;;;;10.49;0;500000;66;94.13;11971;746;0;27;1;12;full;0;0;0;4.0;1;Novato;301;1;0;0;0;1;0;0;0;0;0;0;0;0;0;1;1;1;1;0;1;0;0;0;0;0;1;0;0;0;0;0;0;0;0;0;0;0;0;0;0;0;0;0;0;0;0;1;1;0;0;0;0;0;0;0;0;0;0;0;0;0;0;0;0;0;0;0;0;0;1;0;1;0;0;0;0;0;0;1000;886;114;780;0;26;84.66;0.886;1
375910;Anno 2205™;;;;4.79;0;1000000;63;69.65;4174;1819;0;198;4;6;none;0;0;0;4.0;1;Novato;265;0;0;0;0;0;0;0;0;1;0;1;0;0;0;1;0;0;0;0;0;0;1;0;0;0;1;0;0;0;0;1;0;0;1;0;0;0;0;0;0;0;1;0;0;0;0;0;1;0;0;0;1;1;1;1;0;0;0;0;0;0;0;1;0;0;0;0;0;0;0;0;0;0;0;0;0;0;0;827;598;229;809;0;29;65.3;0.723;1
1193070;Zom Nom;;;;0.0;1;20000;0;93.1;135;10;0;0;0;1;full;0;0;0;1.0;1;Novato;291;0;0;1;0;0;0;0;0;0;0;0;0;0;0;1;0;0;0;0;1;0;0;0;0;0;0;0;0;0;0;0;0;0;0;0;0;0;0;0;0;0;0;0;1;0;0;0;0;0;0;0;0;0;0;0;0;0;0;0;0;0;0;0;0;0;0;0;0;0;0;1;1;0;1;0;0;0;0;14;13;1;14;0;11;0.52;0.929;0
2629030;Finite State Automaton Challenges;;;;0.89;0;20000;0;62.5;5;3;0;0;0;1;none;0;0;0;2.0;1;Novato;124;0;0;1;0;0;0;0;0;0;0;1;0;0;0;1;0;0;0;0;0;0;0;0;0;0;0;0;0;0;0;0;0;0;0;0;0;0;0;0;0;0;1;0;0;0;0;0;0;0;0;0;0;0;0;0;0;0;1;0;0;0;1;0;0;0;0;0;0;1;0;1;0;0;0;0;0;0;0;6;5;1;6;0;6;5.23;0.833;0
1509630;During Before And After COVID-19;;;;4.99;0;20000;0;42.86;3;4;0;0;0;1;none;0;0;0;4.0;1;Novato;241;1;0;0;0;1;0;0;0;1;0;0;0;0;0;1;0;0;0;0;0;0;0;0;0;0;0;0;0;0;1;0;0;0;0;0;0;1;1;0;0;0;0;0;0;0;0;0;0;0;0;0;0;1;0;0;0;0;1;0;0;0;0;1;0;0;0;1;0;0;0;0;0;0;0;0;0;0;0;1;0;1;1;0;1;13.5;0.0;0
9420;Supreme Commander: Forged Alliance;;;;2.09;0;1000000;691;96.84;13042;426;0;0;0;9;none;0;0;0;0.5;1;Novato;335;0;0;0;0;0;0;0;0;0;0;1;0;0;0;1;1;0;0;0;0;0;0;1;0;0;0;0;0;0;0;0;0;0;0;0;0;0;0;0;0;0;1;0;0;0;0;1;1;0;0;0;0;0;0;0;0;0;0;0;0;0;0;0;0;0;0;0;0;0;0;0;0;0;0;0;0;0;0;999;939;60;741;0;16;226.57;0.94;1
1269650;Amendium;;;;0.99;0;20000;0;60.0;3;2;0;0;0;1;full;0;0;0;6.0;1;Novato;197;1;1;0;0;1;0;1;0;0;0;0;0;0;0;1;1;1;0;0;1;0;0;0;0;0;0;1;1;0;0;0;0;0;1;0;0;0;0;1;0;0;0;0;0;0;0;1;0;1;0;0;0;0;0;0;0;0;0;0;0;0;0;0;0;0;0;0;0;0;0;0;1;0;0;0;0;0;0;0;0;0;0;0;0;0.0;0.0;0
1063980;Hell Architect;;;;13.24;0;50000;2;69.68;301;131;0;18;2;12;none;0;0;0;4.0;1;Novato;211;0;0;0;0;1;0;0;0;1;0;1;0;0;0;1;0;0;0;0;0;0;1;0;0;0;0;0;0;0;0;0;1;0;0;0;0;0;0;0;0;0;1;0;0;0;0;0;0;0;0;0;1;1;1;1;0;0;0;0;0;0;1;0;0;0;0;0;0;0;0;0;1;0;0;0;0;0;0;64;39;25;54;0;26;23.27;0.609;1
2860330;Roll of Fate;;;;2.49;0;50000;0;66.67;8;4;0;20;0;17;none;0;0;0;2.0;1;Novato;275;0;1;0;0;1;0;0;0;0;0;0;0;0;0;1;0;0;0;0;0;0;1;0;0;0;0;0;0;0;0;0;0;0;0;0;0;0;1;0;0;0;0;0;0;0;0;0;0;0;0;0;0;0;0;0;0;0;0;0;1;0;1;0;0;0;0;0;1;0;0;0;1;0;0;0;0;0;0;15;9;6;9;0;7;1.57;0.6;1
1510950;NKODICE;;;;9.99;0;50000;1;96.83;397;13;0;16;0;1;none;0;0;0;8.0;1;Novato;208;0;0;1;0;0;0;0;0;0;0;0;0;0;0;1;0;0;0;0;0;1;1;0;0;0;0;0;0;0;0;0;0;0;0;0;0;0;0;0;0;0;0;0;0;0;0;0;0;0;0;0;0;0;0;0;0;0;0;0;0;0;0;1;0;0;0;0;0;0;0;1;0;0;0;0;0;0;0;28;26;2;27;0;19;11.52;0.929;1
31910;Nancy Drew®: The Haunting of Castle Malloy;;;;5.79;0;20000;7;82.35;154;33;0;0;0;1;none;0;0;0;0.0;1;Novato;50;0;1;0;0;0;0;0;0;0;0;0;0;0;0;1;0;0;0;0;0;0;0;0;0;0;0;0;0;0;0;0;0;0;1;0;0;0;0;0;0;0;0;0;0;0;0;0;0;0;0;0;0;0;0;0;0;0;1;1;0;0;1;0;0;0;0;0;1;0;0;1;0;0;0;0;0;0;0;52;44;8;50;0;24;12.15;0.846;0
307580;Technobabylon;;;;7.99;0;100000;1;94.33;1464;88;0;40;1;1;none;0;0;0;0.06;1;Novato;272;0;1;0;0;1;0;0;0;0;0;0;0;0;0;1;0;0;0;0;0;0;1;1;0;0;1;0;0;0;0;0;0;0;1;0;0;0;0;0;0;0;0;0;0;0;0;0;0;0;0;0;0;0;0;0;0;0;0;1;0;0;1;0;0;0;0;0;1;0;0;0;1;0;0;0;0;0;0;181;164;17;145;0;29;13.45;0.906;1
2115080;Hex;;;;6.99;0;20000;0;50.0;2;2;0;0;0;1;none;0;0;0;8.0;1;Novato;91;0;0;0;0;1;0;1;0;0;0;0;0;0;1;1;0;0;0;0;0;0;0;0;0;0;0;0;0;0;0;0;0;0;0;0;0;0;0;1;0;0;0;0;0;0;0;0;0;0;0;0;0;0;0;0;0;0;0;0;0;0;0;1;0;0;0;0;0;0;0;0;0;1;0;0;0;0;0;1;1;0;1;1;1;0.2;1.0;0
18420;Crazy Machines;;;;5.79;0;50000;0;82.63;157;33;0;0;0;1;none;0;0;0;0.12;1;Novato;290;0;0;1;0;0;0;0;0;0;0;1;0;0;0;1;0;0;0;0;0;0;0;0;0;0;0;0;0;0;0;0;0;0;0;0;0;0;0;0;0;0;1;0;0;0;0;0;0;0;0;0;0;0;0;0;0;0;1;0;0;0;0;0;0;0;0;0;0;0;0;1;0;0;0;0;0;0;0;31;27;4;21;0;16;7.24;0.871;1
606980;Potentia;;;;6.29;0;20000;0;68.28;282;131;0;18;0;3;full;0;0;0;8.0;1;Novato;145;1;1;0;0;1;0;0;0;0;0;0;0;0;0;1;0;0;0;0;1;0;1;0;0;0;1;0;0;0;0;0;0;0;1;0;0;0;0;0;0;0;0;0;0;0;0;0;0;0;0;0;0;0;0;0;0;0;0;0;0;0;0;0;1;0;0;0;1;0;0;0;1;0;0;0;0;0;1;58;42;16;52;0;25;4.03;0.724;0
2697930;Commander Quest;;;;6.59;0;50000;91;76.61;1641;501;0;63;0;6;none;0;0;0;8.0;1;Novato;280;0;0;0;0;1;0;0;0;1;0;1;0;0;0;1;0;0;0;0;0;0;1;1;0;0;0;0;0;0;0;0;0;0;0;0;0;0;0;0;0;0;1;0;0;0;0;0;0;0;0;0;0;1;0;0;0;0;0;0;0;0;0;1;0;0;0;0;0;0;0;1;0;0;0;0;0;0;0;1000;766;234;970;0;13;27.7;0.766;1
2872990;School Paranormal Laboratory;;;;2.49;0;20000;0;54.05;20;17;0;29;0;2;full;0;0;0;4.0;1;Novato;281;0;1;1;0;1;0;0;0;0;0;0;0;0;0;1;1;1;1;0;1;0;1;1;0;0;0;0;0;0;1;0;0;0;0;0;0;0;1;0;0;0;0;0;0;0;0;1;1;0;0;0;0;0;0;0;0;0;0;0;0;0;0;1;1;0;0;0;0;0;0;1;1;0;0;0;0;0;0;37;21;16;36;0;4;4.11;0.568;0
494600;EARTH'S DAWN;;;;2.49;0;20000;0;72.4;181;69;0;20;0;5;full;0;0;0;4.0;1;Novato;184;1;0;0;0;1;0;0;0;0;0;0;0;0;0;1;0;0;0;0;1;0;1;1;0;0;1;0;0;0;0;0;0;0;0;0;0;0;0;0;0;0;0;0;0;0;0;0;0;0;0;0;0;0;0;0;0;0;0;0;0;1;1;0;0;0;0;0;0;0;0;0;1;0;0;0;0;0;0;35;23;12;31;0;17;9.61;0.657;0
2316310;Ugmania;;;;0.99;0;20000;0;100.0;5;0;0;50;1;1;none;0;0;0;8.0;1;Novato;103;1;1;0;0;0;0;0;0;0;0;0;0;0;1;1;0;0;0;0;0;0;1;0;0;0;0;1;0;0;1;1;1;0;0;0;0;1;0;0;0;0;0;0;0;0;0;0;0;0;0;0;1;0;0;0;0;0;0;0;0;0;0;1;0;0;0;0;0;0;0;0;0;1;0;0;0;0;0;3;3;0;2;3;3;4.98;1.0;0
377290;Biodrone Battle;;;;0.99;0;100000;0;51.46;141;133;0;0;0;1;none;0;0;0;2.0;1;Novato;225;1;0;0;0;1;0;0;0;0;0;0;0;0;0;1;0;0;0;0;0;0;0;0;0;0;1;0;0;0;0;0;0;0;0;0;0;0;0;0;0;0;0;0;0;0;0;0;0;0;0;0;0;0;0;0;0;0;0;0;0;1;1;0;0;0;0;1;0;0;0;0;1;0;0;0;0;0;0;21;9;12;20;0;15;3.91;0.429;1
1022450;War Selection;;;;0.0;1;1000000;507;85.77;18745;3109;0;0;0;21;none;0;0;0;2.0;1;Novato;273;0;0;0;0;1;1;0;0;0;0;1;0;0;1;1;1;0;0;0;0;0;0;0;0;1;0;0;0;0;0;0;0;0;0;0;0;1;0;0;0;0;1;0;0;0;0;1;1;0;1;0;0;0;1;0;0;0;0;0;0;0;0;0;0;0;0;0;1;0;0;0;1;1;1;0;0;0;0;999;807;192;999;999;8;215.73;0.808;1
802650;Russian Race;;;;0.99;0;20000;0;47.62;30;33;0;5;1;2;none;0;0;0;0.5;1;Novato;179;0;0;1;0;1;0;0;1;0;0;0;0;0;0;1;0;0;0;0;0;0;1;0;0;0;0;0;0;0;0;0;0;0;0;0;0;0;0;0;0;0;0;0;0;0;0;0;0;0;0;0;0;0;0;0;0;1;0;0;0;0;0;0;0;0;0;0;0;0;0;1;1;0;0;0;0;0;0;13;5;8;9;0;11;3.59;0.385;0
466740;ARAYA;;;;14.99;0;50000;0;76.6;645;197;0;34;0;2;full;0;0;0;2.0;1;Novato;293;1;1;0;0;1;0;0;0;0;0;0;0;0;0;1;0;0;0;0;1;0;1;0;0;0;0;0;0;0;1;0;0;0;0;0;0;0;1;0;0;0;0;0;0;0;0;0;1;0;0;0;0;0;0;0;0;0;0;0;0;0;0;0;0;0;0;0;0;0;0;0;1;0;0;1;0;0;0;62;52;10;52;0;25;7.25;0.839;1
619780;The Swords of Ditto: Mormo's Curse;;;;7.99;0;200000;4;63.1;1462;855;0;20;1;10;full;0;0;0;4.0;1;Novato;214;1;1;0;0;1;0;1;0;0;0;0;0;0;0;1;1;1;0;0;1;0;1;1;0;0;0;1;1;0;0;0;0;0;0;0;0;0;0;1;0;0;0;0;0;0;0;1;1;1;0;0;0;0;0;0;0;0;0;0;0;0;1;0;0;0;1;0;0;0;0;1;1;0;0;0;0;0;0;180;128;52;124;0;29;13.86;0.711;1
200230;Off-Road Drive;;;;2.99;0;50000;0;63.96;433;244;0;0;0;7;none;0;0;0;0.25;1;Novato;342;0;0;0;0;0;0;0;1;1;0;0;0;0;0;1;1;0;0;0;0;0;0;1;0;0;0;0;0;0;0;0;0;0;0;0;0;0;0;0;0;0;0;0;0;0;0;0;1;0;0;0;0;1;0;0;0;1;0;0;0;0;0;0;0;0;0;0;0;0;0;0;0;0;0;0;0;0;0;80;53;27;56;0;25;5.45;0.662;1
2313660;Milo no Senki 3;;;;3.0;0;50000;0;80.0;4;1;0;52;0;2;none;0;0;0;2.0;1;Novato;207;0;0;0;0;1;0;1;0;0;0;1;0;0;0;1;0;0;0;0;0;0;1;1;0;0;0;0;0;0;0;0;0;0;1;0;0;0;0;1;0;0;1;0;0;0;0;0;0;0;0;0;0;0;0;0;0;0;0;0;0;0;0;0;0;0;0;0;0;0;0;0;0;0;0;0;0;0;0;1;1;0;1;0;1;10.67;1.0;1
2294130;Goobies;;;;5.99;0;50000;41;91.42;1663;156;0;43;0;3;full;0;0;0;4.0;1;Novato;209;1;0;1;0;1;0;1;0;0;0;1;0;0;0;1;0;0;0;0;1;0;1;0;0;0;0;0;0;0;0;0;0;0;0;0;0;0;0;1;1;0;0;0;0;0;0;0;0;0;0;0;0;0;0;0;0;0;0;0;0;0;0;1;0;0;0;0;0;0;0;1;0;0;0;0;0;0;0;513;450;63;480;0;29;25.61;0.877;1
921070;Spellwake;;;;0.0;1;100000;1;86.58;200;31;0;0;0;1;none;0;0;0;2.0;1;Novato;229;1;0;1;0;1;1;1;0;0;0;0;0;0;0;1;1;1;1;0;0;0;0;0;0;0;0;0;0;0;0;0;1;0;0;0;0;0;0;1;1;0;0;0;0;0;0;0;0;0;1;0;0;0;0;0;0;0;0;0;0;0;0;1;0;0;0;0;0;0;0;1;1;0;1;0;0;0;0;53;50;3;53;0;22;24.75;0.943;1
2113920;The Legend of Heroes: Kuro no Kiseki Ⅱ -CRIMSON SiN-;;;;59.99;0;20000;22;80.0;668;167;0;53;81;2;none;0;0;0;8.0;1;Novato;204;0;0;0;0;0;0;1;0;0;0;0;0;0;0;1;0;0;0;0;0;1;1;1;0;0;0;0;0;0;0;0;0;0;1;0;0;0;0;1;0;1;0;0;0;0;0;0;0;0;0;0;0;0;0;0;0;0;0;0;1;1;0;1;0;0;0;0;0;0;0;0;0;0;0;0;0;0;0;422;279;143;336;0;29;68.61;0.661;0
2843110;Horror School Story;;;;0.89;0;20000;0;66.67;8;4;0;0;0;1;none;0;0;0;8.0;1;Novato;271;0;1;1;0;1;0;0;0;0;0;0;0;0;0;1;0;0;0;0;0;0;0;1;0;0;0;0;0;0;1;0;0;0;1;0;0;0;1;0;0;0;0;0;0;0;0;0;0;0;0;0;0;0;0;0;0;0;1;0;0;0;0;1;1;0;0;0;0;0;0;1;0;0;0;0;0;1;0;13;8;5;9;0;4;0.74;0.615;0
578830;Cavern of Time;;;;0.46;0;50000;0;68.09;64;30;0;5;0;1;none;0;0;0;2.0;1;Novato;227;0;1;1;0;1;0;1;0;1;0;1;0;0;0;1;0;0;0;0;0;1;1;1;0;0;1;0;0;0;0;0;0;0;0;0;0;0;0;1;0;0;1;0;0;0;0;0;0;0;0;0;0;1;0;0;0;0;0;0;0;0;0;0;0;0;0;0;0;0;0;1;1;0;0;0;0;0;0;13;12;1;12;0;12;5.13;0.923;1
2102490;Basketball Club Story;;;;4.99;0;20000;6;77.02;124;37;0;6;0;5;full;0;0;0;1.0;1;Novato;78;0;0;1;0;1;0;0;0;1;1;1;0;0;0;1;0;0;0;0;1;0;1;1;0;0;0;0;0;0;0;0;0;0;0;0;0;0;0;0;0;0;1;0;0;0;0;0;0;0;0;0;0;1;0;1;1;0;0;0;0;0;1;0;0;0;0;0;0;0;0;1;1;0;0;0;0;0;0;86;64;22;68;0;27;33.11;0.744;0
963220;The Bluecoats: North & South;;;;14.99;0;20000;0;61.54;128;80;0;11;0;5;full;0;0;0;4.0;1;Novato;261;1;0;0;0;0;0;0;0;0;0;1;0;0;0;1;1;0;0;0;1;0;1;0;0;0;0;1;0;0;0;0;0;0;0;0;0;0;0;0;0;0;1;0;0;0;0;0;1;0;1;0;0;0;0;0;0;0;0;0;0;0;0;1;0;0;0;0;0;0;0;0;0;0;0;0;0;1;0;105;60;45;74;0;27;4.49;0.571;0
3171590;THE BREAKFIVE;;;;3.99;0;100000;0;58.33;7;5;0;0;0;1;none;0;0;0;4.0;1;Novato;290;0;1;1;0;1;0;1;0;0;0;0;0;0;0;1;0;0;0;0;0;0;0;0;0;0;0;0;0;0;0;0;0;0;1;0;0;1;0;1;0;0;0;0;0;0;0;0;0;0;0;0;0;0;0;0;0;0;1;0;1;0;0;0;0;0;0;0;0;0;0;0;0;0;0;0;0;0;0;13;9;4;11;0;7;2.61;0.692;1
2341070;The Banished Vault;;;;24.99;0;20000;1;78.98;139;37;0;44;0;1;full;0;0;0;4.0;1;Novato;226;0;0;0;0;1;0;0;0;0;0;1;0;0;0;1;0;0;0;0;1;0;0;1;0;0;0;0;0;0;0;0;0;0;0;0;0;0;0;0;0;0;1;0;0;0;0;0;0;0;0;0;0;0;0;1;0;0;0;0;0;0;0;0;0;0;0;1;0;0;0;0;0;0;0;0;0;0;0;75;55;20;70;0;28;18.11;0.733;0
1126680;Neonis;;;;0.0;1;20000;0;100.0;3;0;0;35;0;1;none;0;0;0;2.0;1;Novato;267;1;0;0;0;1;0;0;0;0;0;0;0;0;0;1;0;0;0;0;0;0;1;0;0;0;0;0;0;0;0;0;0;0;0;0;0;0;0;0;0;0;0;1;0;0;0;0;0;0;0;0;0;0;0;0;0;0;0;0;0;0;1;0;0;0;0;0;0;0;0;0;1;0;1;0;0;0;0;6;5;1;6;0;5;1.85;0.833;0
1480910;Tomb of The Lost Sentry;;;;0.0;1;50000;0;94.74;18;1;0;31;0;1;full;0;0;0;0.0;1;Novato;240;0;1;0;0;1;0;0;0;0;0;0;0;0;0;1;0;0;0;0;1;0;1;0;0;0;0;0;0;0;0;0;0;0;0;0;0;0;0;0;0;0;0;0;1;0;0;0;0;0;0;0;0;0;0;0;0;0;1;0;0;0;1;0;0;0;0;0;0;0;0;0;0;0;0;0;0;0;0;8;7;1;8;0;8;1.48;0.875;1
1604730;Probability Race;;;;0.0;1;20000;0;100.0;3;0;0;0;0;2;full;0;0;0;2.0;1;Novato;282;0;0;0;0;1;0;0;0;0;0;1;0;0;0;1;0;0;0;0;1;0;0;0;0;0;0;0;0;0;0;0;0;0;0;0;0;0;0;0;0;0;1;0;1;0;0;0;0;0;0;0;0;0;0;0;0;1;0;0;0;0;1;0;0;0;0;0;0;0;0;0;0;0;0;0;0;0;0;5;5;0;5;0;5;1.65;1.0;0
827130;Les Misérables: Jean Valjean;;;;2.99;0;20000;0;71.43;20;8;0;0;0;5;none;0;0;0;2.0;1;Novato;85;0;1;1;0;0;0;0;0;0;0;0;0;0;0;1;0;0;0;0;0;0;0;0;0;0;0;0;0;0;0;0;0;0;0;0;0;0;0;0;0;0;0;0;0;0;0;0;0;0;0;0;0;0;0;0;0;0;0;0;0;0;0;0;0;0;0;0;0;0;0;1;0;0;0;0;0;0;0;10;7;3;9;0;9;4.76;0.7;0
1163870;Mecha Knights: Nightmare;;;;8.49;0;200000;4;91.41;1351;127;0;0;2;1;none;0;0;0;12.0;1;Novato;158;1;0;0;0;1;0;0;0;0;0;0;0;0;0;1;0;0;0;0;0;0;0;0;0;0;0;0;0;0;1;0;0;0;0;0;0;0;1;0;0;0;0;0;0;0;0;0;0;0;0;0;0;0;0;0;0;0;0;0;0;0;0;0;0;0;0;0;0;0;0;0;1;0;0;0;0;1;0;560;513;47;547;0;29;13.53;0.916;1
2477950;Nodes Escape;;;;1.99;0;50000;6;85.92;421;69;0;46;0;1;none;0;0;0;1.0;1;Novato;221;0;0;0;0;1;0;0;0;0;0;0;0;0;0;1;0;0;0;0;0;0;1;0;1;0;0;0;0;0;0;0;0;0;0;0;0;1;0;0;0;0;0;0;0;0;0;0;0;0;0;0;0;0;0;0;0;0;1;0;0;0;0;0;0;0;0;0;0;0;0;0;1;0;0;0;0;0;0;181;150;31;178;0;29;6.19;0.829;1
317360;Double Action: Boogaloo;;;;0.0;1;1000000;11;93.05;10555;788;0;31;0;6;none;0;0;0;0.5;1;Novato;119;1;0;0;0;1;0;0;0;0;0;0;0;0;0;0;1;0;0;0;0;0;0;0;0;0;0;0;0;0;1;1;0;0;0;0;0;1;0;0;0;0;0;0;0;0;0;1;1;0;0;0;0;0;0;0;0;0;0;0;0;0;0;0;0;0;0;0;0;0;0;0;1;0;1;0;0;1;0;597;563;34;597;0;29;14.02;0.943;1
1028930;It Moves;;;;0.0;1;20000;0;88.01;279;38;0;0;0;1;full;0;0;0;2.0;1;Novato;250;0;0;0;0;1;0;0;0;0;0;0;0;0;0;1;0;0;0;0;1;0;0;0;0;0;0;0;0;0;0;0;0;0;0;0;0;0;1;0;0;0;0;0;0;0;0;0;0;0;0;0;0;0;0;0;0;0;0;0;0;0;1;0;0;0;0;0;0;0;0;0;1;0;1;0;0;0;0;44;36;8;44;0;22;2.07;0.818;0
907160;Project Skylab;;;;0.0;1;20000;0;27.27;15;40;0;0;0;1;none;0;0;0;8.0;1;Novato;92;1;1;1;0;1;0;0;0;0;0;0;0;0;0;1;0;0;0;0;0;1;0;0;0;0;0;0;0;0;0;0;0;0;0;0;0;0;0;0;0;0;0;0;0;0;0;0;0;0;0;0;0;0;0;0;0;0;0;0;0;0;0;0;0;0;0;0;0;0;0;1;1;0;1;0;0;0;0;11;6;5;11;0;8;3.27;0.545;0
738540;Tales of Vesperia: Definitive Edition;;;;39.99;0;200000;74;81.32;3670;843;0;53;2;11;none;0;0;0;4.0;1;Novato;116;0;0;0;0;0;0;1;0;0;0;0;0;0;0;1;1;1;0;0;0;1;1;1;0;0;0;1;1;0;0;1;0;0;1;0;0;0;0;1;1;0;0;0;0;0;0;1;1;1;0;0;0;0;0;0;0;0;0;0;0;1;0;0;0;0;0;0;0;0;0;0;0;0;0;0;0;0;0;951;731;220;671;0;29;61.28;0.769;1
628670;Hellpoint;;;;17.99;0;200000;19;73.07;3137;1156;0;42;3;10;full;0;0;0;4.0;1;Novato;295;1;1;0;0;1;0;1;0;0;0;0;0;0;0;1;1;1;1;0;1;0;1;0;0;0;1;1;1;0;0;0;0;0;0;0;0;0;1;1;1;0;0;0;0;0;0;1;1;0;0;0;0;0;0;0;0;0;0;0;0;0;0;0;0;0;0;1;1;0;1;0;1;0;0;0;0;0;0;574;359;215;301;0;29;28.72;0.625;1
1149440;Dragon Marked For Death;;;;18.99;0;100000;5;77.65;785;226;0;34;1;4;none;0;0;0;1.0;1;Novato;254;1;0;0;0;0;0;1;0;0;0;0;0;0;0;1;1;1;1;0;0;1;1;0;0;0;1;0;0;0;0;0;0;0;0;0;0;0;0;1;1;0;0;0;1;1;0;1;1;0;0;0;0;0;0;0;0;0;0;0;0;1;1;0;0;0;0;0;0;0;0;0;0;0;0;0;0;0;0;170;120;50;160;0;29;38.81;0.706;1
463830;Izeriya;;;;0.44;0;50000;1;53.49;23;20;0;5;0;1;none;0;0;0;0.5;1;Novato;137;1;1;0;0;1;0;0;0;0;0;0;0;0;0;1;0;0;0;0;0;0;1;0;0;0;1;0;0;0;0;0;0;0;0;0;0;0;0;0;0;0;0;0;1;0;0;0;0;0;0;0;0;0;0;0;0;0;0;0;0;0;0;0;0;0;0;0;0;0;0;0;1;0;0;0;0;0;0;25;17;8;19;0;16;6.65;0.68;1
619890;Evil Glitch;;;;2.99;0;50000;0;84.62;33;6;0;27;0;1;full;0;0;0;1.0;1;Novato;223;1;0;0;0;0;0;0;0;0;0;0;0;0;0;1;0;0;0;0;1;0;1;0;0;0;1;0;0;0;0;0;0;0;0;0;0;0;0;0;0;0;0;0;0;0;0;0;0;0;0;0;0;0;0;0;0;0;0;0;0;0;0;0;0;0;0;0;0;0;0;0;0;0;0;0;0;0;0;3;2;1;2;0;2;8.02;0.667;1
1702430;Vlad Circus: Descend Into Madness;;;;9.99;0;20000;0;88.96;137;17;0;12;0;6;full;0;0;0;2.0;1;Novato;224;0;1;0;0;1;0;0;0;0;0;0;0;0;0;1;0;0;0;0;1;0;1;1;0;0;0;0;0;0;0;0;0;0;1;0;0;1;1;0;0;0;0;0;0;0;0;0;0;0;0;0;0;0;0;0;0;0;1;1;0;0;1;0;0;0;0;1;0;0;0;0;0;0;0;0;0;0;0;97;82;15;57;0;28;7.3;0.845;0
1413480;Shin Megami Tensei III Nocturne HD Remaster;;;;49.99;0;100000;83;87.53;3924;559;0;37;5;8;full;0;0;0;4.0;1;Novato;126;0;0;0;0;0;0;1;0;0;0;0;0;0;0;1;0;0;0;0;1;0;1;1;0;0;1;0;0;0;0;0;0;0;1;0;0;0;0;1;0;0;0;0;0;0;0;0;0;0;0;0;0;0;0;0;0;0;0;0;0;1;0;0;0;0;0;1;1;0;0;0;0;0;0;0;0;0;0;1000;861;139;748;0;19;53.4;0.861;1
283310;Soulbringer;;;;1.99;0;50000;0;60.31;158;104;0;0;0;1;none;0;0;0;0.5;1;Novato;289;0;0;0;0;0;0;1;0;0;0;0;0;0;0;1;0;0;0;0;0;0;0;0;0;0;0;0;0;0;0;0;0;0;0;0;0;0;0;1;0;0;0;0;0;0;0;0;0;0;0;0;0;0;0;0;0;0;0;0;0;0;0;0;0;0;0;0;1;0;0;0;0;0;0;0;0;0;0;52;32;20;34;0;24;16.45;0.615;1
277630;Panzer Tactics HD;;;;5.79;0;50000;4;73.36;168;61;0;47;0;6;none;0;0;0;2.0;1;Novato;129;0;0;0;0;0;0;0;0;1;0;1;0;0;0;1;0;0;0;0;0;0;1;0;0;0;0;0;0;0;0;0;0;0;0;0;0;0;0;0;0;1;1;0;0;0;0;0;0;0;0;0;0;1;0;0;0;0;0;0;0;0;0;0;0;0;0;0;0;0;0;0;0;0;0;0;0;0;0;31;22;9;24;0;21;120.87;0.71;1
263020;STARWHAL;;;;11.99;0;50000;0;88.86;622;78;0;22;1;5;full;0;0;0;1.0;1;Novato;298;1;0;1;0;1;0;0;0;0;1;0;0;0;0;1;1;0;0;0;1;0;1;0;0;0;1;1;0;0;0;0;0;0;0;0;0;0;0;0;0;0;0;0;0;0;0;0;1;1;0;0;0;0;0;0;1;0;0;0;0;0;1;0;0;0;0;0;0;0;0;1;1;0;0;0;0;0;0;32;28;4;23;0;18;8.39;0.875;1
1045620;Atelier Lulua ~The Scion of Arland~;;;;49.99;0;20000;9;91.01;506;50;0;50;29;4;none;0;0;0;4.0;1;Novato;277;0;0;0;0;0;0;1;0;0;0;0;0;0;0;1;0;0;0;0;0;1;1;1;0;0;0;0;0;0;0;0;1;0;1;0;0;0;0;1;0;1;0;0;0;0;0;0;0;0;0;0;0;1;0;0;0;0;0;0;0;1;0;0;0;0;0;0;0;0;0;1;0;0;0;0;0;0;0;96;83;13;84;0;29;45.26;0.865;0
2192260;Infinadeck Stonehenge;;;;0.0;1;20000;0;85.71;6;1;0;0;0;1;none;0;0;0;4.0;1;Novato;222;0;0;1;0;0;0;0;0;0;0;0;0;0;0;1;0;0;0;0;0;0;0;0;0;0;0;0;0;0;0;0;0;0;0;0;0;0;0;0;0;0;0;0;0;0;0;0;0;0;0;0;0;0;0;0;0;0;0;0;0;0;0;0;0;0;0;0;0;0;0;1;0;0;1;1;0;0;0;6;5;1;6;0;5;1.65;0.833;0
1258590;Locked Up;;;;4.0;0;50000;2;77.79;1012;289;0;15;0;3;none;0;0;0;4.0;1;Novato;116;0;0;0;0;1;0;0;0;0;0;0;0;0;0;1;0;0;0;0;0;1;1;0;0;0;0;0;0;0;1;0;0;0;1;0;0;0;1;0;0;0;0;0;0;0;0;0;0;0;0;0;0;0;0;0;0;0;0;0;0;0;0;0;1;0;0;1;1;0;0;0;1;0;0;0;0;0;0;332;243;89;317;0;29;3.04;0.732;1
422900;Particle Fleet: Emergence;;;;7.99;0;50000;31;92.48;1131;92;0;20;1;1;none;0;0;0;3.0;1;Novato;300;0;0;0;0;1;0;0;0;1;0;1;0;0;0;1;0;0;0;0;0;0;1;1;0;0;0;1;0;0;0;0;0;0;0;0;0;0;0;0;0;0;1;1;0;0;0;0;0;0;0;0;0;1;0;0;0;0;0;0;0;0;1;0;0;0;0;0;0;0;0;0;1;0;0;0;0;0;0;165;147;18;158;0;29;231.72;0.891;1
508760;Ball of Wonder;;;;5.79;0;50000;5;64.97;102;55;0;36;0;1;none;0;0;0;1.0;1;Novato;50;0;0;1;0;1;0;0;0;0;0;0;0;0;0;1;1;1;0;0;0;1;1;0;0;0;1;1;1;0;0;0;0;0;0;0;0;0;0;0;0;0;0;0;1;0;0;1;1;1;0;0;0;0;0;0;0;0;1;0;0;0;1;0;0;0;0;0;0;0;0;1;1;0;0;0;0;0;0;74;48;26;32;0;24;9.29;0.649;1
2753730;美女,应接不暇;;;;5.79;0;20000;0;86.43;395;62;0;50;0;1;none;0;0;0;6.0;1;Novato;127;0;0;1;0;0;0;1;0;1;0;0;0;0;0;1;0;0;0;0;0;0;0;0;0;0;0;0;0;0;1;0;0;0;1;0;0;0;0;1;0;0;0;0;0;0;0;0;0;0;0;0;0;1;0;0;0;0;0;0;0;0;0;0;1;0;0;0;0;0;0;1;0;0;0;0;0;0;0;467;395;72;431;0;19;18.57;0.846;0
1547380;KINGDOM of the DEAD;;;;7.99;0;20000;0;79.5;287;74;0;33;0;12;none;0;0;0;2.0;1;Novato;102;1;1;0;0;1;0;0;0;0;0;0;0;0;0;1;0;0;0;0;0;1;1;0;0;0;0;0;0;0;1;0;0;0;0;0;0;0;1;0;0;0;0;0;0;0;0;0;0;0;0;0;0;0;0;0;0;0;0;0;0;0;0;1;0;0;0;0;0;0;0;0;1;0;0;0;0;1;0;150;116;34;124;0;29;5.26;0.773;0
777020;Mumps;;;;4.99;0;20000;0;67.44;87;42;0;31;0;1;none;0;0;0;1.0;1;Novato;195;0;0;1;0;1;0;0;0;0;0;0;0;0;0;1;0;0;0;0;0;0;1;0;0;0;0;0;0;0;0;0;0;0;0;0;0;0;0;0;0;0;0;0;0;0;0;0;0;0;0;0;0;0;0;0;0;0;0;0;0;0;0;0;0;0;0;0;0;0;0;1;1;0;0;0;0;0;0;16;11;5;13;0;13;1.66;0.688;0
1619340;Colosseum Enigma;;;;5.79;0;20000;0;100.0;6;0;0;9;0;1;full;0;0;0;4.0;1;Novato;217;1;0;0;0;1;0;1;0;0;0;0;0;0;0;1;0;0;0;0;1;0;1;0;0;0;0;0;0;0;0;0;0;0;0;0;0;0;0;1;1;0;0;0;0;0;0;0;0;0;0;0;0;0;0;0;0;0;0;0;0;0;0;1;1;0;0;0;1;0;0;0;1;0;0;0;0;0;0;6;6;0;5;0;2;0.84;1.0;0
2642890;KunKunNight;;;;1.99;0;50000;3;97.64;1448;35;0;9;0;2;none;0;0;0;0.0;1;Novato;194;1;0;0;0;1;0;0;0;0;0;0;0;0;0;1;0;0;0;0;0;0;0;0;0;0;0;0;0;0;0;0;0;0;0;0;0;0;1;0;0;0;0;0;0;0;0;0;0;0;0;0;0;0;0;0;0;0;0;0;0;0;0;1;0;0;0;0;0;0;0;0;1;0;0;0;0;1;0;465;443;22;444;0;29;9.12;0.953;1
1528520;Fenrir's Prelude;;;;0.99;0;100000;0;85.71;6;1;0;35;0;1;none;0;0;0;0.0;1;Novato;280;1;1;0;0;0;0;1;0;0;0;0;0;0;0;1;0;0;0;0;0;1;0;0;0;0;0;0;0;0;0;0;0;0;0;0;0;0;0;1;0;0;0;0;0;0;0;0;0;0;0;0;0;0;0;0;0;0;0;0;0;1;1;0;0;0;0;0;0;0;0;0;0;0;0;0;0;0;0;0;0;0;0;0;0;0.0;0.0;1
3107330;Nodebuster;;;;1.99;0;200000;50;97.77;11345;259;0;13;0;1;none;0;0;0;4.0;1;Novato;96;0;0;1;0;1;0;0;0;1;0;1;0;0;0;1;0;0;0;0;0;0;1;1;0;0;0;0;0;0;0;0;0;0;0;0;0;0;0;0;0;0;1;0;0;0;0;0;0;0;0;0;0;1;1;0;0;0;0;0;0;0;1;0;0;0;0;0;0;1;0;1;1;0;0;0;0;0;0;1000;957;43;977;0;8;5.04;0.957;1
3447410;The Test: Reality Check;;;;2.99;0;20000;0;98.74;472;6;0;0;1;1;full;0;0;0;0.0;1;Novato;300;0;1;1;0;1;0;1;0;1;0;0;0;0;0;1;0;0;0;0;1;0;0;0;0;0;0;0;0;0;0;0;0;0;1;0;0;0;1;1;0;0;0;0;0;0;0;0;0;0;0;0;0;1;0;0;0;0;0;0;1;0;1;0;0;0;0;0;0;1;0;1;0;0;0;0;0;0;0;640;624;16;633;0;16;0.64;0.975;0
683530;FreeFly Burning;;;;3.29;0;20000;0;38.38;38;61;0;8;0;4;none;0;0;0;2.0;1;Novato;89;1;0;1;0;1;0;0;0;1;0;0;0;0;0;1;0;0;0;0;0;0;1;1;0;0;0;0;0;0;0;0;0;0;0;0;0;0;0;0;0;0;0;0;0;0;0;0;0;0;0;0;0;1;0;0;0;0;0;0;0;0;0;0;0;0;0;0;0;0;0;1;1;0;0;0;0;0;0;32;10;22;19;0;19;5.28;0.312;0
218410;Defender's Quest: Valley of the Forgotten (DX edition);;;;14.99;0;500000;2;95.29;3297;163;0;30;0;11;full;0;0;0;1.0;1;Novato;120;0;0;0;0;1;0;1;0;0;0;1;0;0;0;1;0;0;0;0;1;0;1;1;1;0;1;0;0;0;0;0;0;0;1;0;0;0;0;1;0;0;1;1;0;0;0;0;0;0;0;0;0;0;0;0;0;0;0;0;0;0;1;0;0;0;0;0;0;0;0;0;0;0;0;0;0;0;0;175;148;27;145;0;29;44.32;0.846;1
217140;Rise of the Triad;;;;7.99;0;200000;1;66.06;1639;842;0;80;1;1;none;0;0;0;2.0;1;Novato;188;1;0;0;0;0;0;0;0;0;0;0;0;0;0;1;1;0;0;0;0;1;1;1;1;0;1;0;0;0;1;0;0;0;0;0;0;0;0;0;0;0;0;0;0;0;0;0;1;0;1;0;0;0;0;0;0;0;0;0;0;0;0;0;0;0;0;0;0;0;0;0;0;0;0;0;0;1;0;144;84;60;115;0;29;10.34;0.583;1
526740;hack_me;;;;3.99;0;200000;0;60.29;1268;835;0;5;1;2;none;0;0;0;0.5;1;Novato;265;0;0;0;0;1;0;0;0;1;0;0;0;0;0;1;0;0;0;0;0;0;1;0;0;0;1;0;0;0;0;0;0;0;1;0;0;0;1;0;0;0;1;0;0;0;0;0;1;0;0;0;0;1;0;0;0;0;0;0;0;0;1;0;0;0;0;0;1;0;0;0;1;1;0;0;0;0;0;63;33;30;38;0;24;13.35;0.524;1
333660;Towers of Altrac - Epic Defense Battles;;;;0.89;0;20000;0;58.73;74;52;0;82;1;3;none;0;0;0;1.0;1;Novato;293;1;0;0;0;1;0;0;0;0;0;1;0;0;0;1;1;1;0;0;0;0;1;1;0;0;1;0;0;0;1;0;0;0;0;0;0;1;0;0;0;0;1;1;0;0;0;1;1;0;0;0;1;0;0;0;0;0;0;0;0;0;0;1;0;0;0;0;0;0;0;0;1;0;0;0;0;0;0;15;8;7;12;0;10;6.35;0.533;0
1592110;Spirit of the Island;;;;7.99;0;20000;32;66.88;1165;577;0;49;1;10;full;0;0;0;4.0;1;Novato;298;1;1;1;0;1;0;1;0;1;0;0;0;0;0;1;1;1;1;0;1;0;1;1;0;0;1;0;0;0;0;1;0;0;1;0;0;0;0;1;1;0;0;0;0;0;0;0;1;0;0;0;1;1;0;1;0;0;0;0;0;0;0;0;0;0;0;0;0;1;0;0;1;0;0;0;0;0;0;584;353;231;338;0;29;18.52;0.604;0
361280;Turmoil;;;;7.29;0;1000000;767;93.02;13816;1037;0;39;3;14;none;0;0;0;2.0;1;Novato;174;0;0;0;0;1;0;0;0;1;0;1;0;0;0;1;1;0;0;0;0;0;1;1;0;0;1;0;0;0;0;0;0;0;0;0;0;0;0;0;0;0;1;0;0;0;0;0;1;0;1;0;0;1;1;0;0;0;0;0;0;0;1;0;0;0;0;0;0;1;0;0;1;0;0;0;0;0;0;1000;920;80;802;0;12;27.05;0.92;1
735500;Creepy Road;;;;9.99;0;20000;0;70.07;96;41;0;18;0;11;full;0;0;0;4.0;1;Novato;242;1;1;0;0;1;0;0;0;0;0;0;0;0;0;1;0;0;0;0;1;0;1;0;0;0;0;0;0;0;0;0;0;0;0;0;0;0;0;0;0;0;0;0;1;0;0;0;0;0;0;0;0;0;0;0;0;0;0;0;0;0;1;0;0;0;1;0;1;0;1;0;1;0;0;0;0;0;0;4;2;2;4;0;4;3.06;0.5;0
2759160;Project Jeff;;;;0.44;0;20000;0;73.33;11;4;0;5;0;10;none;0;0;0;2.0;1;Novato;80;0;0;1;0;1;0;0;0;0;0;0;0;0;0;1;0;0;0;0;0;0;0;0;0;0;0;0;0;0;0;0;0;0;0;0;0;0;0;0;0;0;0;0;0;0;0;0;0;0;0;0;0;0;0;0;0;0;0;0;0;0;1;0;0;0;0;0;0;0;0;1;1;0;0;0;0;0;0;18;14;4;15;0;9;2.1;0.778;0
1579660;Wyvia;;;;5.79;0;20000;0;96.45;136;5;0;67;1;7;full;0;0;0;4.0;1;Novato;299;1;1;0;0;1;0;1;0;0;0;0;0;0;0;1;0;0;0;0;1;0;1;1;0;0;1;0;0;0;0;0;0;0;0;0;0;0;0;1;1;0;0;0;0;0;0;0;0;0;0;0;0;0;0;0;0;0;0;0;0;0;0;1;0;0;0;0;0;0;0;0;0;0;0;0;0;0;0;66;60;6;54;0;24;8.87;0.909;0
1145340;Rogue State Revolution;;;;7.29;0;50000;1;77.15;385;114;0;28;1;5;none;0;0;0;8.0;1;Novato;282;0;0;0;0;1;0;0;0;1;0;1;0;0;0;1;0;0;0;0;0;0;1;0;0;0;0;0;0;0;0;0;0;0;0;0;0;0;0;0;0;1;1;0;0;0;0;0;0;0;0;0;1;1;1;0;0;0;0;0;0;0;0;0;0;0;0;0;1;0;1;0;0;0;0;0;0;0;0;93;58;35;80;0;28;20.11;0.624;1
523640;The Works of Mercy;;;;3.99;0;20000;0;38.6;88;140;0;0;0;7;none;0;0;0;6.0;1;Novato;233;1;1;0;0;1;0;0;0;1;0;0;0;0;0;1;0;0;0;0;0;0;0;0;0;0;0;0;0;0;1;0;0;0;0;0;0;0;1;0;0;0;0;0;0;0;0;0;0;0;0;0;0;1;0;0;0;0;0;0;0;0;0;0;1;0;0;0;0;0;0;0;1;0;0;0;0;0;0;17;10;7;16;0;12;5.39;0.588;0
2055220;Desktop Girlfriend;;;;1.99;0;50000;0;71.63;515;204;0;71;1;3;none;0;0;0;8.0;1;Novato;212;0;0;1;0;1;0;0;0;1;0;0;0;0;0;1;0;0;0;0;0;0;1;0;1;0;1;0;0;0;0;0;0;0;0;0;0;0;0;0;0;0;0;0;0;0;0;0;0;0;0;0;0;1;0;0;0;0;0;0;0;1;0;0;0;0;0;0;0;0;0;1;1;0;0;0;0;1;0;42;29;13;37;0;21;24.96;0.69;1
374830;Defend The Highlands;;;;4.99;0;200000;0;79.05;283;75;0;40;0;1;none;0;0;0;1.0;1;Novato;237;0;0;0;0;1;0;0;0;0;0;1;0;0;0;1;0;0;0;0;0;0;1;1;0;0;1;0;0;0;0;0;0;0;0;0;0;0;0;0;0;0;1;1;0;0;0;0;0;0;0;0;0;0;0;0;0;0;0;0;0;0;0;0;0;0;0;0;0;0;0;0;1;0;0;0;0;0;0;15;13;2;2;0;14;40.2;0.867;1
605230;Grey Hack;;;;10.99;0;100000;50;90.38;1437;153;0;0;1;2;none;0;0;0;0.5;1;Novato;168;0;0;0;0;1;1;0;0;1;0;0;0;0;1;1;1;1;1;0;0;0;0;0;1;0;1;0;0;0;0;0;0;0;0;0;0;0;0;0;0;0;1;0;0;0;0;0;0;0;1;0;1;1;0;0;0;0;0;0;0;0;1;0;1;0;0;0;0;0;0;0;1;1;0;0;0;0;0;665;591;74;643;665;29;62.88;0.889;1
1045720;The Coma 2: Vicious Sisters;;;;7.99;0;50000;11;95.57;3084;143;0;35;10;11;none;0;0;0;3.0;1;Novato;298;1;1;0;0;1;0;0;0;0;0;0;0;0;0;1;0;0;0;0;0;1;1;0;0;0;1;0;0;0;0;0;0;0;1;0;0;1;1;0;0;0;0;0;0;0;0;0;0;0;0;0;0;0;0;0;0;0;0;0;1;1;1;0;0;0;0;1;1;0;0;0;1;0;0;0;0;0;0;958;904;54;817;0;29;10.84;0.944;1
1147960;[Chilla's Art] Okaeri | おかえり;;;;2.39;0;20000;1;65.45;468;247;0;4;0;29;none;0;0;0;4.0;1;Novato;127;1;1;1;0;1;0;0;0;1;0;0;0;0;0;1;0;0;0;0;0;0;1;0;0;0;0;0;0;0;1;0;0;0;0;0;0;0;1;0;0;0;0;0;0;0;0;0;0;0;0;0;0;1;0;0;0;0;1;0;0;1;0;0;0;0;0;0;1;0;0;1;1;0;0;0;0;0;0;199;130;69;189;0;29;0.87;0.653;0
1097130;Circuit Superstars;;;;19.99;0;200000;25;86.28;1955;311;0;33;0;12;full;0;0;0;4.0;1;Novato;200;1;0;1;0;1;0;0;1;1;1;0;0;0;0;1;1;0;0;0;1;0;1;0;0;0;0;1;0;0;0;0;0;0;0;0;0;0;0;0;0;0;0;0;0;0;0;0;1;0;0;0;0;0;0;0;1;1;0;0;0;0;0;1;0;0;0;0;0;0;0;0;1;0;0;0;0;0;0;755;612;143;600;0;29;14.3;0.811;1
1693980;Dead Space;;;;59.99;0;500000;313;90.69;46485;4774;0;47;1;12;full;0;0;0;16.0;1;Novato;224;1;1;0;0;0;0;0;0;0;0;0;0;0;0;1;0;0;0;0;1;0;1;1;0;0;0;0;0;0;0;0;0;0;0;0;0;1;1;0;0;0;0;0;0;0;0;0;0;0;0;0;0;0;0;0;0;0;0;0;0;0;0;0;0;0;0;1;1;0;0;0;0;0;0;0;0;0;0;1000;882;118;908;0;2;18.86;0.882;1
287980;Mini Metro;;;;5.79;0;500000;119;96.12;15064;608;0;73;0;25;none;0;0;0;2.0;1;Novato;295;0;0;0;0;1;0;0;0;1;0;1;0;0;0;1;0;0;0;0;0;0;1;1;1;0;1;0;0;0;0;0;0;0;0;0;0;0;0;0;0;0;1;0;0;0;0;0;0;0;0;0;0;1;1;0;0;0;1;0;0;0;1;0;0;0;0;0;0;1;1;1;1;0;0;0;0;0;0;1000;949;51;895;0;14;22.27;0.949;1
1655520;Two Hundred Ways;;;;14.99;0;20000;0;88.89;8;1;0;37;0;2;none;0;0;0;2.0;1;Novato;277;0;0;1;0;1;0;0;0;0;0;1;0;0;0;1;0;0;0;0;0;0;1;1;0;0;0;0;0;0;0;0;0;0;0;0;0;0;0;0;0;0;1;0;0;0;0;0;0;0;0;0;0;0;0;0;0;0;1;0;0;0;0;1;0;0;0;1;1;0;0;1;1;0;0;0;0;0;0;0;0;0;0;0;0;0.0;0.0;0
1669980;Volcano Princess;;;;4.99;0;1000000;553;97.84;40290;890;0;234;1;4;none;0;0;0;8.0;1;Novato;291;0;0;1;0;1;0;1;0;1;0;1;0;0;0;1;0;0;0;0;0;0;1;1;0;0;1;0;0;0;0;0;0;0;1;0;0;0;0;1;0;0;1;0;0;0;0;0;0;0;0;0;0;1;0;0;0;0;0;0;1;1;0;0;0;0;0;0;0;0;0;0;1;0;0;0;0;0;0;1000;973;27;769;0;3;25.33;0.973;1
540840;Lara Croft GO;;;;4.99;0;200000;2;92.68;3480;275;0;17;0;6;full;0;0;0;1.0;1;Novato;224;0;1;0;0;0;0;0;0;0;0;0;0;0;0;1;0;0;0;0;1;0;1;1;0;0;1;0;0;0;0;0;0;0;0;0;0;0;1;0;0;1;1;0;1;0;0;0;0;0;0;0;0;0;0;0;0;0;1;0;0;1;0;0;0;0;0;0;1;0;0;1;1;0;0;0;0;0;0;695;663;32;612;0;29;9.81;0.954;1
2553640;Blood Hunting;;;;7.79;0;50000;0;91.67;11;1;0;0;0;20;full;0;0;0;10.0;1;Novato;190;1;1;0;0;1;0;0;0;0;0;0;0;0;0;1;0;0;0;0;1;0;0;0;0;0;0;0;0;0;1;0;0;0;0;0;0;1;1;0;0;0;0;0;0;0;0;0;0;0;0;0;0;0;0;0;0;0;0;0;0;0;0;0;0;0;0;1;1;0;0;0;1;0;0;0;0;0;1;8;8;0;8;0;2;3.8;1.0;1
46280;Star Wolves 2;;;;2.49;0;20000;1;39.1;61;95;0;0;0;2;none;0;0;0;0.12;1;Novato;335;0;0;0;0;0;0;1;0;0;0;1;0;0;0;1;0;0;0;0;0;0;0;0;0;0;0;0;0;0;0;0;0;0;0;0;0;0;0;1;0;0;1;0;0;0;0;0;0;0;0;0;0;0;0;0;0;0;0;0;0;0;0;0;0;0;0;0;0;0;0;0;0;0;0;0;0;0;0;22;9;13;21;0;15;6.76;0.409;0
1708850;Drug Dealer Simulator 2;;;;12.49;0;200000;145;55.56;3930;3143;0;39;3;16;none;0;0;0;16.0;1;Novato;209;1;1;0;0;1;0;0;0;1;0;1;0;0;0;1;1;1;1;0;0;0;1;1;0;0;1;0;0;0;1;1;1;0;0;0;0;0;0;1;0;0;0;0;0;0;0;0;1;0;0;0;1;1;1;0;0;0;0;0;0;0;0;1;1;0;0;0;1;0;0;0;0;0;0;0;0;0;0;1000;584;416;896;0;15;55.01;0.584;1
1321350;LV99: Final Fortress;;;;8.99;0;20000;0;100.0;5;0;0;0;0;1;full;0;0;0;0.0;1;Novato;94;0;1;0;0;1;0;1;0;0;0;1;0;0;0;1;0;0;0;0;1;0;0;0;0;0;0;0;0;0;0;0;0;0;0;0;0;0;0;1;0;0;1;0;0;1;0;0;0;0;0;0;0;0;0;0;0;0;0;0;0;0;1;0;0;0;0;0;1;0;0;0;1;0;0;0;0;0;0;0;0;0;0;0;0;0.0;0.0;0
321360;Primal Carnage: Extinction;;;;1.29;0;500000;34;83.24;7689;1548;0;61;8;4;full;0;0;0;5.0;1;Novato;102;1;0;0;0;1;0;0;0;0;0;0;0;0;0;1;1;1;1;0;1;0;1;1;1;1;1;0;0;0;1;0;0;0;0;0;0;0;0;0;0;0;0;0;0;0;0;0;1;0;1;0;0;0;0;0;0;0;0;0;0;0;0;0;0;0;0;0;0;0;0;0;0;0;0;0;0;1;0;1000;843;157;874;0;21;88.7;0.843;1
1865590;BombSweeperVR;;;;9.99;0;20000;0;75.0;3;1;0;0;0;1;none;0;0;0;8.0;1;Novato;176;0;0;1;0;1;0;0;0;0;0;1;0;0;0;1;0;0;0;0;0;0;0;0;0;0;0;0;0;0;1;0;0;0;0;0;0;0;0;0;0;0;1;0;0;0;0;0;0;0;0;0;0;0;0;0;0;0;1;0;0;0;0;1;0;0;0;0;0;0;0;0;1;0;0;1;0;0;0;0;0;0;0;0;0;0.0;0.0;0
541240;Red's Kingdom;;;;9.99;0;50000;0;93.75;30;2;0;21;0;8;full;0;0;0;4.0;1;Novato;170;1;1;1;0;1;0;0;0;0;0;0;0;0;0;1;0;0;0;0;1;0;1;1;0;0;1;0;0;0;0;0;0;0;1;0;0;0;0;0;0;0;0;0;1;0;0;1;0;0;0;0;0;0;0;0;0;0;1;1;0;1;0;0;0;0;0;0;0;0;0;1;1;0;0;0;0;0;0;1;1;0;0;0;1;1.6;1.0;1
986130;Shadows of Doubt;;;;12.49;0;500000;286;83.88;12941;2487;0;35;2;9;full;0;0;0;8.0;1;Novato;274;1;1;0;0;1;0;1;0;0;0;0;0;0;0;1;0;0;0;0;1;0;1;1;0;0;0;0;0;0;1;1;0;0;0;0;0;0;0;1;1;0;0;0;0;0;0;0;0;0;0;0;1;0;0;0;0;0;1;0;0;0;0;0;0;0;0;0;1;0;0;0;1;0;0;0;0;0;1;1000;694;306;785;0;7;31.29;0.694;1
1097650;Insectipede;;;;0.99;0;20000;0;0.0;0;2;0;0;0;1;none;0;0;0;2.0;1;Novato;171;1;0;1;0;1;0;0;0;0;0;0;0;0;0;1;0;0;0;0;0;1;0;0;0;0;0;0;0;0;0;0;0;0;0;0;0;0;0;0;0;0;0;0;0;0;0;0;0;0;0;0;0;0;0;0;0;0;0;0;0;0;1;0;0;0;0;0;0;0;0;1;1;0;0;0;0;0;0;1;0;1;1;0;1;0.17;0.0;0
291050;Planet Stronghold;;;;9.89;0;20000;1;58.77;67;47;0;18;1;1;none;0;0;0;0.5;1;Novato;246;0;0;0;0;1;0;1;0;0;0;1;0;0;0;1;0;0;0;0;0;1;1;1;0;0;1;0;0;0;0;0;0;0;0;0;0;0;0;1;0;1;1;0;0;0;0;0;0;0;0;0;0;0;0;0;0;0;0;0;1;1;0;0;0;0;0;0;0;0;0;0;1;0;0;0;0;0;0;11;7;4;9;0;8;12.69;0.636;0
3311740;The Cabin Factory;;;;1.39;0;100000;13;91.68;2435;221;0;7;1;13;full;0;0;0;4.0;1;Novato;156;0;1;0;0;1;0;0;0;1;0;0;0;0;0;1;0;0;0;0;1;0;1;1;0;0;0;0;0;0;1;0;0;0;0;0;0;0;1;0;0;0;0;0;0;0;0;0;1;0;0;0;0;1;0;0;0;0;0;0;0;0;0;1;1;0;0;1;1;0;0;0;1;0;0;0;0;0;0;1000;890;110;917;0;12;1.74;0.89;1
1546500;Warplanes: WW1 Fighters;;;;10.49;0;20000;1;89.33;385;46;0;0;0;13;none;0;0;0;4.0;1;Novato;290;1;0;0;0;0;0;0;0;1;0;0;0;0;0;1;1;1;1;0;0;1;0;1;0;0;0;0;0;0;0;0;0;0;0;0;0;0;0;0;0;0;0;0;0;0;0;0;0;0;0;0;0;1;0;0;0;0;0;0;0;0;0;0;0;0;0;0;0;0;0;0;0;0;0;1;0;0;0;57;42;15;51;0;26;34.12;0.737;0
1535060;Incremental Epic Breakers;;;;0.0;1;20000;14;46.94;46;52;0;23;4;3;none;0;0;0;1.0;1;Novato;156;1;0;0;0;1;0;1;0;0;0;1;0;0;0;1;0;0;0;0;0;0;1;1;0;1;0;0;0;0;0;0;1;0;0;0;0;0;0;0;0;0;1;1;0;0;0;0;0;0;0;0;0;0;0;0;0;0;1;1;0;1;1;0;0;0;0;0;0;0;0;0;0;0;0;0;0;0;0;21;14;7;21;0;16;96.45;0.667;0
589940;Eye of the Temple;;;;19.99;0;20000;0;93.05;375;28;0;27;1;10;none;0;0;0;4.0;1;Novato;258;1;1;0;0;1;0;0;0;0;0;0;0;0;0;1;0;0;0;0;0;0;1;1;0;0;0;0;0;0;1;0;0;0;0;0;0;0;0;0;0;0;0;0;1;0;0;0;0;0;0;0;0;0;0;0;0;0;1;0;0;0;0;0;0;0;0;0;1;0;0;0;0;0;0;1;0;0;0;66;56;10;66;0;26;3.94;0.848;0
317320;Nelly Cootalot: The Fowl Fleet;;;;10.49;0;20000;0;94.85;276;15;0;20;2;5;none;0;0;0;2.0;1;Novato;257;0;1;0;0;1;0;0;0;0;0;0;0;0;0;1;0;0;0;0;0;1;1;0;0;0;1;0;0;0;0;0;0;0;0;0;0;0;0;0;0;0;0;0;0;0;0;0;0;0;0;0;0;0;0;0;0;0;1;1;0;0;0;0;0;0;0;0;1;0;0;0;1;0;0;0;0;0;0;32;31;1;32;0;20;6.87;0.969;0
951920;Charlie's Conscious;;;;2.99;0;20000;0;0.0;0;1;0;0;0;1;none;0;0;0;2.0;1;Novato;272;0;0;1;0;1;0;1;0;1;0;1;0;0;1;1;0;0;0;0;0;0;0;0;0;0;0;0;0;0;0;0;0;0;0;0;0;0;0;1;0;0;1;0;0;0;0;0;0;0;0;0;0;1;0;0;0;0;0;0;0;0;0;0;0;0;0;0;0;0;0;1;1;1;0;0;0;0;0;0;0;0;0;0;0;0.0;0.0;0
1981610;Wanted: Dead;;;;14.99;0;200000;5;66.69;1093;546;0;55;0;6;full;0;0;0;8.0;1;Novato;233;1;1;0;0;0;0;0;0;0;0;0;0;0;0;1;0;0;0;0;1;0;1;1;0;0;0;0;0;0;0;0;0;0;1;0;0;0;0;0;1;0;0;0;0;0;0;0;0;0;0;0;0;0;0;0;0;0;0;0;0;0;0;0;0;0;0;0;0;0;0;0;0;0;0;0;0;0;0;1000;684;316;554;0;26;8.52;0.684;1
311250;Doorways: The Underworld;;;;5.79;0;100000;0;68.84;274;124;0;5;0;2;full;0;0;0;2.0;1;Novato;105;1;1;0;0;1;0;0;0;0;0;0;0;0;0;1;0;0;0;0;1;0;1;1;0;0;1;0;0;0;1;0;0;0;0;0;0;0;1;0;0;0;0;0;0;0;0;0;0;0;0;0;0;0;0;0;0;0;1;0;0;0;0;0;0;0;0;1;1;0;0;0;1;0;0;1;0;0;1;23;14;9;13;0;19;3.76;0.609;1
1429500;Frontier Hunter: Erza’s Wheel of Fortune;;;;4.87;0;100000;14;84.05;1449;275;0;59;8;11;full;0;0;0;3.91;1;Novato;256;1;1;1;0;1;0;1;0;0;0;0;0;0;0;1;0;0;0;0;1;0;1;1;0;0;0;0;0;0;0;1;0;0;0;0;0;0;0;1;1;0;0;0;1;1;0;0;0;0;0;0;0;0;0;0;0;0;0;0;0;1;0;0;0;0;0;0;0;0;0;0;0;0;0;0;0;0;0;1000;783;217;891;1;23;25.52;0.783;1
2910;Fleet Command;;;;5.79;0;50000;7;87.53;400;57;0;0;0;1;none;0;0;0;0.25;1;Novato;338;0;0;0;0;0;0;0;0;0;0;1;0;0;0;1;0;0;0;0;0;0;0;0;0;0;0;0;0;0;0;0;0;0;0;0;0;0;0;0;0;0;1;0;0;0;0;0;0;0;0;0;0;1;0;0;0;0;0;0;0;0;0;1;0;0;0;0;0;0;0;0;0;0;0;0;0;0;0;90;85;5;88;0;26;124.22;0.944;1
1703100;Crusade in Europe;;;;1.39;0;100000;1;88.89;8;1;0;0;0;1;none;0;0;0;0.25;1;Novato;267;0;0;0;0;0;0;0;0;1;0;1;0;0;0;1;0;0;0;0;0;0;0;0;0;0;0;0;0;0;0;0;0;0;0;0;0;0;0;0;0;0;1;0;0;0;0;0;0;0;0;0;0;1;0;0;0;0;0;0;0;0;1;0;0;0;0;0;0;0;0;0;0;0;0;0;0;0;0;3;3;0;3;0;3;11.15;1.0;1
3428860;Renounced;;;;1.59;0;50000;0;83.33;5;1;0;0;0;1;none;0;0;0;1.0;1;Novato;190;1;0;0;0;1;0;1;0;1;0;0;0;0;1;1;0;0;0;0;0;0;0;0;0;0;0;0;0;0;0;1;1;0;0;0;0;1;0;1;1;0;0;0;0;0;0;0;0;0;0;0;0;1;0;0;0;0;0;0;0;0;1;0;0;0;1;0;1;0;0;0;0;1;0;0;0;0;0;11;8;3;2;11;7;0.74;0.727;1
1812090;Escape Academy;;;;10.49;0;50000;36;87.93;940;129;0;40;3;4;full;0;0;0;0.0;1;Novato;213;0;1;0;0;0;0;0;0;0;0;0;0;0;0;1;1;1;1;0;1;0;1;1;0;0;1;1;1;0;1;0;0;0;1;0;0;0;0;0;0;0;0;0;0;0;0;1;1;1;0;0;0;0;0;0;0;0;1;0;1;0;0;1;0;0;0;0;0;0;0;1;0;0;0;0;0;0;0;554;492;62;346;0;29;8.03;0.888;1
588890;Heroes of Arca;;;;0.0;1;20000;0;66.23;51;26;0;20;0;2;none;0;0;0;1.0;1;Novato;176;0;0;0;0;1;0;1;0;0;0;1;0;0;0;1;0;0;0;0;0;0;1;0;0;0;1;0;0;0;0;0;0;0;0;0;0;0;0;1;0;0;1;0;0;0;0;0;0;0;0;0;0;0;0;0;0;0;0;0;0;0;0;0;0;0;0;0;0;0;0;0;1;0;1;0;0;0;0;16;10;6;16;0;14;6.68;0.625;0
594370;Crazy Fishing;;;;19.99;0;20000;0;52.8;66;59;0;8;0;1;none;0;0;0;4.0;1;Novato;280;1;0;1;0;1;0;0;0;0;1;0;0;0;0;1;0;0;0;0;0;0;1;0;0;0;0;0;0;0;0;0;0;0;0;0;0;0;0;0;0;0;0;0;0;0;0;0;0;0;0;0;0;0;0;0;1;0;0;0;0;0;0;0;0;0;0;0;0;0;0;1;1;0;0;1;0;0;0;20;14;6;19;0;16;15.14;0.7;0
209830;Lone Survivor: The Director's Cut;;;;5.79;0;200000;0;85.02;1101;194;0;0;1;1;none;0;0;0;2.0;1;Novato;148;1;1;0;0;1;0;1;0;1;0;0;0;0;0;1;0;0;0;0;0;0;0;1;0;0;0;0;0;0;0;0;0;0;1;0;0;1;1;1;0;0;0;0;0;0;0;0;0;0;0;0;0;1;0;0;0;0;0;0;0;0;1;0;0;0;0;1;1;0;0;0;1;0;0;0;0;0;0;43;27;16;30;0;22;4.84;0.628;1
611350;Evil Tag;;;;0.74;0;100000;1;67.19;557;272;0;0;0;2;none;0;0;0;4.0;1;Novato;212;1;0;0;0;1;0;0;0;0;0;0;0;0;0;0;1;1;1;0;0;0;0;0;0;0;1;0;0;0;0;0;0;0;0;0;0;0;1;0;0;0;0;0;0;0;0;1;1;0;1;0;0;0;0;0;0;1;0;0;0;1;0;0;0;0;0;0;0;0;0;0;1;0;0;1;0;0;0;185;121;64;141;0;29;3.17;0.654;1
1485630;Colonials Programme;;;;9.99;0;20000;0;87.5;14;2;0;24;0;1;none;0;0;0;4.0;1;Novato;172;0;0;0;0;0;0;0;0;1;0;0;0;0;0;1;0;0;0;0;0;0;1;0;0;0;0;0;0;0;0;0;0;0;0;0;0;0;0;0;0;0;1;0;0;0;0;0;0;0;0;0;0;1;1;1;0;0;1;0;0;0;0;0;0;0;0;0;0;0;0;0;0;0;0;0;0;0;0;0;0;0;0;0;0;0.0;0.0;0
1178050;狐の旅路;;;;0.0;1;100000;0;95.07;1409;73;0;0;0;2;none;0;0;0;0.12;1;Novato;107;0;0;0;0;1;0;1;0;0;0;0;0;0;0;1;0;0;0;0;0;0;0;0;0;0;0;0;0;0;0;0;0;0;0;0;0;0;0;1;0;0;0;0;0;0;0;0;0;0;0;0;0;0;0;0;0;0;0;0;0;1;0;0;0;0;0;0;0;0;0;0;1;0;1;0;0;0;0;42;39;3;42;0;23;4.53;0.929;1
1014040;PictoQuest;;;;7.99;0;50000;13;82.74;441;92;0;26;0;9;none;0;0;0;0.49;1;Novato;60;0;0;1;0;1;0;0;0;0;0;0;0;0;0;1;0;0;0;0;0;1;1;1;0;0;0;0;0;0;0;0;0;0;0;0;0;0;0;0;0;0;0;0;0;0;0;0;0;0;0;0;0;0;0;0;0;0;1;0;0;0;1;0;0;0;0;0;0;0;0;1;1;0;0;0;0;0;0;233;188;45;168;0;29;11.18;0.807;1
1664200;Duelists of Eden;;;;2.99;0;100000;3;96.24;871;34;0;24;1;2;full;0;0;0;2.0;1;Novato;73;1;0;0;0;1;0;0;0;0;0;0;0;0;0;1;1;0;0;0;1;0;1;1;0;0;0;1;0;0;0;0;0;0;0;0;0;0;0;0;0;0;0;0;0;0;0;0;1;0;1;0;0;0;0;0;0;0;0;0;0;1;1;0;0;0;0;0;0;0;0;0;1;0;0;0;0;0;0;930;893;37;855;0;27;17.44;0.96;1
1511670;Enter The Backrooms;;;;9.99;0;50000;1;88.04;898;122;0;0;0;18;none;0;0;0;4.0;1;Novato;270;0;1;1;0;1;0;0;0;0;0;0;0;0;0;1;0;0;0;0;0;0;0;0;0;0;0;0;0;0;1;0;0;0;0;0;0;1;1;0;0;0;0;0;0;0;0;0;0;0;0;0;0;0;0;0;0;0;0;0;0;0;0;1;0;0;0;0;0;1;0;1;0;0;0;0;0;0;0;150;132;18;139;0;29;18.18;0.88;1
321480;Sigils of Elohim;;;;0.0;1;200000;2;91.32;1063;101;0;0;0;1;none;0;0;0;1.0;1;Novato;210;0;0;1;0;1;0;0;0;0;0;1;0;0;0;1;0;0;0;0;0;0;0;0;0;0;0;0;0;0;0;0;0;0;0;0;0;0;0;0;0;0;1;0;0;0;0;0;0;0;0;0;0;0;0;0;0;0;1;0;0;0;1;0;0;0;0;0;0;0;1;1;1;0;1;0;0;0;0;127;109;18;127;0;29;4.37;0.858;1
420840;BLARP!;;;;2.99;0;20000;0;94.86;166;9;0;0;0;1;none;0;0;0;8.0;1;Novato;257;0;0;1;0;1;0;0;0;0;0;0;0;0;0;1;0;0;0;0;0;0;0;0;0;0;0;0;0;0;0;0;0;0;0;0;0;0;0;0;0;0;0;0;0;0;0;0;0;0;0;0;0;0;0;0;0;0;0;0;0;0;0;0;0;0;0;0;0;0;0;1;1;0;0;1;0;0;0;2;2;0;2;0;2;3.68;1.0;0
1293300;Space Cats Tactics;;;;14.99;0;20000;0;77.42;96;28;0;16;1;6;full;0;0;0;8.0;1;Novato;246;0;0;0;0;1;0;1;0;0;0;1;0;0;0;1;0;0;0;0;1;0;1;0;0;0;0;0;0;0;0;0;0;0;1;0;0;0;0;1;0;1;1;0;0;0;0;0;0;0;0;0;0;0;0;0;0;0;0;0;0;0;0;0;0;0;0;0;0;0;0;0;0;0;0;0;0;0;0;37;28;9;30;0;20;5.88;0.757;0
1007040;EARTH DEFENSE FORCE 5;;;;59.99;0;1000000;153;94.45;10166;597;0;39;20;4;full;0;0;0;8.0;1;Novato;262;1;0;0;0;0;0;0;0;0;0;0;0;0;0;1;1;1;1;0;1;0;1;1;0;0;1;1;1;0;0;0;0;0;0;0;0;0;0;0;0;0;0;0;0;0;0;1;1;1;0;0;0;0;0;0;0;0;0;0;0;1;0;0;0;0;0;0;0;0;1;0;0;0;0;0;0;0;0;1000;915;85;745;0;18;58.44;0.915;1
323380;The Magic Circle;;;;5.24;0;100000;0;92.41;1364;112;0;14;1;6;none;0;0;0;2.0;1;Novato;298;1;1;0;0;1;0;0;0;1;0;1;0;0;0;1;0;0;0;0;0;1;1;1;0;0;1;0;0;0;1;0;0;0;1;0;0;0;0;0;0;0;1;0;0;0;0;0;0;0;0;0;0;1;0;0;0;0;1;0;0;0;0;0;0;0;0;0;0;0;0;0;1;0;0;0;0;0;0;105;96;9;86;0;28;7.17;0.914;1
2310980;Interstellar Conquest;;;;9.99;0;20000;0;46.67;7;8;0;20;0;5;none;0;0;0;1.0;1;Novato;265;0;0;0;0;1;0;0;0;0;0;1;0;0;0;1;1;0;0;0;0;0;1;1;0;0;0;1;0;0;0;0;0;0;0;0;0;0;0;0;0;0;1;0;0;0;0;0;1;0;1;0;0;0;1;0;0;0;0;0;0;0;1;0;0;0;0;0;1;0;0;0;0;0;0;0;0;0;0;7;2;5;5;0;4;1.52;0.286;0
1509230;Prop Hunt;;;;9.99;0;20000;0;24.53;52;160;0;0;0;25;none;0;0;0;6.0;1;Novato;66;0;0;1;0;1;1;1;0;0;1;0;0;0;0;0;1;1;1;0;0;0;0;0;0;0;1;0;0;0;0;0;0;0;0;0;0;0;0;1;0;0;0;0;0;0;0;1;1;0;1;0;0;0;0;0;1;0;0;0;0;0;0;0;0;0;0;0;0;0;0;1;1;0;0;0;0;0;0;134;15;119;130;0;29;0.42;0.112;0
1486620;Live Inc.;;;;0.0;1;20000;0;74.14;86;30;0;0;0;1;none;0;0;0;3.91;1;Novato;258;1;0;0;0;1;0;0;0;0;0;0;0;0;0;0;1;1;1;0;0;0;0;0;0;0;0;0;0;0;1;0;0;0;0;0;0;0;0;0;0;0;0;0;0;0;0;1;1;0;1;0;0;0;0;0;0;0;0;0;0;0;0;1;0;0;0;0;0;0;0;0;1;1;1;0;0;0;1;14;10;4;14;0;9;2.3;0.714;0
238260;Pinball Arcade;;;;0.0;1;500000;27;73.58;3002;1078;0;300;9;5;none;0;0;0;2.0;1;Novato;267;0;0;0;0;0;0;0;0;1;0;0;0;0;0;1;1;0;0;0;0;1;1;0;0;0;1;0;0;0;0;0;0;0;0;0;0;0;0;0;0;0;0;0;0;0;0;0;1;0;0;0;0;1;0;0;0;0;0;0;0;0;0;0;0;0;0;0;0;0;0;1;0;0;1;0;0;0;0;293;219;74;293;0;29;121.47;0.747;1
630830;The Legacy: Forgotten Gates Collector's Edition;;;;9.99;0;20000;0;93.81;91;6;0;21;0;14;none;0;0;0;1.0;1;Novato;227;0;1;1;0;0;0;0;0;0;0;0;0;0;0;1;0;0;0;0;0;0;1;1;0;0;1;0;0;0;0;0;0;0;0;0;0;0;0;0;0;0;0;0;0;0;0;0;0;0;0;0;0;0;0;0;0;0;0;0;0;0;0;0;0;0;0;0;0;0;0;1;0;0;0;0;0;0;0;15;14;1;15;0;11;6.46;0.933;0
2355410;Little Monki;;;;0.99;0;20000;0;92.5;37;3;0;100;0;1;none;0;0;0;2.0;1;Novato;132;0;1;1;0;1;0;0;0;0;0;1;0;0;0;1;0;0;0;0;0;1;1;0;0;0;0;0;0;0;0;0;0;0;0;0;0;0;0;0;0;0;1;0;0;0;0;0;0;0;0;0;0;0;0;0;0;0;1;0;0;0;1;0;0;0;0;0;1;1;0;1;0;0;0;0;0;0;0;7;6;1;6;0;6;13.16;0.857;0
788740;A Salem Witch Trial - Murder Mystery;;;;1.99;0;20000;0;66.67;44;22;0;10;0;1;none;0;0;0;0.2;1;Novato;261;0;1;0;0;1;0;0;0;1;0;0;0;0;0;1;0;0;0;0;0;0;0;0;0;0;0;0;0;0;0;0;0;0;1;0;0;0;1;0;0;0;0;0;0;0;0;0;0;0;0;0;0;1;0;0;0;0;0;1;1;0;0;0;0;0;0;0;1;0;0;0;1;0;0;0;0;0;0;5;4;1;4;0;4;2.04;0.8;0
1389560;Paint Girl;;;;1.99;0;50000;0;84.74;661;119;0;45;2;3;none;0;0;0;2.0;1;Novato;215;1;1;1;0;1;0;0;0;1;0;0;0;0;0;1;0;0;0;0;0;0;1;1;0;0;0;0;0;0;0;0;0;0;0;0;0;0;0;0;0;0;0;0;0;0;0;0;0;0;0;0;0;1;0;0;0;0;1;0;0;1;0;0;0;0;1;0;0;1;0;1;1;0;0;0;0;0;0;72;58;14;68;0;26;2.58;0.806;1
3069120;Love Curse: Find Your Soulmate;;;;7.29;0;50000;44;96.14;1642;66;0;31;0;4;none;0;0;0;1.0;1;Novato;212;0;0;0;0;0;0;1;0;0;0;0;0;0;0;1;0;0;0;0;0;0;1;0;0;0;0;0;0;0;0;0;0;0;0;0;0;0;0;1;0;0;0;0;0;0;0;0;0;0;0;0;0;0;0;0;0;0;0;0;1;1;1;0;0;0;0;0;0;1;0;0;1;0;0;0;0;0;0;999;939;60;943;0;10;13.76;0.94;1
282050;MX vs. ATV Supercross Encore;;;;14.99;0;50000;2;62.62;511;305;0;29;30;5;none;0;0;0;2.0;1;Novato;240;0;0;0;0;0;0;0;1;1;1;0;0;0;0;1;1;0;0;0;0;1;1;1;0;0;0;0;0;0;0;0;0;0;0;0;0;0;0;0;0;0;0;0;0;0;0;0;1;0;0;0;0;1;0;0;1;1;0;0;0;0;0;0;0;0;0;0;0;0;0;0;0;0;0;0;0;0;0;72;63;9;48;0;25;17.06;0.875;1
1080090;Project ONe プロジェクト・ワン ～ハロルドはつらいよ～;;;;1.99;0;20000;0;100.0;1;0;0;9;2;1;full;0;0;0;16.0;1;Novato;118;0;0;1;0;1;0;1;0;0;0;0;0;0;0;1;0;0;0;0;1;0;1;0;0;0;0;0;0;0;0;0;0;0;0;0;0;0;0;1;0;0;0;0;0;0;0;0;0;0;0;0;0;0;0;0;0;0;1;0;0;0;0;0;0;0;0;0;0;0;0;1;1;0;0;0;0;0;0;0;0;0;0;0;0;0.0;0.0;0
2061150;Ikki Unite;;;;11.99;0;100000;5;77.14;540;160;0;63;1;9;none;0;0;0;8.0;1;Novato;249;1;0;1;0;1;0;0;0;0;0;1;0;0;0;1;1;1;1;0;0;1;0;0;0;0;0;0;0;0;0;0;0;0;0;0;0;0;0;0;0;0;1;0;0;0;0;1;1;0;0;0;0;0;0;0;0;0;0;0;0;0;1;0;0;0;0;0;0;0;1;1;1;0;0;0;0;0;0;56;46;10;49;0;23;45.33;0.821;1
415600;Kart Racing Pro;;;;18.99;0;50000;41;88.83;684;86;0;0;0;1;none;0;0;0;4.0;1;Novato;224;0;0;0;0;0;0;0;1;1;1;0;0;0;0;1;1;0;0;0;0;1;0;0;0;0;0;0;0;0;0;0;0;0;0;0;0;0;0;0;0;0;0;0;0;0;0;0;1;0;0;0;0;1;0;0;1;1;0;0;0;0;0;0;0;0;0;0;0;0;0;0;0;0;0;1;0;0;0;584;524;60;570;0;29;102.17;0.897;1
573770;RED;;;;0.0;1;20000;0;95.02;305;16;0;15;0;3;none;0;0;0;0.15;1;Novato;285;1;1;0;0;0;0;1;0;0;0;0;0;0;0;1;0;0;0;0;0;0;0;0;0;0;0;0;0;0;0;0;0;0;0;0;0;0;0;1;0;0;0;0;0;0;0;0;0;0;0;0;0;0;0;0;0;0;0;0;0;1;1;0;0;0;0;0;0;0;0;0;0;0;1;0;0;0;0;27;26;1;27;0;20;4.9;0.963;0
2326240;MimiK;;;;3.99;0;20000;0;100.0;1;0;0;0;0;1;full;0;0;0;0.5;1;Novato;294;0;0;1;0;1;0;0;0;0;0;0;0;0;0;0;1;0;0;0;1;0;0;0;0;0;0;1;0;0;0;0;0;0;0;0;0;0;0;0;0;0;0;0;0;0;0;0;0;0;1;0;0;0;0;0;0;0;0;0;0;0;0;0;0;0;0;0;1;0;0;1;1;0;0;0;0;0;1;1;1;0;1;0;1;2.38;1.0;0
262900;Smooth Operators;;;;0.9;0;20000;0;71.83;204;80;0;54;0;1;none;0;0;0;2.0;1;Novato;242;0;0;1;0;1;0;0;0;1;0;1;0;0;0;1;0;0;0;0;0;0;1;0;0;0;1;0;0;0;0;0;0;0;0;0;0;0;0;0;0;0;1;0;0;0;0;0;0;0;0;0;0;1;1;0;0;0;0;0;0;0;0;0;0;0;0;0;0;0;0;1;1;0;0;0;0;0;0;17;4;13;14;0;13;14.04;0.235;0
782660;Modern Tanks: War Tank Games;;;;0.0;1;50000;15;53.49;184;160;0;0;0;9;none;0;0;0;4.0;1;Novato;286;1;0;0;0;0;1;0;1;1;0;0;0;0;0;0;1;0;0;0;0;0;0;0;0;1;0;0;0;0;0;0;0;0;0;0;0;0;0;0;0;0;0;0;0;0;0;0;0;0;0;0;1;1;0;0;0;1;0;1;0;0;0;1;0;0;0;0;0;0;0;0;0;0;1;0;1;1;0;94;60;34;94;0;26;44.88;0.638;1
1694420;Card Survival: Tropical Island;;;;11.15;0;50000;89;95.13;2596;133;0;54;0;11;none;0;0;0;4.0;1;Novato;216;0;1;0;0;1;0;0;0;1;0;1;0;0;0;1;0;0;0;0;0;0;1;1;0;0;0;0;0;0;0;0;1;0;0;0;0;1;0;0;0;1;1;0;0;0;0;0;0;0;0;0;0;1;0;0;0;0;0;0;0;0;0;0;0;0;0;0;0;0;0;0;1;1;0;0;0;0;0;1000;930;70;959;0;27;129.52;0.93;1
354140;Five Nights at Freddy's 3;;;;7.99;0;500000;17;90.09;9083;999;0;0;0;1;none;0;0;0;1.0;1;Novato;340;1;0;0;0;1;0;0;0;1;0;0;0;0;0;1;0;0;0;0;0;0;0;0;0;0;0;0;0;0;1;0;0;0;0;0;0;1;1;0;0;0;1;0;0;0;0;0;0;0;0;0;0;1;0;0;0;0;0;1;0;0;1;0;0;0;0;1;1;0;1;0;1;0;0;0;0;0;0;1000;902;98;917;0;9;4.87;0.902;1
243970;Invisible, Inc.;;;;9.39;0;1000000;19;91.42;5126;481;0;23;2;1;none;0;0;0;2.0;1;Novato;235;1;0;0;0;1;0;0;0;0;0;1;0;0;0;1;0;0;0;0;0;0;1;1;0;0;1;0;0;0;0;0;0;0;0;0;0;0;0;0;0;1;1;0;0;0;0;0;0;0;0;0;0;1;0;0;0;0;0;0;0;0;0;0;0;0;0;0;0;0;1;0;0;0;0;0;0;0;1;417;353;64;389;0;29;58.65;0.847;1
2225080;Jump Dash Soar;;;;0.0;1;50000;0;100.0;12;0;0;0;0;1;none;0;0;0;16.0;1;Novato;192;1;0;0;0;1;0;0;0;0;0;0;0;0;0;1;0;0;0;0;0;0;0;0;0;0;0;0;0;0;1;0;0;0;0;0;0;0;0;0;0;0;0;0;0;0;0;0;0;0;0;0;0;0;0;0;0;0;1;0;0;0;0;1;0;0;0;0;0;0;0;0;0;0;0;0;0;1;0;13;12;1;13;0;9;0.73;0.923;1
557400;Midas Gold Plus - Idle Clicker;;;;0.0;1;200000;30;85.75;1505;250;0;23;0;1;none;0;0;0;0.5;1;Novato;290;0;0;1;0;1;0;1;0;0;0;0;0;0;0;1;0;0;0;0;0;0;1;1;0;1;1;0;0;0;0;1;0;0;0;0;0;1;0;1;0;0;1;0;0;0;0;0;1;0;0;0;1;1;0;0;0;0;0;0;0;0;0;0;0;0;0;0;1;0;0;1;1;0;1;0;0;0;0;86;55;31;86;0;29;342.45;0.64;1
225320;Tomb Raider III (1998);;;;3.49;0;200000;3;83.98;1253;239;0;0;0;1;none;0;0;0;0.5;1;Novato;330;1;1;0;0;0;0;0;0;0;0;0;0;0;0;1;0;0;0;0;0;0;0;0;0;0;0;0;0;0;0;0;0;0;0;0;0;0;0;0;0;0;0;0;1;0;0;0;0;0;0;0;0;0;0;0;0;0;1;0;0;0;0;0;0;0;0;0;1;0;1;0;0;0;0;0;0;0;0;165;135;30;140;0;28;22.09;0.818;1
1274360;幽灵高校(Ghost College);;;;0.0;1;100000;0;76.87;329;99;0;6;1;3;none;0;0;0;4.0;1;Novato;189;0;1;0;0;1;0;1;0;0;0;0;0;0;0;1;0;0;0;0;0;1;0;0;0;0;0;0;0;0;0;0;0;0;0;0;0;0;1;1;0;0;0;0;0;0;0;0;0;0;0;0;0;0;0;0;0;0;1;0;0;0;1;0;0;0;0;0;0;0;0;1;1;0;1;0;0;0;0;51;30;21;51;0;24;2.08;0.588;1
2651280;Marvel's Spider-Man 2;;;;49.99;0;500000;1348;75.86;14423;4589;0;43;0;26;full;0;0;0;16.0;1;Novato;266;1;1;0;0;0;0;0;0;0;0;0;0;0;0;1;0;0;0;0;1;0;1;1;0;0;0;0;0;0;0;1;0;0;1;0;0;0;0;0;0;0;0;0;0;0;0;0;1;0;0;0;0;0;0;0;0;0;0;0;0;0;0;0;0;0;0;0;1;0;0;0;0;0;0;0;0;0;1;1000;886;114;634;0;2;38.86;0.886;1
790290;Lonely in the Winter;;;;1.99;0;20000;0;92.73;51;4;0;12;0;2;full;0;0;0;2.0;1;Novato;199;1;1;1;0;1;0;1;0;0;0;0;0;0;0;1;0;0;0;0;1;0;1;0;0;0;0;0;0;0;0;0;0;0;1;0;0;0;0;1;0;0;0;0;0;0;0;0;0;0;0;0;0;0;0;0;0;0;1;0;0;1;1;0;0;0;0;0;0;0;0;1;1;0;0;0;0;0;0;6;5;1;5;0;5;3.29;0.833;0
1888750;PATIENT;;;;0.99;0;50000;0;85.71;12;2;0;6;0;2;none;0;0;0;4.0;1;Novato;215;0;1;0;0;1;0;0;0;0;0;0;0;0;0;1;0;0;0;0;0;0;0;0;0;0;0;0;0;0;0;0;0;0;1;0;0;0;0;0;0;0;0;0;0;0;0;0;0;0;0;0;0;0;0;0;0;0;0;1;1;0;0;1;0;0;0;1;1;0;0;0;0;0;0;0;0;0;0;4;3;1;4;0;4;1.88;0.75;1
2464530;VOIN;;;;9.99;0;200000;23;94.37;771;46;0;0;0;11;none;0;0;0;4.0;1;Novato;285;1;1;0;0;1;0;1;0;0;0;0;0;0;1;1;0;0;0;0;0;1;0;1;0;0;0;0;0;0;1;1;0;0;0;0;0;0;0;1;1;0;0;0;0;0;0;0;0;0;0;0;0;0;0;0;0;0;0;0;0;0;0;0;0;0;0;0;0;0;0;0;1;1;0;0;0;0;0;1000;921;79;901;1000;7;11.96;0.921;1
1965680;HopDodge;;;;5.0;0;20000;0;100.0;17;0;0;5;0;1;none;0;0;0;2.0;1;Novato;182;1;1;1;0;1;0;0;0;1;0;0;0;0;0;1;1;1;1;0;0;0;1;1;1;0;0;1;0;0;0;0;0;0;0;0;0;0;0;0;0;0;0;0;1;0;0;0;0;0;1;0;1;0;0;0;0;0;1;0;0;0;0;1;0;0;0;0;0;0;1;0;0;0;0;0;0;0;0;9;9;0;6;0;8;37.61;1.0;0
221260;Little Inferno;;;;7.99;0;500000;22;94.82;12216;668;0;22;2;13;none;0;0;0;0.0;1;Novato;296;0;1;1;0;1;0;0;0;0;0;0;0;0;0;1;0;0;0;0;0;0;1;1;0;0;1;0;0;0;0;0;0;0;1;0;0;0;0;0;0;0;0;0;0;0;0;0;0;0;0;0;1;0;0;0;0;0;1;1;0;0;1;0;0;0;0;1;1;0;0;1;1;0;0;0;0;0;0;1000;955;45;848;0;14;9.56;0.955;1
1499030;3D Double Dealing Character;;;;14.99;0;100000;0;87.5;7;1;0;11;0;3;none;0;0;0;2.0;1;Novato;112;0;1;0;0;1;0;1;0;0;0;0;0;0;0;1;0;0;0;0;0;1;0;0;0;0;0;0;0;0;0;0;0;0;0;0;0;0;0;1;0;0;0;0;0;0;0;0;0;0;0;0;0;0;0;0;0;0;0;0;1;0;0;0;0;0;1;0;0;0;0;0;1;0;0;0;0;0;0;2;2;0;2;0;2;0.16;1.0;1
853580;Lost;;;;1.49;0;20000;0;32.43;12;25;0;0;0;1;none;0;0;0;2.0;1;Novato;97;1;1;1;0;1;0;0;0;0;0;0;0;0;0;1;0;0;0;0;0;0;0;0;0;0;0;0;0;0;0;0;0;0;1;0;0;0;0;0;0;0;0;0;0;0;0;0;0;0;0;0;0;0;0;0;0;0;0;0;0;0;0;0;0;0;0;0;0;0;0;1;1;0;0;0;0;0;0;2;2;0;1;0;2;10.96;1.0;0
2102130;Girl And Demon 1;;;;0.99;0;50000;0;0.0;0;1;0;8;0;1;none;0;0;0;2.0;1;Novato;226;0;0;0;0;0;0;1;0;0;0;0;0;0;0;1;0;0;0;0;0;1;1;1;0;0;0;0;0;0;0;0;0;0;0;0;0;0;0;1;0;0;1;0;0;0;0;0;0;0;0;0;0;0;0;0;0;0;0;0;0;0;1;0;0;0;1;1;1;0;0;0;0;0;0;0;0;0;0;3;2;1;1;0;3;6.64;0.667;1
813480;General Horse and the Package of Doom;;;;9.99;0;20000;0;96.55;56;2;0;16;0;1;none;0;0;0;4.0;1;Novato;237;0;1;1;0;1;0;0;0;0;0;0;0;0;0;1;0;0;0;0;0;0;1;0;0;0;0;0;0;0;0;0;0;0;1;0;0;0;0;0;0;0;0;0;0;0;0;0;0;0;0;0;0;0;0;0;0;0;0;1;0;0;0;0;0;0;0;0;1;0;0;1;0;0;0;0;0;0;0;23;23;0;21;0;16;3.63;1.0;0
366230;BASEBALL STARS 2;;;;4.49;0;20000;0;72.0;72;28;0;30;0;5;none;0;0;0;1.0;1;Novato;92;0;0;0;0;0;0;0;0;0;1;0;0;0;0;1;0;0;0;0;0;0;1;1;0;0;0;0;0;0;0;0;0;0;0;0;0;0;0;0;0;0;0;0;0;0;0;0;0;0;0;0;0;0;0;0;1;0;0;0;0;0;0;0;0;0;0;0;0;0;0;0;0;0;0;0;0;0;0;31;24;7;26;0;18;2.23;0.774;0
467930;SMASHING THE BATTLE;;;;11.99;0;20000;0;74.22;426;148;0;20;0;4;full;0;0;0;4.0;1;Novato;183;1;0;1;0;1;0;0;0;0;0;0;0;0;0;1;0;0;0;0;1;0;1;0;0;0;1;0;0;0;0;0;0;0;0;0;0;0;0;0;0;0;0;0;0;0;0;0;0;0;0;0;0;0;0;0;0;0;0;0;0;1;0;0;0;0;0;0;0;0;0;1;1;0;0;0;0;0;0;14;3;11;13;0;12;7.79;0.214;0
1742910;The Forest Prison;;;;0.0;1;50000;2;33.33;2;4;0;0;0;1;none;0;0;0;8.0;1;Novato;242;1;0;0;0;0;0;0;0;0;0;1;0;0;1;1;0;0;0;0;0;0;0;0;0;0;0;0;0;0;1;0;0;0;0;0;0;0;0;0;0;0;1;0;1;0;0;0;0;0;0;0;0;0;0;0;0;0;1;0;0;0;0;1;1;0;0;0;0;0;0;0;0;1;0;0;0;1;0;17;6;11;17;17;8;1.06;0.353;1
916130;Meet the Miner - WDR VR Bergwerk;;;;0.0;1;20000;0;81.63;40;9;0;0;0;2;none;0;0;0;16.0;1;Novato;263;1;1;0;0;0;0;0;0;1;0;0;0;0;0;1;0;0;0;0;0;0;0;0;0;0;0;0;0;0;0;0;0;0;0;0;0;0;0;0;0;0;0;0;0;0;0;0;0;0;0;0;0;1;0;0;0;0;0;0;0;0;0;0;0;0;0;0;0;0;0;0;0;0;1;1;0;0;0;7;5;2;7;0;7;2.13;0.714;0
299720;Terrorhedron Tower Defense;;;;1.49;0;200000;0;84.12;985;186;0;47;0;1;none;0;0;0;2.0;1;Novato;294;0;0;1;0;1;0;0;0;0;0;1;0;0;0;1;1;1;0;0;0;0;1;1;0;0;1;0;0;0;0;0;0;0;0;0;0;0;0;0;0;0;1;1;0;0;0;1;1;0;0;0;0;0;0;0;0;0;0;0;0;0;0;0;0;0;0;0;0;0;0;1;1;0;0;0;0;0;0;44;35;9;36;0;21;11.88;0.795;1
1388590;Yakuza 6: The Song of Life;;;;19.99;0;200000;88;93.05;6732;503;0;59;1;3;full;0;0;0;4.0;1;Novato;190;1;1;0;0;0;0;0;0;0;0;0;0;0;0;1;0;0;0;0;1;0;1;1;0;0;1;0;0;0;0;1;0;0;1;0;0;0;0;1;1;0;0;0;0;0;0;0;0;0;0;0;0;0;0;0;0;0;0;0;0;1;0;0;0;0;0;0;0;0;0;0;0;0;0;0;0;0;0;1000;910;90;809;0;13;34.85;0.91;1
1786010;AETHERIS;;;;24.99;0;50000;1;81.39;188;43;0;86;2;4;none;0;0;0;8.0;1;Novato;257;0;1;0;0;1;0;1;0;0;0;1;0;0;0;1;1;1;1;0;0;1;1;1;0;0;0;0;0;0;0;0;0;0;1;0;0;0;0;1;0;0;1;0;0;0;0;1;1;0;0;0;0;0;0;0;0;0;0;0;0;0;1;0;0;0;0;0;0;0;0;0;0;0;0;0;0;0;0;134;93;41;87;0;27;14.38;0.694;1
2109710;M.U.D.S.: Mean Ugly Dirty Sport;;;;3.99;0;20000;0;66.67;4;2;0;0;0;1;none;0;0;0;0.25;1;Novato;285;1;0;0;0;0;0;0;0;0;1;0;0;0;0;1;1;1;0;0;0;0;0;0;0;0;0;0;1;0;0;0;0;0;0;0;0;0;0;0;0;0;1;0;0;0;0;0;1;0;0;0;0;1;1;0;1;0;0;0;0;0;0;0;0;0;0;0;0;0;0;0;0;0;0;0;0;0;0;6;3;3;6;0;6;12.35;0.5;0
594040;SERIES MAKERS TYCOON;;;;2.99;0;50000;2;71.0;377;154;0;0;0;4;none;0;0;0;1.0;1;Novato;185;0;0;1;0;1;0;0;0;1;0;1;0;0;0;1;0;0;0;0;0;0;0;0;0;0;0;0;0;0;0;1;0;0;0;0;0;0;0;0;0;0;1;0;0;0;0;0;0;0;0;0;0;1;1;1;0;0;0;0;0;0;1;0;0;0;0;0;0;0;0;1;1;1;0;0;0;0;1;51;36;15;48;0;25;10.58;0.706;1
1012030;Detective Girl of the Steam City;;;;0.75;0;200000;5;91.96;1749;153;0;0;0;2;none;0;0;0;4.0;1;Novato;222;0;0;0;0;1;0;1;0;0;0;0;0;0;0;1;0;0;0;0;0;0;0;1;0;0;1;0;0;0;0;0;0;0;0;0;0;0;0;1;0;0;0;0;0;0;0;0;0;0;0;0;0;0;0;0;0;0;0;0;1;1;0;0;0;0;0;0;0;0;0;1;1;0;0;0;0;0;0;384;350;34;369;0;29;8.98;0.911;1
1857740;MOBILE SUIT GUNDAM SEED BATTLE DESTINY REMASTERED;;;;31.99;0;20000;130;77.67;386;111;0;36;0;3;full;0;0;0;4.0;1;Novato;227;1;0;1;0;0;0;1;0;0;0;0;0;0;0;1;0;0;0;0;1;0;1;1;0;0;0;0;0;0;0;0;0;0;0;0;0;0;0;1;1;0;0;0;0;0;0;0;0;0;0;0;0;0;0;0;0;0;0;0;0;1;0;0;0;0;0;0;0;0;0;1;0;0;0;0;0;0;0;820;649;171;717;0;13;15.53;0.791;0
1331610;Super Neo Tanks;;;;0.99;0;50000;0;85.71;6;1;0;0;0;1;full;0;0;0;1.0;1;Novato;181;1;0;0;0;1;0;0;0;0;0;0;0;0;0;0;1;0;0;0;1;0;0;0;0;0;0;1;0;0;0;0;0;0;0;0;0;0;0;0;0;0;0;0;0;0;0;0;1;0;1;0;0;0;0;0;0;0;0;0;0;0;1;0;0;0;0;0;0;0;0;0;1;0;0;0;0;0;0;0;0;0;0;0;0;0.0;0.0;1
1376940;Monster Killer;;;;0.99;0;20000;0;90.91;10;1;0;4;0;2;none;0;0;0;1.0;1;Novato;97;0;0;1;0;1;0;0;0;0;0;0;0;0;0;1;0;0;0;0;0;0;1;0;0;0;0;0;0;0;1;0;0;0;0;0;0;0;0;0;0;0;0;0;0;0;0;0;0;0;0;0;0;0;0;0;0;0;0;1;0;0;0;1;0;0;0;0;1;0;0;1;0;0;0;0;0;0;0;1;1;0;1;0;1;0.15;1.0;0
396710;The Adventure Pals;;;;7.99;0;200000;5;92.24;1724;145;0;31;0;1;full;0;0;0;4.0;1;Novato;314;1;1;0;0;1;0;1;0;0;0;0;0;0;0;1;1;1;0;0;1;0;1;0;0;0;1;1;1;0;0;0;0;0;0;0;0;0;0;1;0;0;0;0;1;0;0;1;0;1;0;0;0;0;0;0;0;0;0;0;0;0;1;0;0;0;0;0;0;0;0;1;1;0;0;0;0;0;0;297;266;31;177;0;29;15.83;0.896;1
1526330;Lilith Was Dead;;;;0.0;1;20000;0;89.47;17;2;0;0;0;1;none;0;0;0;4.0;1;Novato;297;0;0;0;0;1;0;0;0;0;0;0;0;0;0;1;0;0;0;0;0;1;0;0;0;0;0;0;0;0;0;0;0;0;1;0;0;0;1;0;0;0;0;0;0;0;0;0;0;0;0;0;0;0;0;0;0;0;0;0;1;1;1;0;0;0;0;0;0;0;0;0;0;0;0;0;0;0;0;10;8;2;10;0;6;1.64;0.8;0
3082720;Desert Mercenary corps;;;;4.99;0;20000;0;66.67;2;1;0;18;0;6;full;0;0;0;0.01;1;Novato;262;1;1;1;0;1;0;1;0;0;0;1;0;0;0;1;0;0;0;0;1;0;1;1;0;0;0;0;0;0;0;0;0;0;0;0;0;0;0;1;1;0;0;0;0;0;0;0;0;0;0;0;0;0;0;0;0;0;0;0;0;0;0;1;0;0;1;0;0;0;0;0;0;0;0;0;0;0;0;3;2;1;1;0;3;1.0;0.667;0
2238040;Tiny Terry's Turbo Trip;;;;9.29;0;20000;5;95.97;1190;50;0;31;1;10;full;0;0;0;8.0;1;Novato;252;0;1;1;0;1;0;1;0;0;0;0;0;0;0;1;0;0;0;0;1;0;1;1;0;0;0;0;0;0;0;1;0;0;0;0;0;0;0;1;0;0;0;0;0;0;0;0;0;0;0;0;0;0;0;0;0;0;0;0;0;0;0;1;0;0;0;0;0;1;0;1;1;0;0;0;0;0;0;1000;925;75;379;0;15;6.04;0.925;0
1464650;Planet Cracker;;;;0.0;1;50000;0;60.0;6;4;0;0;0;1;none;0;0;0;0.0;1;Novato;242;0;0;1;0;1;0;0;0;0;0;0;0;0;0;1;0;0;0;0;0;0;0;0;0;0;0;0;0;0;0;0;0;0;0;0;0;0;0;0;0;0;0;0;0;0;0;0;0;0;0;0;0;0;0;0;0;0;0;0;0;0;0;1;0;0;0;0;0;0;0;1;1;0;0;0;0;0;0;5;4;1;5;0;5;6.19;0.8;1
2891900;GZLNA;;;;2.99;0;20000;0;87.5;7;1;0;11;1;2;none;0;0;0;8.0;1;Novato;141;1;0;1;0;1;0;0;0;0;0;0;0;0;0;1;0;0;0;0;0;1;1;0;0;0;0;0;0;0;0;0;0;0;1;0;0;0;0;0;0;0;0;0;0;0;0;0;0;0;0;0;0;0;0;0;0;0;0;0;0;0;0;0;0;0;0;0;1;0;0;1;0;0;0;0;0;0;0;10;9;1;9;0;7;1.19;0.9;0
760640;Tennis Elbow 4;;;;7.5;0;20000;85;94.93;618;33;0;64;0;10;none;0;0;0;4.0;1;Novato;236;0;0;0;0;1;0;0;0;1;1;0;0;0;0;1;1;1;1;0;0;1;1;1;0;0;0;1;1;0;0;0;0;0;0;0;0;0;0;0;0;0;0;0;0;0;0;1;1;1;1;0;0;1;0;0;1;0;0;0;0;0;0;1;1;0;0;0;0;0;0;0;1;1;0;0;0;0;0;635;616;19;606;451;29;67.73;0.97;0
351480;Age of Fear: The Undead King;;;;2.49;0;20000;0;88.22;322;43;0;21;1;1;none;0;0;0;1.0;1;Novato;267;0;0;0;0;1;0;1;0;0;0;1;0;0;0;1;1;0;0;0;0;0;1;1;1;0;1;1;0;0;0;1;0;0;1;0;0;0;0;1;0;1;1;0;0;0;0;0;0;0;0;0;0;0;0;0;0;0;0;0;0;0;1;0;0;0;0;0;0;0;0;0;0;0;0;0;0;0;0;14;10;4;11;0;13;12.64;0.714;0
1326000;Sakura Succubus 2;;;;9.99;0;20000;0;90.91;310;31;0;13;0;2;none;0;0;0;0.39;1;Novato;212;0;0;0;0;0;0;0;0;1;0;0;0;0;0;1;0;0;0;0;0;1;1;0;0;0;1;0;0;0;0;0;0;0;0;0;0;0;0;0;0;0;0;0;0;0;0;0;0;0;0;0;0;1;0;0;0;0;0;0;1;1;0;0;0;0;0;0;0;0;0;1;0;0;0;0;0;0;0;71;63;8;55;0;27;6.46;0.887;0
959880;Dungeon Town;;;;1.1;0;20000;2;79.47;298;77;0;0;0;2;none;0;0;0;4.0;1;Novato;234;0;1;0;0;1;0;1;0;0;0;0;0;0;0;1;0;0;0;0;0;0;0;1;0;0;1;0;0;0;0;0;0;0;0;0;0;0;0;1;0;0;0;0;0;0;0;0;0;0;0;0;0;0;0;0;0;0;0;0;0;1;0;0;0;0;0;0;0;0;0;0;1;0;0;0;0;0;0;41;32;9;39;0;21;19.78;0.78;0
16720;Velvet Assassin;;;;4.99;0;200000;2;61.97;1543;947;0;0;0;2;none;0;0;0;0.5;1;Novato;255;1;0;0;0;0;0;0;0;0;0;0;0;0;0;1;0;0;0;0;0;1;0;0;0;0;0;0;0;0;0;0;0;0;0;0;0;0;0;0;0;0;0;0;0;0;0;0;0;0;0;0;0;0;0;0;0;0;0;0;0;0;0;0;0;0;0;0;1;0;1;0;0;0;0;0;0;0;1;201;134;67;156;0;29;9.78;0.667;1
570780;古剑奇谭(GuJian);;;;11.99;0;500000;42;80.3;4316;1059;0;140;0;1;none;0;0;0;1.0;1;Novato;141;0;0;0;0;0;0;1;0;0;0;0;0;0;0;1;0;0;0;0;0;0;1;1;0;0;1;0;0;0;0;0;0;0;1;0;0;0;0;1;0;1;0;0;0;0;0;0;0;0;0;0;0;0;0;0;0;0;0;0;0;0;0;0;0;0;0;0;0;0;0;0;0;0;0;0;0;0;0;835;646;189;689;0;29;43.92;0.774;1
866540;VR Flush;;;;0.0;1;100000;0;94.21;748;46;0;5;1;1;none;0;0;0;8.0;1;Novato;166;0;1;0;0;1;0;1;0;0;0;0;0;0;0;1;0;0;0;0;0;0;1;0;0;0;0;0;0;0;1;0;0;0;1;0;0;0;0;1;0;0;0;0;0;0;0;0;0;0;0;0;0;0;0;0;0;0;0;0;0;0;0;0;0;0;0;0;1;0;0;0;1;0;1;1;0;0;0;66;49;17;66;0;24;0.43;0.742;1
235210;STRIDER™ / ストライダー飛竜®;;;;12.0;0;500000;9;80.41;3239;789;0;30;0;6;full;0;0;0;8.0;1;Novato;225;1;1;0;0;0;0;0;0;0;0;0;0;0;0;1;0;0;0;0;1;0;1;1;0;0;1;0;0;0;0;0;0;0;0;0;0;0;0;0;0;0;0;0;1;1;0;0;0;0;0;0;0;0;0;0;0;0;0;0;0;1;1;0;0;0;0;0;0;0;0;0;0;0;0;0;0;0;0;625;437;188;276;0;29;10.86;0.699;1
1583230;High On Life;;;;18.49;0;500000;299;88.91;17202;2146;0;44;1;5;full;0;0;0;8.0;1;Novato;234;1;1;0;0;0;0;0;0;0;0;0;0;0;0;1;0;0;0;0;1;0;1;1;0;0;0;0;0;0;1;1;0;0;1;0;0;0;0;0;0;0;0;0;0;0;0;0;0;0;0;0;0;0;0;0;0;0;0;0;0;0;0;0;0;0;0;0;0;0;0;0;0;0;0;0;0;1;0;1000;893;107;758;0;3;14.61;0.893;1
260230;Valiant Hearts: The Great War™ / Soldats Inconnus : Mémoires de la Grande Guerre™;;;;11.99;0;500000;25;95.57;24888;1155;0;20;0;10;none;0;0;0;2.0;1;Novato;324;0;1;0;0;0;0;0;0;0;0;0;0;0;0;1;0;0;0;0;0;0;1;0;0;0;0;0;0;0;0;0;0;0;1;0;0;0;0;0;0;0;0;0;1;0;0;0;0;0;0;0;0;0;0;0;0;0;1;0;0;0;1;0;0;0;0;0;1;0;0;0;1;0;0;0;0;0;0;1000;962;38;950;0;9;9.43;0.962;1
1361230;Cleo - a pirate's tale;;;;14.99;0;20000;0;98.25;730;13;0;24;1;2;none;0;0;0;4.0;1;Novato;202;0;1;0;0;1;0;0;0;0;0;0;0;0;0;1;0;0;0;0;0;1;1;0;0;0;0;0;0;0;0;0;0;0;0;0;0;0;0;0;0;0;0;0;0;0;0;0;0;0;0;0;0;0;0;0;0;0;1;1;0;0;1;0;0;0;0;0;0;0;0;0;0;0;0;0;0;0;0;230;224;6;222;0;29;6.58;0.974;0
3223090;808 - Firetower12;;;;1.49;0;20000;0;71.43;5;2;0;10;0;1;none;0;0;0;8.0;1;Novato;245;1;1;0;0;1;0;0;0;0;0;0;0;0;0;1;0;0;0;0;0;0;0;0;0;0;0;0;0;0;1;0;0;0;0;0;0;0;1;0;0;0;0;0;0;0;0;0;0;0;0;0;0;0;0;0;0;0;0;0;0;0;0;1;1;0;0;1;1;0;0;0;0;0;0;0;0;0;0;8;5;3;6;0;3;2.74;0.625;0
990050;"Death end re;Quest";;;;14.99;0;20000;2;76.47;1030;317;0;39;10;3;full;0;0;0;4.0;1;Novato;297;1;1;0;0;0;0;1;0;0;0;0;0;0;0;1;0;0;0;0;1;0;1;1;0;0;1;0;0;0;0;0;0;0;1;0;0;0;1;1;0;1;0;0;0;0;0;0;0;0;0;0;0;0;0;0;0;0;0;0;1;1;0;0;0;0;0;0;0;0;0;0;0;0;0;0;0;0;0;192;130;62;112;0;29;28.83;0.677;0
231310;MirrorMoon EP;;;;7.99;0;50000;2;57.9;337;245;0;10;0;1;none;0;0;0;2.0;1;Novato;274;0;1;0;0;1;0;0;0;0;0;0;0;0;0;1;1;1;0;0;0;1;1;0;0;0;1;0;0;0;1;1;0;0;0;0;0;0;0;0;0;0;0;0;0;0;0;0;0;0;0;0;0;0;0;0;0;0;1;0;0;0;0;0;0;0;0;0;1;0;0;0;1;0;0;0;0;0;0;58;34;24;19;0;26;9.36;0.586;1
896460;Lucah: Born of a Dream;;;;1.44;0;20000;1;94.63;458;26;0;29;0;3;full;0;0;0;0.0;1;Novato;40;1;0;0;0;1;0;1;0;0;0;0;0;0;0;1;0;0;0;0;1;0;1;1;0;0;1;0;0;0;0;0;0;0;1;0;0;0;1;1;1;0;0;0;0;0;0;0;0;0;0;0;0;0;0;0;0;0;0;0;0;0;1;0;0;0;0;0;0;0;0;0;0;0;0;0;0;0;0;113;98;15;100;0;26;11.08;0.867;0
2101330;City Legends: Trapped In Mirror Collector's Edition;;;;4.49;0;50000;0;84.62;11;2;0;0;0;8;none;0;0;0;1.0;1;Novato;125;0;1;1;0;0;0;0;0;0;0;0;0;0;0;1;0;0;0;0;0;0;0;0;0;0;0;0;0;0;0;0;0;0;1;0;0;0;1;0;0;0;0;0;0;0;0;0;0;0;0;0;0;0;0;0;0;0;1;1;1;0;1;0;0;0;0;1;0;0;0;1;0;0;0;0;0;0;0;15;14;1;15;0;13;7.47;0.933;1
526980;Handball 17;;;;4.99;0;20000;2;65.27;109;58;0;22;0;8;full;0;0;0;4.0;1;Novato;271;0;0;0;0;0;0;0;0;0;1;0;0;0;0;1;1;0;0;0;1;0;1;1;0;0;1;1;0;0;0;0;0;0;0;0;0;0;0;0;0;0;0;0;0;0;0;0;0;0;0;0;0;0;0;0;1;0;0;0;0;0;0;0;0;0;0;0;0;0;0;0;0;0;0;0;0;0;0;63;42;21;45;0;24;7.89;0.667;0
1495250;LineVox;;;;0.89;0;200000;0;50.0;10;10;0;14;0;2;none;0;0;0;4.0;1;Novato;148;0;0;1;0;1;1;0;1;0;0;0;0;0;0;1;1;0;0;0;0;0;1;0;0;0;0;1;0;0;0;0;0;0;0;0;0;0;0;0;0;0;0;0;0;0;0;0;1;0;1;0;0;0;0;0;0;1;0;0;0;0;0;1;0;0;0;0;1;0;0;1;0;0;0;0;0;0;0;2;1;1;2;0;2;0.3;0.5;1
513510;Intralism;;;;2.99;0;500000;0;86.56;4245;659;0;21;0;14;none;0;0;0;4.0;1;Novato;211;1;0;1;0;1;0;0;0;0;0;0;0;0;0;1;1;1;0;0;0;0;1;1;1;0;1;0;0;0;0;0;0;0;0;0;0;0;0;0;0;0;0;0;0;0;0;0;1;0;0;0;0;0;0;0;0;0;0;0;0;1;0;0;0;0;0;0;0;0;1;1;1;0;0;0;0;0;0;91;61;30;82;0;28;21.08;0.67;1
3530;Amazing Adventures Around the World;;;;4.99;0;20000;3;82.47;80;17;0;0;0;1;none;0;0;0;0.12;1;Novato;293;0;0;1;0;0;0;0;0;0;0;0;0;0;0;1;0;0;0;0;0;0;0;0;0;0;0;0;0;0;0;0;0;0;0;0;0;0;0;0;0;0;0;0;0;0;0;0;0;0;0;0;0;0;0;0;0;0;1;0;0;0;0;0;0;0;0;0;0;0;0;1;0;0;0;0;0;0;0;49;40;9;48;0;23;10.6;0.816;0
1377450;Knell of St. Godhrkar;;;;0.0;1;50000;2;93.72;1284;86;0;0;0;2;none;0;0;0;1.0;1;Novato;251;0;1;0;0;1;0;1;0;1;0;1;0;0;0;1;0;0;0;0;0;0;0;1;0;0;0;0;0;0;0;0;0;0;1;0;0;0;0;1;0;0;1;0;0;0;0;0;0;0;0;0;0;0;0;0;0;0;1;0;1;1;0;0;0;0;0;0;1;0;0;0;1;0;1;0;0;0;0;427;396;31;427;0;29;14.43;0.927;1
342860;Dark Quest;;;;2.99;0;20000;0;76.16;131;41;0;11;0;15;full;0;0;0;1.0;1;Novato;179;0;0;0;0;1;0;1;0;0;0;1;0;0;0;1;0;0;0;0;1;0;1;1;0;0;0;0;0;0;0;0;0;0;0;0;0;0;0;1;0;1;1;0;0;0;0;0;0;0;0;0;0;0;0;0;0;0;0;0;0;0;1;0;0;0;0;0;0;0;0;0;1;0;0;0;0;0;0;64;53;11;61;0;24;4.89;0.828;0
1833490;GOODBYE WORLD;;;;6.59;0;20000;0;85.03;676;119;0;13;0;5;full;0;0;0;0.0;1;Novato;175;0;1;0;0;1;0;0;0;0;0;0;0;0;0;1;0;0;0;0;1;0;1;1;0;0;0;0;0;0;0;0;0;0;1;0;0;0;0;0;0;0;0;0;1;0;0;0;0;0;0;0;0;0;0;0;0;0;1;0;1;0;0;0;0;0;0;0;1;1;0;0;1;0;0;0;0;0;0;228;189;39;210;0;29;2.46;0.829;0
1619220;Sprite Fantasia;;;;0.0;1;50000;0;50.53;142;139;0;0;0;6;none;0;0;0;3.0;1;Novato;210;1;1;0;0;0;1;1;0;0;0;0;0;0;0;0;1;0;0;0;0;0;0;0;0;1;0;0;0;0;0;0;0;0;0;0;0;0;0;1;0;0;0;0;0;0;0;0;1;0;0;0;0;0;0;0;0;0;0;0;0;1;0;0;0;0;0;0;0;0;0;0;0;0;1;0;0;0;0;20;13;7;20;0;13;73.06;0.65;1
216910;Of Orcs And Men;;;;0.89;0;200000;5;74.0;1474;518;0;45;0;8;full;0;0;0;2.0;1;Novato;176;1;0;0;0;0;0;1;0;0;0;0;0;0;0;1;0;0;0;0;1;0;1;1;0;0;0;0;0;0;0;0;0;0;1;0;0;0;0;1;1;1;1;0;0;0;0;0;0;0;0;0;0;0;0;0;0;0;0;0;0;0;0;0;0;0;0;0;0;0;1;0;0;0;0;0;0;0;1;336;261;75;266;0;29;14.93;0.777;1
785770;Emergency Call 112 – The Fire Fighting Simulation 2;;;;14.99;0;200000;43;60.09;3104;2062;0;0;2;8;none;0;0;0;8.0;1;Novato;206;1;0;1;0;0;0;0;0;1;0;0;0;0;0;1;1;0;0;0;0;0;0;0;0;0;0;0;0;0;1;1;0;0;0;0;0;0;0;0;0;0;1;0;0;0;0;1;1;0;0;0;1;1;0;0;0;0;0;0;0;0;0;1;1;0;0;0;1;0;0;1;0;0;0;0;0;0;0;1000;687;313;759;0;19;30.81;0.687;1
3456880;Pinball Simulator;;;;2.99;0;20000;0;0.0;0;1;0;0;0;14;none;0;0;0;4.0;1;Novato;209;0;0;0;0;1;0;0;0;1;0;0;0;0;1;1;0;0;0;0;0;0;0;0;0;0;0;0;0;0;0;0;0;0;0;0;0;0;0;0;0;0;0;0;0;0;0;0;0;0;0;0;0;1;0;0;1;0;0;0;0;0;0;0;1;0;0;0;0;1;0;1;1;1;0;0;0;0;0;1;0;1;1;1;1;0.17;0.0;0
1100160;Touhou Seirensen ~ Undefined Fantastic Object.;;;;7.99;0;50000;7;95.75;338;15;0;0;0;1;none;0;0;0;1.0;1;Novato;67;1;0;0;0;1;0;0;0;0;0;0;0;0;0;1;0;0;0;0;0;0;0;1;0;0;0;0;0;0;0;0;0;0;0;0;0;0;0;0;0;0;0;0;0;0;0;0;0;0;0;0;0;0;0;0;0;0;0;0;0;1;1;0;0;0;0;0;0;0;1;0;1;0;0;0;0;0;0;155;147;8;152;0;29;23.67;0.948;1
291630;Mirror Mysteries;;;;0.99;0;50000;1;77.61;201;58;0;0;0;1;none;0;0;0;0.5;1;Novato;35;0;1;0;0;0;0;0;0;0;0;0;0;0;0;1;0;0;0;0;0;0;0;0;0;0;0;0;0;0;0;0;0;0;0;0;0;0;0;0;0;0;0;0;0;0;0;0;0;0;0;0;0;0;0;0;0;0;1;1;0;0;0;0;0;0;0;0;0;0;0;1;0;0;0;0;0;0;0;12;10;2;8;0;8;2.95;0.833;1
1369370;Combat Mission Shock Force 2;;;;13.49;0;20000;14;82.18;655;142;0;0;4;5;none;0;0;0;4.0;1;Novato;289;0;0;0;0;0;0;0;0;1;0;1;0;0;0;1;1;0;0;0;0;0;0;1;0;0;0;1;0;0;0;0;0;0;0;0;0;0;0;0;0;0;1;0;0;0;0;0;1;0;1;0;0;1;0;0;0;0;0;0;0;0;0;1;0;0;0;0;0;0;0;0;0;0;0;0;0;0;0;170;124;46;114;0;28;67.01;0.729;0
1035760;Glimmer in Mirror;;;;8.99;0;50000;0;75.0;669;223;0;24;1;10;full;0;0;0;4.0;1;Novato;207;1;1;1;0;1;0;1;0;0;0;0;0;0;1;1;0;0;0;0;1;0;1;1;0;0;1;0;0;0;0;0;0;0;0;0;0;0;0;1;1;0;0;0;1;1;0;0;0;0;0;0;0;0;0;0;0;0;0;0;0;1;1;0;0;0;0;0;0;0;0;1;1;1;0;0;0;0;0;170;108;62;145;170;27;8.71;0.635;1
828070;Treasure Hunter Claire;;;;0.5;0;200000;7;88.96;2080;258;0;0;0;3;none;0;0;0;4.0;1;Novato;194;0;1;0;0;1;0;1;0;0;0;0;0;0;0;1;0;0;0;0;0;1;0;1;0;0;0;0;0;0;0;0;0;0;0;0;0;0;0;1;0;0;0;0;0;0;0;0;0;0;0;0;0;0;0;0;0;0;0;0;0;1;1;0;0;0;0;0;0;0;0;0;1;0;0;0;0;0;0;295;242;53;287;0;29;11.37;0.82;1
253310;Fester Mudd: Curse of the Gold - Episode 1;;;;9.99;0;20000;0;78.33;94;26;0;15;0;2;none;0;0;0;2.0;1;Novato;339;0;1;0;0;0;0;0;0;0;0;0;0;0;0;1;0;0;0;0;0;0;1;0;0;0;0;0;0;0;0;0;0;0;0;0;0;0;0;0;0;0;0;0;0;0;0;0;0;0;0;0;0;0;0;0;0;0;1;1;0;0;0;0;0;0;0;0;0;0;0;0;0;0;0;0;0;0;0;5;3;2;0;0;4;2.91;0.6;0
1124180;Rail Route;;;;7.24;0;200000;107;89.86;1940;219;0;76;3;12;full;0;0;0;1.0;1;Novato;213;0;0;1;0;1;0;0;0;1;0;1;0;0;0;1;1;1;1;0;1;0;1;1;1;0;1;0;0;0;0;0;0;0;0;0;0;0;0;0;0;0;1;0;0;0;0;0;0;0;0;0;1;1;1;1;0;0;1;0;0;0;0;0;0;0;0;0;0;1;0;0;0;0;0;0;0;0;0;1000;851;149;869;0;27;55.23;0.851;1
1177330;Billion Beat;;;;0.0;1;20000;0;80.0;20;5;0;28;0;1;none;0;0;0;3.0;1;Novato;173;1;0;0;0;1;0;0;0;0;0;0;0;0;0;1;0;0;0;0;0;1;1;0;0;0;0;0;0;0;0;0;0;0;0;0;0;0;0;0;1;0;0;0;0;0;0;0;0;0;0;0;0;0;0;0;1;0;0;0;0;0;0;0;0;0;0;0;0;0;1;0;0;0;0;0;0;0;0;17;13;4;17;0;8;9.73;0.765;0
488080;Taxi;;;;1.99;0;50000;0;50.0;1;1;0;11;0;1;none;0;0;0;0.0;1;Novato;205;0;0;1;0;0;0;0;0;0;0;0;0;0;0;1;0;0;0;0;0;0;1;1;0;0;0;0;0;0;0;0;0;0;0;0;0;0;0;0;0;0;0;0;0;0;0;0;0;0;0;0;0;0;0;0;0;0;0;0;0;0;0;0;0;0;0;0;0;0;0;1;0;0;0;0;0;0;0;0;0;0;0;0;0;0.0;0.0;1
312650;Battlezone Gold Edition;;;;34.99;0;20000;1;78.39;341;94;0;49;0;11;full;0;0;0;8.0;1;Novato;236;1;0;0;0;0;0;0;0;0;0;0;0;0;0;1;1;1;1;0;1;0;1;1;0;0;1;0;0;0;0;0;0;0;0;0;0;0;0;0;0;0;0;0;0;0;0;1;1;0;0;0;0;0;0;0;0;0;0;0;0;0;0;0;0;0;0;0;0;0;0;0;0;0;0;1;0;1;0;68;57;11;51;0;26;9.47;0.838;0
1906870;烈山海前传之黑帝君临;;;;2.99;0;20000;0;88.89;8;1;0;33;0;1;none;0;0;0;1.0;1;Novato;55;0;1;0;0;1;0;1;0;0;0;0;0;0;1;1;0;0;0;0;0;0;0;1;0;0;0;0;0;0;0;0;0;0;1;0;0;0;0;1;0;0;0;0;0;0;0;0;0;0;0;0;0;0;0;0;0;0;0;0;0;0;1;0;0;0;0;0;0;0;0;0;1;1;0;0;0;0;0;0;0;0;0;0;0;0.0;0.0;0
1552310;JANITOR BLEEDS;;;;7.29;0;20000;0;88.75;213;27;0;20;0;8;full;0;0;0;4.0;1;Novato;246;1;1;0;0;1;0;0;0;0;0;0;0;0;0;1;0;0;0;0;1;0;1;0;0;0;0;0;0;0;1;0;0;0;1;0;0;0;1;0;0;0;0;0;0;0;0;0;0;0;0;0;0;0;0;0;0;0;1;0;0;0;0;1;0;0;0;1;0;0;0;0;0;0;0;0;0;0;0;78;60;18;51;0;27;3.43;0.769;0
1727400;Captain Diarrhea and The Shartening;;;;2.99;0;20000;0;100.0;9;0;0;0;0;1;none;0;0;0;4.0;1;Novato;217;1;0;0;0;1;0;0;0;0;0;0;0;0;0;1;0;0;0;0;0;0;0;0;0;0;0;0;0;0;0;0;0;0;0;0;0;0;0;0;0;0;0;0;0;0;0;0;0;0;0;0;0;0;0;0;0;0;0;0;0;0;1;0;0;0;0;0;0;0;0;0;1;0;0;0;0;0;0;3;3;0;2;0;2;1.24;1.0;0
1525420;Heads Will Roll;;;;4.99;0;20000;1;76.8;139;42;0;34;0;2;none;0;0;0;2.0;1;Novato;95;0;1;0;0;1;0;1;0;0;0;0;0;0;0;1;0;0;0;0;0;0;1;0;0;0;0;0;0;0;0;0;0;0;1;0;0;1;0;1;0;0;0;0;0;0;0;0;0;0;0;0;0;0;0;0;0;0;0;0;0;0;1;0;0;0;0;0;0;0;0;0;0;0;0;0;0;0;0;18;10;8;13;0;11;16.95;0.556;0
1296720;欢乐消消乐;;;;0.0;1;50000;0;41.18;7;10;0;0;0;1;none;0;0;0;2.0;1;Novato;286;0;0;1;0;1;0;0;0;0;0;0;0;0;0;1;0;0;0;0;0;0;0;0;0;1;0;0;0;0;0;0;0;0;0;0;0;0;0;0;0;0;0;0;0;0;0;0;0;0;0;0;0;0;0;0;0;0;0;0;0;0;0;0;0;0;0;0;0;0;0;1;1;0;0;0;0;0;0;5;4;1;5;0;5;0.47;0.8;1
1629350;Despair: Blood Curse;;;;6.59;0;20000;0;86.05;74;12;0;20;0;7;full;0;0;0;8.0;1;Novato;281;1;1;0;0;1;0;0;0;0;0;0;0;0;0;1;0;0;0;0;1;0;1;1;0;0;0;0;0;0;0;0;0;0;0;0;0;0;1;0;0;0;0;0;0;0;0;0;0;0;0;0;0;0;0;0;0;0;1;0;0;0;0;0;0;0;0;1;1;0;0;0;0;0;0;0;0;0;0;142;120;22;126;0;25;3.27;0.845;0
291770;The Last Crown: Midnight Horror;;;;3.29;0;20000;0;77.37;106;31;0;0;1;2;none;0;0;0;1.0;1;Novato;299;0;1;0;0;1;0;0;0;0;0;0;0;0;0;1;0;0;0;0;0;0;0;0;0;0;0;0;0;0;0;0;0;0;0;0;0;0;1;0;0;0;0;0;0;0;0;0;0;0;0;0;0;0;0;0;0;0;0;1;0;0;0;0;0;0;0;0;0;0;0;0;1;0;0;0;0;0;0;12;10;2;11;0;9;6.69;0.833;0
1218920;Sunset Kingdom;;;;2.99;0;20000;0;68.79;97;44;0;10;0;1;none;0;0;0;4.0;1;Novato;311;0;0;0;0;1;0;0;0;1;0;1;0;0;0;1;0;0;0;0;0;0;1;0;0;0;0;0;0;0;0;0;0;0;0;0;0;0;0;0;0;0;1;0;0;0;0;0;0;0;0;0;0;1;0;0;0;0;0;0;0;0;0;0;0;0;0;0;0;0;0;0;1;0;0;0;0;0;0;30;18;12;27;0;16;3.59;0.6;0
1445240;Tempo;;;;0.0;1;100000;0;79.14;129;34;0;35;0;1;full;0;0;0;0.5;1;Novato;88;1;0;1;0;1;0;0;1;0;0;0;0;0;0;1;0;0;0;0;1;0;0;0;0;0;0;0;0;0;0;0;0;0;0;0;0;0;0;0;0;0;0;0;0;0;0;0;0;0;0;0;0;0;0;0;0;1;0;0;0;0;0;0;0;0;0;0;0;1;0;1;0;0;0;0;0;0;0;22;14;8;22;0;13;23.77;0.636;1
2602810;Unsolved Case: Above the Law Collector's Edition;;;;4.49;0;20000;0;14.29;1;6;0;0;1;4;none;0;0;0;1.0;1;Novato;135;0;1;1;0;0;0;0;0;0;0;0;0;0;0;1;0;0;0;0;0;0;0;0;0;0;0;0;0;0;1;0;0;0;0;0;0;0;0;0;0;0;0;0;0;0;0;0;0;0;0;0;0;0;0;0;0;0;1;1;1;0;1;0;0;0;0;1;0;0;0;1;0;0;0;0;0;0;0;9;2;7;9;0;6;8.72;0.222;0
777770;WAR PARTY;;;;4.79;0;50000;0;68.82;309;140;0;25;0;11;none;0;0;0;4.0;1;Novato;280;0;0;0;0;0;0;0;0;0;0;1;0;0;0;1;1;0;0;0;0;0;1;1;0;0;1;0;0;0;0;0;0;0;0;0;0;0;0;0;0;0;1;0;0;0;0;0;1;0;1;0;0;0;1;1;0;0;0;0;0;0;0;0;0;0;0;0;0;0;0;0;0;0;0;0;0;0;0;28;20;8;24;0;21;11.43;0.714;1
1408050;Our Hero! Two;;;;3.99;0;50000;0;88.89;8;1;0;0;0;2;none;0;0;0;4.0;1;Novato;211;1;1;0;0;1;0;1;0;0;0;0;0;0;0;1;0;0;0;0;0;0;0;0;0;0;0;0;0;0;0;0;0;0;1;0;0;0;0;1;1;0;0;0;0;0;0;0;0;0;0;0;0;0;0;0;0;0;0;0;0;0;1;0;0;0;0;0;0;0;0;0;1;0;0;0;0;0;0;0;0;0;0;0;0;0.0;0.0;1
401840;ChargeShot;;;;9.99;0;20000;0;75.26;73;24;0;6;0;1;full;0;0;0;0.0;1;Novato;256;1;0;0;0;1;0;0;0;0;0;0;0;0;0;1;1;0;0;0;1;0;1;0;0;0;1;1;0;0;0;0;0;0;0;0;0;0;0;0;0;0;0;0;1;0;0;0;0;0;0;0;0;0;0;0;0;0;0;0;0;0;0;0;0;0;0;0;0;0;0;0;1;0;0;0;0;0;0;8;7;1;4;0;6;3.56;0.875;0
1889500;Video Game Tutorial;;;;2.99;0;50000;0;75.0;6;2;0;0;0;2;none;0;0;0;4.0;1;Novato;177;0;1;0;0;1;0;0;0;0;0;0;0;0;0;1;0;0;0;0;0;0;0;0;0;0;0;0;0;0;1;0;0;0;0;0;0;0;1;0;0;0;0;0;1;0;0;0;0;0;0;0;0;0;0;0;0;0;0;0;0;0;0;1;1;0;0;1;1;0;0;0;0;0;0;0;0;0;0;1;0;1;1;0;1;0.38;0.0;1
431500;Clash of the Monsters;;;;0.0;1;100000;2;52.23;199;182;0;0;0;1;none;0;0;0;2.0;1;Novato;294;1;0;0;0;1;0;0;0;0;0;0;0;0;0;1;1;0;0;0;0;1;0;0;0;0;0;0;0;0;0;0;0;0;0;0;0;0;1;0;0;0;0;0;0;0;0;0;1;0;0;0;0;0;0;0;0;0;0;0;0;0;0;0;0;0;0;0;0;0;0;0;1;0;1;0;0;0;0;33;20;13;33;0;19;1.17;0.606;1
862800;Storm Chasers;;;;12.99;0;100000;12;89.06;2328;286;0;0;0;4;full;0;0;0;4.0;1;Novato;307;1;0;0;0;1;0;0;0;1;0;0;0;0;1;1;1;1;1;0;1;0;0;0;0;0;0;0;0;0;1;1;0;0;0;0;0;0;0;0;0;0;0;0;0;0;0;0;1;0;0;0;0;1;0;0;0;0;0;0;0;0;0;0;1;0;0;0;1;0;0;0;1;1;0;0;0;0;0;1000;902;98;928;1000;29;16.17;0.902;1
1364210;City Bus Manager;;;;14.99;0;100000;137;91.55;2112;195;0;59;4;14;none;0;0;0;8.0;1;Novato;274;0;0;1;0;0;0;0;0;1;0;0;0;0;0;1;0;0;0;0;0;0;1;1;1;0;1;0;0;0;0;0;0;0;0;0;0;0;0;0;0;0;1;0;0;0;0;0;0;0;0;0;1;1;1;0;0;0;0;0;0;0;0;0;0;0;0;0;0;1;0;1;0;1;0;0;0;0;0;1000;903;97;781;0;20;89.26;0.903;1
1853200;TYRONE vs COPS;;;;0.71;0;200000;2;94.47;2340;137;0;15;1;1;none;0;0;0;4.0;1;Novato;116;1;0;0;0;1;0;0;0;0;0;0;0;0;0;1;0;0;0;0;0;1;1;1;0;0;1;0;0;0;0;0;0;0;0;0;0;0;0;0;0;0;0;0;0;0;0;0;0;0;0;0;0;0;0;0;0;0;0;0;0;0;0;1;0;0;0;0;0;0;0;0;0;0;0;0;0;0;0;863;802;61;701;0;29;2.79;0.929;1
3441430;Polycar Blitz;;;;1.49;0;50000;0;50.0;1;1;0;9;0;1;full;0;0;0;4.0;1;Novato;230;1;0;0;0;1;0;1;0;0;0;0;0;0;0;1;0;0;0;0;1;0;1;0;0;0;0;0;0;0;0;0;0;0;0;0;0;0;0;1;0;0;0;0;0;0;0;0;0;0;0;0;0;0;0;0;0;0;0;0;0;0;0;1;0;0;0;0;0;0;0;0;0;0;0;0;0;0;0;3;3;0;3;0;3;0.41;1.0;1
1506980;Lay a Beauty to Rest: The Darkness Peach Blossom Spring;;;;13.99;0;200000;8;96.72;6252;212;0;34;2;3;none;0;0;0;2.0;1;Novato;242;0;1;1;0;1;0;1;0;0;0;0;0;0;0;1;0;0;0;0;0;0;1;1;0;0;0;0;0;0;0;0;0;0;1;0;0;0;0;0;0;0;0;0;0;0;0;0;0;0;0;0;0;0;0;0;0;0;0;0;1;1;1;0;0;0;0;1;0;0;0;1;1;0;0;0;0;0;0;1000;885;115;844;0;18;10.66;0.885;1
2400;The Ship: Murder Party;;;;9.99;0;1000000;3;85.85;5108;842;0;0;0;8;none;0;0;0;0.5;1;Novato;41;1;0;0;0;1;0;1;0;0;0;0;0;0;0;1;1;0;0;0;0;0;0;0;0;0;1;0;0;0;1;0;0;0;0;0;0;1;0;1;0;0;1;0;0;0;0;0;1;0;0;0;0;1;0;0;0;0;0;0;0;0;0;0;0;0;0;0;0;0;1;0;1;0;0;0;0;1;1;188;145;43;87;0;29;27.15;0.771;1
285840;Enemy Mind;;;;4.49;0;50000;0;85.06;672;118;0;34;0;1;full;0;0;0;2.0;1;Novato;307;1;0;0;0;1;0;0;0;0;0;0;0;0;0;1;1;0;0;0;1;0;0;0;0;0;1;1;0;0;0;0;0;0;0;0;0;0;0;0;0;0;0;0;0;0;0;0;1;1;0;0;0;0;0;0;0;0;0;0;0;0;1;0;0;0;0;0;0;0;1;0;1;0;0;0;0;0;0;29;20;9;2;0;20;5.0;0.69;1
261940;The Mysterious Cities of Gold;;;;11.99;0;20000;1;72.73;80;30;0;25;0;11;none;0;0;0;1.0;1;Novato;260;0;1;1;0;1;0;0;0;0;0;0;0;0;0;1;0;0;0;0;0;1;0;0;0;0;0;0;0;0;0;0;0;0;0;0;0;0;0;0;0;0;0;0;0;0;0;0;0;0;0;0;0;0;0;0;0;0;1;0;0;0;0;0;0;0;0;0;0;0;0;1;1;0;0;0;0;0;0;13;10;3;2;0;8;5.6;0.769;0
1990270;Bank Robber;;;;2.99;0;50000;0;68.75;22;10;0;6;0;1;none;0;0;0;4.0;1;Novato;274;1;1;1;0;1;0;0;0;0;0;1;0;0;0;1;0;0;0;0;0;0;1;0;0;0;0;0;0;0;1;0;0;0;0;0;0;0;0;0;0;0;1;0;0;0;0;0;0;0;0;0;0;0;0;0;0;0;0;0;0;0;0;1;1;0;0;0;0;0;0;1;0;0;0;0;0;1;1;31;18;13;29;0;10;2.0;0.581;1
2140180;Fright Knight Legend;;;;7.99;0;20000;0;75.0;3;1;0;0;0;1;none;0;0;0;8.0;1;Novato;288;1;1;0;0;1;0;0;0;0;0;0;0;0;0;1;1;1;0;0;0;1;0;0;0;0;0;1;1;0;0;0;0;0;1;0;0;0;0;0;0;0;0;0;0;0;0;0;0;0;1;0;0;0;0;0;0;0;0;0;0;0;0;1;0;0;0;0;0;0;0;0;0;0;0;0;0;0;0;0;0;0;0;0;0;0.0;0.0;0
2279410;The Zombie Neighborhood;;;;7.39;0;50000;0;59.38;19;13;0;1;1;1;none;0;0;0;8.0;1;Novato;238;1;0;0;0;1;0;0;0;0;0;0;0;0;0;1;0;0;0;0;0;0;1;1;0;0;0;0;0;0;1;0;0;0;0;0;0;0;1;0;0;0;0;0;0;0;0;0;0;0;0;0;0;0;0;0;0;0;0;0;0;0;0;0;1;0;0;1;0;0;1;0;0;0;0;0;0;1;0;2;0;2;1;0;2;0.59;0.0;1
1343620;Nemesis: Distress;;;;14.99;0;200000;0;53.29;178;156;0;0;0;1;none;0;0;0;16.0;1;Novato;208;1;0;0;0;0;0;0;0;0;0;0;0;0;1;1;1;1;1;0;0;1;0;0;0;0;0;0;0;0;1;0;0;0;0;0;0;1;1;0;0;0;1;0;0;0;0;1;1;0;1;0;0;0;0;0;0;0;0;0;0;0;0;1;1;0;0;0;0;0;0;0;0;1;0;0;0;1;0;65;15;50;45;65;23;3.46;0.231;1
619740;The Inevitability;;;;0.9;0;100000;0;58.93;66;46;0;0;0;1;none;0;0;0;2.0;1;Novato;302;0;1;0;0;1;0;0;0;0;0;0;0;1;0;1;0;0;0;0;0;0;0;0;0;0;1;0;0;0;0;0;0;0;0;0;0;0;1;0;0;0;0;0;0;0;0;0;0;0;0;0;0;0;0;0;0;0;0;0;0;0;0;0;0;0;0;0;0;0;0;0;1;0;0;0;0;0;0;18;10;8;15;0;12;8.96;0.556;1
1005340;Myths and Legends - Card Game;;;;0.0;1;100000;2;59.18;348;240;0;0;0;3;none;0;0;0;8.0;1;Novato;225;0;0;1;0;1;0;0;0;0;0;1;0;0;1;0;1;0;0;0;0;0;0;0;0;0;0;0;0;0;0;0;0;0;0;0;0;0;0;0;0;0;1;0;0;0;0;0;0;0;0;0;0;0;0;0;0;0;0;0;0;0;0;0;0;0;0;0;0;0;0;1;1;1;1;0;0;0;0;80;41;39;80;80;24;17.5;0.512;1
273840;Stock Car Extreme;;;;14.99;0;50000;4;87.25;520;76;0;0;0;5;none;0;0;0;1.0;1;Novato;180;0;0;0;0;0;0;0;1;1;1;0;0;0;0;1;1;0;0;0;0;1;0;0;0;0;0;0;0;0;0;0;0;0;0;0;0;0;0;0;0;0;0;0;0;0;0;0;1;0;0;0;0;1;0;0;1;1;0;0;0;0;0;0;1;0;0;0;0;0;0;0;0;0;0;0;0;0;0;60;54;6;43;0;26;15.27;0.9;1
913600;Galactic Lander;;;;0.0;1;20000;0;91.3;105;10;0;21;0;1;none;0;0;0;4.0;1;Novato;270;0;0;1;0;0;0;0;0;0;0;0;0;0;0;1;1;1;1;0;0;0;1;0;1;0;0;1;0;0;0;0;0;0;0;0;0;0;0;0;0;0;0;0;0;0;0;1;1;0;0;0;0;0;0;0;0;0;0;0;0;0;1;0;0;0;0;0;0;0;0;1;1;0;1;0;0;0;0;13;13;0;13;0;10;2.78;1.0;0
2845580;The Butler Did It;;;;3.99;0;20000;0;100.0;4;0;0;0;0;1;none;0;0;0;0.0;1;Novato;147;0;0;0;0;1;0;1;0;0;0;0;0;0;0;1;0;0;0;0;0;0;0;1;0;0;0;0;0;0;0;0;0;0;0;0;0;0;0;1;0;0;0;0;0;0;0;0;0;0;0;0;0;0;0;0;0;0;0;0;0;0;0;0;0;0;0;0;0;0;0;0;1;0;0;0;0;0;0;4;4;0;4;0;1;1.97;1.0;0
1537970;Death Box;;;;1.99;0;20000;0;91.67;11;1;0;11;0;1;none;0;0;0;2.0;1;Novato;253;1;0;0;0;1;0;0;0;0;0;0;0;0;0;1;0;0;0;0;0;0;1;0;0;0;0;0;0;0;0;0;0;0;0;0;0;0;0;0;0;0;0;0;1;0;0;0;0;0;0;0;0;0;0;0;0;0;0;0;0;0;1;0;0;0;0;0;0;0;0;0;1;0;0;0;0;0;0;0;0;0;0;0;0;0.0;0.0;0
495290;AccuRC 2;;;;22.99;0;20000;10;87.29;467;68;0;0;0;13;none;0;0;0;4.0;1;Novato;299;0;0;0;0;0;0;0;1;1;1;0;0;0;0;1;1;0;0;0;0;1;0;1;0;0;0;1;0;0;0;0;0;0;0;0;0;0;0;0;0;0;0;0;0;0;0;0;0;0;0;0;0;1;0;0;1;1;0;0;0;0;0;0;0;0;0;0;0;0;0;0;0;0;0;0;0;0;0;105;83;22;89;0;26;171.48;0.79;0
2427570;Block Tower TD;;;;0.49;0;100000;2;80.65;50;12;0;42;0;4;full;0;0;0;0.0;1;Novato;165;0;0;0;0;1;0;0;0;0;0;1;0;0;0;1;0;0;0;0;1;0;1;0;0;0;1;0;0;0;0;0;0;0;0;0;0;1;0;0;0;0;1;1;0;0;0;0;0;0;0;0;1;0;1;1;0;0;0;0;0;0;1;0;0;0;0;0;0;0;0;0;0;0;0;0;0;0;0;38;30;8;35;0;21;39.98;0.789;1
1384990;魔法考核冒险;;;;1.99;0;20000;0;100.0;3;0;0;0;0;1;none;0;0;0;0.5;1;Novato;130;0;1;0;0;1;0;1;0;0;0;0;0;0;0;1;0;0;0;0;0;0;0;0;0;0;0;0;0;0;0;0;0;0;0;0;0;0;0;1;0;0;0;0;0;0;0;0;0;0;0;0;0;0;0;0;0;0;1;0;0;0;1;0;0;0;0;0;0;0;0;0;1;0;0;0;0;0;0;0;0;0;0;0;0;0.0;0.0;0
560820;The Saint: Abyss of Despair;;;;2.49;0;20000;0;70.3;71;30;0;8;0;9;none;0;0;0;1.0;1;Novato;79;0;1;1;0;0;0;0;0;0;0;0;0;0;0;1;0;0;0;0;0;0;1;0;0;0;1;0;0;0;0;0;0;0;0;0;0;0;0;0;0;0;0;0;0;0;0;0;0;0;0;0;0;0;0;0;0;0;0;1;0;0;0;0;0;0;0;0;0;0;0;1;1;0;0;0;0;0;0;14;11;3;9;0;11;4.99;0.786;0
1945230;Diablo The Abyss;;;;7.99;0;20000;1;83.72;180;35;0;100;0;3;none;0;0;0;4.0;1;Novato;232;0;1;1;0;1;0;1;0;0;0;1;0;0;0;1;0;0;0;0;0;0;1;1;0;0;0;0;0;0;0;1;0;0;0;0;0;0;0;1;0;0;1;0;0;0;0;0;0;0;0;0;0;0;0;0;0;0;0;0;0;0;1;0;0;0;0;0;0;0;0;1;1;0;0;0;0;0;0;40;35;5;40;0;14;55.94;0.875;0
696180;Bullet Witch;;;;14.99;0;50000;2;69.48;485;213;0;14;0;6;none;0;0;0;4.0;1;Novato;263;1;0;0;0;0;0;0;0;0;0;0;0;0;0;1;0;0;0;0;0;1;1;1;0;0;1;0;0;0;0;0;0;0;0;0;0;0;0;0;0;0;0;0;0;0;0;0;0;0;0;0;0;0;0;0;0;0;0;0;0;1;0;0;0;0;0;0;0;0;0;0;0;0;0;0;0;0;0;234;157;77;189;0;29;6.21;0.671;1
387450;Shadow of Kingdoms;;;;0.0;1;50000;1;32.11;35;74;0;0;0;1;none;0;0;0;0.5;1;Novato;166;0;0;0;0;0;0;0;0;0;0;1;0;0;0;1;1;0;0;0;0;0;0;0;0;0;0;0;0;0;0;0;0;0;0;0;0;0;0;0;0;0;1;0;0;0;0;0;0;0;0;0;0;0;0;0;0;0;0;0;0;0;0;0;0;0;0;0;0;0;0;0;0;0;1;0;0;0;0;6;5;1;6;0;5;5.89;0.833;1
1587540;Anvil Saga;;;;10.49;0;50000;9;72.54;1239;469;0;36;1;6;none;0;0;0;4.0;1;Novato;178;0;0;0;0;1;0;1;0;1;0;0;0;0;0;1;0;0;0;0;0;0;1;1;0;0;0;0;0;0;0;0;1;0;1;0;0;0;0;1;0;0;0;0;0;0;0;0;0;0;0;0;1;1;1;0;0;0;0;0;0;0;1;0;0;0;0;0;0;0;0;0;1;0;0;0;0;0;0;455;258;197;275;0;29;11.63;0.567;1
2678060;Inner Darkness;;;;0.0;0;20000;0;64.71;11;6;0;4;0;1;none;0;0;0;8.0;1;Novato;192;0;1;0;0;1;0;0;0;0;0;0;0;0;0;1;0;0;0;0;0;0;0;0;0;0;0;0;0;0;1;0;0;0;0;0;0;0;1;0;0;0;0;0;0;0;0;0;0;0;0;0;0;0;0;0;0;0;0;0;0;0;0;1;0;0;0;1;0;0;0;0;1;0;0;0;0;0;0;20;13;7;9;0;11;1.16;0.65;0
2184270;Traveler;;;;1.49;0;50000;0;100.0;5;0;0;1;2;1;none;0;0;0;4.0;1;Novato;236;0;1;0;0;0;0;1;0;0;0;0;0;0;1;1;0;0;0;0;0;0;0;1;0;0;0;0;0;0;0;1;0;0;1;0;0;0;0;1;1;0;0;0;0;0;0;0;0;0;0;0;0;0;0;0;0;0;0;0;0;0;0;0;0;0;0;0;0;0;0;0;0;1;0;0;0;0;0;0;0;0;0;0;0;0.0;0.0;1
9940;Blade Kitten;;;;2.99;0;100000;1;82.99;888;182;0;20;3;5;none;0;0;0;1.0;1;Novato;128;1;1;0;0;0;0;0;0;0;0;0;0;0;0;1;0;0;0;0;0;1;1;1;0;0;1;0;0;0;0;0;0;0;0;0;0;0;0;0;0;0;0;0;1;0;0;0;0;0;0;0;0;0;0;0;0;0;0;0;0;1;0;0;0;0;0;0;0;0;0;1;1;0;0;0;0;0;0;58;47;11;50;0;22;11.19;0.81;1
366910;The Long Journey Home;;;;5.79;0;100000;3;59.08;1113;771;0;69;1;8;full;0;0;0;4.0;1;Novato;202;0;0;0;0;1;0;1;0;1;0;1;0;0;0;1;0;0;0;0;1;0;1;1;0;0;1;0;0;0;0;0;0;0;1;0;0;1;0;1;0;0;1;0;0;0;0;0;0;0;0;0;0;1;0;0;0;0;0;0;0;0;1;0;0;0;0;0;0;0;1;0;1;0;0;0;0;0;0;120;55;65;81;0;28;12.36;0.458;1
2484160;It was a human.;;;;1.99;0;20000;0;77.63;340;98;0;0;0;4;none;0;0;0;0.0;1;Novato;298;0;0;0;0;1;0;1;0;0;0;0;0;0;0;1;0;0;0;0;0;0;0;1;0;0;0;0;0;0;0;0;0;0;1;0;0;0;1;0;0;0;0;0;0;0;0;0;0;0;0;0;0;0;0;0;0;0;0;0;1;1;1;0;0;0;0;1;0;0;0;0;0;0;0;0;0;0;0;483;366;117;456;0;23;2.39;0.758;0
2956500;Magic City Detective: The Carnival Begins Collector's Edition;;;;4.99;0;20000;0;20.0;1;4;0;39;1;4;none;0;0;0;1.0;1;Novato;154;0;1;1;0;0;0;0;0;0;0;0;0;0;0;1;0;0;0;0;0;0;0;0;0;0;0;0;0;0;1;0;0;0;1;0;0;0;0;0;0;0;0;0;0;0;0;0;0;0;0;0;0;0;0;0;0;0;1;1;0;0;1;0;0;0;0;0;0;0;0;1;0;0;0;0;0;0;0;7;2;5;7;0;6;2.88;0.286;0
468570;De-Void;;;;7.99;0;20000;0;59.23;77;53;0;8;0;1;none;0;0;0;1.0;1;Novato;157;0;1;0;0;1;0;0;0;0;0;0;0;0;0;1;0;0;0;0;0;1;1;0;0;0;1;0;0;0;1;0;0;0;1;0;0;0;0;0;0;0;0;0;0;0;0;0;1;0;0;0;0;1;0;0;0;0;0;1;0;0;0;0;0;0;0;0;0;0;0;0;1;0;0;0;0;0;0;31;26;5;30;0;12;3.23;0.839;0
615400;Make It Rain: Love of Money;;;;0.0;1;100000;2;49.02;125;130;0;14;0;7;none;0;0;0;0.0;1;Novato;296;1;0;1;0;0;0;0;0;1;0;1;0;0;0;1;0;0;0;0;0;0;1;1;0;1;0;0;0;0;0;0;0;0;0;0;0;0;0;0;0;0;1;0;0;0;0;0;0;0;0;0;0;1;0;0;0;0;0;0;0;0;0;0;0;0;0;0;0;0;0;1;0;0;1;0;0;0;0;40;28;12;40;0;23;9.44;0.7;1
324710;To Be or Not To Be;;;;4.99;0;20000;0;90.14;256;28;0;33;0;1;full;0;0;0;2.0;1;Novato;133;0;1;1;0;1;0;0;0;0;0;0;0;0;0;1;0;0;0;0;1;0;1;1;0;0;1;0;0;0;0;0;0;0;1;0;0;0;0;0;0;0;0;0;0;0;0;0;0;0;0;0;0;0;0;0;0;0;0;0;1;0;0;0;0;0;0;0;0;0;0;1;1;0;0;0;0;0;0;32;27;5;30;0;22;5.52;0.844;0
702890;BlazBlue: Cross Tag Battle;;;;19.99;0;200000;71;80.06;3565;888;0;42;13;9;full;0;0;0;4.0;1;Novato;234;1;0;0;0;0;0;0;0;0;0;0;0;0;0;1;1;0;0;0;1;0;1;1;0;0;1;1;0;0;0;0;0;0;1;0;0;0;0;0;0;0;0;0;0;0;0;0;1;0;0;0;0;0;0;0;0;0;0;0;0;1;0;0;0;0;0;0;0;0;0;0;0;0;0;0;0;0;0;599;492;107;453;0;29;26.17;0.821;1
549240;Beans: The Coffee Shop Simulator;;;;4.99;0;20000;0;68.82;117;53;0;35;1;1;none;0;0;0;1.0;1;Novato;139;0;0;1;0;1;0;0;0;1;0;0;0;0;0;1;0;0;0;0;0;0;1;0;0;0;1;0;0;0;0;0;0;0;1;0;0;0;0;0;0;0;0;0;0;0;0;0;0;0;0;0;0;1;1;0;0;0;0;0;0;0;1;0;0;0;0;0;0;0;0;1;1;0;0;0;0;0;0;31;16;15;17;0;15;7.24;0.516;0
1439550;Vagrant Sword;;;;2.99;0;50000;0;80.0;4;1;0;0;0;1;none;0;0;0;2.0;1;Novato;68;1;1;0;0;0;0;0;0;0;0;0;0;0;0;1;0;0;0;0;0;1;0;0;0;0;0;0;0;0;0;0;0;0;0;0;0;0;0;0;1;0;0;0;0;0;0;0;0;0;0;0;0;0;0;0;0;0;0;1;0;0;1;0;0;0;0;0;0;0;0;0;0;0;0;0;0;0;0;1;1;0;1;0;1;0.28;1.0;1
2749770;Galaxy Burger;;;;4.8;0;50000;64;0.0;0;0;0;14;0;13;full;0;0;0;2.0;1;Novato;131;0;0;1;0;1;1;0;0;1;0;0;0;0;0;1;1;1;1;0;1;0;1;1;0;0;0;0;0;0;0;0;0;0;0;0;0;0;0;0;0;0;1;0;0;0;0;1;1;0;0;0;0;1;1;0;0;0;0;0;0;0;1;0;0;0;0;0;0;0;0;1;0;0;0;0;0;0;0;1000;957;43;870;0;16;23.31;0.957;1
425860;Vector Assault;;;;4.99;0;20000;0;58.82;10;7;0;35;0;1;none;0;0;0;2.0;1;Novato;107;1;0;1;0;1;0;0;0;0;0;0;0;0;0;1;0;0;0;0;0;1;1;0;0;0;1;0;0;0;0;0;0;0;0;0;0;0;0;0;0;0;0;0;0;0;0;0;0;0;0;0;0;0;0;0;0;0;0;0;0;0;1;0;0;0;0;0;0;0;0;1;1;0;0;0;0;0;0;4;3;1;4;0;4;2.24;0.75;0
464540;Colosse;;;;0.0;1;20000;2;83.22;124;25;0;0;0;1;full;0;0;0;8.0;1;Novato;113;0;1;0;0;0;0;0;0;0;0;0;0;0;0;1;0;0;0;0;1;0;0;0;0;0;0;0;0;0;0;0;0;0;0;0;0;0;0;0;0;0;0;0;0;0;0;0;0;0;0;0;0;0;0;0;0;0;0;0;0;0;0;0;0;0;0;0;0;0;0;0;0;0;0;1;0;0;0;8;8;0;8;0;7;8.13;1.0;0
489630;Warhammer 40,000: Gladius - Relics of War;;;;0.0;1;1000000;1326;81.44;12195;2780;0;166;21;6;none;0;0;0;4.0;1;Novato;280;0;0;0;0;0;0;0;0;0;0;1;0;0;0;1;1;1;1;0;0;1;1;1;1;0;1;1;1;0;0;0;0;0;0;0;0;0;0;0;0;1;1;0;0;0;0;1;1;0;0;0;0;0;0;0;0;0;0;0;0;0;0;0;0;0;0;0;0;0;0;0;0;0;0;0;0;0;0;1000;808;192;275;0;6;84.41;0.808;1
438130;Root Double -Before Crime * After Days- Xtend Edition;;;;17.99;0;20000;1;90.96;503;50;0;49;0;1;none;0;0;0;2.0;1;Novato;259;0;1;0;0;0;0;0;0;0;0;0;0;0;0;1;0;0;0;0;0;1;1;1;0;0;1;0;0;0;0;0;0;0;1;0;0;0;1;0;0;0;0;0;0;0;0;0;0;0;0;0;0;0;0;0;0;0;0;0;1;1;0;0;0;0;0;0;1;0;0;0;0;0;0;0;0;0;0;172;157;15;124;0;27;43.86;0.913;0
253940;Septerra Core;;;;4.49;0;200000;4;75.55;893;289;0;0;2;2;none;0;0;0;0.5;1;Novato;340;0;0;0;0;0;0;1;0;0;0;0;0;0;0;1;0;0;0;0;0;0;0;1;0;0;1;0;0;0;0;0;0;0;1;0;0;0;0;1;0;1;0;0;0;0;0;0;0;0;0;0;0;0;0;0;0;0;0;0;0;1;0;0;0;0;0;0;0;0;0;0;0;0;0;0;0;0;0;226;198;28;66;0;29;18.07;0.876;1
1399480;California Games (C64/DOS/Atari/Lynx/NES/SMS/Genesis);;;;5.79;0;20000;0;68.42;13;6;0;0;0;1;none;0;0;0;0.0;1;Novato;283;0;0;0;0;0;0;0;0;0;1;0;0;0;0;1;1;0;0;0;0;1;0;0;0;0;0;0;0;0;0;0;0;0;0;0;0;0;0;0;0;0;0;0;0;0;0;0;1;0;1;0;0;0;0;0;1;0;0;0;0;0;1;0;0;0;0;0;0;0;0;0;0;0;0;0;0;0;0;9;6;3;9;0;8;8.14;0.667;0
1029500;中华三国志 the Three Kingdoms of China;;;;0.0;1;200000;7;85.94;1155;189;0;0;3;2;none;0;0;0;1.0;1;Novato;251;0;0;0;0;1;0;0;0;0;0;1;0;0;0;1;0;0;0;0;0;0;0;0;0;0;0;0;0;0;0;0;0;0;0;0;0;0;0;0;0;1;1;0;0;0;0;0;0;0;0;0;0;1;0;0;0;0;0;0;0;0;0;0;0;0;0;0;0;0;0;0;1;0;1;0;0;0;0;110;96;14;110;0;29;116.58;0.873;1
2014540;Liberation;;;;4.99;0;20000;0;0.0;0;1;0;0;0;1;none;0;0;0;0.02;1;Novato;163;1;1;0;0;1;0;0;0;0;0;0;0;0;0;1;0;0;0;0;0;0;0;0;0;0;0;0;0;0;1;0;0;0;0;0;0;0;1;0;0;0;0;0;0;0;0;0;0;0;0;0;0;0;0;0;0;0;0;0;0;0;0;0;0;0;0;0;0;0;0;0;1;0;0;0;0;0;0;0;0;0;0;0;0;0.0;0.0;0
1838830;Paradox Factor;;;;2.99;0;20000;0;57.14;4;3;0;6;0;1;none;0;0;0;0.0;1;Novato;149;0;0;1;0;1;0;0;0;0;0;0;0;0;0;1;0;0;0;0;0;0;1;1;0;0;0;0;0;0;0;0;0;0;0;0;0;0;0;0;0;0;0;0;0;0;0;0;0;0;0;0;0;0;0;0;0;0;0;0;0;0;0;0;0;0;0;0;0;0;0;1;1;0;0;0;0;0;0;0;0;0;0;0;0;0.0;0.0;0
681730;Nowhere Prophet;;;;12.49;0;50000;4;71.7;803;317;0;27;1;5;full;0;0;0;4.0;1;Novato;286;0;0;0;0;1;0;1;0;0;0;1;0;0;0;1;0;0;0;0;1;0;1;1;0;0;1;0;0;0;0;0;0;0;0;0;0;0;0;1;0;1;1;0;0;0;0;0;0;0;0;0;0;0;0;0;0;0;0;0;0;0;1;0;0;0;0;0;0;0;0;0;0;0;0;0;0;0;0;124;72;52;68;0;29;33.17;0.581;1
1905270;Aery - A New Frontier;;;;4.99;0;20000;0;96.55;56;2;0;8;0;1;full;0;0;0;4.0;1;Novato;294;0;0;1;0;1;0;0;0;1;0;0;0;0;0;1;0;0;0;0;1;0;1;0;0;0;0;0;0;0;0;0;0;0;1;0;0;0;0;0;0;0;0;0;0;0;0;0;0;0;0;0;0;1;0;0;0;0;0;0;0;0;0;1;0;0;0;0;1;1;0;1;0;0;0;0;0;0;0;2;2;0;2;0;2;1.68;1.0;0
3148490;Kindred [Subject 6244];;;;1.49;0;20000;0;100.0;25;0;0;14;0;2;none;0;0;0;2.0;1;Novato;291;0;0;0;0;1;0;0;0;0;0;0;0;0;0;1;0;0;0;0;0;0;1;0;0;0;0;0;0;0;0;0;0;0;1;0;0;0;1;0;0;0;0;0;0;0;0;0;0;0;0;0;0;0;0;0;0;0;0;0;1;0;1;0;0;0;0;1;1;0;0;1;1;0;0;0;0;0;0;40;39;1;34;0;16;1.61;0.975;0
2195630;circloO;;;;0.89;0;20000;0;94.44;17;1;0;11;0;1;none;0;0;0;4.0;1;Novato;300;0;0;1;0;1;0;0;0;0;0;0;0;0;0;1;0;0;0;0;0;0;1;1;0;0;0;0;0;0;0;0;0;0;0;0;0;0;0;0;0;0;0;0;1;0;0;0;0;0;0;0;0;0;0;0;0;0;1;0;0;0;1;0;0;0;0;0;0;1;0;1;1;0;0;0;0;0;0;10;9;1;9;0;9;510.19;0.9;0
2176850;Suffer The Night;;;;0.7;0;20000;0;79.02;162;43;0;10;0;4;none;0;0;0;4.0;1;Novato;260;1;1;0;0;0;0;0;0;0;0;0;0;0;0;1;0;0;0;0;0;0;0;0;0;0;0;0;0;0;0;0;0;0;0;0;0;1;1;0;0;0;0;0;0;0;0;0;0;0;0;0;0;0;0;0;0;0;1;0;0;0;1;1;0;0;0;0;1;0;0;0;0;0;0;0;0;1;0;125;80;45;96;0;28;6.97;0.64;0
2161120;Slime Ranger Sokoban;;;;1.99;0;50000;0;87.5;21;3;0;8;0;1;full;0;0;0;1.0;1;Novato;232;0;0;1;0;0;0;0;0;0;0;0;0;0;0;1;0;0;0;0;1;0;1;1;0;0;0;0;0;0;0;0;0;0;0;0;0;0;0;0;0;0;1;0;0;0;0;0;0;0;0;0;0;0;0;0;0;0;1;0;0;1;0;0;0;0;1;0;0;1;0;0;0;0;0;0;0;0;0;1;0;1;1;0;1;1.7;0.0;1
1382670;FIRE  TRUMP - Air Combat VR;;;;4.99;0;50000;0;66.67;2;1;0;17;1;4;none;0;0;0;8.0;1;Novato;231;0;1;1;0;1;0;0;0;1;0;0;0;0;0;1;0;0;0;0;0;0;1;1;0;0;0;0;0;0;1;0;0;0;0;0;0;0;0;0;0;0;0;0;0;0;0;0;0;0;0;0;0;1;0;0;0;0;0;0;0;0;0;1;1;0;0;0;0;0;0;1;0;0;0;1;0;1;0;0;0;0;0;0;0;0.0;0.0;1
611660;Fallout 4 VR;;;;35.99;0;500000;40;60.61;5030;3269;0;50;0;10;none;0;0;0;8.0;1;Novato;200;0;0;0;0;0;0;1;0;0;0;0;0;0;0;1;0;0;0;0;0;0;0;0;0;0;0;0;0;0;1;1;0;0;0;0;0;1;0;1;0;0;0;0;0;0;0;0;0;0;0;0;0;0;0;0;0;0;0;0;0;0;0;0;0;0;0;0;1;0;0;0;0;0;0;1;0;1;1;1000;500;500;656;0;25;41.93;0.5;1
312980;Graviteam Tactics: Mius-Front;;;;17.99;0;50000;9;89.13;927;113;0;39;30;2;none;0;0;0;2.0;1;Novato;239;0;0;0;0;0;0;0;0;1;0;1;0;0;0;1;0;0;0;0;0;0;1;1;0;0;1;0;0;0;0;0;0;0;0;0;0;0;0;0;0;0;1;0;0;0;0;0;0;0;0;0;0;1;0;0;0;0;0;0;0;0;0;0;1;0;0;0;1;0;1;0;0;0;0;0;0;0;0;224;204;20;222;0;29;166.46;0.911;1
2707090;The Nefargad;;;;3.49;0;20000;0;100.0;13;0;0;18;0;2;none;0;0;0;8.0;1;Novato;241;1;1;0;0;1;0;0;0;0;0;0;0;0;0;1;0;0;0;0;0;0;0;0;0;0;0;0;0;0;1;0;0;0;1;0;0;0;1;0;0;0;0;0;0;0;0;0;0;0;0;0;0;0;0;0;0;0;1;0;0;0;0;0;1;0;0;1;1;0;0;0;0;0;0;0;0;0;0;4;3;1;4;0;4;4.01;0.75;0
1418090;Cafe Deux Femmes;;;;2.99;0;20000;0;68.18;15;7;0;5;3;1;none;0;0;0;1.0;1;Novato;223;0;0;1;0;1;0;0;0;1;0;0;0;0;0;1;0;0;0;0;0;0;1;0;0;0;0;0;0;0;0;0;0;0;1;0;0;0;0;0;0;0;0;0;0;0;0;0;0;0;0;0;0;1;0;0;0;0;0;0;1;1;0;0;0;0;0;0;0;1;0;1;0;0;0;0;0;0;0;2;0;2;2;0;2;1.98;0.0;0
72900;Winter Voices;;;;0.0;1;50000;0;65.3;175;93;0;64;0;3;none;0;0;0;0.0;1;Novato;66;0;1;0;0;1;0;1;0;0;0;0;0;0;0;1;0;0;0;0;0;0;1;0;0;0;1;0;0;0;0;0;0;0;1;0;0;0;0;1;0;1;0;0;0;0;0;0;0;0;0;0;0;0;0;0;0;0;0;0;0;0;0;0;0;0;0;0;1;0;0;0;1;0;1;0;0;0;0;25;21;4;25;0;17;10.33;0.84;1
7730;X-COM: Interceptor;;;;0.93;0;100000;0;54.55;114;95;0;0;0;1;none;0;0;0;0.02;1;Novato;209;0;0;0;0;0;0;0;0;0;0;1;0;0;0;1;1;0;0;0;0;0;0;0;0;0;0;0;0;0;0;0;0;0;0;0;0;0;0;0;0;0;1;0;0;0;0;0;0;0;0;0;0;1;0;0;0;0;0;0;0;0;0;0;0;0;0;0;0;0;0;0;0;0;0;0;0;0;0;51;31;20;32;0;25;7.49;0.608;1
377360;Western Press;;;;2.99;0;50000;1;66.9;188;93;0;25;1;1;none;0;0;0;1.0;1;Novato;247;1;0;0;0;1;0;0;0;0;0;0;0;0;0;1;1;0;0;0;0;1;1;1;1;0;1;1;0;0;0;0;0;0;0;0;0;0;0;0;0;0;0;0;0;0;0;0;1;0;0;0;0;0;0;0;0;0;0;0;0;0;1;0;0;0;0;0;0;0;0;1;1;0;0;0;0;0;0;38;31;7;22;0;24;3.65;0.816;1
1975180;The Night of the Scissors;;;;1.99;0;50000;0;94.69;392;22;0;7;1;10;full;0;0;0;4.0;1;Novato;65;1;1;0;0;1;0;0;0;0;0;0;0;0;0;1;0;0;0;0;1;0;1;0;0;0;0;0;0;0;0;0;0;0;0;0;0;0;1;0;0;0;0;0;0;0;0;0;0;0;0;0;0;0;0;0;0;0;0;0;0;0;0;1;0;0;0;0;1;0;0;0;0;0;0;0;0;0;1;155;135;20;145;0;28;1.2;0.871;1
898920;Axis & Allies 1942 Online;;;;10.49;0;200000;577;78.2;3663;1021;0;0;0;8;none;0;0;0;6.0;1;Novato;289;0;0;0;0;0;0;0;0;0;0;1;0;0;0;1;1;1;1;0;0;1;0;0;0;0;0;0;1;0;0;0;0;0;0;0;0;0;0;0;0;0;1;0;0;0;0;1;1;1;1;0;0;0;0;0;0;0;0;0;0;0;1;0;0;0;0;0;0;0;0;0;0;0;0;0;0;0;0;1000;806;194;925;0;29;420.85;0.806;1
2178070;Towers of Aghasba;;;;14.99;0;100000;18;68.6;1241;568;0;34;0;10;none;0;0;0;16.0;1;Novato;217;1;1;1;0;0;0;1;0;0;0;0;0;0;1;1;1;1;1;0;0;1;1;0;0;0;0;0;0;0;0;1;1;0;0;0;0;0;0;1;1;0;0;0;0;0;0;0;0;0;0;0;1;0;0;0;0;0;0;0;0;0;0;0;0;0;0;0;0;0;0;1;0;1;0;0;0;0;0;1000;753;247;923;1000;19;22.94;0.753;1
1157250;Anomaly Zone;;;;0.0;1;200000;43;49.78;444;448;0;0;9;2;none;0;0;0;4.0;1;Novato;268;1;0;0;0;1;1;1;0;0;0;0;0;0;0;0;1;1;0;0;0;0;0;0;0;0;0;0;0;0;0;1;0;0;0;0;0;1;0;1;0;0;0;0;0;0;0;0;1;0;0;0;0;0;0;0;0;0;0;0;0;0;0;0;0;0;0;0;0;0;0;0;1;0;1;0;0;0;0;309;118;191;309;0;29;198.24;0.382;1
2060160;The Farmer Was Replaced;;;;5.79;0;200000;31;96.95;1496;47;0;59;1;11;none;0;0;0;4.0;1;Novato;226;0;0;1;0;1;0;0;0;1;0;1;0;0;0;1;0;0;0;0;0;0;1;1;0;0;0;0;0;0;0;0;0;0;0;0;0;0;0;0;0;0;1;0;0;0;0;0;0;0;0;0;1;1;0;0;0;0;1;0;0;0;0;1;0;0;0;0;0;0;0;0;0;1;0;0;0;0;0;1000;935;65;964;0;4;17.9;0.935;1
390340;Umbrella Corps;;;;15.0;0;100000;8;31.25;965;2123;0;41;2;12;full;0;0;0;4.0;1;Novato;199;1;0;0;0;0;0;0;0;0;0;0;0;0;0;1;1;0;0;0;1;0;1;1;0;0;1;0;0;0;1;0;0;0;0;0;0;1;1;0;0;0;0;0;0;0;0;1;1;0;1;0;0;0;0;0;0;0;0;0;0;0;0;0;0;0;0;0;1;0;0;1;0;0;0;0;0;1;0;465;201;264;293;0;29;14.61;0.432;1
263520;Enola;;;;14.99;0;20000;0;65.09;110;59;0;0;0;1;none;0;0;0;1.0;1;Novato;73;0;1;1;0;1;0;0;0;0;0;0;0;0;0;1;0;0;0;0;0;0;0;1;0;0;1;0;0;0;1;0;0;0;1;0;0;0;1;0;0;0;0;0;0;0;0;0;0;0;0;0;0;0;0;0;0;0;1;0;0;0;0;0;0;0;0;1;1;0;0;1;1;0;0;0;0;0;1;16;8;8;11;0;14;7.61;0.5;0
703320;Hidden & Dangerous 2: Courage Under Fire;;;;9.99;0;50000;7;95.32;836;41;0;0;0;5;none;0;0;0;0.5;1;Novato;253;1;0;0;0;0;0;0;0;0;0;1;0;0;0;1;0;0;0;0;0;0;0;0;0;0;0;0;0;0;1;0;0;0;0;0;0;0;0;0;0;0;1;0;0;0;0;1;1;0;0;0;0;0;0;0;0;0;0;0;0;0;0;0;0;0;0;0;0;0;0;0;0;0;0;0;0;1;1;284;271;13;215;0;29;26.65;0.954;1
486310;Meadow - A Shelter Game;;;;0.79;0;500000;7;89.41;5283;626;0;137;12;17;none;0;0;0;4.0;1;Novato;210;0;1;0;0;1;1;0;0;0;0;0;0;0;0;0;1;1;1;0;0;0;1;1;0;0;1;0;0;0;0;1;0;0;0;0;0;0;0;1;0;0;0;0;0;0;0;1;1;0;0;0;1;1;0;0;0;0;0;0;0;0;0;0;0;0;0;0;1;1;0;1;1;0;0;0;0;0;0;328;272;56;263;0;29;38.19;0.829;1
2269380;Lost Oliver;;;;0.89;0;50000;0;100.0;12;0;0;13;0;103;full;0;0;0;0.0;1;Novato;161;0;0;1;0;0;0;0;0;0;0;0;0;0;0;1;0;0;0;0;1;0;1;0;0;0;0;0;0;0;0;0;0;0;0;0;0;0;0;0;0;0;0;0;0;0;0;0;0;0;0;0;0;0;0;0;0;0;1;0;0;0;1;0;0;0;0;0;0;1;0;1;0;0;0;0;0;0;0;16;16;0;13;0;11;2.54;1.0;1
968970;Lumberjack's Dynasty;;;;19.99;0;100000;26;71.14;1891;767;0;33;1;13;full;0;0;0;4.0;1;Novato;130;0;0;0;0;0;0;0;0;1;0;0;0;0;0;1;0;0;0;0;1;0;1;0;0;0;1;0;0;0;1;1;1;0;0;0;0;0;0;1;0;0;0;0;0;0;0;0;0;0;0;0;0;1;0;0;0;0;0;0;0;0;0;0;1;0;0;0;1;1;0;1;0;0;0;0;0;0;0;455;311;144;351;0;29;67.2;0.684;1
989440;Phantom Abyss;;;;10.49;0;200000;2;82.4;1831;391;0;18;1;10;full;0;0;0;8.0;1;Novato;191;1;1;0;0;1;1;0;0;0;0;0;0;0;0;1;1;0;0;0;1;0;0;1;0;0;0;0;0;0;1;0;0;0;0;0;0;0;0;0;0;0;0;0;1;0;0;0;0;0;0;0;0;0;0;0;0;0;0;0;0;0;0;1;0;0;0;0;1;0;0;0;0;0;0;0;0;1;0;285;166;119;246;8;28;33.49;0.582;1
1002290;某1种青春;;;;0.0;1;20000;1;96.39;374;14;0;0;0;1;none;0;0;0;1.0;1;Novato;115;0;0;1;0;1;0;0;0;0;0;0;0;0;0;1;0;0;0;0;0;0;0;0;0;0;0;0;0;0;0;0;0;0;0;0;0;0;0;0;0;0;0;0;0;0;0;0;0;0;0;0;0;0;0;0;0;0;0;0;1;1;0;0;0;0;0;0;0;0;0;1;1;0;1;0;0;0;0;39;37;2;39;0;23;25.65;0.949;0
1077730;HRDINA;;;;0.0;1;50000;0;89.71;462;53;0;13;1;3;none;0;0;0;4.0;1;Novato;135;1;0;1;0;1;0;0;0;0;0;0;0;0;0;1;0;0;0;0;0;1;1;0;0;0;0;0;0;0;0;0;0;0;0;0;0;0;0;0;0;0;0;0;1;0;0;0;0;0;0;0;0;0;0;0;0;0;0;0;0;0;0;0;0;0;0;0;0;0;0;1;1;0;1;0;0;0;0;17;15;2;17;0;15;3.91;0.882;1
2701510;奕剑江湖;;;;0.0;1;100000;289;87.87;616;85;0;0;0;1;none;0;0;0;2.0;1;Novato;123;0;0;0;0;0;0;0;0;0;0;0;0;0;0;0;1;0;0;0;0;0;0;0;0;1;0;0;0;0;0;0;0;0;0;0;0;0;0;0;0;0;1;0;0;0;0;0;1;0;1;1;0;0;0;0;0;0;0;0;0;0;0;0;0;0;0;0;0;0;0;0;0;0;1;0;1;0;0;715;624;91;715;0;19;51.21;0.873;1
822930;Wolf Tails;;;;9.99;0;20000;1;95.46;862;41;0;12;1;1;none;0;0;0;0.5;1;Novato;264;0;0;1;0;1;0;0;0;0;0;0;0;0;0;1;0;0;0;0;0;1;1;0;0;0;1;0;0;0;0;0;0;0;0;0;0;0;0;0;0;0;0;0;0;0;0;0;0;0;0;0;0;0;0;0;0;0;0;0;1;1;0;0;0;0;0;0;0;0;0;1;1;0;0;0;0;0;0;111;102;9;104;0;28;22.15;0.919;0
341890;HitBox;;;;0.0;1;20000;2;59.59;87;59;0;0;0;1;full;0;0;0;4.0;1;Novato;203;1;0;0;0;1;0;0;0;0;0;0;0;0;0;1;1;0;0;0;1;0;1;1;0;0;1;1;0;0;0;0;0;0;0;0;0;0;0;0;0;0;0;0;0;0;0;0;1;0;0;0;0;0;0;0;0;0;0;0;0;0;0;0;0;0;0;0;0;0;0;0;1;0;1;0;0;0;0;20;15;5;20;0;14;6.61;0.75;0
2025710;Koatl the defender : The Lost Tunnels;;;;19.99;0;20000;0;83.33;5;1;0;38;0;2;full;0;0;0;4.0;1;Novato;136;1;1;0;0;1;0;0;0;0;0;0;0;0;0;1;0;0;0;0;1;0;1;0;0;0;0;0;0;0;0;0;0;0;1;0;0;0;0;0;1;0;0;0;0;1;0;0;0;0;0;0;0;0;0;0;0;0;0;0;0;1;0;1;0;0;1;0;0;0;0;0;0;0;0;0;0;0;0;6;5;1;4;0;6;5.96;0.833;0
551730;Toukiden 2;;;;49.99;0;50000;6;80.0;1132;283;0;50;8;2;none;0;0;0;3.0;1;Novato;212;1;0;0;0;0;0;0;0;0;0;0;0;0;0;1;1;1;1;0;0;1;1;1;0;0;1;0;0;0;0;1;0;0;0;0;0;0;0;1;1;0;0;0;0;0;0;1;1;0;0;0;0;0;0;0;0;0;0;0;0;1;0;0;0;0;0;0;0;0;0;0;0;0;0;0;0;0;0;118;93;25;100;0;29;37.4;0.788;1
290730;My Lands: Black Gem Hunting;;;;0.0;1;500000;65;83.67;2766;540;0;36;12;19;none;0;0;0;1.0;1;Novato;280;0;0;1;0;1;1;0;0;0;0;1;0;0;0;0;1;1;0;0;0;0;1;0;0;0;0;0;0;0;0;0;0;0;0;0;0;0;0;1;0;0;1;0;0;0;0;1;1;0;0;0;0;0;0;0;0;0;0;0;0;0;1;0;0;0;0;0;0;0;0;1;1;0;1;0;0;0;0;72;41;31;72;0;26;1444.0;0.569;1
271550;Tribloos 2;;;;4.99;0;100000;0;84.33;253;47;0;22;0;8;none;0;0;0;1.0;1;Novato;304;0;0;1;0;1;0;0;0;0;0;1;0;0;0;1;0;0;0;0;0;0;1;0;0;0;1;0;0;0;0;0;0;0;0;0;0;0;0;0;0;0;1;0;1;0;0;0;0;0;0;0;0;0;0;0;0;0;0;0;0;0;0;0;0;0;0;0;0;0;0;1;1;0;0;0;0;0;0;15;11;4;3;0;12;7.63;0.733;1
1121530;Globesweeper: Hex Puzzler;;;;1.34;0;20000;0;89.56;163;19;0;30;0;8;none;0;0;0;2.0;1;Novato;128;0;0;1;0;1;0;0;0;0;0;0;0;0;0;1;0;0;0;0;0;0;1;1;0;0;0;0;0;0;0;0;0;0;0;0;0;0;0;0;0;0;0;0;0;0;0;0;0;0;0;0;0;0;0;0;0;0;1;0;0;0;0;0;0;0;0;0;0;0;0;1;1;0;0;0;0;0;0;86;74;12;84;0;27;30.37;0.86;0
1779240;天国病院-Heaven's Hospital-;;;;1.49;0;20000;0;100.0;4;0;0;24;0;14;none;0;0;0;8.0;1;Novato;263;1;0;0;0;1;0;0;0;0;0;0;0;0;0;1;0;0;0;0;0;0;0;0;0;0;0;0;0;0;0;0;0;0;0;0;0;0;1;0;0;0;0;0;0;0;0;0;0;0;0;0;0;0;1;0;0;0;0;0;0;0;0;1;0;0;0;0;0;0;0;0;1;0;0;0;0;1;1;0;0;0;0;0;0;0.0;0.0;0
648120;Pixel Sketch;;;;0.0;1;1000000;0;73.12;740;272;0;0;0;27;none;0;0;0;0.5;1;Novato;69;0;0;1;0;1;0;0;0;0;0;0;0;0;0;0;1;0;0;0;0;0;0;0;0;0;1;0;0;0;1;0;0;0;0;0;0;0;0;0;0;0;0;0;0;0;0;0;0;0;1;0;0;1;0;0;0;0;1;0;0;0;0;0;0;0;0;0;0;0;0;1;0;0;0;0;0;0;0;102;61;41;102;0;27;30.12;0.598;1
105420;Ms. Splosion Man;;;;9.99;0;50000;1;79.18;251;66;0;12;0;9;full;0;0;0;2.0;1;Novato;331;1;0;0;0;1;0;0;0;0;0;0;0;0;0;1;1;1;0;0;1;0;1;1;0;0;0;1;0;0;0;0;0;0;0;0;0;0;0;0;0;0;0;0;1;0;0;1;0;1;0;0;0;0;0;0;0;0;0;0;0;0;0;0;0;0;0;0;0;0;1;0;1;0;0;0;0;0;0;57;46;11;53;0;23;9.35;0.807;1
294000;Knight Squad;;;;14.99;0;50000;1;86.75;347;53;0;15;1;1;none;0;0;0;1.0;1;Novato;296;1;0;0;0;1;0;0;0;0;0;0;0;0;0;1;1;0;0;0;0;1;1;1;0;0;1;1;0;0;0;0;0;0;0;0;0;0;0;0;0;0;0;0;0;0;0;1;1;1;0;0;0;0;0;0;0;0;0;0;0;0;1;0;0;0;0;0;0;0;1;1;1;0;0;0;0;0;0;32;28;4;19;0;20;4.67;0.875;1
1358050;Sanatorium «Anthropocene Retreat»;;;;0.0;1;100000;0;55.56;5;4;0;0;0;2;none;0;0;0;2.0;1;Novato;300;1;1;1;0;1;0;1;0;0;0;0;0;0;0;1;0;0;0;0;0;0;0;0;0;0;0;0;0;0;1;0;0;0;0;0;0;0;0;1;1;0;0;0;0;0;0;0;0;0;0;0;0;0;0;0;0;0;0;0;0;0;0;0;0;0;0;0;0;0;0;0;0;0;0;0;0;1;0;5;3;2;5;0;4;0.74;0.6;1
521620;Alchemist Adventure;;;;7.99;0;20000;1;73.39;91;33;0;32;1;14;full;0;0;0;4.0;1;Novato;206;1;1;0;0;1;0;0;0;0;0;0;0;0;0;1;1;1;0;0;1;0;1;0;0;0;0;0;1;0;0;1;0;0;0;0;0;0;0;1;1;0;1;0;0;0;0;1;0;0;0;0;0;0;0;0;0;0;0;0;0;0;0;0;0;0;0;0;1;0;0;0;0;0;0;0;0;0;0;27;10;17;14;0;14;11.4;0.37;0
2920520;RetroZen;;;;1.49;0;50000;0;66.67;4;2;0;30;0;16;none;0;0;0;8.0;1;Novato;127;0;0;1;0;1;0;0;1;1;0;0;0;0;0;1;0;0;0;0;0;0;1;0;0;0;0;0;0;0;1;0;0;0;0;0;0;0;0;0;0;0;0;0;0;0;0;0;0;0;0;0;0;0;0;0;0;1;0;0;0;0;0;1;1;0;0;0;1;1;0;0;0;0;0;0;0;0;0;9;7;2;7;0;6;4.72;0.778;1
1351210;Gord;;;;17.99;0;20000;4;54.37;460;386;0;64;5;12;full;0;0;0;8.0;1;Novato;283;0;1;0;0;1;0;0;0;1;0;1;0;0;0;1;0;0;0;0;1;0;1;1;0;0;1;0;0;0;0;0;0;0;0;0;0;1;0;0;0;0;1;0;0;0;0;0;0;0;0;0;0;0;0;1;0;0;0;0;0;0;0;0;0;0;0;0;1;0;0;0;0;0;0;0;0;0;0;458;245;213;381;0;29;16.01;0.535;0
1033410;Fragsurf;;;;0.0;1;50000;1;83.7;226;44;0;0;0;1;none;0;0;0;4.0;1;Novato;164;1;1;1;0;1;0;0;0;0;0;0;0;0;1;1;1;1;1;0;0;0;0;0;1;0;0;0;0;0;1;0;0;0;0;0;0;0;0;0;0;0;0;0;0;0;0;0;1;0;1;0;0;0;0;0;0;0;0;0;0;0;0;0;0;0;0;0;0;0;0;1;1;1;1;0;0;1;0;144;119;25;144;144;25;30.48;0.826;1
1449100;Kore;;;;0.0;1;20000;0;79.62;125;32;0;4;0;1;full;0;0;0;8.0;1;Novato;130;0;1;0;0;1;0;0;0;0;0;0;0;0;0;1;0;0;0;0;1;0;1;0;0;0;0;0;0;0;0;0;0;0;0;0;0;0;0;0;0;0;0;0;0;0;0;0;0;0;0;0;0;0;0;0;0;0;0;0;0;0;0;0;0;0;0;0;1;0;0;0;1;0;1;0;0;0;1;15;13;2;15;0;11;1.1;0.867;0
2650320;POWERNAUT DECAY;;;;0.99;0;20000;0;75.0;6;2;0;30;0;1;full;0;0;0;0.04;1;Novato;62;1;1;0;0;1;0;0;0;0;0;0;0;0;0;1;0;0;0;0;1;0;1;0;0;0;0;0;0;0;0;0;0;0;0;0;0;0;0;0;0;0;0;0;1;1;0;0;0;0;0;0;0;0;0;0;0;0;0;0;0;0;1;0;0;0;0;0;0;0;0;0;0;0;0;0;0;0;0;13;11;2;13;0;6;3.96;0.846;0
2062390;Clockwork Survivors;;;;5.99;0;20000;0;88.89;8;1;0;0;0;1;full;0;0;0;0.0;1;Novato;284;1;0;0;0;0;0;0;0;0;0;0;0;0;0;1;0;0;0;0;1;0;0;1;0;0;0;0;0;0;0;0;0;0;0;0;0;0;0;0;1;0;0;0;0;0;0;0;0;0;0;0;0;0;0;0;0;0;0;0;0;0;1;0;0;0;0;0;0;0;0;0;0;0;0;0;0;0;0;1;1;0;1;0;1;0.22;1.0;0
1700220;东方远空界 ~ Ultimate Vitality of Imagination;;;;9.99;0;20000;0;86.75;72;11;0;24;1;1;none;0;0;0;2.0;1;Novato;68;1;0;1;0;1;0;0;0;0;0;0;0;0;0;1;0;0;0;0;0;1;0;0;0;0;0;0;0;0;0;0;0;0;0;0;0;0;0;0;0;0;0;0;0;0;0;0;0;0;0;0;0;0;0;0;0;0;0;0;0;1;0;0;0;0;0;0;0;0;0;1;0;0;0;0;0;0;0;21;17;4;20;0;15;7.79;0.81;0
779640;妄想症：Deliver Me;;;;1.99;0;100000;3;87.38;2098;303;0;20;2;1;none;0;0;0;1.0;1;Novato;299;0;1;0;0;1;0;0;0;1;0;0;0;0;0;1;0;0;0;0;0;0;1;1;0;0;1;0;0;0;0;0;0;0;0;0;0;0;1;0;0;0;0;0;0;0;0;0;0;0;0;0;0;1;0;0;0;0;0;0;1;1;0;0;0;0;0;0;0;0;0;1;1;0;0;0;0;0;0;437;380;57;411;0;29;16.96;0.87;1
2270210;DunHero;;;;4.99;0;20000;0;89.9;374;42;0;20;1;2;full;0;0;0;4.0;1;Novato;203;1;1;0;0;1;0;1;0;0;0;0;0;0;0;1;1;1;1;0;1;0;1;1;0;0;0;1;1;0;0;0;0;0;0;0;0;0;0;1;1;0;0;0;0;0;0;0;0;0;0;0;0;0;0;0;0;0;0;0;0;0;1;0;0;0;0;0;0;0;0;0;0;1;0;0;0;0;0;577;511;66;511;474;28;12.56;0.886;0
1557990;Retail Royale;;;;4.99;0;200000;4;76.78;4192;1268;0;0;0;1;none;0;0;0;4.0;1;Novato;78;1;0;0;0;0;1;0;0;0;0;1;0;0;0;0;1;1;1;0;0;0;0;1;0;1;0;0;0;0;1;0;1;0;0;0;0;0;0;0;0;0;1;0;0;0;0;1;1;0;1;1;0;0;0;0;0;0;0;0;0;0;0;0;0;0;0;0;0;0;0;0;0;0;1;0;0;1;0;876;598;278;54;0;29;7.32;0.683;1
2747720;Russian Roulette: Online;;;;2.99;0;100000;0;55.88;19;15;0;0;0;9;none;0;0;0;4.0;1;Novato;233;0;0;0;0;1;1;0;0;0;0;0;0;0;0;1;1;1;1;0;0;0;0;0;0;0;0;0;0;0;1;0;0;0;0;0;0;1;0;1;0;0;0;0;0;0;0;1;1;0;1;0;0;1;0;0;0;0;0;0;0;0;0;1;1;0;0;0;1;0;0;0;0;0;0;0;0;1;0;34;20;14;25;0;9;1.66;0.588;1
1122970;Zombie Island;;;;0.0;1;50000;0;66.23;102;52;0;0;0;1;none;0;0;0;2.0;1;Novato;167;1;1;1;0;1;0;0;0;1;0;1;0;0;0;1;0;0;0;0;0;0;0;0;0;0;0;0;0;0;0;0;0;0;0;0;0;1;0;0;0;0;1;0;0;0;0;0;1;0;0;0;0;1;0;0;0;0;0;0;0;0;0;0;0;0;0;0;0;0;0;1;1;0;1;0;0;1;0;30;25;5;30;0;16;4.26;0.833;1
1181830;Urtuk: The Desolation;;;;7.79;0;50000;33;88.37;2090;275;0;20;1;6;none;0;0;0;2.0;1;Novato;269;0;0;0;0;0;0;1;0;0;0;1;0;0;0;1;0;0;0;0;0;0;1;0;0;0;0;0;0;0;0;0;0;0;0;0;0;0;0;0;0;1;1;0;0;0;0;0;0;0;0;0;0;0;0;0;0;0;0;0;0;0;1;0;0;0;0;1;0;0;1;0;0;0;0;0;0;0;0;380;312;68;372;0;29;100.1;0.821;1
1201280;A Space For The Unbound - Prologue;;;;0.0;1;20000;1;98.0;1277;26;0;0;0;12;none;0;0;0;1.0;1;Novato;273;0;1;0;0;1;0;0;0;0;0;0;0;0;0;1;0;0;0;0;0;1;0;0;0;0;0;0;0;0;0;0;0;0;1;0;0;0;0;0;0;0;0;0;0;0;0;0;0;0;0;0;0;0;0;0;0;0;0;1;0;1;1;0;0;0;0;0;1;1;0;1;0;0;0;0;0;0;0;89;83;6;89;0;28;2.49;0.933;0
2991500;Hotelnomaly;;;;3.59;0;20000;0;94.74;18;1;0;25;0;15;none;0;0;0;4.0;1;Novato;252;1;1;0;0;1;0;0;0;1;0;0;0;0;0;1;0;0;0;0;0;0;1;0;0;0;0;0;0;0;1;0;0;0;0;0;0;0;1;0;0;0;0;0;0;0;0;0;0;0;0;0;0;1;0;0;0;0;0;0;0;0;0;1;1;0;0;0;0;0;0;0;1;0;0;0;0;0;0;21;19;2;18;0;6;1.61;0.905;0
1526870;Otherwar;;;;3.99;0;20000;0;74.47;70;24;0;38;3;6;full;0;0;0;2.0;1;Novato;260;0;0;0;0;1;0;0;0;0;0;0;0;0;0;1;0;0;0;0;1;0;1;1;0;0;1;0;0;0;0;0;0;0;0;0;0;0;0;0;0;0;1;1;0;0;0;0;0;0;0;0;0;0;0;0;0;0;0;0;0;0;1;0;0;0;0;0;1;0;0;0;0;0;0;0;0;0;0;50;29;21;21;0;20;5.48;0.58;0
4890;Cossacks II: Battle for Europe;;;;0.74;0;100000;33;80.74;889;212;0;0;0;2;none;0;0;0;0.0;1;Novato;171;0;0;0;0;0;0;0;0;0;0;1;0;0;0;1;1;0;0;0;0;0;0;0;0;0;0;1;0;0;0;0;0;0;0;0;0;0;0;0;0;0;1;0;0;0;0;0;0;0;0;0;0;0;0;0;0;0;0;0;0;0;0;0;0;0;0;0;0;0;0;0;0;0;0;0;0;0;0;292;240;52;259;0;29;84.32;0.822;1
892960;Dimension Of Gameth;;;;0.0;1;20000;0;73.68;14;5;0;0;0;1;none;0;0;0;1.0;1;Novato;115;0;0;0;0;1;0;0;0;0;0;1;0;0;0;1;1;0;0;0;0;0;0;0;0;1;0;0;0;0;0;0;0;0;0;0;0;0;0;0;0;1;1;0;0;0;0;0;1;0;0;0;0;0;0;0;0;0;0;0;0;0;0;0;0;0;0;0;0;0;1;0;1;0;1;0;0;0;0;6;5;1;6;0;4;6.99;0.833;0
603130;Masked Shooters;;;;14.99;0;20000;0;70.21;99;42;0;13;0;1;none;0;0;0;1.0;1;Novato;90;1;0;0;0;1;0;0;0;0;0;0;0;0;0;1;0;0;0;0;0;1;1;0;0;0;1;0;0;0;1;0;0;0;0;0;0;0;0;0;0;0;0;0;0;0;0;0;0;0;0;0;0;0;0;0;0;0;0;0;0;0;0;0;0;0;0;0;0;0;0;0;1;0;0;0;0;1;0;20;15;5;19;0;16;1.82;0.75;0
1345890;Deliver Us Mars;;;;4.49;0;200000;11;75.19;1931;637;0;33;1;13;full;0;0;0;8.0;1;Novato;170;1;1;0;0;1;0;0;0;0;0;0;0;0;0;1;0;0;0;0;1;0;1;1;0;0;1;0;0;0;1;0;0;0;1;0;0;0;0;0;0;0;0;0;1;0;0;0;0;0;0;0;0;0;0;0;0;0;0;0;0;0;0;0;1;0;0;0;1;0;0;0;0;0;0;0;0;0;0;1000;744;256;672;0;26;9.71;0.744;1
804210;Star Advent;;;;0.89;0;20000;1;62.03;98;60;0;5000;1;1;none;0;0;0;0.5;1;Novato;89;1;1;0;0;1;0;0;0;0;0;0;0;0;0;1;0;0;0;0;0;0;1;0;0;0;0;0;0;0;0;0;0;0;0;0;0;0;0;0;0;0;0;0;0;0;0;0;0;0;0;0;0;0;0;0;0;0;0;0;0;0;0;0;0;0;0;0;0;0;0;0;1;0;0;0;0;0;0;60;47;13;58;0;24;2.41;0.783;0
239700;Hate Plus;;;;5.79;0;50000;1;83.62;490;96;0;11;1;2;none;0;0;0;2.0;1;Novato;283;0;0;0;0;1;0;0;0;0;0;0;0;0;0;1;0;0;0;0;0;0;1;1;0;0;0;0;0;0;0;0;0;0;1;0;0;0;0;0;0;0;0;0;0;0;0;0;0;0;0;0;0;0;0;0;0;0;0;0;1;1;1;0;0;0;0;0;0;0;0;0;1;0;0;0;0;0;0;21;18;3;19;0;15;12.28;0.857;1
3328480;TETRIS® THE GRAND MASTER 4 -ABSOLUTE EYE-;;;;17.99;0;20000;26;86.03;388;63;0;34;0;11;full;0;0;0;4.0;1;Novato;234;1;0;1;0;0;0;0;0;0;0;0;0;0;0;1;1;0;0;0;1;0;1;1;0;0;0;1;0;0;0;0;0;0;0;0;0;0;0;0;0;0;0;0;0;0;0;0;1;0;1;0;0;0;0;0;0;0;1;0;0;1;1;0;0;0;0;0;0;0;1;1;0;0;0;0;0;0;0;605;530;75;576;0;14;37.35;0.876;0
2222680;Markus Ritter - Ghosts Of The Past;;;;6.59;0;20000;0;95.45;42;2;0;29;0;2;none;0;0;0;1.0;1;Novato;296;1;1;0;0;1;0;0;0;0;0;0;0;0;0;1;0;0;0;0;0;0;1;1;0;0;0;0;0;0;1;0;0;0;0;0;0;0;0;0;0;0;0;0;0;0;0;0;0;0;0;0;0;0;0;0;0;0;1;1;0;0;0;0;1;0;0;0;1;0;0;0;0;0;0;0;0;0;0;36;32;4;26;0;16;8.59;0.889;0
1920480;River City Girls 2;;;;18.99;0;50000;24;85.37;1465;251;0;62;1;10;full;0;0;0;4.0;1;Novato;276;1;1;0;0;0;0;1;0;0;0;0;0;0;0;1;1;1;1;0;1;0;1;1;0;0;0;1;1;0;0;1;0;0;0;0;0;0;0;1;1;0;0;0;0;0;0;0;0;0;0;0;0;0;0;0;0;0;0;0;0;1;1;0;0;0;0;0;0;0;0;0;0;0;0;0;0;0;0;775;659;116;485;0;29;17.23;0.85;1
1750290;Ninja: Rise of a Hero;;;;4.99;0;20000;0;100.0;1;0;0;20;0;9;full;0;0;0;0.5;1;Novato;75;1;1;0;0;1;0;0;0;0;0;0;0;0;0;1;0;0;0;0;1;0;1;0;0;1;0;0;0;0;0;0;0;0;0;0;0;0;0;0;0;0;0;0;1;0;0;0;0;0;0;0;0;0;0;0;0;0;0;0;0;0;0;0;0;0;0;0;0;0;0;0;0;0;0;0;0;0;0;0;0;0;0;0;0;0.0;0.0;0
1466090;Gothic 1881;;;;3.99;0;20000;0;66.67;6;3;0;0;0;2;none;0;0;0;2.0;1;Novato;247;0;1;0;0;0;0;0;0;0;0;0;0;0;0;1;0;0;0;0;0;0;0;0;0;0;0;0;0;0;0;0;0;0;1;0;0;0;0;0;0;0;0;0;0;0;0;0;0;0;0;0;0;0;0;0;0;0;0;0;0;0;1;0;0;0;0;0;0;0;0;0;0;0;0;0;0;0;0;2;1;1;2;0;2;1.21;0.5;0
443020;Victory and Glory: Napoleon;;;;14.99;0;20000;2;78.23;115;32;0;0;0;1;none;0;0;0;2.0;1;Novato;171;0;0;0;0;0;0;0;0;0;0;1;0;0;0;1;0;0;0;0;0;0;0;0;0;0;0;0;0;0;0;0;0;0;0;0;0;0;0;0;0;1;1;0;0;0;0;0;0;0;0;0;0;0;0;0;0;0;0;0;0;0;0;0;0;0;0;0;0;0;0;0;0;0;0;0;0;0;0;22;15;7;20;0;14;41.88;0.682;0
444260;Mindless Running;;;;0.89;0;20000;0;62.83;262;155;0;19;0;2;none;0;0;0;0.5;1;Novato;132;0;1;0;0;1;0;0;0;0;0;0;0;0;0;1;0;0;0;0;0;1;1;0;0;0;1;0;0;0;0;0;0;0;0;0;0;0;0;0;0;0;0;0;0;0;0;0;0;0;0;0;0;0;0;0;0;0;0;0;0;0;0;0;0;0;0;0;0;0;1;0;1;0;0;0;0;0;0;32;19;13;28;0;20;18.1;0.594;0
1786490;Legend of Krilona;;;;10.99;0;20000;0;100.0;3;0;0;0;0;1;none;0;0;0;4.0;1;Novato;125;0;1;1;0;0;0;1;0;0;0;0;0;0;0;1;0;0;0;0;0;0;0;0;0;0;0;0;0;0;0;0;0;0;0;0;0;0;0;1;0;0;0;0;0;0;0;0;0;0;0;0;0;0;0;0;0;0;0;0;0;0;1;0;0;0;0;0;1;0;0;1;0;0;0;0;0;0;0;0;0;0;0;0;0;0.0;0.0;0
376520;Kelvin and the Infamous Machine;;;;9.99;0;20000;3;90.49;866;91;0;20;1;5;none;0;0;0;2.0;1;Novato;178;0;1;0;0;1;0;0;0;0;0;0;0;0;0;1;0;0;0;0;0;0;1;0;0;0;1;0;0;0;0;0;0;0;1;0;0;0;0;0;0;0;0;0;0;0;0;0;0;0;0;0;0;0;0;0;0;0;1;1;0;0;1;0;0;0;0;0;0;0;0;1;1;0;0;0;0;0;0;105;92;13;89;0;29;7.27;0.876;0
555260;The Butterfly Sign: Human Error;;;;4.99;0;50000;0;50.0;40;40;0;89;0;3;none;0;0;0;4.0;1;Novato;254;1;1;0;0;1;0;0;0;0;0;0;0;0;0;1;0;0;0;0;0;1;1;0;0;0;1;0;0;0;0;0;0;0;0;0;0;0;0;0;0;0;0;0;0;0;0;0;0;0;0;0;0;0;0;0;0;0;0;0;0;0;0;0;0;0;0;0;0;0;0;0;1;0;0;0;0;0;0;6;3;3;2;0;6;2.93;0.5;1
480650;Yu-Gi-Oh! Legacy of the Duelist;;;;10.49;0;200000;81;84.28;4041;754;0;21;17;5;full;0;0;0;2.0;1;Novato;199;0;0;0;0;0;0;0;0;1;0;0;0;0;0;1;1;0;0;0;1;0;1;1;0;0;1;0;0;0;0;0;0;0;0;0;0;0;0;0;0;1;1;0;0;0;0;0;1;0;0;0;0;1;0;0;0;0;0;0;0;1;0;0;0;0;0;0;0;0;0;1;0;0;0;0;0;0;0;577;433;144;478;0;29;85.01;0.75;1
385230;Ninjahtic;;;;1.49;0;20000;0;78.65;70;19;0;5;0;2;none;0;0;0;0.5;1;Novato;240;1;1;0;0;1;0;0;0;0;0;0;0;0;0;1;0;0;0;0;0;1;1;1;0;0;1;0;0;0;0;0;0;0;0;0;0;0;0;0;0;0;0;0;1;0;0;0;0;0;0;0;0;0;0;0;0;0;0;0;0;0;1;0;0;0;0;0;0;0;0;0;1;0;0;0;0;0;0;7;5;2;5;0;5;4.88;0.714;0
1379270;First Session;;;;0.0;1;100000;0;79.76;67;17;0;38;1;2;none;0;0;0;0.0;1;Novato;279;0;1;0;0;0;0;1;0;0;0;0;0;0;0;1;0;0;0;0;0;0;1;0;0;0;0;0;0;0;1;0;0;0;1;0;0;0;1;1;0;0;0;0;0;0;0;0;0;0;0;0;0;0;0;0;0;0;0;0;0;0;0;0;0;0;0;0;0;0;0;0;0;0;1;0;0;0;0;15;11;4;15;0;12;1.42;0.733;1
1969080;A Building Full of Cats;;;;0.6;0;50000;5;98.95;3969;42;0;23;1;16;none;0;0;0;1.0;1;Novato;128;0;0;1;0;0;0;0;0;0;0;0;0;0;0;1;0;0;0;0;0;0;1;1;0;0;1;0;0;0;0;0;0;0;0;0;0;0;0;0;0;0;0;0;0;0;0;0;0;0;0;0;0;0;0;0;0;0;1;1;0;0;0;0;0;0;0;0;0;1;0;1;0;0;0;0;0;0;0;1000;985;15;914;0;24;1.56;0.985;1
431930;Kabounce;;;;4.99;0;200000;1;90.85;2265;228;0;50;3;15;full;0;0;0;4.0;1;Novato;228;1;0;0;0;1;0;0;0;0;1;0;0;0;0;1;1;1;1;0;1;0;1;1;0;0;1;1;1;0;0;0;0;0;0;0;0;0;0;0;0;0;0;0;0;0;0;1;1;0;0;0;0;0;0;0;1;0;0;0;0;0;0;0;0;0;0;0;0;0;0;0;1;0;0;0;0;0;0;123;104;19;5;0;25;17.62;0.846;1
1691970;Danganronpa S: Ultimate Summer Camp;;;;10.49;0;20000;8;63.2;371;216;0;38;0;3;none;0;0;0;4.0;1;Novato;284;0;1;0;0;0;0;0;0;0;0;0;0;0;0;1;0;0;0;0;0;1;1;1;0;1;1;0;0;0;0;0;0;0;0;0;0;0;0;1;0;0;0;0;0;0;0;0;0;0;0;0;0;0;0;0;0;0;0;0;1;1;1;0;0;0;0;0;0;1;0;1;0;0;0;0;0;0;0;357;215;142;337;0;29;21.76;0.602;0
1157750;CATGIRL LOVER 2;;;;1.49;0;50000;0;75.11;341;113;0;25;1;10;none;0;0;0;2.0;1;Novato;226;0;1;1;0;1;0;1;0;0;0;0;0;0;0;1;0;0;0;0;0;0;1;1;0;0;1;0;0;0;0;0;0;0;1;0;0;0;0;1;0;0;0;0;0;0;0;0;0;0;0;0;0;0;0;0;0;0;1;0;0;1;0;0;0;0;0;0;0;0;0;1;1;0;0;0;0;0;0;76;57;19;72;0;27;7.13;0.75;1
324680;Impossible Creatures Steam Edition;;;;5.79;0;100000;14;95.59;1648;76;0;0;0;4;none;0;0;0;0.5;1;Novato;267;0;0;0;0;0;0;0;0;0;0;1;0;0;0;1;1;0;0;0;0;0;0;1;1;0;0;0;0;0;0;0;0;0;0;0;0;0;0;0;0;0;1;0;0;0;0;0;1;0;0;0;0;0;0;0;0;0;0;0;0;0;0;0;0;0;0;0;0;0;0;0;0;0;0;0;0;0;0;282;271;11;229;0;29;55.17;0.961;1
1578070;Fish Feast;;;;4.99;0;20000;0;100.0;1;0;0;0;0;1;none;0;0;0;1.0;1;Novato;172;1;1;1;0;1;0;0;0;0;0;0;0;0;0;1;0;0;0;0;0;0;0;0;0;0;0;0;0;0;0;0;0;0;0;0;0;0;0;0;0;0;0;0;0;0;0;0;0;0;0;0;0;0;0;0;0;0;0;0;0;0;1;0;0;0;1;0;1;1;0;1;0;0;0;0;0;0;0;0;0;0;0;0;0;0.0;0.0;0
298840;Millennium 4 - Beyond Sunset;;;;0.46;0;20000;0;82.26;51;11;0;43;1;1;full;0;0;0;0.12;1;Novato;285;0;1;1;0;1;0;1;0;0;0;0;0;0;0;1;0;0;0;0;1;0;1;1;0;0;1;0;0;0;0;0;0;0;1;0;0;0;0;1;0;0;0;0;0;0;0;0;0;0;0;0;0;0;0;0;0;0;0;0;0;0;1;0;0;0;0;0;0;0;0;1;1;0;0;0;0;0;0;23;20;3;15;0;14;19.41;0.87;0
1640260;ChineseZodiac;;;;1.99;0;100000;0;100.0;4;0;0;0;0;28;none;0;0;0;4.0;1;Novato;239;0;0;1;0;0;0;0;0;0;0;0;0;0;0;1;0;0;0;0;0;0;0;0;0;0;0;0;0;0;1;0;0;0;0;0;0;0;0;0;0;0;0;0;0;0;0;0;0;0;0;0;0;0;0;0;0;0;0;0;0;0;0;1;0;0;0;0;0;1;0;1;0;0;0;0;0;1;0;4;3;1;0;0;3;0.15;0.75;1
1989270;Slay the Princess — The Pristine Cut;;;;5.1;0;500000;134;97.09;23265;698;0;131;2;13;full;0;0;0;4.0;1;Novato;57;0;1;0;0;1;0;1;0;1;0;0;0;0;0;1;0;0;0;0;1;0;1;1;0;0;1;0;0;0;1;0;0;0;1;0;0;0;1;1;0;0;0;0;0;0;0;0;0;0;0;0;0;1;0;0;0;0;0;1;1;0;0;0;0;0;0;0;0;0;0;0;0;0;0;0;0;0;0;1000;958;42;927;0;2;10.82;0.958;1
360390;Nightside;;;;4.99;0;20000;0;61.72;79;49;0;20;1;1;none;0;0;0;2.0;1;Novato;163;0;0;0;0;1;0;0;0;0;0;1;0;0;0;1;0;0;0;0;0;0;1;0;0;0;1;0;0;0;0;0;0;0;0;0;0;0;0;0;0;0;1;0;0;0;0;0;0;0;0;0;0;0;0;0;0;0;0;0;0;0;0;0;0;0;0;0;0;0;0;0;1;0;0;0;0;0;0;10;7;3;8;0;9;6.43;0.7;0
959080;Unsung Warriors - Prologue;;;;0.0;1;200000;1;94.93;1347;72;0;11;0;1;full;0;0;0;2.0;1;Novato;166;1;1;0;0;1;0;0;0;0;0;0;0;0;0;1;1;1;0;0;1;0;1;0;0;0;0;1;1;0;0;0;0;0;0;0;0;0;0;1;0;0;0;0;1;0;0;1;1;1;0;0;0;0;0;0;0;0;0;0;0;0;1;0;0;0;0;0;0;0;0;0;1;0;1;0;0;0;0;97;93;4;97;0;28;3.9;0.959;1
1852090;Tinting Time;;;;5.99;0;50000;0;94.59;35;2;0;43;0;2;none;0;0;0;2.0;1;Novato;263;0;1;0;0;0;0;1;0;1;0;1;0;0;0;1;0;0;0;0;0;0;0;0;0;0;0;0;0;0;0;0;1;0;1;0;0;0;0;1;0;0;1;0;0;0;0;0;0;0;0;0;0;1;0;0;0;0;0;0;1;1;1;0;0;0;0;0;0;1;0;1;0;1;0;0;0;0;0;7;5;2;5;0;7;29.97;0.714;1
2732920;THERE IS NO SLEEP;;;;0.89;0;20000;0;100.0;1;0;0;0;1;1;none;0;0;0;0.0;1;Novato;131;0;1;0;0;1;0;1;0;0;0;1;0;0;0;1;0;0;0;0;0;0;0;0;0;0;0;0;0;0;0;0;0;0;1;0;0;0;0;1;0;0;1;0;0;0;0;0;0;0;0;0;0;0;0;0;0;0;1;0;0;0;1;0;0;0;0;0;0;0;0;0;1;0;0;0;0;0;0;2;2;0;2;0;2;2.38;1.0;0
2793710;Dollmare;;;;2.99;0;50000;24;95.16;1259;64;0;15;0;10;full;0;0;0;8.0;1;Novato;151;0;1;0;0;1;0;0;0;1;0;0;0;0;0;1;0;0;0;0;1;0;0;0;0;0;0;0;0;0;1;0;0;0;0;0;0;0;1;0;0;0;0;0;0;0;0;0;1;0;0;0;0;1;0;0;0;0;0;0;0;0;0;1;1;0;0;1;1;0;0;0;1;0;0;0;0;0;0;1000;926;74;943;0;15;6.41;0.926;1
1155330;Showgunners;;;;14.99;0;100000;14;93.89;1474;96;0;54;4;10;full;0;0;0;8.0;1;Novato;250;0;0;0;0;0;0;0;0;0;0;0;0;0;0;1;0;0;0;0;1;0;1;1;0;0;0;0;0;0;0;0;0;0;0;0;0;0;0;0;0;0;1;0;0;0;0;0;0;0;0;0;0;0;0;0;0;0;0;0;0;0;0;0;0;0;0;1;1;0;0;0;0;0;0;0;0;0;0;953;883;70;763;0;29;18.9;0.927;1
1016960;Super Neptunia RPG;;;;29.99;0;100000;0;78.37;808;223;0;36;13;4;full;0;0;0;4.0;1;Novato;216;1;1;0;0;0;0;1;0;0;0;0;0;0;0;1;0;0;0;0;1;0;1;1;0;0;1;0;0;0;0;0;0;0;0;0;0;0;0;1;0;0;0;0;1;0;0;0;0;0;0;0;0;0;0;0;0;0;0;0;0;1;1;0;0;0;0;0;0;0;0;0;0;0;0;0;0;0;0;89;64;25;66;0;26;19.54;0.719;1
338050;Anoxemia;;;;4.99;0;100000;0;63.4;272;157;0;23;1;7;none;0;0;0;0.5;1;Novato;261;1;1;0;0;1;0;0;0;0;0;0;0;0;0;1;0;0;0;0;0;1;1;1;0;0;1;0;0;0;0;0;0;0;1;0;0;0;1;0;0;0;0;0;1;0;0;0;0;0;0;0;0;0;0;0;0;0;1;0;0;0;1;0;0;0;0;1;1;0;0;0;1;0;0;0;0;0;0;24;13;11;12;0;16;7.1;0.542;1
320650;Season Match 2;;;;2.49;0;20000;1;59.84;73;49;0;9;0;9;none;0;0;0;0.5;1;Novato;211;0;1;1;0;0;0;0;0;0;0;0;0;0;0;1;0;0;0;0;0;0;1;0;0;0;1;0;0;0;0;0;0;0;0;0;0;0;0;0;0;0;0;0;0;0;0;0;0;0;0;0;0;0;0;0;0;0;1;0;0;0;0;0;0;0;0;0;0;0;0;1;0;0;0;0;0;0;0;19;13;6;19;0;14;8.19;0.684;0
652880;Samsara;;;;14.99;0;20000;0;96.67;29;1;0;36;0;11;full;0;0;0;2.0;1;Novato;175;0;0;1;0;1;0;0;0;0;0;1;0;0;0;1;0;0;0;0;1;0;1;1;0;0;0;0;0;0;0;0;0;0;0;0;0;0;0;0;0;0;1;0;0;0;0;0;0;0;0;0;0;0;0;0;0;0;1;0;0;0;0;0;0;0;0;0;0;0;0;1;1;0;0;0;0;0;0;1;1;0;1;0;1;8.72;1.0;0
750990;NEKO-NIN exHeart +PLUS Saiha;;;;1.49;0;20000;0;92.27;191;16;0;0;1;2;none;0;0;0;1.0;1;Novato;253;1;0;1;0;1;0;0;0;1;0;0;0;0;0;1;0;0;0;0;0;0;0;1;0;0;0;0;0;0;0;0;0;0;0;0;0;0;0;0;0;0;0;0;0;0;0;0;0;0;0;0;0;1;0;0;0;0;0;0;1;1;0;0;0;0;0;0;0;0;0;1;1;0;0;0;0;0;0;27;25;2;25;0;18;12.05;0.926;0
3145780;[ANOMALY TAPES]: Beyond Reality;;;;0.0;1;20000;0;50.0;1;1;0;30;0;1;none;0;0;0;6.0;1;Novato;229;1;1;0;0;1;0;0;0;0;0;0;0;0;0;1;0;0;0;0;0;0;1;1;0;0;0;0;0;0;0;0;0;0;1;0;0;0;1;0;0;0;0;0;0;0;0;0;0;0;0;0;0;0;0;0;0;0;1;0;0;0;0;0;0;0;0;1;1;0;0;0;0;0;0;0;0;0;1;20;15;5;20;0;9;4.17;0.75;0
814030;Queen's Quest 4: Sacred Truce;;;;7.99;0;20000;2;71.6;116;46;0;24;0;9;none;0;0;0;1.0;1;Novato;213;0;1;1;0;0;0;0;0;0;0;0;0;0;0;1;0;0;0;0;0;0;1;1;0;0;1;0;0;0;0;0;0;0;1;0;0;0;0;0;0;0;0;0;0;0;0;0;0;0;0;0;0;0;0;0;0;0;1;1;1;0;1;0;0;0;0;0;1;0;0;1;0;0;0;0;0;0;0;26;17;9;19;0;19;9.09;0.654;0
667270;The Miserable Crimson Hooded Girl;;;;1.39;0;20000;0;76.19;16;5;0;0;0;1;none;0;0;0;4.0;1;Novato;301;0;1;0;0;1;0;0;0;0;0;0;0;0;0;1;0;0;0;0;0;0;0;0;0;0;0;0;0;0;0;0;0;0;1;0;0;0;1;0;0;0;0;0;0;0;0;0;0;0;0;0;0;0;0;0;0;0;0;0;1;0;0;0;0;0;1;1;1;0;0;0;0;0;0;0;0;0;0;5;3;2;5;0;4;0.82;0.6;0
1374940;Bulldozer;;;;0.54;0;20000;0;75.76;25;8;0;27;0;1;full;0;0;0;4.0;1;Novato;157;1;0;1;0;1;0;0;1;0;0;0;0;0;0;1;0;0;0;0;1;0;1;1;0;0;0;0;0;0;0;0;0;0;0;0;0;0;0;0;0;0;0;0;0;0;0;0;0;0;0;0;0;0;0;0;0;1;0;0;0;0;0;1;0;0;0;0;0;0;0;1;1;0;0;0;0;0;0;8;5;3;3;0;8;1.92;0.625;0
1358930;Playing God;;;;0.0;1;20000;0;54.84;17;14;0;0;0;1;none;0;0;0;8.0;1;Novato;52;0;0;0;0;1;0;0;0;0;0;0;0;0;0;1;0;0;0;0;0;0;0;0;0;0;0;0;0;0;1;0;0;0;1;0;0;0;0;0;0;0;0;0;0;0;0;0;0;0;0;0;0;1;0;0;0;0;0;0;1;0;0;0;0;0;0;0;0;0;0;1;0;0;0;1;0;0;0;7;5;2;7;0;7;5.51;0.714;0
2062550;hololive ERROR;;;;9.99;0;100000;2;84.46;375;69;0;0;0;2;none;0;0;0;8.0;1;Novato;282;0;1;0;0;0;0;0;0;0;0;0;0;0;0;1;0;0;0;0;0;0;0;0;0;0;0;0;0;0;0;0;0;0;0;0;0;0;1;0;0;0;0;0;0;0;0;0;0;0;0;0;0;0;0;0;0;0;0;0;0;1;0;0;0;0;0;0;0;0;0;0;0;0;0;0;0;0;0;48;38;10;46;0;21;2.25;0.792;1
1411330;谁说奶妈不能拯救世界！;;;;0.99;0;20000;0;94.23;49;3;0;0;0;1;none;0;0;0;4.0;1;Novato;69;0;1;1;0;1;0;1;0;0;0;1;0;0;0;1;0;0;0;0;0;1;0;0;0;0;0;0;0;0;0;1;0;0;0;0;0;0;0;1;0;0;1;0;0;0;0;0;0;0;0;0;0;0;0;0;0;0;0;0;0;0;0;0;0;0;0;0;0;0;0;1;1;0;0;0;0;0;0;2;2;0;1;0;2;6.06;1.0;0
46410;Avencast: Rise of the Mage;;;;2.99;0;100000;0;69.31;490;217;0;0;0;3;none;0;0;0;0.0;1;Novato;255;1;1;0;0;1;0;1;0;0;0;0;0;0;0;1;0;0;0;0;0;0;0;0;0;0;0;0;0;0;0;0;0;0;1;0;0;0;0;1;1;0;0;0;0;0;0;0;0;0;0;0;0;0;0;0;0;0;0;0;0;0;0;1;0;0;0;0;1;0;0;0;0;0;0;0;0;0;0;65;48;17;41;0;24;15.49;0.738;1
2357060;NFBL-NATIONAL FANTASY BASKETBALL LEAGUE;;;;1.59;0;20000;0;80.0;4;1;0;0;0;1;none;0;0;0;8.0;1;Novato;212;0;0;1;0;0;0;0;0;1;1;1;0;0;0;1;0;0;0;0;0;0;0;0;0;0;0;0;0;0;0;0;0;0;0;0;0;0;0;0;0;0;1;0;1;0;0;0;0;0;0;0;1;1;1;0;1;0;0;1;0;0;1;0;0;0;0;0;0;0;0;0;0;0;0;0;0;0;0;1;0;1;1;0;1;1.23;0.0;0
1921900;The Testing Chamber;;;;4.99;0;20000;0;97.23;631;18;0;0;0;1;full;0;0;0;0.0;1;Novato;279;0;0;0;0;0;0;1;0;1;0;0;0;0;0;1;0;0;0;0;1;0;0;0;0;0;0;0;0;0;0;1;0;0;0;0;0;0;1;1;0;0;0;0;0;0;0;0;0;0;0;0;0;1;0;0;0;0;0;0;1;1;0;0;0;0;0;0;1;0;0;0;0;0;0;0;0;0;0;176;171;5;176;0;28;3.49;0.972;0
2174710;Broken In Time;;;;1.49;0;20000;0;100.0;3;0;0;0;0;1;none;0;0;0;4.0;1;Novato;195;1;1;1;0;1;0;1;0;0;0;0;0;0;0;1;0;0;0;0;0;0;0;0;0;0;0;0;0;0;0;0;0;0;0;0;0;0;0;1;1;0;0;0;0;0;0;0;0;0;0;0;0;0;0;0;0;0;0;0;0;0;1;0;0;0;0;0;0;1;0;1;1;0;0;0;0;0;0;1;1;0;1;0;1;7.12;1.0;0
1874660;浮生箓 Floating Life;;;;2.99;0;20000;0;49.66;74;75;0;12;0;2;none;0;0;0;0.01;1;Novato;157;0;0;1;0;1;0;0;0;1;0;0;0;0;1;1;0;0;0;0;0;0;1;0;1;0;0;0;0;0;0;0;1;0;1;0;0;0;0;0;0;0;0;0;0;0;0;0;0;0;0;0;0;1;0;0;0;0;0;0;1;1;1;0;0;0;0;0;0;1;0;1;1;1;0;0;0;0;0;7;0;7;7;7;7;5.74;0.0;0
1357580;XF5700 Mantis Experimental Fighter;;;;3.99;0;50000;0;100.0;3;0;0;0;0;1;none;0;0;0;0.25;1;Novato;292;1;1;0;0;0;0;0;0;1;0;0;0;0;0;1;0;0;0;0;0;0;0;0;0;0;0;0;0;0;0;0;0;0;0;0;0;0;0;0;0;0;0;0;0;0;0;0;0;0;0;0;0;1;0;0;0;0;0;0;0;0;0;1;0;0;0;0;0;0;0;0;0;0;0;0;0;0;0;1;1;0;1;0;1;0.55;1.0;1
1473170;Aircraft Sketch Shooter;;;;2.99;0;20000;0;91.67;11;1;0;31;0;9;none;0;0;0;4.0;1;Novato;73;1;0;1;0;1;0;0;0;0;0;0;0;0;0;1;0;0;0;0;0;1;1;0;0;0;0;0;0;0;0;0;0;0;0;0;0;0;0;0;0;0;0;0;0;0;0;0;0;0;0;0;0;0;0;0;0;0;0;0;0;0;1;0;0;0;0;0;0;0;0;1;1;0;0;0;0;0;0;1;1;0;1;0;1;7.43;1.0;0
2181720;Scarlet Tower;;;;2.99;0;100000;17;82.38;1838;393;0;103;1;11;full;0;0;0;2.0;1;Novato;174;1;0;1;0;1;0;1;0;0;0;0;0;0;0;1;0;0;0;0;1;0;1;1;0;0;1;0;0;0;0;0;0;0;0;0;0;1;0;1;1;0;0;0;0;0;0;0;0;0;0;0;0;0;0;0;0;0;0;0;0;0;1;0;0;0;0;0;0;0;0;1;0;0;0;0;0;0;0;1000;768;232;802;0;27;19.27;0.768;1
861940;Crashbots;;;;9.99;0;100000;0;36.36;8;14;0;31;0;1;none;0;0;0;1.0;1;Novato;259;1;0;1;0;1;0;0;0;0;0;0;0;0;0;1;0;0;0;0;0;1;1;0;0;0;0;0;0;0;0;0;0;0;0;0;0;0;0;0;0;0;0;0;1;0;0;0;0;0;0;0;0;0;0;0;0;0;0;0;0;0;0;0;0;0;1;0;0;0;1;0;0;0;0;0;0;0;0;0;0;0;0;0;0;0.0;0.0;1
552450;Serious Sam VR: The First Encounter;;;;10.49;0;50000;1;87.07;606;90;0;26;0;1;full;0;0;0;6.0;1;Novato;205;1;0;0;0;1;0;0;0;0;0;0;0;0;0;1;1;1;1;0;1;0;1;1;0;0;0;0;0;0;0;0;0;0;0;0;0;0;0;0;0;0;0;0;0;0;0;0;0;0;0;0;0;0;0;0;0;0;0;0;0;0;0;0;0;0;0;0;0;0;0;0;1;1;0;1;0;1;0;112;103;9;96;0;28;4.63;0.92;1
946040;Supply Chain Idle;;;;0.0;1;50000;10;79.95;291;73;0;15;0;1;none;0;0;0;0.5;1;Novato;63;0;0;1;0;0;0;0;0;0;0;0;0;0;0;1;0;0;0;0;0;0;1;1;0;1;0;0;0;0;0;0;0;0;0;0;0;0;0;0;0;0;0;0;0;0;0;0;0;0;0;0;0;0;1;0;0;0;0;0;0;0;0;0;0;0;0;0;0;0;0;1;0;0;1;0;0;0;0;49;36;13;49;0;25;47.16;0.735;1
1436700;Trine 5: A Clockwork Conspiracy;;;;14.99;0;200000;42;91.77;2497;224;0;62;1;16;full;0;0;0;8.0;1;Novato;257;1;1;0;0;1;0;1;0;0;0;0;0;0;0;1;1;1;1;0;1;0;1;1;0;0;1;1;1;0;0;0;0;0;0;0;0;0;0;1;0;0;0;0;1;0;0;1;1;1;0;0;0;0;0;0;0;0;0;0;0;0;1;1;0;0;0;0;0;0;0;0;0;0;0;0;0;0;0;1000;841;159;744;0;18;19.36;0.841;1
527280;Nights of Azure;;;;24.99;0;100000;2;69.35;457;202;0;49;0;2;none;0;0;0;4.0;1;Novato;326;0;0;0;0;0;0;1;0;0;0;0;0;0;0;1;0;0;0;0;0;1;1;0;0;0;0;0;0;0;0;0;0;0;1;0;0;0;0;1;0;0;0;0;0;0;0;0;0;0;0;0;0;0;0;0;0;0;0;0;0;1;0;1;0;0;0;0;0;0;0;1;0;0;0;0;0;0;0;43;35;8;38;0;19;31.18;0.814;1
2089350;Hatsune Miku Logic Paint S;;;;7.79;0;50000;10;94.23;1013;62;0;11;0;29;full;0;0;0;4.0;1;Novato;114;0;0;1;0;0;0;0;0;0;0;0;0;0;0;1;0;0;0;0;1;0;1;0;0;0;0;0;0;0;0;0;0;0;0;0;0;0;0;0;0;0;0;0;0;0;0;0;0;0;0;0;0;0;0;0;0;0;1;0;0;1;1;0;0;0;0;0;0;1;0;1;0;0;0;0;0;0;0;488;452;36;425;0;29;41.75;0.926;1
16600;Trials 2: Second Edition;;;;9.99;0;50000;0;85.23;225;39;0;25;0;10;none;0;0;0;0.0;1;Novato;341;0;0;0;0;1;0;0;1;0;1;0;0;0;0;1;1;0;0;0;0;0;1;0;0;0;0;0;0;0;0;0;0;0;0;0;0;0;0;0;0;0;0;0;0;0;0;0;0;0;0;0;0;0;0;0;1;1;0;0;0;0;0;0;0;0;0;0;0;0;1;0;1;0;0;0;0;0;0;34;26;8;31;0;22;59.48;0.765;1
1614550;Astro Colony;;;;10.49;0;50000;88;82.23;1855;401;0;16;0;13;none;0;0;0;4.0;1;Novato;229;1;1;1;0;1;0;0;0;1;0;1;0;0;1;1;1;1;1;0;0;1;1;1;1;0;0;0;0;0;1;1;1;0;0;0;0;0;0;0;0;0;1;0;0;0;0;0;1;0;0;0;1;1;0;0;0;0;0;0;0;0;0;0;0;0;0;0;0;0;0;1;1;1;0;0;0;0;0;837;662;175;725;837;29;58.1;0.791;1
654660;Pharmakon - Tactical Puzzle;;;;0.83;0;50000;0;56.0;14;11;0;20;0;2;none;0;0;0;1.0;1;Novato;210;0;0;0;0;1;0;0;0;0;0;0;0;0;0;1;0;0;0;0;0;0;1;1;0;0;0;0;0;0;0;0;0;0;0;0;0;0;0;0;0;1;1;0;0;0;0;0;0;0;0;0;0;0;0;0;0;0;1;0;0;0;1;0;0;0;0;0;0;0;1;0;1;0;0;0;0;0;0;1;1;0;1;0;1;11.68;1.0;1
1226020;机忆;;;;0.99;0;20000;0;72.5;58;22;0;0;0;1;none;0;0;0;4.0;1;Novato;187;0;0;1;0;1;0;0;0;0;0;0;0;0;0;1;0;0;0;0;0;0;0;0;0;0;0;0;0;0;0;0;0;0;1;0;0;0;0;0;0;0;0;0;0;0;0;0;0;0;0;0;0;0;0;0;0;0;0;0;1;1;0;0;0;0;0;0;0;0;0;1;1;0;0;0;0;0;0;11;10;1;11;0;9;2.93;0.909;0
1727210;MINDHACK;;;;5.1;0;20000;6;93.72;522;35;0;20;1;5;none;0;0;0;4.0;1;Novato;160;0;1;0;0;1;0;0;0;0;0;0;0;0;1;1;0;0;0;0;0;0;0;0;0;0;0;0;0;0;1;0;0;0;1;0;0;0;0;0;0;0;0;0;0;0;0;0;0;0;0;0;0;0;0;0;0;0;0;0;1;1;0;0;0;0;0;0;0;0;0;0;1;1;0;0;0;0;0;421;385;36;394;421;29;5.81;0.914;0
457810;Sky to Fly: Soulless Leviathan;;;;2.49;0;100000;0;77.03;57;17;0;0;0;3;none;0;0;0;2.0;1;Novato;229;1;1;0;0;1;0;0;1;1;1;0;0;0;0;1;0;0;0;0;0;0;0;0;0;0;1;0;0;0;0;0;0;0;0;0;0;0;0;0;0;0;0;0;0;0;0;1;0;0;0;0;0;1;0;0;1;1;0;0;0;0;0;1;0;0;0;0;0;0;0;0;1;0;0;0;0;0;0;1;1;0;1;0;1;4.73;1.0;1
960320;Ego Hearts;;;;0.0;1;20000;0;72.31;47;18;0;9;1;4;full;0;0;0;0.0;1;Novato;155;0;0;0;0;1;0;0;0;0;0;0;0;0;0;1;0;0;0;0;1;0;0;0;0;0;0;0;0;0;0;0;0;0;1;0;0;0;0;0;0;0;0;0;0;0;0;0;0;0;0;0;0;0;0;0;0;0;0;0;0;0;1;0;0;0;0;0;0;0;0;0;1;0;1;0;0;0;0;7;6;1;7;0;7;3.62;0.857;0
1266820;Ultimate ADOM - Caverns of Chaos;;;;1.04;0;50000;3;49.9;245;246;0;59;0;6;none;0;0;0;1.0;1;Novato;291;0;0;0;0;1;0;1;0;0;0;1;0;0;0;1;0;0;0;0;0;1;1;0;0;0;1;0;0;0;0;0;0;0;0;0;0;0;0;1;0;0;1;0;0;0;0;0;0;0;0;0;0;0;0;0;0;0;0;0;0;0;0;1;0;0;0;0;0;0;0;0;1;0;0;0;0;0;0;71;30;41;64;0;25;11.48;0.423;1
43100;World of Zoo;;;;5.99;0;50000;0;79.27;195;51;0;0;0;1;none;0;0;0;0.5;1;Novato;274;0;0;0;0;0;0;0;0;1;0;0;0;0;0;1;0;0;0;0;0;0;0;0;0;0;0;0;0;0;0;0;0;0;0;0;0;0;0;0;0;0;0;0;0;0;0;0;0;0;0;0;0;1;0;0;0;0;0;0;0;0;0;0;0;0;0;0;0;0;0;0;0;0;0;0;0;0;0;42;32;10;29;0;19;4.77;0.762;1
1354970;DNA Farm;;;;11.99;0;20000;0;100.0;1;0;0;29;0;4;none;0;0;0;4.0;1;Novato;265;0;1;0;0;1;0;0;0;0;0;0;0;0;0;1;0;0;0;0;0;0;1;0;0;0;0;0;0;0;0;0;0;0;0;0;0;0;0;0;0;0;0;0;1;1;0;0;0;0;0;0;0;0;0;0;0;0;0;0;0;0;1;0;0;0;0;0;0;0;0;0;0;0;0;0;0;0;0;0;0;0;0;0;0;0.0;0.0;0
2652040;Umbra Fields;;;;19.99;0;20000;0;66.67;4;2;0;0;1;9;none;0;0;0;8.0;1;Novato;294;1;1;0;0;0;0;0;0;0;0;0;0;0;0;1;0;0;0;0;0;1;0;0;0;0;0;0;0;0;1;1;0;0;1;0;0;0;1;0;0;0;0;0;0;0;0;0;0;0;0;0;0;0;0;0;0;0;0;0;0;0;0;0;0;0;0;0;0;0;0;0;0;0;0;0;0;0;0;7;5;2;2;0;5;2.05;0.714;0
582290;Rest House;;;;4.99;0;20000;0;28.95;11;27;0;13;1;1;none;0;0;0;4.0;1;Novato;305;0;1;0;0;0;0;0;0;0;0;0;0;0;0;1;1;0;0;0;0;1;1;0;0;0;1;0;0;0;0;0;0;0;0;0;0;0;1;0;0;0;0;0;0;0;0;0;0;0;0;0;0;0;0;0;0;0;1;0;0;0;0;0;0;0;0;0;0;0;0;0;1;1;0;0;0;0;0;2;1;1;0;0;2;3.15;0.5;0
1193630;Edge of Book;;;;8.99;0;20000;0;51.75;59;55;0;0;0;1;none;0;0;0;2.0;1;Novato;61;0;0;1;0;1;0;0;0;1;0;1;0;0;1;1;0;0;0;0;0;0;0;1;0;0;0;0;0;0;0;0;0;0;0;0;0;0;0;1;0;0;1;0;0;0;0;0;0;0;0;0;0;1;0;0;0;0;0;0;0;0;0;0;0;0;0;0;0;0;0;1;1;1;1;0;0;0;0;1;1;0;0;1;1;0.13;1.0;0
819030;"STEINS;GATE ELITE";;;;0.0;0;20000;8;91.38;1347;127;0;26;0;4;full;0;0;0;4.0;1;Novato;152;0;1;0;0;0;0;0;0;0;0;0;0;0;0;1;0;0;0;0;1;0;1;1;0;0;0;0;0;0;0;0;0;0;1;0;0;0;0;0;0;0;0;0;0;0;0;0;0;0;0;0;0;0;0;0;0;0;0;0;1;1;0;0;0;0;0;0;0;0;0;0;0;0;0;0;0;0;0;454;393;61;418;0;29;34.42;0.866;0
1476340;The Adventure of NAYU;;;;1.99;0;50000;0;95.92;1528;65;0;48;1;7;none;0;0;0;1.0;1;Novato;144;0;0;1;0;1;0;0;0;0;0;0;0;0;0;1;0;0;0;0;0;0;1;0;0;0;1;0;0;0;0;0;0;0;0;0;0;0;0;0;0;0;0;0;0;0;0;0;0;0;0;0;0;0;0;0;0;0;0;0;0;1;1;0;0;0;0;0;0;0;0;1;1;0;0;0;0;0;0;401;354;47;313;0;29;73.44;0.883;1
601590;BattleTrucks;;;;0.0;0;20000;0;44.02;81;103;0;0;0;2;none;0;0;0;1.0;1;Novato;119;1;0;1;0;1;1;0;1;1;1;0;0;0;0;1;0;0;0;0;0;1;0;0;0;0;1;0;0;0;0;0;0;0;0;0;0;0;0;0;0;0;0;0;0;0;0;0;1;0;0;0;0;1;0;0;1;1;0;0;0;0;0;0;0;0;0;0;0;0;0;1;1;1;0;0;0;0;0;125;44;81;68;0;29;4.08;0.352;0
682780;Breaking Good;;;;1.5;0;20000;0;88.54;139;18;0;90;0;31;none;0;0;0;1.0;1;Novato;240;0;0;1;0;1;0;0;0;0;0;0;0;0;0;1;0;0;0;0;0;0;1;1;0;0;0;0;0;0;0;0;0;0;0;0;0;0;0;0;0;0;0;0;0;0;0;0;0;0;0;0;0;0;0;0;0;0;1;0;0;0;0;1;0;0;0;0;0;1;0;1;1;0;0;0;0;0;0;27;25;2;25;0;17;6.32;0.926;0
1333950;Viral Execution;;;;4.99;0;100000;0;46.15;6;7;0;14;0;3;none;0;0;0;4.0;1;Novato;221;1;1;0;0;1;0;0;0;0;0;0;0;0;0;1;0;0;0;0;0;1;0;0;1;0;0;0;0;0;1;0;0;0;0;0;0;1;1;0;0;0;0;0;0;0;0;0;0;0;0;0;0;0;0;0;0;0;0;0;0;0;0;0;1;0;0;1;0;0;0;0;1;0;0;0;0;1;0;5;1;4;0;0;1;0.29;0.2;1
851100;Touhou Luna Nights;;;;9.29;0;500000;15;97.58;13668;339;0;22;1;6;none;0;0;0;2.0;1;Novato;173;1;1;0;0;1;0;0;0;0;0;0;0;0;0;1;0;0;0;0;0;1;0;1;0;0;0;0;0;0;0;0;0;0;0;0;0;0;0;1;0;0;0;0;1;1;0;0;0;0;0;0;0;0;0;0;0;0;0;0;0;1;1;0;0;0;0;0;0;0;1;0;1;0;0;0;0;0;0;1000;938;62;912;0;15;12.49;0.938;1
291640;Mirror Mysteries 2;;;;0.99;0;20000;0;66.28;57;29;0;0;0;1;none;0;0;0;1.0;1;Novato;77;0;1;0;0;0;0;0;0;0;0;0;0;0;0;1;0;0;0;0;0;0;0;0;0;0;0;0;0;0;0;0;0;0;0;0;0;0;0;0;0;0;0;0;0;0;0;0;0;0;0;0;0;0;0;0;0;0;1;1;0;0;0;0;0;0;0;0;0;0;0;1;0;0;0;0;0;0;0;6;6;0;5;0;6;1.47;1.0;0
812100;Blake and Mortimer: The Curse of the Thirty Denarii;;;;1.99;0;20000;0;62.5;20;12;0;0;0;3;none;0;0;0;0.5;1;Novato;80;0;1;1;0;0;0;0;0;0;0;0;0;0;0;1;0;0;0;0;0;0;0;0;0;0;0;0;0;0;0;0;0;0;0;0;0;0;0;0;0;0;0;0;0;0;0;0;0;0;0;0;0;0;0;0;0;0;0;0;0;0;0;0;0;0;0;0;0;0;0;1;0;0;0;0;0;0;0;12;7;5;8;0;10;2.01;0.583;0
397770;Age of Invention;;;;1.99;0;20000;0;67.62;71;34;0;0;0;14;none;0;0;0;0.5;1;Novato;70;0;0;1;0;0;0;0;0;0;0;0;0;0;0;1;0;0;0;0;0;0;0;0;0;0;1;0;0;0;0;0;0;0;0;0;0;0;0;0;0;0;1;0;0;0;0;0;0;0;0;0;0;0;0;0;0;0;0;0;0;0;0;0;0;0;0;0;0;0;0;1;1;0;0;0;0;0;0;20;12;8;13;0;13;13.72;0.6;0
275830;7 Wonders: Magical Mystery Tour;;;;6.99;0;50000;6;90.0;108;12;0;0;0;1;none;0;0;0;0.25;1;Novato;271;0;0;1;0;0;0;0;0;0;0;1;0;0;0;1;0;0;0;0;0;0;0;0;0;0;0;0;0;0;0;0;0;0;0;0;0;0;0;0;0;0;1;0;0;0;0;0;0;0;0;0;0;0;0;0;0;0;1;0;0;0;0;0;0;0;0;0;0;0;0;1;0;0;0;0;0;0;0;25;23;2;12;0;19;10.6;0.92;1
628770;Tangledeep;;;;14.99;0;20000;6;82.89;1187;245;0;55;4;5;full;0;0;0;2.0;1;Novato;285;0;0;0;0;1;0;1;0;0;0;0;0;0;0;1;0;0;0;0;1;0;1;1;1;0;1;0;0;0;0;0;0;0;0;0;0;0;0;1;0;1;0;0;0;0;0;0;0;0;0;0;0;0;0;0;0;0;0;0;0;0;1;0;0;0;0;0;0;0;1;0;0;0;0;0;0;0;0;150;105;45;106;0;28;30.06;0.7;0
936650;Space Pilgrim Academy: Year 3;;;;1.49;0;20000;0;93.88;46;3;0;9;0;1;full;0;0;0;2.0;1;Novato;118;0;1;0;0;1;0;0;0;0;0;0;0;0;0;1;0;0;0;0;1;0;1;0;0;0;0;0;0;0;0;0;0;0;0;0;0;0;0;1;0;0;0;0;0;0;0;0;0;0;0;0;0;1;0;0;0;0;0;0;1;1;1;0;0;0;0;0;0;0;0;1;1;0;0;0;0;0;0;9;9;0;7;0;7;7.86;1.0;0
1229380;Everhood;;;;9.99;0;200000;19;95.27;12763;634;0;78;1;15;full;0;0;0;2.0;1;Novato;187;1;1;0;0;1;0;1;0;0;0;0;0;0;0;1;0;0;0;0;1;0;1;1;0;0;1;0;0;0;0;0;0;0;1;0;0;0;0;1;0;0;0;0;0;0;0;0;0;0;0;0;0;0;0;0;0;0;0;0;0;0;1;0;0;0;0;0;0;0;0;0;1;0;0;0;0;0;0;1000;918;82;768;0;15;12.87;0.918;1
336140;Unavowed;;;;7.99;0;100000;11;95.86;2293;99;0;56;1;1;none;0;0;0;2.0;1;Novato;263;0;1;0;0;1;0;1;0;0;0;0;0;0;0;1;0;0;0;0;0;0;1;1;0;0;1;0;0;0;0;0;0;0;1;0;0;0;0;0;0;0;0;0;0;0;0;0;0;0;0;0;0;0;0;0;0;0;0;1;0;0;1;0;0;0;0;1;1;0;0;0;1;0;0;0;0;0;0;488;452;36;433;0;29;12.94;0.926;1
1071280;Q - A Neon Platformer;;;;14.99;0;20000;0;90.0;45;5;0;23;1;4;full;0;0;0;2.0;1;Novato;100;0;0;0;0;1;0;0;0;0;0;0;0;0;0;1;0;0;0;0;1;0;1;0;0;0;0;0;0;0;0;0;0;0;0;0;0;0;0;0;0;0;0;0;1;0;0;0;0;0;0;0;0;0;0;0;0;0;0;0;0;0;1;0;0;0;0;0;0;0;1;0;0;0;0;0;0;0;0;3;3;0;3;0;3;24.04;1.0;0
1850390;MOVEIT;;;;2.69;0;20000;1;70.0;21;9;0;40;0;1;none;0;0;0;1.0;1;Novato;53;0;1;1;0;1;0;0;0;0;0;0;0;0;0;1;0;0;0;0;0;0;1;0;0;0;0;0;0;0;0;0;0;0;1;0;0;0;0;0;0;0;0;0;0;0;0;0;0;0;0;0;0;0;0;0;0;0;1;0;1;0;1;0;0;0;0;0;1;0;0;1;0;0;0;0;0;0;0;2;2;0;1;0;2;0.26;1.0;0
734910;Eternal Hour: Golden Hour;;;;0.0;1;20000;0;89.6;775;90;0;6;0;1;full;0;0;0;1.0;1;Novato;228;0;1;1;0;1;0;0;0;0;0;0;0;0;0;1;0;0;0;0;1;0;1;1;0;0;0;0;0;0;0;0;0;0;1;0;0;0;0;0;0;0;0;0;0;0;0;0;0;0;0;0;0;0;0;0;0;0;0;0;1;1;1;0;0;0;0;0;0;0;0;1;1;0;1;0;0;0;0;82;67;15;82;0;26;6.33;0.817;0
426000;HunieCam Studio;;;;3.99;0;500000;59;87.46;5475;785;0;16;1;1;none;0;0;0;2.0;1;Novato;267;0;0;0;0;1;0;0;0;1;0;0;0;0;0;1;0;0;0;0;0;0;1;0;0;0;1;0;0;0;0;0;0;0;0;0;0;0;0;0;0;0;1;0;0;0;0;0;0;0;0;0;0;1;1;0;0;0;0;0;0;1;1;0;0;0;0;0;0;0;0;1;1;0;0;0;0;0;0;639;584;55;529;0;29;47.97;0.914;1
1125910;Crowns and Pawns: Kingdom of Deceit;;;;10.49;0;20000;2;82.2;351;76;0;31;1;6;full;0;0;0;4.0;1;Novato;274;0;1;0;0;1;0;0;0;0;0;0;0;0;0;1;0;0;0;0;1;0;1;1;0;0;1;0;0;0;0;0;0;0;1;0;0;0;0;0;0;0;0;0;0;0;0;0;0;0;0;0;0;0;0;0;0;0;1;1;0;0;1;0;0;0;0;0;1;0;0;1;0;0;0;0;0;0;0;136;104;32;117;0;27;33.89;0.765;0
991800;Puzzle game for kids;;;;0.99;0;20000;0;86.36;19;3;0;0;0;29;none;0;0;0;2.0;1;Novato;23;0;0;1;0;0;0;0;0;0;0;0;0;0;0;1;0;0;0;0;0;0;0;0;0;0;0;0;0;0;0;0;0;0;0;0;0;0;0;0;0;0;0;0;0;0;0;0;0;0;0;0;0;0;0;0;0;0;0;0;0;0;0;0;0;0;0;0;0;0;0;1;0;0;0;0;0;0;0;10;10;0;5;0;8;21.0;1.0;0
715400;Frozen Flame;;;;10.49;0;200000;0;65.48;1889;996;0;32;2;11;none;0;0;0;8.0;1;Novato;249;1;1;0;0;0;0;1;0;0;0;0;0;0;1;1;1;1;1;0;0;1;1;1;0;0;0;0;0;0;0;1;1;0;0;0;0;1;0;1;0;0;0;0;0;0;0;0;1;0;1;0;1;0;0;0;0;0;0;0;0;0;0;0;0;0;0;0;0;0;0;0;0;1;0;0;0;0;0;378;130;248;263;378;29;21.74;0.344;1
1631500;Dumpy and Bumpy;;;;1.09;0;20000;0;91.18;31;3;0;12;0;19;full;0;0;0;0.5;1;Novato;274;1;1;1;0;1;0;0;0;0;0;0;0;0;0;1;1;1;0;0;1;0;1;0;0;0;0;1;1;0;0;0;0;0;0;0;0;0;0;0;0;0;0;0;0;0;0;1;0;1;1;0;0;0;0;0;0;0;1;0;0;0;1;0;0;0;0;0;0;0;0;1;0;0;0;0;0;0;0;8;6;2;6;0;7;2.92;0.75;0
392940;Epic Quest of the 4 Crystals;;;;0.46;0;50000;0;76.4;123;38;0;25;2;1;full;0;0;0;0.12;1;Novato;276;0;1;1;0;1;0;1;0;0;0;1;0;0;0;1;0;0;0;0;1;0;1;1;0;0;1;0;0;0;0;0;0;0;1;0;0;0;0;1;0;0;1;0;0;0;0;0;0;0;0;0;0;0;0;0;0;0;0;0;0;1;0;0;0;0;0;0;0;0;0;1;1;0;0;0;0;0;0;12;9;3;11;0;11;4.46;0.75;1
645790;Home Wars;;;;9.99;0;50000;7;79.48;883;228;0;0;0;1;none;0;0;0;4.0;1;Novato;300;1;0;0;0;1;0;0;0;0;0;1;0;0;0;1;0;0;0;0;0;0;0;0;0;0;1;0;0;0;0;0;0;0;0;0;0;0;0;0;0;0;1;1;0;0;0;0;0;0;0;0;1;0;0;0;0;0;0;0;0;0;0;0;0;0;0;0;1;0;0;0;0;0;0;0;0;1;0;251;197;54;241;0;29;29.8;0.785;1
49320;Woody Two-Legs: Attack of the Zombie Pirates;;;;4.99;0;20000;0;53.33;32;28;0;10;0;3;none;0;0;0;2.0;1;Novato;275;0;0;1;0;0;0;0;0;0;0;0;0;0;0;1;0;0;0;0;0;0;1;0;0;0;0;0;0;0;0;0;0;0;0;0;0;0;0;0;0;0;0;0;0;0;0;0;0;0;0;0;0;0;0;0;0;0;0;0;0;0;0;0;0;0;0;0;0;0;0;1;0;0;0;0;0;0;0;1;1;0;1;0;1;10.37;1.0;0
1219080;Dice Tactics;;;;0.0;1;20000;0;69.23;9;4;0;0;1;1;none;0;0;0;0.0;1;Novato;108;0;1;0;0;1;0;1;0;0;0;1;0;0;0;1;0;0;0;0;0;0;0;0;0;0;0;0;0;0;0;0;0;0;0;0;0;0;0;1;0;0;1;0;0;0;0;0;0;0;0;0;0;0;0;0;0;0;0;0;0;0;1;1;0;0;0;0;0;0;0;0;1;0;0;0;0;0;0;5;3;2;5;0;5;8.45;0.6;0
2077870;My Dad Left Me;;;;0.0;1;20000;0;94.79;91;5;0;24;0;1;none;0;0;0;2.0;1;Novato;82;1;1;0;0;0;0;0;0;1;0;1;0;0;0;1;0;0;0;0;0;1;1;0;0;0;0;0;0;0;1;0;0;0;0;0;0;0;0;0;0;0;1;0;0;0;0;0;0;0;0;0;0;1;0;0;0;0;0;0;0;0;0;0;0;0;0;0;1;0;0;0;0;0;1;1;0;1;0;43;40;3;43;0;22;40.44;0.93;0
1232460;Onee Chanbara ORIGIN;;;;59.99;0;50000;5;75.24;939;309;0;39;96;5;full;0;0;0;8.0;1;Novato;250;1;0;0;0;0;0;0;0;0;0;0;0;0;0;1;0;0;0;0;1;0;1;1;0;0;0;0;0;0;0;0;0;0;0;0;0;0;0;0;1;0;0;0;0;0;0;0;0;0;0;0;0;0;0;0;0;0;0;0;0;1;0;1;0;0;0;0;0;0;0;0;0;0;0;0;0;0;0;385;302;83;271;0;29;8.97;0.784;1
342580;12 Labours of Hercules;;;;1.99;0;100000;3;93.78;2926;194;0;22;0;14;none;0;0;0;0.5;1;Novato;241;0;0;1;0;0;0;0;0;0;0;1;0;0;0;1;0;0;0;0;0;0;1;1;0;0;1;0;0;0;0;0;0;0;0;0;0;0;0;0;0;0;1;0;0;0;0;0;0;0;0;0;0;0;1;0;0;0;1;0;0;0;1;0;0;0;0;0;0;0;0;1;1;0;0;0;0;0;0;136;122;14;97;0;29;8.99;0.897;1
349510;Hanako: Honor & Blade;;;;0.0;1;50000;0;75.44;172;56;0;18;2;10;full;0;0;0;4.0;1;Novato;279;1;1;0;0;1;0;0;0;0;0;0;0;0;0;0;1;1;1;0;1;0;1;0;0;1;0;0;0;0;0;0;0;0;0;0;0;0;0;0;0;0;0;0;0;0;0;0;0;0;1;0;0;0;0;0;0;0;0;0;0;1;0;0;0;0;0;0;0;0;0;0;0;0;0;0;0;0;0;31;24;7;31;0;19;5.11;0.774;1
3297360;We're Here, Papa;;;;2.99;0;20000;0;89.47;17;2;0;0;0;13;none;0;0;0;8.0;1;Novato;262;1;1;0;0;1;0;0;0;0;0;0;0;0;0;1;0;0;0;0;0;0;0;0;0;0;0;0;0;0;1;0;0;0;0;0;0;0;1;0;0;0;0;0;0;0;0;0;0;0;0;0;0;0;0;0;0;0;0;0;0;0;0;1;1;0;0;1;1;0;0;0;0;0;0;1;0;0;0;22;17;5;14;0;3;0.69;0.773;0
1851680;Lost Alone Ep.2 - Paparino;;;;5.99;0;20000;1;88.89;40;5;0;24;0;2;none;0;0;0;0.01;1;Novato;210;1;1;0;0;1;0;0;0;0;0;1;0;0;0;1;0;0;0;0;0;1;1;1;0;0;0;1;0;0;1;0;0;0;0;0;0;0;1;0;0;0;1;0;0;0;0;0;0;0;0;0;0;0;0;0;0;0;1;0;0;0;0;1;1;0;0;1;1;0;0;0;0;0;0;0;0;0;0;3;3;0;3;0;2;3.02;1.0;0
1193340;Zelter;;;;10.49;0;200000;4;48.84;947;992;0;0;1;10;none;0;0;0;8.0;1;Novato;158;1;1;0;0;1;0;0;0;0;0;0;0;0;1;1;0;0;0;0;0;0;0;0;0;0;0;0;0;0;0;1;0;0;0;0;0;1;0;1;0;0;0;0;0;0;0;0;0;0;0;0;1;1;0;0;0;0;0;0;0;0;0;0;0;0;0;0;0;0;0;0;0;1;0;0;0;1;0;173;23;150;146;173;29;10.26;0.133;1
1007810;重明鸟 Bright Bird;;;;9.99;0;50000;1;74.29;578;200;0;17;0;2;none;0;0;0;4.0;1;Novato;159;0;1;0;0;1;0;1;0;0;0;0;0;0;0;1;0;0;0;0;0;0;1;1;0;0;0;0;0;0;0;0;0;0;0;0;0;0;0;1;0;0;0;0;1;0;0;0;0;0;0;0;0;0;0;0;0;0;1;0;0;0;0;0;0;0;0;0;1;0;0;0;1;0;0;0;0;0;0;14;8;6;13;0;10;22.2;0.571;1
3131680;Stardust Skate;;;;1.99;0;20000;1;99.29;280;2;0;17;1;1;full;0;0;0;0.49;1;Novato;107;0;0;0;0;1;0;0;0;0;1;1;0;0;0;1;0;0;0;0;1;0;1;1;0;0;0;0;0;0;0;0;0;0;0;0;0;0;0;0;0;0;1;0;0;0;0;0;0;0;0;0;0;0;0;0;1;0;1;0;0;1;0;1;0;0;0;0;0;0;0;0;1;0;0;0;0;0;0;335;333;2;296;0;15;6.88;0.994;0
2503770;House of Legacy;;;;6.79;0;50000;1635;80.5;1094;265;0;33;0;2;none;0;0;0;6.0;1;Novato;300;0;1;0;0;0;0;1;0;1;0;1;0;0;1;1;0;0;0;0;0;0;1;1;0;0;0;0;0;0;0;1;0;0;0;0;0;0;0;1;0;0;1;0;0;0;0;0;0;0;0;0;1;1;1;1;0;0;0;0;0;0;1;0;0;0;0;0;0;0;0;0;0;1;0;0;0;0;0;1000;840;160;805;1000;9;46.23;0.84;1
763610;Freakshow:Anniversary;;;;0.0;1;20000;0;62.5;30;18;0;13;0;1;none;0;0;0;2.0;1;Novato;95;0;1;1;0;1;0;0;0;0;0;1;0;0;0;1;0;0;0;0;0;0;1;0;0;0;0;0;0;0;0;0;0;0;0;0;0;1;1;0;0;0;1;0;0;0;0;0;0;0;0;0;0;0;0;0;0;0;1;1;0;0;1;0;0;0;0;1;1;0;0;1;1;0;1;0;0;0;0;14;10;4;14;0;12;4.85;0.714;0
945490;Little Square Things;;;;0.0;1;200000;0;87.34;69;10;0;28;2;1;full;0;0;0;0.49;1;Novato;51;0;0;0;0;1;0;0;0;0;0;1;0;0;0;1;0;0;0;0;1;0;1;1;0;0;0;0;0;0;0;0;0;0;0;0;0;0;0;0;0;1;1;0;0;0;0;0;0;0;0;0;0;0;0;0;0;0;1;0;0;0;0;0;0;0;0;0;0;0;0;0;1;1;1;0;0;0;0;16;15;1;16;0;12;6.26;0.938;1
1165750;PAGAN: Autogeny;;;;6.99;0;20000;0;86.76;59;9;0;0;0;1;none;0;0;0;4.0;1;Novato;181;0;0;0;0;1;0;1;0;0;0;0;0;0;0;1;0;0;0;0;0;0;0;0;0;0;0;0;0;0;0;0;0;0;0;0;0;0;1;1;0;0;0;0;0;0;0;0;0;0;0;0;0;0;0;0;0;0;0;0;0;0;0;0;0;0;0;0;1;0;0;0;1;0;0;0;0;0;0;47;41;6;47;0;22;2.21;0.872;0
1394480;Rocco's Island: Ring to End the Pain;;;;3.74;0;20000;0;91.67;88;8;0;40;0;12;none;0;0;0;4.0;1;Novato;297;0;1;1;0;1;0;0;0;0;0;0;0;0;0;1;0;0;0;0;0;0;1;0;0;0;0;0;0;0;0;0;0;0;1;0;0;0;0;0;0;0;0;0;0;0;0;0;0;0;0;0;0;0;0;0;0;0;1;1;0;0;1;0;0;0;0;0;1;0;0;1;0;0;0;0;0;0;0;6;1;5;6;0;6;10.01;0.167;0
458500;Babylon 2055 Pinball;;;;3.99;0;20000;0;65.52;19;10;0;12;0;5;full;0;0;0;1.0;1;Novato;104;0;0;1;0;0;0;0;0;0;0;0;0;0;0;1;0;0;0;0;1;0;1;1;0;0;1;0;0;0;0;0;0;0;0;0;0;0;0;0;0;0;0;0;0;0;0;0;0;0;0;0;0;0;0;0;0;0;0;0;0;0;1;0;0;0;0;0;0;0;0;1;0;0;0;0;0;0;0;17;11;6;9;0;16;4.84;0.647;0
2704580;Jrago II Guardians of Eden;;;;8.55;0;20000;0;100.0;15;0;0;100;4;15;full;0;0;0;4.0;1;Novato;267;1;1;0;0;1;0;1;0;0;0;0;0;0;0;1;1;1;0;0;1;0;1;1;0;0;0;1;1;0;0;0;0;0;0;0;0;0;0;1;1;0;0;0;0;1;0;0;0;1;0;0;0;0;0;0;0;0;0;0;0;0;0;0;0;0;0;0;0;0;0;0;0;0;0;0;0;0;0;21;20;1;17;0;11;4.03;0.952;0
249950;Forge Quest;;;;0.99;0;20000;0;79.63;434;111;0;49;0;1;full;0;0;0;0.29;1;Novato;315;1;1;0;0;1;0;1;0;0;0;0;0;0;0;1;1;1;0;0;1;0;0;0;0;0;0;0;0;0;0;0;0;0;0;0;0;0;0;1;1;0;0;0;0;0;0;1;1;0;0;0;0;0;0;0;0;0;0;0;0;0;0;0;0;0;0;0;0;0;0;0;1;0;0;0;0;0;0;11;7;4;8;0;9;21.92;0.636;0
473560;Cosmic Dust & Rust;;;;0.9;0;200000;2;58.77;278;195;0;0;0;1;none;0;0;0;0.49;1;Novato;238;1;0;1;0;1;0;0;0;0;0;1;0;0;0;1;0;0;0;0;0;0;0;0;0;0;1;0;0;0;0;0;0;0;0;0;0;0;0;0;0;0;1;1;0;0;0;0;0;0;0;0;0;0;0;0;0;0;0;0;0;0;0;0;0;0;0;0;0;0;1;1;1;0;0;0;0;0;0;111;96;15;19;0;19;4.09;0.865;1
1413540;Amarok Dreams Demo;;;;0.0;1;50000;0;58.54;48;34;0;0;0;1;none;0;0;0;0.02;1;Novato;169;0;1;0;0;1;0;0;0;0;0;1;0;0;0;1;0;0;0;0;0;0;0;0;0;1;0;0;0;0;1;0;0;0;0;0;0;1;1;0;0;0;1;0;0;0;0;0;1;0;0;0;0;0;0;0;0;0;0;0;0;0;0;1;0;0;1;1;0;0;0;0;1;1;1;0;0;0;1;14;8;6;14;0;10;3.34;0.571;1
3320100;Drowned God: Conspiracy of the Ages.;;;;3.99;0;200000;0;66.67;10;5;0;0;0;1;none;0;0;0;0.01;1;Novato;293;0;1;0;0;0;0;0;0;0;0;0;0;0;0;1;0;0;0;0;0;0;0;0;0;0;0;0;0;0;1;0;0;0;0;0;0;0;0;0;0;0;0;0;0;0;0;0;0;0;0;0;0;0;0;0;0;0;1;0;0;0;0;0;1;0;0;1;1;0;0;0;0;0;0;0;0;0;0;29;21;8;29;0;11;4.67;0.724;1
1110890;MY WOLF - Desktop Wild Pet;;;;3.99;0;20000;3;79.31;161;42;0;0;0;10;none;0;0;0;4.0;1;Novato;134;0;1;1;0;1;0;0;0;1;0;0;0;0;0;1;0;0;0;0;0;0;0;0;0;0;0;0;0;0;0;0;0;0;0;0;0;0;0;0;0;0;0;0;0;0;0;0;0;0;0;0;0;1;0;0;0;0;0;0;0;0;0;1;0;0;0;0;0;0;0;1;1;1;0;0;0;0;0;19;9;10;14;0;16;53.0;0.474;0
597090;Comit the Astrodian 2;;;;0.9;0;20000;0;78.26;18;5;0;19;0;1;full;0;0;0;0.12;1;Novato;121;0;0;0;0;1;0;0;0;0;0;0;0;0;0;1;0;0;0;0;1;0;1;0;0;0;1;0;0;0;0;0;0;0;0;0;0;0;0;0;0;0;0;0;1;0;0;0;0;0;0;0;0;0;0;0;0;0;0;0;0;0;1;0;0;0;0;0;0;0;0;1;1;0;0;0;0;0;0;18;14;4;17;0;15;5.82;0.778;0
269890;AR-K;;;;7.99;0;50000;0;54.23;263;222;0;12;1;2;none;0;0;0;1.0;1;Novato;133;0;1;0;0;1;0;0;0;0;0;0;0;0;0;1;0;0;0;0;0;0;1;0;0;0;1;0;0;0;0;0;0;0;0;0;0;0;0;0;0;0;0;0;0;0;0;0;0;0;0;0;0;0;0;0;0;0;1;1;0;0;0;0;0;0;0;0;1;0;1;0;0;0;0;0;0;0;0;23;8;15;9;0;16;6.58;0.348;1
270270;Frozen State;;;;6.59;0;20000;0;63.67;347;198;0;26;0;2;full;0;0;0;4.0;1;Novato;257;1;0;0;0;1;0;1;0;0;0;0;0;0;0;1;0;0;0;0;1;0;1;1;0;0;0;0;0;0;0;1;1;0;0;0;0;1;1;1;0;0;0;0;0;0;0;0;0;0;0;0;1;0;0;0;0;0;0;0;0;0;0;0;0;0;0;0;0;0;0;0;1;0;0;0;0;0;1;13;8;5;13;0;10;16.1;0.615;0
1539590;Omniblast;;;;0.0;1;20000;0;75.0;6;2;0;11;1;1;none;0;0;0;2.0;1;Novato;58;1;1;0;0;1;0;0;0;0;0;1;0;0;0;1;1;1;0;0;0;0;1;0;0;0;0;0;0;0;0;0;0;0;0;0;0;1;0;0;0;0;0;0;0;0;0;0;1;1;0;0;0;0;0;0;0;0;0;0;0;0;1;0;0;0;0;0;0;0;0;1;0;0;0;0;0;0;0;5;5;0;5;0;5;6.28;1.0;0
371320;Samsa and the Knights of Light;;;;4.99;0;20000;0;74.0;37;13;0;26;0;2;full;0;0;0;1.0;1;Novato;104;0;1;0;0;1;0;1;0;0;0;0;0;0;0;1;0;0;0;0;1;0;1;1;0;0;1;0;0;0;0;0;0;0;1;0;0;0;0;1;0;0;0;0;0;0;0;0;0;0;0;0;0;0;0;0;0;0;0;0;0;0;0;0;0;0;0;0;0;0;0;0;1;0;0;0;0;0;0;8;6;2;5;0;7;7.14;0.75;0
843440;Pivot XL;;;;0.89;0;20000;0;94.22;163;10;0;24;0;9;full;0;0;0;2.0;1;Novato;267;1;0;1;0;1;0;0;0;0;0;0;0;0;0;1;0;0;0;0;1;0;1;1;0;0;1;0;0;0;0;0;0;0;0;0;0;1;0;0;0;0;0;0;0;0;0;0;0;0;0;0;0;0;0;0;0;0;0;0;0;0;1;0;0;0;0;0;0;0;1;1;1;0;0;0;0;0;0;43;40;3;42;0;20;6.45;0.93;0
3272300;Yasuke Simulator;;;;6.99;0;100000;2;97.5;1869;48;0;30;4;29;none;0;0;0;8.0;1;Novato;255;1;0;1;0;0;0;0;0;1;0;0;0;0;0;1;0;0;0;0;0;0;0;0;0;0;0;0;0;0;1;0;0;0;1;0;0;0;0;0;0;0;0;0;0;0;0;0;0;0;0;0;0;0;0;0;0;0;0;0;0;0;0;0;1;0;0;0;1;0;0;1;0;0;0;0;0;0;0;1000;962;38;925;0;15;3.59;0.962;1
3144030;Mars vs. Robots;;;;0.0;1;20000;0;100.0;5;0;0;13;0;1;full;0;0;0;4.0;1;Novato;23;1;0;0;0;0;0;0;0;0;0;1;0;0;0;1;0;0;0;0;1;0;1;1;0;0;0;0;0;0;0;0;0;0;0;0;0;0;0;0;0;0;1;0;0;0;0;0;0;0;0;0;0;0;0;0;0;0;0;0;0;0;0;1;0;0;0;0;0;0;0;0;0;0;0;0;0;0;0;12;11;1;12;0;5;5.8;0.917;0
3109580;I Am Legion: Stand Survivors;;;;4.99;0;200000;220;83.92;1331;255;0;80;0;11;full;0;0;0;2.0;1;Novato;261;1;1;0;0;0;0;0;0;0;0;0;0;0;0;1;0;0;0;0;1;0;1;1;0;0;0;0;0;0;0;0;0;0;0;0;0;0;0;0;1;0;0;0;0;0;0;0;0;0;0;0;0;0;0;0;0;0;0;0;0;0;0;0;0;0;0;0;0;0;0;0;1;0;0;0;0;0;0;1000;788;212;951;0;13;31.2;0.788;1
1340130;Aokana - Four Rhythms Across the Blue - EXTRA1;;;;8.99;0;20000;5;98.73;1478;19;0;8;1;4;none;0;0;0;1.0;1;Novato;99;0;1;1;0;0;0;0;0;0;0;0;0;0;0;1;0;0;0;0;0;0;1;1;0;0;0;0;0;0;0;0;0;0;0;0;0;0;0;0;0;0;0;0;0;0;0;0;0;0;0;0;0;0;0;0;0;0;0;0;1;1;0;0;0;0;0;0;0;0;0;1;0;0;0;0;0;0;0;576;563;13;350;0;29;25.08;0.977;0
1382870;World War Academy: COMMANDER 1;;;;1.99;0;20000;0;100.0;1;0;0;15;0;2;none;0;0;0;16.0;1;Novato;192;1;0;0;0;1;0;0;0;0;0;0;0;0;1;1;1;0;0;0;0;0;1;0;0;0;0;0;0;0;1;0;0;0;0;0;0;0;1;0;0;0;0;0;0;0;0;0;1;0;1;0;0;0;0;0;0;0;0;0;0;0;0;1;0;0;0;0;0;0;0;0;1;1;0;0;1;1;1;0;0;0;0;0;0;0.0;0.0;0
771810;The spy who shot me™;;;;10.99;0;20000;0;81.82;270;60;0;85;0;1;full;0;0;0;8.0;1;Novato;83;1;1;0;0;1;0;0;0;0;0;0;0;0;0;1;0;0;0;0;1;0;1;1;0;0;0;0;0;0;1;0;0;0;0;0;0;0;0;0;0;0;0;0;0;0;0;0;0;0;0;0;0;0;0;0;0;0;0;0;0;0;0;0;0;0;0;0;0;0;0;0;1;0;0;0;0;1;0;80;65;15;72;0;27;4.75;0.812;0
2582560;EA SPORTS™ Madden NFL 25;;;;0.0;0;100000;1823;54.88;2337;1921;0;20;0;1;full;0;0;0;10.0;1;Novato;209;0;0;0;0;0;0;0;0;1;1;1;0;0;0;1;1;1;1;0;1;0;1;0;0;1;0;1;1;0;0;0;0;0;0;0;0;0;0;0;0;0;1;0;0;0;0;0;1;0;0;0;0;1;0;0;1;0;0;0;0;0;0;0;0;0;0;0;0;0;0;0;0;0;0;0;0;0;0;1000;603;397;781;0;13;129.79;0.603;1
2487930;Unearth;;;;2.19;0;50000;0;100.0;4;0;0;7;0;1;none;0;0;0;1.0;1;Novato;85;1;0;0;0;1;0;0;0;0;0;0;0;0;0;1;0;0;0;0;0;0;1;1;0;0;0;0;0;0;0;0;0;0;0;0;0;0;0;0;0;0;0;0;0;0;0;0;0;0;0;0;0;0;0;0;0;0;1;0;0;0;1;0;0;0;0;0;1;0;0;0;0;0;0;0;0;0;0;1;1;0;1;0;1;51.72;1.0;1
534220;Dragon's Sin;;;;0.0;1;200000;0;67.01;329;162;0;8;0;2;none;0;0;0;8.0;1;Novato;194;1;0;0;0;1;0;0;0;0;0;0;0;1;0;1;0;0;0;0;0;1;1;0;0;0;0;0;0;0;0;1;0;0;0;0;0;0;0;1;0;0;0;0;0;0;0;0;1;0;0;0;0;0;0;0;0;0;0;0;0;0;0;0;0;0;0;0;0;0;0;0;1;0;1;0;0;0;0;31;21;10;31;0;16;2.85;0.677;1
688470;Han Xiongnu Wars;;;;3.99;0;200000;75;59.86;2426;1627;0;0;0;4;none;0;0;0;2.0;1;Novato;339;1;1;1;0;1;0;1;0;0;0;1;0;0;0;1;1;1;1;0;0;0;0;0;0;0;0;1;0;0;0;1;0;0;0;0;0;0;0;1;1;0;1;0;0;0;0;0;0;0;0;0;1;0;0;0;0;0;0;0;0;0;0;1;0;0;0;0;0;0;0;0;1;0;0;0;0;0;0;231;153;78;139;0;29;166.16;0.662;1
835430;La-Mulana 2;;;;12.49;0;100000;8;85.7;845;141;0;51;2;3;full;0;0;0;4.0;1;Novato;282;1;1;0;0;1;0;0;0;0;0;0;0;0;0;1;0;0;0;0;1;0;1;1;0;0;0;0;0;0;0;0;0;0;0;0;0;0;0;0;0;0;0;0;1;1;0;0;0;0;0;0;0;0;0;0;0;0;1;0;0;0;1;0;0;0;0;0;0;0;1;0;1;0;0;0;0;0;0;189;151;38;157;0;29;61.9;0.799;1
937870;Mist Hunter;;;;3.59;0;20000;0;73.81;31;11;0;21;0;2;full;0;0;0;4.0;1;Novato;250;1;0;0;0;0;0;0;0;0;0;0;0;0;0;1;0;0;0;0;1;0;1;1;0;0;0;0;0;0;1;0;0;0;0;0;0;0;0;0;0;0;0;0;0;0;0;0;0;0;0;0;0;0;0;0;0;0;0;0;0;0;0;1;0;0;0;0;0;0;1;0;0;0;0;0;0;1;0;1;1;0;1;0;1;0.17;1.0;0
3030620;Kappa's Asylum;;;;2.99;0;20000;0;33.33;1;2;0;0;0;3;none;0;0;0;6.0;1;Novato;114;1;1;0;0;0;0;0;0;1;0;0;0;0;0;1;0;0;0;0;0;0;0;0;0;0;0;0;0;0;1;0;0;0;1;0;0;1;1;0;0;0;0;0;0;0;0;0;0;0;0;0;0;1;0;0;0;0;0;0;0;0;0;0;1;0;0;1;1;0;0;0;0;0;0;0;0;0;1;3;1;2;3;0;2;1.56;0.333;0
547040;Above - VR;;;;3.99;0;20000;0;46.0;23;27;0;0;0;4;none;0;0;0;4.0;1;Novato;196;0;1;0;0;0;0;0;0;1;0;0;0;0;0;1;0;0;0;0;0;0;0;0;0;0;1;0;0;0;0;0;0;0;0;0;0;0;0;0;0;0;0;0;0;0;0;0;0;0;0;0;0;1;0;0;0;0;0;0;0;0;0;0;0;0;0;0;0;0;0;0;0;0;0;1;0;0;0;4;4;0;4;0;4;5.81;1.0;0
755350;Truth: Disorder;;;;1.99;0;20000;0;45.9;28;33;0;17;4;2;none;0;0;0;0.5;1;Novato;108;0;0;0;0;1;0;0;0;0;0;0;0;0;0;1;0;0;0;0;0;0;1;0;0;0;0;0;0;0;1;0;0;0;1;0;0;0;0;1;0;1;0;0;0;0;0;0;0;0;0;0;0;1;0;0;0;0;0;0;1;1;1;0;0;0;0;0;0;0;0;0;1;0;0;0;0;0;0;7;5;2;7;0;6;2.39;0.714;0
658850;Do Not Feed the Monkeys;;;;8.49;0;500000;93;93.72;10334;692;0;33;0;6;none;0;0;0;2.0;1;Novato;235;0;0;0;0;1;0;0;0;1;0;1;0;0;0;1;0;0;0;0;0;1;1;1;0;0;1;0;0;0;0;0;0;0;1;0;0;0;0;0;0;0;1;0;0;0;0;0;0;0;0;0;0;1;1;0;0;0;0;1;0;0;1;0;0;0;0;0;1;0;0;0;0;0;0;0;0;0;0;1000;923;77;747;0;9;10.93;0.923;1
2778760;Neoproxima;;;;7.29;0;20000;0;100.0;52;0;0;20;1;1;none;0;0;0;2.0;1;Novato;272;0;1;0;0;1;0;1;0;0;0;0;0;0;0;1;0;0;0;0;0;1;0;0;0;0;0;0;0;0;0;0;0;0;1;0;0;0;0;1;0;0;0;0;0;0;0;0;0;0;0;0;0;0;0;0;0;0;0;1;1;0;0;0;0;0;0;0;1;0;0;0;0;0;0;0;0;0;0;70;68;2;65;0;21;5.93;0.971;0
1212470;Fourthy;;;;1.99;0;20000;0;11.11;1;8;0;0;0;1;none;0;0;0;1.0;1;Novato;66;0;0;1;0;1;0;0;0;0;0;0;0;0;0;1;0;0;0;0;0;0;0;0;0;0;0;0;0;0;0;0;0;0;0;0;0;0;0;0;0;0;0;0;0;0;0;0;0;0;0;0;0;0;0;0;0;0;1;0;0;0;0;0;0;0;0;0;0;0;1;1;1;0;0;0;0;0;0;0;0;0;0;0;0;0.0;0.0;0
1646930;The Feeble Files;;;;5.99;0;50000;0;97.14;34;1;0;0;0;6;none;0;0;0;0.5;1;Novato;230;0;1;0;0;0;0;0;0;0;0;0;0;0;0;1;0;0;0;0;0;0;0;1;0;0;0;0;0;0;0;0;0;0;1;0;0;0;0;0;0;0;0;0;0;0;0;0;0;0;0;0;0;0;0;0;0;0;0;1;0;0;1;0;1;0;0;0;1;0;0;0;0;0;0;0;0;0;0;15;13;2;15;0;11;5.05;0.867;1
838390;Merry Glade;;;;0.89;0;50000;1;94.94;225;12;0;76;1;2;none;0;0;0;0.0;1;Novato;130;0;1;1;0;1;0;0;0;0;0;0;0;0;0;1;0;0;0;0;0;0;1;0;0;0;0;0;0;0;0;0;0;0;0;0;0;0;0;0;0;0;0;0;0;0;0;0;0;0;0;0;0;0;0;0;0;0;1;0;0;0;1;0;0;0;0;0;1;0;0;1;1;0;0;0;0;0;0;21;20;1;19;0;15;1.74;0.952;1
2315400;Knights in Tight Spaces;;;;10.49;0;50000;70;72.21;434;167;0;36;2;7;full;0;0;0;4.0;1;Novato;241;1;0;0;0;0;0;0;0;0;0;1;0;0;0;1;0;0;0;0;1;0;1;1;0;0;1;0;0;0;0;0;0;0;1;0;0;0;0;0;0;0;1;0;0;0;0;0;0;0;0;0;0;0;0;0;0;0;1;0;0;0;0;0;0;0;0;0;0;0;0;0;0;0;0;0;0;0;0;858;608;250;767;0;15;27.59;0.709;1
3011030;NO-SKIN;;;;3.99;0;20000;10;96.94;760;24;0;4;1;2;full;0;0;0;2.0;1;Novato;114;0;0;0;0;1;0;1;0;0;0;0;0;0;0;1;0;0;0;0;1;0;1;1;0;0;1;0;0;0;0;0;0;0;0;0;0;0;1;1;0;0;0;0;0;0;0;0;0;0;0;0;0;0;0;0;0;0;0;0;0;0;1;0;0;0;0;0;1;0;0;0;0;0;0;0;0;0;0;1000;940;60;842;0;16;10.71;0.94;0
657630;Fidget Spinner;;;;0.99;0;20000;1;81.82;549;122;0;1;0;1;none;0;0;0;0.25;1;Novato;161;0;0;1;0;1;0;0;0;1;0;0;0;0;0;1;0;0;0;0;0;0;1;0;0;0;0;0;0;0;0;0;0;0;1;0;0;0;0;0;0;0;0;0;0;0;0;0;0;0;0;0;0;1;0;0;0;0;0;0;0;0;1;0;0;0;0;0;1;0;1;1;1;0;0;0;0;0;0;50;41;9;31;0;24;16.78;0.82;0
2934400;Hexton;;;;1.49;0;20000;0;100.0;5;0;0;10;0;1;none;0;0;0;2.0;1;Novato;162;0;0;1;0;1;0;0;0;0;0;1;0;0;0;1;0;0;0;0;0;0;1;0;0;0;0;0;0;0;0;0;0;0;0;0;0;0;0;0;0;0;1;0;0;0;0;0;0;0;0;0;0;0;0;1;0;0;1;0;0;0;0;0;0;0;0;0;0;1;0;1;1;0;0;0;0;0;0;6;5;1;6;0;6;2.11;0.833;0
1182310;The Excavation of Hob's Barrow;;;;7.99;0;200000;7;92.64;2264;180;0;40;2;1;none;0;0;0;1.0;1;Novato;206;0;1;0;0;0;0;0;0;0;0;0;0;0;0;1;0;0;0;0;0;1;1;1;0;0;1;0;0;0;0;0;0;0;1;0;0;0;1;0;0;0;0;0;0;0;0;0;0;0;0;0;0;0;0;0;0;0;1;1;0;0;0;0;0;0;0;1;1;0;0;0;1;0;0;0;0;0;0;1000;910;90;646;0;19;8.63;0.91;1
949060;Love Thyself - A Horatio Story;;;;0.0;1;100000;0;91.64;570;52;0;13;0;1;none;0;0;0;2.0;1;Novato;177;0;0;1;0;1;0;0;0;1;0;0;0;0;0;1;0;0;0;0;0;0;1;0;0;0;0;0;0;0;0;0;0;0;1;0;0;0;0;0;0;0;0;0;0;0;0;0;0;0;0;0;0;1;0;0;0;0;0;0;1;0;0;0;0;0;0;0;0;0;0;1;1;0;1;0;0;0;0;87;74;13;87;0;28;6.28;0.851;1
439340;Tavern Tycoon - Dragon's Hangover;;;;12.99;0;50000;1;67.27;555;270;0;17;0;1;none;0;0;0;4.0;1;Novato;140;0;0;0;0;1;0;0;0;1;0;1;0;0;0;1;0;0;0;0;0;0;0;0;0;0;0;0;0;0;0;0;0;0;0;0;0;0;0;0;0;0;1;0;0;0;0;0;0;0;0;0;0;1;1;0;0;0;0;0;0;0;0;0;0;0;0;0;0;0;0;0;1;1;0;0;0;0;0;38;16;22;37;0;20;31.35;0.421;1
452060;Caveblazers;;;;5.79;0;200000;32;85.62;3762;632;0;21;2;8;full;0;0;0;2.0;1;Novato;279;1;1;0;0;1;0;0;0;0;0;0;0;0;0;1;1;1;0;0;1;0;1;1;0;0;1;1;1;0;0;0;0;0;0;0;0;0;0;0;1;0;0;0;1;0;0;1;0;1;0;0;0;0;0;0;0;0;0;0;0;0;1;0;0;0;0;0;0;0;1;0;0;0;0;0;0;0;0;555;417;138;433;0;29;63.01;0.751;1
541300;Survive the Nights;;;;10.49;0;100000;115;66.42;3339;1688;0;89;0;19;full;0;0;0;12.0;1;Novato;297;1;1;0;0;1;1;0;0;1;0;0;0;0;0;1;1;1;1;0;1;0;1;1;1;1;0;0;0;0;1;0;0;0;0;0;0;1;0;1;0;0;0;0;0;0;0;1;1;0;0;0;1;0;0;0;0;0;0;0;0;0;0;0;1;0;0;0;1;0;0;0;0;1;0;0;0;1;0;1000;629;371;860;0;4;16.5;0.629;1
233840;Worms Clan Wars;;;;12.49;0;500000;2;78.66;2469;670;0;14;0;7;none;0;0;0;2.0;1;Novato;173;0;0;0;0;0;0;0;0;0;0;1;0;0;0;1;1;0;0;0;0;1;1;1;1;0;1;1;0;0;0;0;0;0;0;0;0;0;0;0;0;1;1;0;0;0;0;0;1;1;0;0;0;0;0;0;0;0;0;0;0;0;1;0;0;0;0;0;0;0;0;0;0;0;0;0;0;0;0;216;165;51;87;0;29;22.89;0.764;1
373610;Shoot 1UP DX;;;;3.59;0;20000;0;79.31;115;30;0;17;1;1;full;0;0;0;1.0;1;Novato;115;1;0;0;0;1;0;0;0;0;0;0;0;0;0;1;1;1;0;0;1;0;1;1;0;0;1;1;1;0;0;0;0;0;0;0;0;0;0;0;0;0;0;0;0;0;0;1;0;1;0;0;0;0;0;0;0;0;0;0;0;0;1;0;0;0;0;0;0;0;0;0;1;0;0;0;0;0;0;18;16;2;15;0;13;2.46;0.889;0
1963950;Gasnator;;;;2.99;0;20000;0;75.0;18;6;0;16;0;1;none;0;0;0;4.0;1;Novato;113;1;1;0;0;1;0;0;0;0;0;0;0;0;0;1;0;0;0;0;0;1;1;0;0;0;0;0;0;0;0;0;0;0;0;0;0;0;0;0;1;0;0;0;1;0;0;0;0;0;0;0;0;0;0;0;0;0;0;0;0;0;0;0;0;0;1;0;0;0;0;0;0;0;0;0;0;0;0;2;2;0;1;0;2;6.71;1.0;0
1361000;In Silence;;;;5.79;0;500000;26;75.84;8945;2850;0;20;0;9;none;0;0;0;4.0;1;Novato;240;1;0;0;0;0;0;0;0;0;0;0;0;0;0;1;1;1;1;0;0;0;1;0;0;0;0;0;0;0;1;0;0;0;0;0;0;1;1;0;0;0;1;0;0;0;0;1;1;0;1;0;0;0;0;0;0;0;1;0;0;0;0;0;0;0;0;1;1;0;0;0;0;0;0;0;0;0;1;999;512;487;769;0;27;5.11;0.513;1
1968520;Unknown;;;;0.99;0;20000;0;100.0;2;0;0;5;0;1;none;0;0;0;0.5;1;Novato;240;1;1;0;0;1;0;0;0;0;0;1;0;0;0;1;0;0;0;0;0;0;1;1;0;0;0;0;0;0;0;0;0;0;1;0;0;1;1;0;0;0;1;0;0;0;0;0;0;0;0;0;0;0;0;0;0;0;1;0;0;0;1;1;0;0;0;0;1;0;0;0;1;0;0;0;0;0;0;0;0;0;0;0;0;0.0;0.0;0
25700;Madballs in Babo:Invasion;;;;4.99;0;50000;0;84.78;245;44;0;17;7;8;none;0;0;0;0.75;1;Novato;56;1;0;1;0;1;0;0;0;0;0;0;0;0;0;1;1;1;1;0;0;1;1;1;0;0;0;0;0;0;0;0;0;0;0;0;0;0;0;0;0;0;0;0;0;0;0;1;1;0;0;0;0;0;0;0;0;0;0;0;0;0;0;0;0;0;0;0;0;0;0;1;1;0;0;0;0;0;0;17;12;5;10;0;13;4.83;0.706;1
1983710;Dungeon Village 2;;;;4.99;0;50000;34;86.51;494;77;0;6;0;14;full;0;0;0;1.0;1;Novato;67;0;0;1;0;1;0;1;0;1;0;1;0;0;0;1;0;0;0;0;1;0;1;1;0;0;0;0;0;0;0;0;0;0;0;0;0;0;0;1;0;0;1;0;0;0;0;0;0;0;0;0;0;1;1;1;0;0;0;0;0;0;1;0;0;0;0;0;0;0;0;1;0;0;0;0;0;0;0;308;273;35;277;0;29;27.81;0.886;1
384960;Vengeance;;;;7.99;0;50000;0;79.2;297;78;0;10;1;1;none;0;0;0;8.0;1;Novato;253;1;0;1;0;1;1;0;0;0;1;1;0;0;0;1;1;0;0;0;0;0;1;1;1;0;1;0;0;0;1;0;0;0;0;0;0;0;0;0;0;0;1;0;0;0;0;0;1;0;1;0;0;0;0;0;0;0;0;0;0;0;0;1;0;0;0;0;0;0;0;1;1;1;0;0;0;1;0;21;9;12;17;0;16;59.26;0.429;1
766420;Neckbeards: Silly Squadron;;;;1.49;0;20000;0;50.0;1;1;0;0;0;1;none;0;0;0;0.5;1;Novato;272;1;0;1;0;1;0;0;0;0;0;0;0;0;0;1;1;1;0;0;0;1;0;0;0;0;0;1;1;0;0;0;0;0;0;0;0;0;0;0;0;0;0;0;0;0;0;1;1;1;0;0;0;0;0;0;0;0;0;0;0;0;1;0;0;0;0;0;0;0;0;1;1;0;0;0;0;0;0;0;0;0;0;0;0;0.0;0.0;0
1039560;Amanda's Sticker Book 2 - Amazing Wildlife;;;;3.99;0;20000;0;57.89;11;8;0;0;0;3;none;0;0;0;0.12;1;Novato;171;1;0;1;0;1;0;0;0;0;0;1;0;0;0;1;0;0;0;0;0;1;0;0;0;0;0;0;0;0;0;0;0;0;0;0;0;0;0;0;0;0;1;0;0;0;0;0;0;0;0;0;0;0;0;0;0;0;0;0;0;0;0;0;0;0;0;0;0;0;0;1;1;0;0;0;0;0;0;0;0;0;0;0;0;0.0;0.0;0
588190;Tower!3D Pro;;;;26.99;0;100000;7;66.59;608;305;0;9;32;1;none;0;0;0;4.0;1;Novato;117;0;0;0;0;0;0;0;0;1;0;0;0;0;0;1;1;1;1;0;0;0;0;0;0;1;0;1;0;0;0;0;0;0;0;0;0;0;0;0;0;0;0;0;0;0;0;0;1;0;0;0;0;1;1;0;0;0;0;0;0;0;0;0;1;0;0;0;0;0;0;0;0;0;0;0;0;0;0;36;21;15;34;0;21;90.83;0.583;1
529130;Expect The Unexpected;;;;0.5;0;20000;1;66.29;59;30;0;33;0;1;none;0;0;0;0.25;1;Novato;236;0;0;1;0;1;0;1;0;0;0;1;0;0;0;1;0;0;0;0;0;0;1;1;0;0;1;0;0;0;0;0;0;0;0;0;0;1;0;1;1;1;1;0;0;0;0;0;0;0;0;0;0;0;0;0;0;0;0;0;0;0;0;0;0;0;0;0;0;0;0;1;1;0;0;0;0;0;0;7;6;1;6;0;7;8.23;0.857;0
733790;Not Tonight;;;;10.49;0;100000;6;83.47;2081;412;0;15;2;6;none;0;0;0;2.0;1;Novato;183;0;1;0;0;0;0;1;0;1;0;0;0;0;0;1;0;0;0;0;0;0;1;1;0;0;0;0;0;0;0;0;0;0;1;0;0;0;0;1;0;0;0;0;0;0;0;0;0;0;0;0;0;1;0;0;0;0;0;0;0;0;1;0;0;0;0;0;0;0;1;1;1;0;0;0;0;0;0;620;477;143;491;0;29;13.38;0.769;1
1713830;Ark of Loif;;;;23.0;0;20000;0;100.0;2;0;0;7;1;3;none;0;0;0;6.0;1;Novato;43;1;1;0;0;1;0;1;0;0;0;0;0;0;0;1;1;1;1;0;0;0;1;1;0;0;0;0;0;0;1;0;0;0;0;0;0;0;0;1;1;0;0;0;0;0;0;0;0;0;0;0;0;0;0;0;0;0;0;0;0;0;0;1;1;0;0;0;0;0;0;0;0;0;0;0;0;0;0;0;0;0;0;0;0;0.0;0.0;0
583760;Slash It 2;;;;18.99;0;50000;0;87.9;1104;152;0;303;7;1;none;0;0;0;1.0;1;Novato;126;1;0;1;0;1;0;0;0;0;0;0;0;0;0;1;0;0;0;0;0;0;1;0;0;0;1;0;0;0;0;0;0;0;0;0;0;0;0;0;0;0;0;0;0;0;0;0;0;0;0;0;0;0;0;0;0;0;0;0;0;0;0;0;0;0;0;0;0;0;0;1;1;0;0;0;0;0;0;105;70;35;56;0;29;9.7;0.667;1
526540;8infinity;;;;0.99;0;100000;1;75.72;393;126;0;6;0;1;full;0;0;0;2.0;1;Novato;109;1;0;1;0;1;0;0;0;0;0;0;0;0;0;1;1;0;0;0;1;0;1;1;0;0;1;1;0;0;0;0;0;0;0;0;0;0;0;0;0;0;0;0;0;0;0;0;0;0;0;0;0;0;0;0;0;0;0;0;0;0;0;0;0;0;0;0;0;0;0;1;1;0;0;0;0;0;0;64;51;13;27;0;26;6.16;0.797;1
1180840;SoulfulLand;;;;5.99;0;20000;0;100.0;1;0;0;7;0;2;none;0;0;0;4.0;1;Novato;114;1;1;0;0;1;0;0;0;0;0;0;0;0;1;1;0;0;0;0;0;0;1;0;0;0;0;0;0;0;0;0;0;0;0;0;0;0;0;0;0;0;0;0;1;1;0;0;0;0;0;0;0;0;0;0;0;0;0;0;0;0;1;0;0;0;0;0;0;0;0;1;1;1;0;0;0;0;0;0;0;0;0;0;0;0.0;0.0;0
1032120;Stellar Survivor;;;;0.0;1;50000;0;65.52;114;60;0;0;0;1;none;0;0;0;8.0;1;Novato;183;1;0;0;0;0;0;0;0;0;0;1;0;0;1;1;1;1;0;0;0;0;0;0;0;0;0;0;0;0;1;0;0;0;0;0;0;1;0;0;0;0;1;1;0;0;0;1;1;0;0;0;0;0;0;0;0;0;0;0;0;0;0;0;1;0;0;0;1;0;0;0;1;1;1;0;0;1;0;10;5;5;10;10;9;0.81;0.5;1
1477980;Freud's Bones-the game;;;;10.99;0;50000;1;82.05;64;14;0;29;0;3;none;0;0;0;1.0;1;Novato;275;0;1;0;0;1;0;1;0;1;0;1;0;0;0;1;0;0;0;0;0;0;1;0;0;0;0;0;0;0;0;0;0;0;1;0;0;0;0;1;0;0;1;0;0;0;0;0;0;0;0;0;0;0;0;0;0;0;1;1;0;0;1;0;0;0;0;0;1;0;0;0;0;0;0;0;0;0;0;22;14;8;21;0;15;6.75;0.636;1
1386110;Xentron Attack;;;;0.9;0;50000;0;80.0;4;1;0;16;0;2;none;0;0;0;1.0;1;Novato;285;1;0;0;0;1;0;0;0;0;0;0;0;0;0;1;0;0;0;0;0;1;1;1;0;0;0;0;0;0;0;0;0;0;0;0;0;0;0;0;0;0;0;0;0;0;0;0;0;1;0;0;0;0;0;0;0;0;0;0;0;0;1;0;0;0;0;0;0;0;0;0;0;0;0;0;0;0;0;4;3;1;4;0;4;3.57;0.75;1
1952370;Oblivion Override;;;;9.29;0;100000;5;91.31;1734;165;0;102;0;4;full;0;0;0;2.0;1;Novato;286;1;1;0;0;1;0;1;0;0;0;0;0;0;0;1;0;0;0;0;1;0;1;1;0;0;0;0;0;0;0;0;0;0;0;0;0;0;0;1;0;0;0;0;0;0;0;0;0;0;0;0;0;0;0;0;0;0;0;0;0;0;1;0;0;0;0;0;0;0;0;0;0;0;0;0;0;0;0;1000;894;106;827;0;29;25.77;0.894;1
2898270;Casino Simulator;;;;5.79;0;50000;6;85.06;615;108;0;0;0;22;none;0;0;0;6.0;1;Novato;109;0;0;1;0;0;0;0;0;1;0;0;0;0;1;1;0;0;0;0;0;0;0;0;0;0;0;0;0;0;1;0;0;0;0;0;0;0;0;0;0;0;0;0;0;0;0;0;0;0;0;0;0;1;0;0;0;0;0;0;0;0;0;1;0;0;0;0;0;0;0;1;0;1;0;0;0;1;0;815;672;143;752;815;25;9.2;0.825;1
3125760;Ruins of Dawnseeker;;;;2.99;0;20000;0;100.0;15;0;0;0;0;1;none;0;0;0;2.0;1;Novato;269;0;1;0;0;0;0;1;0;0;0;0;0;0;0;1;0;0;0;0;0;1;0;0;0;0;0;0;0;0;0;0;0;0;0;0;0;0;0;1;0;0;0;0;0;0;0;0;0;0;0;0;0;0;0;0;0;0;0;0;0;1;1;0;0;0;0;0;0;0;0;0;0;0;0;0;0;0;0;16;16;0;16;0;5;6.77;1.0;0
1274600;The Last Faith;;;;14.0;0;100000;56;82.03;3295;722;0;57;1;13;full;0;0;0;2.0;1;Novato;266;1;1;0;0;1;0;0;0;0;0;0;0;0;0;1;0;0;0;0;1;0;1;1;0;0;1;0;0;0;0;0;0;0;0;0;0;0;1;0;0;0;0;0;1;1;0;0;0;0;0;0;0;0;0;0;0;0;0;0;0;0;1;0;0;0;0;1;0;0;1;0;1;0;0;0;0;0;0;1000;913;87;876;0;7;22.83;0.913;1
433670;Professional Farmer 2017;;;;7.99;0;20000;0;31.25;70;154;0;30;1;8;full;0;0;0;4.0;1;Novato;314;0;0;0;0;0;0;0;0;1;0;0;0;0;0;1;0;0;0;0;1;0;1;0;0;0;0;0;0;0;0;0;0;0;0;0;0;0;0;0;0;0;0;0;0;0;0;0;0;0;0;0;0;1;0;0;0;0;0;0;0;0;0;0;0;0;0;0;0;0;0;0;0;0;0;0;0;0;0;13;4;9;4;0;9;5.11;0.308;0
1805480;Like a Dragon: Ishin!;;;;31.99;0;100000;104;82.92;4563;940;0;56;5;9;full;0;0;0;8.0;1;Novato;238;1;1;0;0;0;0;0;0;0;0;0;0;0;0;1;0;0;0;0;1;0;1;1;0;0;1;0;0;0;0;1;0;0;1;0;0;0;0;0;1;0;0;0;0;0;0;0;0;0;0;0;0;0;0;0;0;0;0;0;0;0;0;0;0;0;0;0;0;0;0;0;0;0;0;0;0;0;0;1000;711;289;779;0;15;43.1;0.711;1
813700;Sakura Sadist;;;;9.99;0;50000;0;84.56;367;67;0;13;0;2;none;0;0;0;0.39;1;Novato;159;0;0;0;0;0;0;0;0;1;0;0;0;0;0;1;0;0;0;0;0;1;1;0;0;0;1;0;0;0;0;0;0;0;0;0;0;0;0;0;0;0;0;0;0;0;0;0;0;0;0;0;0;1;0;0;0;0;0;0;1;1;0;0;0;0;0;0;0;0;0;0;0;0;0;0;0;0;0;53;46;7;35;0;22;194.01;0.868;1
1159560;Ziggurat 2;;;;12.49;0;100000;10;90.65;1260;130;0;60;2;15;full;0;0;0;4.0;1;Novato;232;1;0;0;0;1;0;0;0;0;0;0;0;0;0;1;0;0;0;0;1;0;1;1;0;0;1;0;0;0;1;0;0;0;0;0;0;0;0;0;0;0;0;0;0;0;0;0;0;0;0;0;0;0;0;0;0;0;0;0;0;0;0;1;0;0;0;0;0;0;0;0;0;0;0;0;0;1;0;313;254;59;211;0;29;25.34;0.812;1
436140;Empire of the Gods;;;;1.99;0;50000;0;72.84;59;22;0;15;0;8;none;0;0;0;1.0;1;Novato;173;0;0;1;0;1;0;0;0;0;0;0;0;0;0;1;0;0;0;0;0;0;1;1;0;0;1;0;0;0;0;0;0;0;0;0;0;0;0;0;0;0;1;0;0;0;0;0;0;0;0;0;0;0;0;0;0;0;1;1;0;0;0;0;0;0;0;0;0;0;0;1;1;0;0;0;0;0;0;17;14;3;12;0;12;6.63;0.824;1
905650;Dominus 2;;;;0.0;1;20000;0;68.89;31;14;0;0;0;1;none;0;0;0;4.0;1;Novato;120;0;0;0;0;0;0;0;0;0;0;1;0;0;0;0;1;0;0;0;0;0;0;0;0;0;0;0;0;0;0;0;0;0;0;0;0;0;0;0;0;0;1;0;0;0;0;0;1;0;0;0;0;0;0;0;0;0;0;0;0;0;0;0;0;0;0;0;0;0;0;0;0;0;1;0;0;0;0;3;3;0;3;0;2;1.12;1.0;0
1208220;Escape from Life Inc;;;;6.99;0;20000;0;84.0;21;4;0;15;0;2;full;0;0;0;4.0;1;Novato;263;0;1;0;0;1;0;0;0;0;0;0;0;0;0;1;1;1;0;0;1;0;0;1;0;0;0;1;1;0;0;0;0;0;1;0;0;0;0;0;0;0;0;0;1;0;0;0;0;1;0;0;0;0;0;0;0;0;1;0;0;0;1;0;0;0;0;0;0;0;0;0;1;0;0;0;0;0;0;4;2;2;4;0;4;2.04;0.5;0
1463760;The Beardless Wizard;;;;4.49;0;20000;0;90.0;18;2;0;0;0;3;none;0;0;0;0.5;1;Novato;246;0;0;1;0;1;0;0;0;1;0;1;0;0;0;1;0;0;0;0;0;0;0;0;0;0;0;0;0;0;0;0;0;0;0;0;0;0;0;0;0;0;1;0;0;0;0;0;0;0;0;0;0;0;1;1;0;0;1;1;0;0;1;0;0;0;0;0;0;0;0;1;0;0;0;0;0;0;0;4;3;1;4;0;4;10.14;0.75;0
1178490;港詭實錄ParanormalHK;;;;12.99;0;500000;170;90.03;17056;1889;0;8;0;4;none;0;0;0;8.0;1;Novato;291;0;1;0;0;1;0;0;0;0;0;0;0;0;0;1;0;0;0;0;0;1;0;0;0;0;0;0;0;0;1;0;0;0;0;0;0;0;1;0;0;0;0;0;0;0;0;1;1;0;0;0;0;0;0;0;0;0;1;0;0;0;0;0;0;0;0;1;1;0;0;0;1;0;0;0;0;1;0;1000;815;185;959;0;10;6.08;0.815;1
563150;interLOGIC;;;;2.49;0;50000;0;76.0;38;12;0;5;0;13;full;0;0;0;1.0;1;Novato;67;0;0;1;0;1;0;0;0;0;0;0;0;0;0;1;0;0;0;0;1;0;1;0;1;0;1;0;0;0;0;0;0;0;0;0;0;0;0;0;0;0;0;0;0;0;0;0;0;0;0;0;0;0;0;0;0;0;1;0;0;0;0;0;0;0;0;0;0;1;1;1;1;0;0;0;0;0;0;3;1;2;2;0;3;3.23;0.333;1
467900;SWORDY;;;;14.99;0;20000;0;64.42;67;37;0;0;0;1;full;0;0;0;2.0;1;Novato;192;1;1;1;0;1;0;0;0;0;1;0;0;0;1;1;1;1;0;0;1;0;0;0;0;0;0;1;1;0;0;0;0;0;0;0;0;0;0;0;0;0;0;0;0;0;0;0;0;1;0;0;1;0;0;0;1;0;0;0;0;0;0;0;0;0;0;0;0;0;0;1;1;1;0;0;0;0;0;4;2;2;3;4;4;7.92;0.5;0
2550730;勇者屠龙 之 永恒幻想;;;;11.99;0;20000;0;80.0;4;1;0;0;0;1;none;0;0;0;4.0;1;Novato;287;0;1;1;0;0;0;1;0;0;0;0;0;0;0;1;0;0;0;0;0;1;0;1;0;0;0;0;0;0;0;0;0;0;1;0;0;0;0;1;1;0;0;0;0;0;0;0;0;0;0;0;0;0;0;0;0;0;0;0;0;1;1;0;0;0;0;0;0;0;0;0;0;0;0;0;0;0;0;0;0;0;0;0;0;0.0;0.0;0
1167700;hallucination - 幻觉;;;;9.99;0;20000;0;88.38;175;23;0;21;1;1;none;0;0;0;4.0;1;Novato;19;0;0;1;0;1;0;0;0;0;0;0;0;0;0;1;0;0;0;0;0;0;1;0;0;0;0;0;0;0;0;0;0;0;1;0;0;0;0;0;0;0;1;0;0;0;0;0;0;0;0;0;0;0;0;0;0;0;1;0;1;1;1;0;0;0;0;0;0;0;0;1;1;0;0;1;0;0;0;24;17;7;17;0;13;5.74;0.708;0
2613890;Icaria;;;;12.49;0;20000;11;94.59;35;2;0;9;0;1;none;0;0;0;8.0;1;Novato;172;0;0;0;0;0;0;0;0;1;0;0;0;0;1;1;0;0;0;0;0;0;1;0;0;0;0;0;0;0;0;1;1;0;0;0;0;1;0;0;0;0;1;0;0;0;0;0;0;0;0;0;1;1;0;0;0;0;0;0;0;0;0;1;0;0;0;0;0;0;0;0;0;1;0;0;0;0;0;58;53;5;55;58;11;82.21;0.914;0
1631640;异变战区  E.E.R.I.E;;;;3.99;0;50000;0;78.66;376;102;0;9;0;2;none;0;0;0;4.0;1;Novato;273;1;1;0;0;1;0;1;0;0;0;0;0;0;0;1;0;0;0;0;0;0;1;0;1;0;0;0;0;0;0;1;0;0;0;0;0;0;0;1;0;0;0;0;0;0;0;0;0;0;0;0;0;0;0;0;0;0;0;0;0;1;0;1;0;0;0;0;0;0;0;0;0;0;0;0;0;0;1;27;19;8;20;0;15;10.14;0.704;1
408110;Planet R-12;;;;1.99;0;50000;0;83.99;236;45;0;26;0;4;none;0;0;0;0.5;1;Novato;267;1;1;0;0;1;0;0;0;0;0;1;0;0;0;1;0;0;0;0;0;0;1;0;0;0;1;0;0;0;0;0;0;0;0;0;0;0;0;0;0;0;1;0;0;0;0;0;0;0;0;0;0;0;0;0;0;0;0;0;0;0;0;0;0;0;0;0;0;0;0;0;1;0;0;0;0;0;0;34;28;6;31;0;19;5.72;0.824;1
1809300;Fight Ascending;;;;0.99;0;20000;0;66.67;6;3;0;6;0;8;none;0;0;0;4.0;1;Novato;262;1;0;1;0;1;0;0;0;0;0;0;0;0;0;1;0;0;0;0;0;0;1;1;0;0;0;0;0;0;0;0;0;0;0;0;0;0;0;0;0;0;0;0;0;0;0;0;0;0;0;0;0;0;0;0;0;0;0;0;0;0;0;0;0;0;0;0;0;0;0;1;0;0;0;0;0;0;0;2;0;2;2;0;2;0.32;0.0;0
624970;Battlezone: Combat Commander;;;;19.99;0;100000;16;89.89;791;89;0;66;0;3;none;0;0;0;4.0;1;Novato;196;1;0;0;0;0;0;0;0;0;0;1;0;0;0;1;1;0;0;0;0;1;1;1;1;0;1;1;0;0;1;0;0;0;0;0;0;0;0;0;0;0;1;0;0;0;0;1;1;0;0;0;0;0;0;0;0;0;0;0;0;0;0;0;0;0;0;0;0;0;0;0;0;0;0;0;0;1;0;173;157;16;147;0;29;171.31;0.908;1
277490;Battle Group 2;;;;4.49;0;100000;1;83.3;434;87;0;34;0;1;none;0;0;0;2.0;1;Novato;317;1;0;0;0;1;0;0;0;0;0;1;0;0;0;1;0;0;0;0;0;0;1;0;0;0;1;0;0;0;0;0;0;0;0;0;0;0;0;0;0;0;1;0;0;0;0;0;0;0;0;0;0;0;0;0;0;0;0;0;0;0;0;0;0;0;0;0;0;0;0;1;1;0;0;0;0;0;0;26;23;3;12;0;13;8.55;0.885;1
651470;Onirim - Solitaire Card Game;;;;0.0;1;50000;3;84.49;207;38;0;58;2;5;none;0;0;0;2.0;1;Novato;224;0;0;1;0;0;0;0;0;0;0;1;0;0;0;1;0;0;0;0;0;0;1;0;0;1;0;0;0;0;0;0;0;0;0;0;0;0;0;0;0;0;1;0;0;0;0;0;0;0;0;0;0;0;0;0;0;0;0;0;0;0;0;0;0;0;0;0;0;0;0;1;0;0;1;0;0;0;0;53;49;4;53;0;22;9.91;0.925;1
809500;Brazilian Root®;;;;1.49;0;20000;0;82.42;75;16;0;0;0;2;none;0;0;0;8.0;1;Novato;297;1;0;0;0;1;0;0;0;0;0;0;0;0;0;1;0;0;0;0;0;0;0;0;0;0;0;0;0;0;0;0;0;0;0;0;0;0;0;0;0;0;0;0;0;0;0;0;0;0;0;0;0;0;0;0;0;0;0;0;0;0;0;0;0;0;0;0;0;0;0;0;1;0;0;0;0;1;0;32;20;12;30;0;16;3.54;0.625;0
555220;Detention;;;;11.99;0;500000;9;81.94;11782;2596;0;8;1;5;none;0;0;0;4.0;1;Novato;230;0;1;0;0;1;0;0;0;0;0;0;0;0;0;1;0;0;0;0;0;0;1;1;0;0;1;0;0;0;0;0;0;0;1;0;0;0;1;0;0;0;0;0;0;0;0;0;0;0;0;0;0;0;0;0;0;0;1;1;1;0;0;0;0;0;0;1;1;0;0;0;1;0;0;0;0;0;0;1000;937;63;912;0;25;5.37;0.937;1
2414360;Dark Legions;;;;2.99;0;50000;0;100.0;14;0;0;0;0;1;none;0;0;0;0.5;1;Novato;151;1;0;0;0;0;0;0;0;0;0;1;0;0;0;1;0;0;0;0;0;0;0;0;0;0;0;0;0;0;0;0;0;0;0;0;0;0;0;0;0;0;1;0;0;0;0;0;0;0;0;0;0;0;0;0;0;0;0;0;0;0;0;0;0;0;0;0;0;0;0;0;0;0;0;0;0;0;0;13;13;0;6;0;11;3.36;1.0;1
355860;Albino Lullaby: Episode 1;;;;12.49;0;20000;0;70.18;266;113;0;28;2;1;full;0;0;0;2.0;1;Novato;186;1;1;0;0;1;0;0;0;0;0;0;0;0;0;1;0;0;0;0;1;0;1;1;0;0;1;0;0;0;1;0;0;0;0;0;0;0;1;0;0;0;0;0;0;0;0;0;0;0;0;0;0;0;0;0;0;0;0;0;0;0;0;0;0;0;0;0;1;0;0;0;1;0;0;1;0;0;0;21;14;7;13;0;16;3.5;0.667;0
438820;Hyper Box;;;;2.99;0;50000;17;76.24;77;24;0;0;0;1;none;0;0;0;0.25;1;Novato;221;1;0;0;0;1;0;0;0;0;0;0;0;0;0;1;0;0;0;0;0;0;0;0;0;0;1;0;0;0;0;0;0;0;0;0;0;0;0;0;0;0;0;0;1;0;0;0;0;0;0;0;0;0;0;1;0;0;1;0;0;0;1;0;0;0;0;0;0;0;1;0;1;1;0;0;0;0;0;40;28;12;25;0;20;8.37;0.7;1
652760;Watchlist;;;;1.99;0;20000;0;84.62;11;2;0;12;0;1;full;0;0;0;0.5;1;Novato;285;1;1;0;0;1;0;0;0;0;0;0;0;0;0;1;1;1;0;0;1;0;1;1;0;0;0;1;1;0;0;0;0;0;0;0;0;0;0;0;0;0;0;0;0;0;0;1;0;1;0;0;0;0;0;0;0;0;0;0;0;0;1;0;0;0;0;0;0;0;0;0;1;0;0;0;0;0;0;0;0;0;0;0;0;0.0;0.0;0
487580;Ludo Supremo;;;;1.99;0;50000;0;55.24;79;64;0;0;0;1;none;0;0;0;1.0;1;Novato;257;0;0;1;0;0;0;0;0;0;0;0;0;0;0;1;1;0;0;0;0;0;0;0;0;0;0;0;0;0;0;0;0;0;0;0;0;0;0;0;0;0;0;0;0;0;0;0;0;0;0;0;0;0;0;0;0;0;0;0;0;0;0;0;0;0;0;0;0;0;0;1;0;0;0;0;0;0;0;12;6;6;2;0;10;3.39;0.5;1
372930;New York Mysteries: Secrets of the Mafia Collector's Edition;;;;9.99;0;50000;2;91.61;295;27;0;20;0;13;none;0;0;0;0.5;1;Novato;117;0;1;1;0;0;0;0;0;0;0;0;0;0;0;1;0;0;0;0;0;0;1;1;0;0;0;0;0;0;0;0;0;0;0;0;0;0;0;0;0;0;0;0;0;0;0;0;0;0;0;0;0;0;0;0;0;0;0;1;0;0;0;0;0;0;0;0;0;0;0;1;0;0;0;0;0;0;0;40;38;2;38;0;24;9.45;0.95;1
1373350;Phobos;;;;0.0;1;100000;3;64.36;121;67;0;0;0;1;none;0;0;0;0.5;1;Novato;204;1;1;0;0;1;1;1;0;0;0;0;0;0;0;0;1;0;0;0;0;0;0;0;0;1;0;0;0;0;0;0;0;0;1;0;0;0;0;1;0;0;0;0;0;0;0;0;0;0;1;0;0;0;0;0;0;0;0;0;0;0;0;0;0;0;0;0;0;0;0;0;0;0;0;0;0;0;0;21;11;10;21;0;17;135.89;0.524;1
1753810;Sola;;;;2.99;0;20000;0;100.0;1;0;0;14;0;1;none;0;0;0;4.0;1;Novato;176;1;1;0;0;1;0;0;0;0;0;0;0;0;0;1;0;0;0;0;0;0;1;0;0;0;0;0;0;0;0;0;0;0;0;0;0;0;0;0;0;0;0;0;1;0;0;0;0;0;0;0;0;0;0;0;0;0;0;0;0;0;0;1;0;0;0;1;1;0;0;0;1;0;0;0;0;0;0;0;0;0;0;0;0;0.0;0.0;0
2234150;BACKROOMS: APPREHENSION;;;;1.99;0;20000;10;83.88;333;64;0;16;0;7;none;0;0;0;4.0;1;Novato;256;1;1;0;0;1;0;0;0;0;0;0;0;0;0;0;1;1;1;0;0;0;1;0;0;0;0;0;0;0;1;0;0;0;0;0;0;0;1;0;0;0;0;0;0;0;0;0;1;0;1;0;0;0;0;0;0;0;0;0;0;0;0;0;1;0;0;0;1;0;0;0;0;1;0;0;0;1;1;1000;836;164;833;193;28;10.97;0.836;0
2334220;Home Sweet Home : Online;;;;0.0;0;200000;0;51.35;1029;975;0;0;0;7;none;0;0;0;8.0;1;Novato;271;1;0;0;0;1;0;0;0;0;0;1;0;0;0;0;1;1;1;0;0;0;0;0;0;1;0;0;0;0;0;0;0;0;0;0;0;1;1;0;0;0;1;0;0;0;0;1;1;0;0;0;0;0;0;0;0;0;0;0;0;0;0;0;0;0;0;0;0;0;0;0;1;0;1;0;0;0;0;708;388;320;0;0;28;76.87;0.548;1
569800;LEAVES - The Journey;;;;2.99;0;100000;3;79.76;528;134;0;16;1;12;none;0;0;0;1.0;1;Novato;187;0;1;0;0;1;0;0;0;0;0;0;0;0;0;1;0;0;0;0;0;0;1;1;0;0;1;0;0;0;0;0;0;0;0;0;0;0;0;0;0;0;0;0;0;0;0;0;0;0;0;0;0;0;0;0;0;0;1;1;0;0;0;0;0;0;0;0;0;0;0;0;1;0;0;0;0;0;0;159;134;25;104;0;29;6.57;0.843;1
1272050;Premier Manager 03/04;;;;1.99;0;50000;0;40.0;2;3;0;0;0;4;none;0;0;0;1.0;1;Novato;219;0;0;0;0;0;0;0;0;1;1;0;0;0;0;1;0;0;0;0;0;0;0;0;0;0;0;0;0;0;0;0;0;0;0;0;0;0;0;0;0;0;1;0;0;0;0;0;0;0;0;0;0;1;1;0;1;0;0;0;0;0;1;0;0;0;0;0;0;0;0;0;0;0;0;0;0;0;0;3;2;1;2;0;3;2.0;0.667;1
2218750;Halls of Torment;;;;4.99;0;500000;361;95.8;27801;1218;0;500;3;17;full;0;0;0;4.0;1;Novato;295;1;0;0;0;1;0;1;0;0;0;0;0;0;0;1;0;0;0;0;1;0;1;1;0;0;1;0;0;0;0;0;0;0;0;0;0;0;0;1;1;0;0;0;0;0;0;0;0;0;0;0;0;0;0;0;0;0;0;0;0;0;1;0;0;0;0;1;1;0;0;0;0;0;0;0;0;0;0;1000;902;98;952;0;7;40.62;0.902;1
1930600;Beautiful Mystic Survivors;;;;4.99;0;100000;0;71.85;868;340;0;53;0;9;full;0;0;0;4.0;1;Novato;297;1;0;1;0;1;0;1;0;0;0;0;0;0;1;1;0;0;0;0;1;0;1;1;0;0;0;0;0;0;0;0;0;0;0;0;0;1;0;1;1;0;0;0;0;0;0;0;0;0;0;0;0;0;0;0;0;0;0;0;0;1;0;1;0;0;0;0;0;0;0;1;0;1;0;0;0;0;0;145;80;65;143;145;28;12.63;0.552;1
233110;Defense Technica;;;;7.99;0;20000;0;39.78;74;112;0;12;0;5;full;0;0;0;2.0;1;Novato;263;0;0;0;0;1;0;0;0;0;0;1;0;0;0;1;0;0;0;0;1;0;1;0;0;0;1;0;0;0;0;0;0;0;0;0;0;0;0;0;0;0;1;1;0;0;0;0;0;0;0;0;0;0;0;0;0;0;0;0;0;0;0;0;0;0;0;0;0;0;0;0;1;0;0;0;0;0;0;13;6;7;11;0;12;29.54;0.462;0
705290;Strange Telephone;;;;2.99;0;20000;0;83.91;292;56;0;8;1;4;none;0;0;0;0.0;1;Novato;140;0;1;1;0;1;0;0;0;0;0;0;0;0;0;1;0;0;0;0;0;1;1;0;0;0;0;0;0;0;0;0;0;0;1;0;0;0;0;0;0;0;0;0;0;0;0;0;0;0;0;0;0;0;0;0;0;0;0;1;0;1;1;0;0;0;0;0;1;0;0;1;1;0;0;0;0;0;0;50;41;9;43;0;20;2.37;0.82;0
531520;TankCraft;;;;0.89;0;50000;0;70.18;40;17;0;0;0;9;none;0;0;0;1.0;1;Novato;261;1;0;0;0;1;0;0;0;0;0;1;0;0;0;1;0;0;0;0;0;1;0;0;0;0;1;0;0;0;0;0;0;0;0;0;0;0;0;0;0;0;1;0;0;0;0;0;0;0;0;0;0;0;0;0;0;0;0;0;0;0;0;0;0;0;0;0;0;0;0;0;1;0;0;0;0;0;0;16;11;5;15;0;13;9.77;0.688;1
1251210;Dungeon No Dungeon;;;;6.99;0;20000;0;57.97;291;211;0;63;3;3;none;0;0;0;2.0;1;Novato;177;0;1;1;0;1;0;1;0;0;0;1;0;0;0;1;0;0;0;0;0;0;1;0;0;0;0;0;0;0;0;0;0;0;0;0;0;0;0;1;0;1;1;0;0;0;0;0;0;0;0;0;0;0;0;0;0;0;0;0;0;0;0;0;0;0;0;1;1;0;1;1;1;1;0;0;0;0;0;14;3;11;12;0;11;5.76;0.214;0
1653420;Train Travel Simulator;;;;1.19;0;20000;0;47.27;26;29;0;3;0;7;none;0;0;0;8.0;1;Novato;71;0;0;0;0;1;0;0;0;1;0;0;0;0;0;1;0;0;0;0;0;0;0;0;0;0;0;0;0;0;1;0;0;0;0;0;0;0;0;0;0;0;0;0;0;0;0;0;0;0;0;0;1;1;0;0;0;0;0;0;0;0;0;0;1;0;0;0;0;0;0;0;1;0;0;0;0;0;0;11;1;10;10;0;9;2.61;0.091;0
977460;Steam Prison;;;;17.99;0;20000;1;83.54;340;67;0;0;1;3;none;0;0;0;2.0;1;Novato;212;0;1;0;0;0;0;0;0;0;0;0;0;0;0;1;0;0;0;0;0;0;0;1;0;0;0;0;0;0;0;0;0;0;1;0;0;0;0;0;0;0;0;0;0;0;0;0;0;0;0;0;0;0;0;0;0;0;0;0;1;1;0;0;0;0;0;0;0;0;0;0;0;0;0;0;0;0;0;89;64;25;67;0;27;24.69;0.719;0
2061340;Mottia - The gem hunters;;;;5.99;0;20000;0;50.0;1;1;0;0;0;1;none;0;0;0;0.0;1;Novato;85;0;0;0;0;1;0;1;0;0;0;1;0;0;1;1;0;0;0;0;0;0;0;0;0;0;0;0;0;0;0;0;0;0;0;0;0;0;0;1;0;0;1;0;0;0;0;0;0;0;0;0;0;0;0;0;0;0;0;0;0;0;1;0;0;0;0;0;0;0;0;0;0;1;0;0;0;0;0;0;0;0;0;0;0;0.0;0.0;0
259660;Void Destroyer;;;;2.49;0;100000;0;60.06;209;139;0;24;2;1;none;0;0;0;2.0;1;Novato;223;1;1;0;0;1;0;0;0;1;0;1;0;0;0;1;0;0;0;0;0;1;1;1;0;0;0;0;0;0;0;0;0;0;0;0;0;0;0;0;0;0;1;0;0;0;0;0;0;0;0;0;0;1;0;0;0;0;0;0;0;0;0;0;0;0;0;0;0;0;0;0;1;0;0;0;0;0;0;11;5;6;7;0;9;6.43;0.455;1
